fname,label
000ccb97.wav,Marimba_and_xylophone Bicycle_bell Hi-hat
0012633b.wav,Motorcycle Buzz Male_singing
001ed5f1.wav,Slam Microwave_oven Run
00294be0.wav,Purr Chewing_and_mastication Motorcycle
003fde7a.wav,Bicycle_bell Hi-hat Marimba_and_xylophone
0040ccc9.wav,Electric_guitar Marimba_and_xylophone Buzz
0046b732.wav,Child_speech_and_kid_speaking Zipper_(clothing) Female_singing
004f3bbc.wav,Bass_guitar Gong Motorcycle
00526050.wav,Finger_snapping Tap Scissors
00559da4.wav,Writing Scissors Run
00582bbe.wav,Knock Tap Walk_and_footsteps
0064aedf.wav,Slam Printer Walk_and_footsteps
0065512b.wav,Waves_and_surf Sigh Hiss
006a91d2.wav,Stream Waves_and_surf Toilet_flush
006ea9ee.wav,Church_bell Gong Accelerating_and_revving_and_vroom
006f9dca.wav,Frying_(food) Trickle_and_dribble Bathtub_(filling_or_washing)
007450dc.wav,Screaming Sneeze Gasp
00979c8a.wav,Purr Motorcycle Traffic_noise_and_roadway_noise
00992464.wav,Toilet_flush Chewing_and_mastication Fill_(with_liquid)
00b44a8a.wav,Shatter Chink_and_clink Bicycle_bell
00bfaaaf.wav,Screaming Gasp Sneeze
00cf9680.wav,Hiss Scissors Finger_snapping
00eae94d.wav,Finger_snapping Bicycle_bell Shatter
011ec5b8.wav,Microwave_oven Slam Drawer_open_or_close
013200dc.wav,Crackle Chink_and_clink Frying_(food)
01440c2e.wav,Harmonica Traffic_noise_and_roadway_noise Church_bell
01567a3d.wav,Drawer_open_or_close Slam Microwave_oven
0163d203.wav,Purr Accelerating_and_revving_and_vroom Cricket
017c24b2.wav,Microwave_oven Meow Harmonica
01a992c5.wav,Waves_and_surf Cricket Hiss
01b1d976.wav,Finger_snapping Tap Fart
01c1c371.wav,Sneeze Child_speech_and_kid_speaking Electric_guitar
01cf8354.wav,Whispering Sneeze Zipper_(clothing)
01d2c640.wav,Buzz Bus Accelerating_and_revving_and_vroom
01d69423.wav,Run Tap Knock
01e9170b.wav,Harmonica Traffic_noise_and_roadway_noise Accordion
01f2901a.wav,Frying_(food) Trickle_and_dribble Stream
020b1fdf.wav,Microwave_oven Bus Car_passing_by
021457df.wav,Computer_keyboard Scissors Crackle
02173589.wav,Gasp Race_car_and_auto_racing Harmonica
021ac082.wav,Toilet_flush Stream Sigh
02200884.wav,Scissors Tick-tock Computer_keyboard
02213278.wav,Hiss Finger_snapping Scissors
022e3b2c.wav,Writing Gurgling Scissors
023081f2.wav,Glockenspiel Marimba_and_xylophone Bicycle_bell
02596541.wav,Gong Hi-hat Harmonica
0289b79b.wav,Bus Church_bell Buzz
028cf9db.wav,Female_singing Bark Chink_and_clink
028d26f7.wav,Shatter Bicycle_bell Chink_and_clink
02ab2a72.wav,Toilet_flush Waves_and_surf Skateboard
02c02ec1.wav,Church_bell Traffic_noise_and_roadway_noise Electric_guitar
02ce28a1.wav,Waves_and_surf Bus Motorcycle
02d01f40.wav,Keys_jangling Scissors Cutlery_and_silverware
02da7457.wav,Frying_(food) Trickle_and_dribble Stream
02e17633.wav,Waves_and_surf Toilet_flush Motorcycle
02e8059d.wav,Purr Crackle Computer_keyboard
02f71319.wav,Hi-hat Gong Bicycle_bell
03090fb0.wav,Tick-tock Printer Skateboard
03162c23.wav,Waves_and_surf Accelerating_and_revving_and_vroom Motorcycle
032f518c.wav,Church_bell Run Slam
03300fcb.wav,Marimba_and_xylophone Gong Bass_guitar
035dd895.wav,Toilet_flush Stream Trickle_and_dribble
03754ab4.wav,Toilet_flush Shatter Hiss
037b47c4.wav,Bark Sneeze Gasp
03887635.wav,Computer_keyboard Tick-tock Tap
03931594.wav,Zipper_(clothing) Crackle Male_singing
039d2821.wav,Female_speech_and_woman_speaking Male_speech_and_man_speaking Male_singing
03a47c4a.wav,Bicycle_bell Hiss Chirp_and_tweet
03b80975.wav,Stream Toilet_flush Waves_and_surf
03c5e8d0.wav,Female_speech_and_woman_speaking Electric_guitar Female_singing
03fe2971.wav,Tick-tock Tap Clapping
04008bb5.wav,Bicycle_bell Hi-hat Chink_and_clink
040c5c0c.wav,Whispering Male_speech_and_man_speaking Electric_guitar
041cff59.wav,Tick-tock Printer Microwave_oven
042b07a4.wav,Church_bell Bark Gong
042b542f.wav,Slam Church_bell Bus
04308d8d.wav,Burping_and_eructation Skateboard Purr
04355ea8.wav,Child_speech_and_kid_speaking Female_speech_and_woman_speaking Yell
0442a617.wav,Meow Screaming Harmonica
0443f812.wav,Shatter Clapping Gong
04441d5b.wav,Slam Drawer_open_or_close Run
0453bb71.wav,Church_bell Bark Female_singing
04702c1c.wav,Church_bell Harmonica Gong
047ba0e1.wav,Keys_jangling Scissors Chewing_and_mastication
04877d29.wav,Car_passing_by Gong Waves_and_surf
048c3418.wav,Skateboard Run Chewing_and_mastication
04a5c9eb.wav,Skateboard Waves_and_surf Bus
04ad8e52.wav,Frying_(food) Hiss Stream
04af82d9.wav,Computer_keyboard Chink_and_clink Run
04b1558a.wav,Bathtub_(filling_or_washing) Chewing_and_mastication Trickle_and_dribble
04de7b9a.wav,Frying_(food) Trickle_and_dribble Keys_jangling
04e8bf2a.wav,Walk_and_footsteps Run Skateboard
04f004fe.wav,Run Walk_and_footsteps Tap
04f48f10.wav,Knock Marimba_and_xylophone Tap
0506eee8.wav,Car_passing_by Gong Waves_and_surf
050eb97f.wav,Run Waves_and_surf Motorcycle
051bda9a.wav,Knock Cupboard_open_or_close Tap
057a3c2e.wav,Skateboard Zipper_(clothing) Chewing_and_mastication
057c13c8.wav,Church_bell Marimba_and_xylophone Male_singing
058a4a79.wav,Male_singing Zipper_(clothing) Gasp
058ec864.wav,Bicycle_bell Hi-hat Hiss
05af19b1.wav,Screaming Church_bell Race_car_and_auto_racing
05c881c4.wav,Shatter Bicycle_bell Bathtub_(filling_or_washing)
05d775e9.wav,Toilet_flush Stream Traffic_noise_and_roadway_noise
05dae80d.wav,Marimba_and_xylophone Male_singing Printer
05e34a55.wav,Frying_(food) Bathtub_(filling_or_washing) Hiss
05edaa47.wav,Drawer_open_or_close Writing Chewing_and_mastication
060b802f.wav,Harmonica Sneeze Gasp
060d2d47.wav,Slam Microwave_oven Computer_keyboard
062e94dd.wav,Church_bell Female_singing Marimba_and_xylophone
06345241.wav,Screaming Sneeze Meow
0648b115.wav,Sneeze Whispering Gasp
06526954.wav,Gurgling Drawer_open_or_close Writing
065b49ec.wav,Drawer_open_or_close Zipper_(clothing) Hiss
06604d51.wav,Sneeze Whispering Gasp
068b717f.wav,Male_speech_and_man_speaking Female_singing Whispering
069b2f91.wav,Male_singing Motorcycle Female_singing
069f3ce5.wav,Sigh Child_speech_and_kid_speaking Whispering
06a23eb9.wav,Traffic_noise_and_roadway_noise Printer Tick-tock
06c34152.wav,Waves_and_surf Sigh Car_passing_by
06feb5cf.wav,Microwave_oven Car_passing_by Bus
0718ce8d.wav,Car_passing_by Traffic_noise_and_roadway_noise Motorcycle
07295dd0.wav,Bass_drum Run Knock
072ee4b2.wav,Chewing_and_mastication Keys_jangling Crackle
074cbe2b.wav,Meow Harmonica Microwave_oven
07502956.wav,Crackle Finger_snapping Tap
07603ad3.wav,Motorcycle Race_car_and_auto_racing Traffic_noise_and_roadway_noise
07670752.wav,Frying_(food) Crackle Trickle_and_dribble
077f270d.wav,Marimba_and_xylophone Gong Glockenspiel
0782d022.wav,Screaming Sneeze Meow
078464b8.wav,Hiss Bicycle_bell Finger_snapping
07a82fbe.wav,Knock Tap Cupboard_open_or_close
07bca33c.wav,Cutlery_and_silverware Tap Shatter
07da8ebf.wav,Electric_guitar Female_singing Screaming
07dff283.wav,Drawer_open_or_close Skateboard Slam
07f965a0.wav,Toilet_flush Stream Waves_and_surf
07fa6e7e.wav,Burping_and_eructation Skateboard Cutlery_and_silverware
08087580.wav,Bathtub_(filling_or_washing) Chewing_and_mastication Toilet_flush
0814db2b.wav,Harmonica Traffic_noise_and_roadway_noise Accordion
0815543c.wav,Zipper_(clothing) Fart Motorcycle
081d6520.wav,Chirp_and_tweet Shatter Hiss
081f2b5a.wav,Zipper_(clothing) Bass_guitar Motorcycle
0824bbdb.wav,Shatter Bicycle_bell Chink_and_clink
08272d1c.wav,Mechanical_fan Trickle_and_dribble Toilet_flush
08278440.wav,Burping_and_eructation Slam Skateboard
0837e041.wav,Zipper_(clothing) Child_speech_and_kid_speaking Bark
08390e01.wav,Frying_(food) Hiss Bathtub_(filling_or_washing)
083cc652.wav,Male_singing Gasp Female_singing
08458ab2.wav,Crackle Purr Zipper_(clothing)
0849057f.wav,Female_speech_and_woman_speaking Male_singing Female_singing
084e5784.wav,Male_speech_and_man_speaking Male_singing Female_speech_and_woman_speaking
085f174a.wav,Sigh Waves_and_surf Car_passing_by
0865816c.wav,Knock Tap Run
086ce4a5.wav,Female_singing Harmonica Screaming
086ebb95.wav,Microwave_oven Bus Car_passing_by
08810dd4.wav,Purr Computer_keyboard Chewing_and_mastication
08b06642.wav,Screaming Harmonica Sneeze
08b2d04c.wav,Child_speech_and_kid_speaking Zipper_(clothing) Female_singing
08bc3e2d.wav,Drawer_open_or_close Printer Microwave_oven
08d46566.wav,Child_speech_and_kid_speaking Writing Buzz
08d4acca.wav,Bass_guitar Microwave_oven Gong
08d5d316.wav,Waves_and_surf Bus Car_passing_by
08dfe75d.wav,Computer_keyboard Tap Run
08eb3a69.wav,Chewing_and_mastication Purr Zipper_(clothing)
08f36895.wav,Skateboard Run Chewing_and_mastication
08facc12.wav,Tick-tock Slam Microwave_oven
090cc523.wav,Fill_(with_liquid) Trickle_and_dribble Stream
091fa206.wav,Male_singing Race_car_and_auto_racing Motorcycle
092d8e54.wav,Run Computer_keyboard Tap
094761b8.wav,Church_bell Gong Harmonica
0963270d.wav,Computer_keyboard Skateboard Gurgling
0992b95a.wav,Purr Cricket Knock
0997968e.wav,Waves_and_surf Toilet_flush Sigh
09a67356.wav,Purr Motorcycle Car_passing_by
09d085e3.wav,Electric_guitar Bus Cricket
0a31c905.wav,Waves_and_surf Stream Toilet_flush
0a3c2351.wav,Microwave_oven Meow Electric_guitar
0a4d3800.wav,Purr Motorcycle Crackle
0a4ff0fb.wav,Sneeze Drawer_open_or_close Frying_(food)
0a56e261.wav,Marimba_and_xylophone Electric_guitar Chink_and_clink
0a64010f.wav,Meow Sneeze Screaming
0a683136.wav,Accelerating_and_revving_and_vroom Gong Car_passing_by
0a6e6889.wav,Bass_guitar Gong Church_bell
0a8e1630.wav,Crackle Purr Frying_(food)
0a950c32.wav,Church_bell Microwave_oven Gong
0aee7a2a.wav,Stream Frying_(food) Toilet_flush
0af7446d.wav,Electric_guitar Tick-tock Bicycle_bell
0b1503e8.wav,Bicycle_bell Shatter Frying_(food)
0b33d746.wav,Screaming Car_passing_by Race_car_and_auto_racing
0b4819f1.wav,Tick-tock Printer Microwave_oven
0b5c6535.wav,Drawer_open_or_close Chewing_and_mastication Hiss
0b73077e.wav,Bark Female_singing Gasp
0b9e93e6.wav,Run Writing Chewing_and_mastication
0ba7fe6b.wav,Bass_drum Bass_guitar Gong
0bacb61b.wav,Hiss Finger_snapping Scissors
0bb86b6c.wav,Burping_and_eructation Cutlery_and_silverware Skateboard
0bbe8308.wav,Tap Knock Run
0bc36580.wav,Sigh Screaming Whispering
0bc7822a.wav,Whispering Fart Hiss
0bdcdfba.wav,Tick-tock Printer Microwave_oven
0bec3f54.wav,Marimba_and_xylophone Gong Knock
0c151ad3.wav,Car_passing_by Gong Waves_and_surf
0c16f612.wav,Harmonica Traffic_noise_and_roadway_noise Female_singing
0c32d940.wav,Child_speech_and_kid_speaking Female_singing Male_singing
0c390f3c.wav,Slam Burping_and_eructation Skateboard
0c3b2573.wav,Purr Crackle Computer_keyboard
0c5ba768.wav,Scissors Clapping Chewing_and_mastication
0c698ef7.wav,Hiss Scissors Finger_snapping
0c8d9148.wav,Tap Crackle Bass_drum
0c8def18.wav,Microwave_oven Bus Mechanical_fan
0c949702.wav,Bus Car_passing_by Microwave_oven
0cb33d03.wav,Frying_(food) Hiss Whispering
0cb4cde3.wav,Printer Tick-tock Drawer_open_or_close
0cdddb37.wav,Buzz Bus Accelerating_and_revving_and_vroom
0ce84f9b.wav,Bus Mechanical_fan Microwave_oven
0cfe3f96.wav,Tick-tock Slam Microwave_oven
0d000cd7.wav,Bark Gasp Sneeze
0d1b11e0.wav,Sigh Gasp Sneeze
0d2230eb.wav,Cricket Whispering Buzz
0d2707f4.wav,Glockenspiel Marimba_and_xylophone Church_bell
0d34341d.wav,Drawer_open_or_close Microwave_oven Printer
0d3dc96c.wav,Printer Writing Cricket
0d507c20.wav,Church_bell Electric_guitar Toilet_flush
0d540ee1.wav,Computer_keyboard Chewing_and_mastication Trickle_and_dribble
0d5516ef.wav,Whispering Chirp_and_tweet Electric_guitar
0d6564bb.wav,Bark Female_singing Male_singing
0d673a8c.wav,Sigh Fart Slam
0d74277e.wav,Bus Waves_and_surf Printer
0d8d7af9.wav,Clapping Computer_keyboard Knock
0d8e2166.wav,Printer Writing Scissors
0d8f3f54.wav,Cupboard_open_or_close Bass_drum Knock
0d9caeeb.wav,Bus Waves_and_surf Printer
0da3d582.wav,Writing Whispering Zipper_(clothing)
0dc06757.wav,Child_speech_and_kid_speaking Female_singing Male_speech_and_man_speaking
0dc813d8.wav,Keys_jangling Frying_(food) Crackle
0dce3e5f.wav,Computer_keyboard Toilet_flush Trickle_and_dribble
0dcf1534.wav,Bus Mechanical_fan Stream
0dda644b.wav,Bathtub_(filling_or_washing) Toilet_flush Waves_and_surf
0ddd0393.wav,Slam Drawer_open_or_close Cupboard_open_or_close
0de2a4b2.wav,Female_speech_and_woman_speaking Male_speech_and_man_speaking Male_singing
0de4fc92.wav,Gong Church_bell Car_passing_by
0df1484c.wav,Zipper_(clothing) Motorcycle Purr
0e18c7d2.wav,Glockenspiel Marimba_and_xylophone Bicycle_bell
0e3e2590.wav,Tick-tock Bus Slam
0e4be6a4.wav,Bus Gong Microwave_oven
0e6552c7.wav,Crackle Frying_(food) Purr
0e70a285.wav,Finger_snapping Hiss Scissors
0e7f5c7e.wav,Stream Toilet_flush Waves_and_surf
0e9e941b.wav,Skateboard Chewing_and_mastication Fill_(with_liquid)
0ea99bf4.wav,Sneeze Screaming Harmonica
0eaf6d60.wav,Bus Chirp_and_tweet Waves_and_surf
0ec7e315.wav,Gong Mechanical_fan Accelerating_and_revving_and_vroom
0ed20fe2.wav,Stream Mechanical_fan Waves_and_surf
0ee80cb7.wav,Female_speech_and_woman_speaking Electric_guitar Female_singing
0ef6fb07.wav,Printer Shatter Cutlery_and_silverware
0f07f15f.wav,Crackle Purr Frying_(food)
0f08a4c8.wav,Meow Child_speech_and_kid_speaking Zipper_(clothing)
0f096853.wav,Car_passing_by Bus Mechanical_fan
0f1ab7b0.wav,Tap Crackle Finger_snapping
0f3fe29d.wav,Stream Toilet_flush Waves_and_surf
0f50ef2b.wav,Waves_and_surf Toilet_flush Stream
0f61907d.wav,Electric_guitar Church_bell Female_singing
0f663341.wav,Run Knock Drawer_open_or_close
0f81d5bc.wav,Bathtub_(filling_or_washing) Frying_(food) Scissors
0faf5b2e.wav,Bass_guitar Church_bell Gong
0fc07a52.wav,Keys_jangling Chewing_and_mastication Scissors
0fc6a683.wav,Frying_(food) Hiss Stream
0fccb2e5.wav,Shatter Frying_(food) Bicycle_bell
0fd91890.wav,Run Gurgling Slam
0fdb30c1.wav,Marimba_and_xylophone Printer Buzz
0fed6565.wav,Toilet_flush Frying_(food) Hiss
0ff0e483.wav,Bark Sneeze Child_speech_and_kid_speaking
0fffc208.wav,Knock Marimba_and_xylophone Sigh
100e123a.wav,Toilet_flush Church_bell Screaming
100faf3f.wav,Cricket Electric_guitar Printer
101b2011.wav,Finger_snapping Scissors Tap
10234fef.wav,Bass_drum Knock Cupboard_open_or_close
10236f0e.wav,Fart Zipper_(clothing) Cupboard_open_or_close
102fb14f.wav,Bass_guitar Gong Accelerating_and_revving_and_vroom
1052e52b.wav,Burping_and_eructation Skateboard Fill_(with_liquid)
105460cd.wav,Race_car_and_auto_racing Screaming Car_passing_by
10678d21.wav,Shatter Cutlery_and_silverware Keys_jangling
107f3deb.wav,Waves_and_surf Drawer_open_or_close Toilet_flush
10811159.wav,Clapping Walk_and_footsteps Tap
10a1aa40.wav,Zipper_(clothing) Motorcycle Male_singing
10a7b8f3.wav,Marimba_and_xylophone Glockenspiel Bicycle_bell
10acf1b6.wav,Frying_(food) Stream Toilet_flush
10c170b1.wav,Electric_guitar Whispering Cricket
10d026e9.wav,Knock Bass_drum Drawer_open_or_close
10d94568.wav,Zipper_(clothing) Motorcycle Gong
10e6a6ac.wav,Bicycle_bell Bus Frying_(food)
10e6db66.wav,Burping_and_eructation Cutlery_and_silverware Fart
10e92421.wav,Marimba_and_xylophone Skateboard Knock
10f58e51.wav,Church_bell Electric_guitar Run
11071bad.wav,Marimba_and_xylophone Clapping Meow
111f9431.wav,Waves_and_surf Toilet_flush Motorcycle
112bdb70.wav,Bicycle_bell Marimba_and_xylophone Chink_and_clink
113290e8.wav,Whispering Writing Printer
1142def0.wav,Bicycle_bell Frying_(food) Shatter
1147c12b.wav,Microwave_oven Chirp_and_tweet Electric_guitar
1158e587.wav,Cutlery_and_silverware Shatter Bicycle_bell
11641eb8.wav,Computer_keyboard Skateboard Trickle_and_dribble
1167b492.wav,Knock Walk_and_footsteps Run
1172c5fb.wav,Church_bell Electric_guitar Marimba_and_xylophone
117358df.wav,Hiss Hi-hat Bathtub_(filling_or_washing)
1175ac74.wav,Cupboard_open_or_close Drawer_open_or_close Slam
11b6c488.wav,Stream Toilet_flush Frying_(food)
11cc8bcb.wav,Skateboard Purr Motorcycle
12264142.wav,Male_speech_and_man_speaking Whispering Zipper_(clothing)
1226b0e0.wav,Run Writing Walk_and_footsteps
1247b7e3.wav,Glockenspiel Marimba_and_xylophone Bicycle_bell
124a286f.wav,Tick-tock Scissors Computer_keyboard
12600be5.wav,Zipper_(clothing) Writing Male_singing
12689530.wav,Harmonica Accordion Traffic_noise_and_roadway_noise
126b674b.wav,Burping_and_eructation Fill_(with_liquid) Trickle_and_dribble
127adb78.wav,Child_speech_and_kid_speaking Female_speech_and_woman_speaking Male_speech_and_man_speaking
12849e29.wav,Motorcycle Zipper_(clothing) Buzz
128a67de.wav,Tap Finger_snapping Clapping
12bcd3ec.wav,Run Walk_and_footsteps Tap
12d3e91f.wav,Zipper_(clothing) Motorcycle Bass_guitar
12d8c07f.wav,Accelerating_and_revving_and_vroom Buzz Motorcycle
12ddf239.wav,Tick-tock Printer Microwave_oven
12df81e8.wav,Chewing_and_mastication Crackle Run
12ee0010.wav,Frying_(food) Toilet_flush Shatter
12fe33b6.wav,Printer Writing Frying_(food)
130e4d2f.wav,Burping_and_eructation Skateboard Cutlery_and_silverware
13237edd.wav,Bicycle_bell Shatter Hiss
134c3fea.wav,Finger_snapping Tap Fart
134c95a2.wav,Crackle Chink_and_clink Finger_snapping
13694181.wav,Knock Cupboard_open_or_close Drawer_open_or_close
13728313.wav,Bus Gong Male_singing
13ae306e.wav,Cricket Chirp_and_tweet Keys_jangling
13cfa025.wav,Female_singing Bark Church_bell
13e3453c.wav,Frying_(food) Bathtub_(filling_or_washing) Hiss
13e84f69.wav,Bicycle_bell Shatter Frying_(food)
14096fd8.wav,Stream Purr Motorcycle
142b9865.wav,Whispering Printer Writing
1438cfd0.wav,Skateboard Knock Marimba_and_xylophone
143e6d96.wav,Bicycle_bell Meow Hiss
14416af5.wav,Drawer_open_or_close Bus Sigh
1451986d.wav,Female_speech_and_woman_speaking Electric_guitar Meow
145a10e4.wav,Bicycle_bell Hiss Meow
146c73a3.wav,Gasp Child_speech_and_kid_speaking Male_singing
14ab7f13.wav,Drawer_open_or_close Toilet_flush Bus
14cbc626.wav,Run Walk_and_footsteps Tap
14d22f20.wav,Bathtub_(filling_or_washing) Scissors Run
14e86cfb.wav,Finger_snapping Fart Shatter
14fd704c.wav,Toilet_flush Bark Drawer_open_or_close
151ea709.wav,Computer_keyboard Run Gurgling
15288481.wav,Bus Printer Microwave_oven
152a4e09.wav,Bus Waves_and_surf Toilet_flush
153579d9.wav,Chewing_and_mastication Run Crackle
1544427c.wav,Bicycle_bell Tick-tock Frying_(food)
154696fd.wav,Waves_and_surf Mechanical_fan Stream
156bf74f.wav,Frying_(food) Toilet_flush Stream
156c1736.wav,Church_bell Harmonica Electric_guitar
15776b9c.wav,Skateboard Burping_and_eructation Waves_and_surf
157dd023.wav,Hi-hat Marimba_and_xylophone Bicycle_bell
15849032.wav,Frying_(food) Bathtub_(filling_or_washing) Trickle_and_dribble
15868ee8.wav,Bicycle_bell Hiss Chirp_and_tweet
159b8b9b.wav,Stream Toilet_flush Purr
159d2208.wav,Zipper_(clothing) Male_singing Gasp
15a78daf.wav,Skateboard Chewing_and_mastication Trickle_and_dribble
15a98fd7.wav,Bass_drum Run Knock
15b0d4ec.wav,Hiss Scissors Finger_snapping
15bcf71d.wav,Bass_guitar Bass_drum Purr
15c34c4f.wav,Tap Crackle Finger_snapping
15e2bcaa.wav,Scissors Harmonica Hiss
15e7bb78.wav,Keys_jangling Chirp_and_tweet Shatter
160105ad.wav,Church_bell Harmonica Gong
1604a3fa.wav,Crackle Run Shatter
1606f119.wav,Bark Electric_guitar Accordion
160acbb0.wav,Cricket Chirp_and_tweet Tick-tock
165fd18a.wav,Skateboard Motorcycle Purr
166a05c0.wav,Skateboard Run Waves_and_surf
1670b964.wav,Zipper_(clothing) Purr Motorcycle
167a4f00.wav,Buzz Whispering Hiss
168be388.wav,Child_speech_and_kid_speaking Meow Female_singing
16b56d33.wav,Cutlery_and_silverware Keys_jangling Computer_keyboard
16bc3f60.wav,Shatter Scissors Raindrop
16c7da35.wav,Stream Toilet_flush Frying_(food)
16d80f68.wav,Electric_guitar Tick-tock Female_singing
16e17bed.wav,Bus Gong Microwave_oven
16f7ac14.wav,Waves_and_surf Drawer_open_or_close Motorcycle
16fd3589.wav,Writing Run Gurgling
17135192.wav,Bicycle_bell Chirp_and_tweet Frying_(food)
17140de5.wav,Skateboard Run Marimba_and_xylophone
171aa36c.wav,Tick-tock Computer_keyboard Finger_snapping
17361a5c.wav,Stream Fill_(with_liquid) Waves_and_surf
1751bb8a.wav,Run Bathtub_(filling_or_washing) Chewing_and_mastication
1779b015.wav,Bus Electric_guitar Church_bell
17b6e84f.wav,Run Writing Computer_keyboard
17c4b25f.wav,Accelerating_and_revving_and_vroom Church_bell Race_car_and_auto_racing
17dfb6db.wav,Drawer_open_or_close Slam Microwave_oven
1802421a.wav,Stream Frying_(food) Toilet_flush
18183321.wav,Bus Microwave_oven Printer
183948d1.wav,Skateboard Waves_and_surf Chewing_and_mastication
183fb536.wav,Male_speech_and_man_speaking Electric_guitar Harmonica
1843680b.wav,Run Computer_keyboard Gurgling
184aca02.wav,Frying_(food) Bathtub_(filling_or_washing) Hiss
18551bc1.wav,Fart Female_speech_and_woman_speaking Child_speech_and_kid_speaking
1859b7f7.wav,Scissors Keys_jangling Tick-tock
1877623e.wav,Skateboard Burping_and_eructation Slam
1889c58d.wav,Bark Sneeze Printer
18929e41.wav,Harmonica Traffic_noise_and_roadway_noise Accordion
1899de05.wav,Run Computer_keyboard Drawer_open_or_close
18ace84c.wav,Cupboard_open_or_close Harmonica Accordion
18be000d.wav,Church_bell Run Clapping
18c94757.wav,Harmonica Squeak Buzz
18ea2e9e.wav,Toilet_flush Stream Frying_(food)
18fda5a4.wav,Harmonica Church_bell Electric_guitar
1904f396.wav,Bark Tick-tock Gurgling
19135157.wav,Zipper_(clothing) Drawer_open_or_close Gasp
191adc5f.wav,Female_speech_and_woman_speaking Female_singing Child_speech_and_kid_speaking
19303d26.wav,Bus Race_car_and_auto_racing Gong
193a6063.wav,Printer Toilet_flush Waves_and_surf
1945b8ca.wav,Electric_guitar Meow Clapping
19508dc0.wav,Motorcycle Male_singing Buzz
1960e51e.wav,Hiss Bathtub_(filling_or_washing) Frying_(food)
19754d94.wav,Motorcycle Gong Bass_guitar
197ce5b2.wav,Sneeze Gasp Yell
199d4d12.wav,Harmonica Male_speech_and_man_speaking Whispering
19a7dec3.wav,Skateboard Chewing_and_mastication Drawer_open_or_close
19bb5700.wav,Race_car_and_auto_racing Bus Church_bell
19c7c900.wav,Accordion Meow Screaming
19d9401d.wav,Knock Walk_and_footsteps Run
19dcb315.wav,Child_speech_and_kid_speaking Female_speech_and_woman_speaking Male_speech_and_man_speaking
1a068a84.wav,Male_singing Female_singing Male_speech_and_man_speaking
1a0d1b78.wav,Church_bell Microwave_oven Traffic_noise_and_roadway_noise
1a110901.wav,Bathtub_(filling_or_washing) Toilet_flush Shatter
1a1de9b9.wav,Chink_and_clink Church_bell Glockenspiel
1a1def6e.wav,Stream Waves_and_surf Bus
1a1edda6.wav,Male_speech_and_man_speaking Female_speech_and_woman_speaking Female_singing
1a2580e1.wav,Zipper_(clothing) Purr Crackle
1a35ded5.wav,Frying_(food) Bathtub_(filling_or_washing) Hiss
1a362723.wav,Screaming Meow Harmonica
1a44ace1.wav,Gong Motorcycle Bass_guitar
1a51eefe.wav,Fill_(with_liquid) Stream Trickle_and_dribble
1a5c4e84.wav,Waves_and_surf Bus Motorcycle
1a606ef2.wav,Bus Cricket Knock
1a6925fa.wav,Keys_jangling Chirp_and_tweet Scissors
1a884f9e.wav,Tick-tock Computer_keyboard Toilet_flush
1abdac69.wav,Crackle Computer_keyboard Frying_(food)
1ac6f6f3.wav,Sigh Gasp Whispering
1acae695.wav,Bus Car_passing_by Mechanical_fan
1acb3d32.wav,Electric_guitar Bus Male_singing
1ad7f703.wav,Purr Zipper_(clothing) Crackle
1ae3ca16.wav,Purr Motorcycle Zipper_(clothing)
1aec75a6.wav,Writing Run Computer_keyboard
1b0687b2.wav,Zipper_(clothing) Sigh Sneeze
1b086eb7.wav,Purr Motorcycle Traffic_noise_and_roadway_noise
1b0a3884.wav,Sigh Gasp Sneeze
1b1d1b2d.wav,Sigh Whispering Hiss
1b3ecd82.wav,Bus Microwave_oven Gong
1b5b6468.wav,Gasp Sigh Sneeze
1b5daf72.wav,Sigh Buzz Female_singing
1b68d94a.wav,Car_passing_by Waves_and_surf Skateboard
1ba04ecc.wav,Chirp_and_tweet Writing Printer
1bc14732.wav,Whispering Printer Electric_guitar
1bcfdfb5.wav,Bass_guitar Buzz Male_speech_and_man_speaking
1bd82417.wav,Church_bell Gong Microwave_oven
1be1c727.wav,Slam Drawer_open_or_close Microwave_oven
1bfd4be2.wav,Skateboard Zipper_(clothing) Writing
1c0e284a.wav,Stream Toilet_flush Waves_and_surf
1c0fbe4b.wav,Meow Electric_guitar Marimba_and_xylophone
1c1dd720.wav,Tick-tock Printer Writing
1c3bd325.wav,Skateboard Burping_and_eructation Fill_(with_liquid)
1c699cb7.wav,Gong Microwave_oven Car_passing_by
1c6d56db.wav,Cricket Screaming Electric_guitar
1c77cedf.wav,Crackle Chewing_and_mastication Zipper_(clothing)
1c785226.wav,Run Writing Drawer_open_or_close
1c79ca96.wav,Hiss Scissors Finger_snapping
1c8369cf.wav,Zipper_(clothing) Chewing_and_mastication Male_speech_and_man_speaking
1c983e19.wav,Printer Writing Tick-tock
1c9e3f10.wav,Knock Tap Cupboard_open_or_close
1cc5b5f7.wav,Crackle Run Computer_keyboard
1cd55ad6.wav,Car_passing_by Microwave_oven Waves_and_surf
1cf8379b.wav,Frying_(food) Hiss Shatter
1d11b910.wav,Frying_(food) Bathtub_(filling_or_washing) Trickle_and_dribble
1d1778c4.wav,Bass_drum Buzz Cupboard_open_or_close
1d1863a4.wav,Microwave_oven Bus Car_passing_by
1d2459ce.wav,Screaming Meow Harmonica
1d279116.wav,Toilet_flush Hiss Bus
1d33f8e1.wav,Finger_snapping Shatter Bicycle_bell
1d4ae8ab.wav,Crackle Shatter Finger_snapping
1d58040b.wav,Meow Zipper_(clothing) Sigh
1d6f2b16.wav,Female_speech_and_woman_speaking Male_singing Male_speech_and_man_speaking
1d7d2a17.wav,Bus Waves_and_surf Printer
1db41feb.wav,Glockenspiel Church_bell Electric_guitar
1dbcd4ba.wav,Stream Fill_(with_liquid) Trickle_and_dribble
1dc3166b.wav,Sigh Fart Male_speech_and_man_speaking
1dc417cd.wav,Chewing_and_mastication Zipper_(clothing) Gurgling
1dcc4dd4.wav,Microwave_oven Bus Mechanical_fan
1de84153.wav,Microwave_oven Bus Mechanical_fan
1ded5864.wav,Buzz Child_speech_and_kid_speaking Church_bell
1def6435.wav,Bathtub_(filling_or_washing) Clapping Shatter
1dfa910d.wav,Hiss Finger_snapping Scissors
1e0b81a9.wav,Electric_guitar Marimba_and_xylophone Male_singing
1e1a72d5.wav,Drawer_open_or_close Buzz Bus
1e1e674a.wav,Bathtub_(filling_or_washing) Shatter Run
1e3763ba.wav,Meow Sigh Accordion
1e3cd2f0.wav,Female_speech_and_woman_speaking Child_speech_and_kid_speaking Male_speech_and_man_speaking
1e6572de.wav,Harmonica Traffic_noise_and_roadway_noise Accordion
1e6e9131.wav,Male_singing Zipper_(clothing) Motorcycle
1e6fe316.wav,Toilet_flush Bus Skateboard
1e7b59a7.wav,Child_speech_and_kid_speaking Gasp Accordion
1e8a965c.wav,Mechanical_fan Stream Microwave_oven
1e8fe3d2.wav,Gurgling Writing Run
1ea533ec.wav,Buzz Electric_guitar Sigh
1eac92a1.wav,Glockenspiel Marimba_and_xylophone Harmonica
1ec2f60d.wav,Writing Run Scissors
1eda3d26.wav,Harmonica Church_bell Screaming
1f27827e.wav,Harmonica Meow Traffic_noise_and_roadway_noise
1f293888.wav,Marimba_and_xylophone Cupboard_open_or_close Bass_drum
1f3d2f22.wav,Toilet_flush Sigh Stream
1f52baf2.wav,Hi-hat Shatter Whispering
1f58cc84.wav,Male_singing Male_speech_and_man_speaking Female_speech_and_woman_speaking
1f63c45e.wav,Fart Zipper_(clothing) Bass_drum
1f85a5c7.wav,Bark Sneeze Harmonica
1f9c1f3e.wav,Church_bell Accordion Female_singing
1fc0282a.wav,Crackle Frying_(food) Tap
1fc8f9a5.wav,Run Scissors Tick-tock
1fd74cc3.wav,Glockenspiel Marimba_and_xylophone Bicycle_bell
1fde2c61.wav,Bus Toilet_flush Printer
1fe639ee.wav,Writing Whispering Scissors
1fec2121.wav,Buzz Bus Waves_and_surf
1ff215f3.wav,Drawer_open_or_close Toilet_flush Waves_and_surf
200b6920.wav,Drawer_open_or_close Knock Run
2012b2f4.wav,Knock Cupboard_open_or_close Slam
201c18ee.wav,Run Skateboard Chewing_and_mastication
20612e10.wav,Toilet_flush Stream Bus
2069253a.wav,Hiss Bathtub_(filling_or_washing) Finger_snapping
206c0a24.wav,Chewing_and_mastication Scissors Drawer_open_or_close
20801c98.wav,Screaming Car_passing_by Toilet_flush
2087f937.wav,Burping_and_eructation Toilet_flush Skateboard
20898b89.wav,Stream Fill_(with_liquid) Frying_(food)
20b16812.wav,Bicycle_bell Hi-hat Marimba_and_xylophone
20c3541c.wav,Scissors Bicycle_bell Computer_keyboard
20d2ad1c.wav,Sneeze Drawer_open_or_close Slam
20dc6392.wav,Computer_keyboard Chewing_and_mastication Purr
20e285c7.wav,Bus Waves_and_surf Race_car_and_auto_racing
21102a3a.wav,Sigh Hiss Toilet_flush
2113043a.wav,Glockenspiel Church_bell Chink_and_clink
2142adda.wav,Fill_(with_liquid) Chewing_and_mastication Skateboard
21447ea7.wav,Harmonica Female_singing Traffic_noise_and_roadway_noise
21455882.wav,Frying_(food) Hiss Bathtub_(filling_or_washing)
2157612c.wav,Car_passing_by Sigh Screaming
2159eea8.wav,Electric_guitar Gong Cupboard_open_or_close
2175b26d.wav,Motorcycle Bass_guitar Accelerating_and_revving_and_vroom
217b109a.wav,Gong Car_passing_by Waves_and_surf
2189acc6.wav,Marimba_and_xylophone Gong Glockenspiel
218b15dc.wav,Sneeze Bark Harmonica
218c8907.wav,Toilet_flush Bus Sigh
21b0c9cb.wav,Crackle Purr Chewing_and_mastication
21b24d69.wav,Knock Tap Run
21b601cd.wav,Church_bell Male_singing Electric_guitar
21d2eb4c.wav,Whispering Writing Shatter
21d49986.wav,Buzz Child_speech_and_kid_speaking Whispering
21e8d6a9.wav,Knock Run Slam
21eb5d58.wav,Waves_and_surf Toilet_flush Bus
21eca32f.wav,Computer_keyboard Tick-tock Scissors
21fa3245.wav,Cutlery_and_silverware Scissors Computer_keyboard
2210c997.wav,Child_speech_and_kid_speaking Female_speech_and_woman_speaking Female_singing
2216c947.wav,Purr Motorcycle Zipper_(clothing)
223032ba.wav,Bathtub_(filling_or_washing) Frying_(food) Hiss
2236c850.wav,Purr Cricket Knock
223a5173.wav,Electric_guitar Screaming Meow
22522048.wav,Bus Accelerating_and_revving_and_vroom Buzz
2263763d.wav,Bus Buzz Whispering
228a538c.wav,Hiss Meow Bicycle_bell
22a7e375.wav,Hiss Purr Waves_and_surf
22b07889.wav,Burping_and_eructation Skateboard Purr
22b6b9aa.wav,Hi-hat Gong Cupboard_open_or_close
22c5ea2f.wav,Bus Toilet_flush Crowd
22c78043.wav,Harmonica Female_speech_and_woman_speaking Female_singing
22c98028.wav,Skateboard Run Chewing_and_mastication
22c9b301.wav,Car_passing_by Accelerating_and_revving_and_vroom Bus
22cd860e.wav,Run Chewing_and_mastication Writing
22f22fc9.wav,Knock Run Tap
22f2d98a.wav,Run Tap Walk_and_footsteps
2303e210.wav,Computer_keyboard Chink_and_clink Cutlery_and_silverware
23244f49.wav,Whispering Toilet_flush Printer
2327b6de.wav,Cupboard_open_or_close Bass_drum Knock
2343daa5.wav,Printer Bus Waves_and_surf
235213ce.wav,Computer_keyboard Raindrop Run
235f959c.wav,Meow Screaming Female_singing
236e7ce1.wav,Gong Hi-hat Hiss
23726888.wav,Glockenspiel Chink_and_clink Church_bell
23756062.wav,Bus Microwave_oven Race_car_and_auto_racing
238b11f0.wav,Slam Microwave_oven Computer_keyboard
23a07927.wav,Hiss Bathtub_(filling_or_washing) Frying_(food)
23a2669b.wav,Printer Tick-tock Slam
23c4613e.wav,Knock Tap Run
23c714b5.wav,Buzz Cupboard_open_or_close Electric_guitar
23d35eea.wav,Zipper_(clothing) Motorcycle Car_passing_by
23fabbb4.wav,Toilet_flush Bus Printer
23fe505d.wav,Computer_keyboard Scissors Keys_jangling
2406d1de.wav,Microwave_oven Car_passing_by Race_car_and_auto_racing
240e9caa.wav,Chink_and_clink Church_bell Bass_guitar
24456657.wav,Stream Toilet_flush Waves_and_surf
244a60cd.wav,Fart Finger_snapping Crackle
2451cad9.wav,Harmonica Meow Traffic_noise_and_roadway_noise
2451d17b.wav,Gong Electric_guitar Accordion
245c01e6.wav,Bus Traffic_noise_and_roadway_noise Race_car_and_auto_racing
2462f236.wav,Electric_guitar Bus Female_singing
24ae5bef.wav,Bark Accordion Harmonica
24ce9114.wav,Printer Electric_guitar Gurgling
24dda4ed.wav,Bicycle_bell Hiss Chirp_and_tweet
24ecb25d.wav,Meow Bus Squeak
24f04ba5.wav,Run Slam Walk_and_footsteps
2548960b.wav,Slam Walk_and_footsteps Drawer_open_or_close
256d567f.wav,Chewing_and_mastication Scissors Keys_jangling
2583a54d.wav,Knock Bus Waves_and_surf
2599ff86.wav,Gasp Meow Male_singing
259e3fa7.wav,Scissors Chewing_and_mastication Run
25a8ef58.wav,Bass_drum Knock Run
25a991a1.wav,Hiss Scissors Finger_snapping
25beac1d.wav,Slam Bicycle_bell Clapping
25c32640.wav,Bicycle_bell Frying_(food) Shatter
25c8686f.wav,Walk_and_footsteps Burping_and_eructation Purr
25d481d6.wav,Cupboard_open_or_close Knock Bass_drum
25e059d3.wav,Tick-tock Bus Printer
25e23528.wav,Glockenspiel Marimba_and_xylophone Screaming
25e75fa8.wav,Frying_(food) Hiss Bathtub_(filling_or_washing)
261cdf15.wav,Bus Mechanical_fan Stream
262131af.wav,Motorcycle Car_passing_by Race_car_and_auto_racing
2624e8ff.wav,Bark Sneeze Whispering
26263cf0.wav,Slam Marimba_and_xylophone Gong
262a7108.wav,Waves_and_surf Skateboard Computer_keyboard
262d4cca.wav,Accordion Harmonica Church_bell
2655ac2c.wav,Harmonica Gong Accordion
26a25f5d.wav,Tap Clapping Tick-tock
26a4977c.wav,Purr Chewing_and_mastication Zipper_(clothing)
26a6c2f3.wav,Crackle Tap Finger_snapping
26abfa32.wav,Computer_keyboard Keys_jangling Cricket
26c001b7.wav,Stream Frying_(food) Hiss
26c01e3f.wav,Electric_guitar Female_singing Child_speech_and_kid_speaking
26f921e3.wav,Finger_snapping Tap Fart
2707f8b0.wav,Race_car_and_auto_racing Bark Female_singing
27080c56.wav,Skateboard Run Chewing_and_mastication
271ade69.wav,Microwave_oven Church_bell Gong
272d95c7.wav,Toilet_flush Stream Sigh
2733bb3f.wav,Church_bell Glockenspiel Electric_guitar
27446bcd.wav,Cupboard_open_or_close Bass_drum Bass_guitar
2756ca54.wav,Zipper_(clothing) Male_singing Squeak
2758a116.wav,Female_singing Male_singing Accordion
275e1bb6.wav,Child_speech_and_kid_speaking Female_speech_and_woman_speaking Buzz
278a19ee.wav,Zipper_(clothing) Gasp Male_singing
27903ab8.wav,Stream Toilet_flush Trickle_and_dribble
27924331.wav,Sigh Sneeze Whispering
279d4550.wav,Writing Run Crackle
27a4f4a8.wav,Bus Church_bell Female_singing
27a8cf7f.wav,Knock Tap Run
27b8db15.wav,Car_passing_by Traffic_noise_and_roadway_noise Microwave_oven
27c8eacc.wav,Run Writing Computer_keyboard
27ce0e90.wav,Computer_keyboard Run Scissors
27d07e83.wav,Chirp_and_tweet Hiss Bicycle_bell
27d43eba.wav,Electric_guitar Screaming Church_bell
27df10d1.wav,Sneeze Whispering Child_speech_and_kid_speaking
27e085c0.wav,Drawer_open_or_close Run Knock
280c07e4.wav,Squeak Harmonica Church_bell
2810d717.wav,Chewing_and_mastication Run Computer_keyboard
28142c7d.wav,Drawer_open_or_close Printer Toilet_flush
28199c01.wav,Slam Drawer_open_or_close Run
2833e567.wav,Burping_and_eructation Fill_(with_liquid) Trickle_and_dribble
28383990.wav,Bicycle_bell Shatter Finger_snapping
283bc0ea.wav,Run Writing Computer_keyboard
2842be8c.wav,Run Skateboard Waves_and_surf
28849a80.wav,Frying_(food) Crackle Bathtub_(filling_or_washing)
288a89c1.wav,Gong Bus Microwave_oven
2894416d.wav,Run Computer_keyboard Tap
289fb0b8.wav,Screaming Crowd Toilet_flush
28a2ff49.wav,Run Knock Tap
28a9213d.wav,Computer_keyboard Run Chewing_and_mastication
28d22d2e.wav,Electric_guitar Harmonica Printer
28d2f36f.wav,Harmonica Female_singing Child_speech_and_kid_speaking
28e13187.wav,Knock Tap Cupboard_open_or_close
28e32693.wav,Accelerating_and_revving_and_vroom Gong Motorcycle
28f49053.wav,Tick-tock Printer Slam
28ff0651.wav,Male_singing Bark Harmonica
290e30df.wav,Fart Bass_drum Zipper_(clothing)
292ef00f.wav,Sigh Whispering Clapping
2934735d.wav,Zipper_(clothing) Motorcycle Squeak
2934d413.wav,Run Walk_and_footsteps Knock
29365227.wav,Tick-tock Scissors Computer_keyboard
295268ea.wav,Car_passing_by Gong Waves_and_surf
29699f09.wav,Computer_keyboard Tap Crackle
297219cc.wav,Finger_snapping Bicycle_bell Shatter
2980d500.wav,Bark Child_speech_and_kid_speaking Printer
29826356.wav,Shatter Hiss Whispering
29b0574f.wav,Computer_keyboard Run Tap
29d72dfb.wav,Car_passing_by Waves_and_surf Motorcycle
29dd29fb.wav,Drawer_open_or_close Slam Walk_and_footsteps
29e4880e.wav,Buzz Whispering Bus
2a0893c6.wav,Bass_guitar Motorcycle Gong
2a0a3828.wav,Computer_keyboard Run Raindrop
2a484593.wav,Run Tap Crackle
2a557637.wav,Computer_keyboard Chewing_and_mastication Run
2a79d0a8.wav,Chink_and_clink Church_bell Gong
2a9c7202.wav,Frying_(food) Trickle_and_dribble Bathtub_(filling_or_washing)
2aa1e0b8.wav,Sneeze Meow Child_speech_and_kid_speaking
2ac8607d.wav,Gasp Bark Screaming
2ad174b4.wav,Chewing_and_mastication Computer_keyboard Run
2ae04dd7.wav,Mechanical_fan Microwave_oven Bus
2aedff46.wav,Shatter Bicycle_bell Whispering
2af10e99.wav,Bicycle_bell Hi-hat Chink_and_clink
2af77e7f.wav,Bus Toilet_flush Waves_and_surf
2b160bb2.wav,Crackle Run Computer_keyboard
2b2613d8.wav,Skateboard Waves_and_surf Toilet_flush
2b6ee441.wav,Chewing_and_mastication Run Computer_keyboard
2b95327b.wav,Waves_and_surf Car_passing_by Motorcycle
2b9ca464.wav,Purr Chewing_and_mastication Skateboard
2bab5b09.wav,Waves_and_surf Burping_and_eructation Drawer_open_or_close
2bb1503c.wav,Meow Sneeze Electric_guitar
2bbf558e.wav,Run Computer_keyboard Cupboard_open_or_close
2be779a7.wav,Drawer_open_or_close Run Slam
2c010e00.wav,Run Tap Mechanical_fan
2c2a3c77.wav,Tick-tock Printer Walk_and_footsteps
2c2d400b.wav,Shatter Chewing_and_mastication Bathtub_(filling_or_washing)
2c39bb30.wav,Church_bell Chink_and_clink Gong
2c3a44f2.wav,Toilet_flush Bathtub_(filling_or_washing) Waves_and_surf
2c7a5078.wav,Bus Church_bell Electric_guitar
2c809d4f.wav,Writing Run Computer_keyboard
2c8b8812.wav,Computer_keyboard Child_speech_and_kid_speaking Chewing_and_mastication
2c924848.wav,Race_car_and_auto_racing Male_singing Bus
2cc7f972.wav,Purr Motorcycle Run
2cd526f7.wav,Drawer_open_or_close Buzz Electric_guitar
2cdfa8c1.wav,Toilet_flush Bathtub_(filling_or_washing) Waves_and_surf
2cf4955c.wav,Purr Skateboard Motorcycle
2cfdaecd.wav,Frying_(food) Stream Hiss
2d0863b7.wav,Walk_and_footsteps Run Waves_and_surf
2d09c7ca.wav,Cricket Chirp_and_tweet Whispering
2d15ca77.wav,Drawer_open_or_close Microwave_oven Computer_keyboard
2d209c25.wav,Knock Tap Run
2d21dbf4.wav,Purr Motorcycle Zipper_(clothing)
2d455ed9.wav,Chewing_and_mastication Crackle Scissors
2d4961a8.wav,Run Chewing_and_mastication Computer_keyboard
2d4a0250.wav,Chewing_and_mastication Walk_and_footsteps Zipper_(clothing)
2d56c2ae.wav,Tick-tock Scissors Cutlery_and_silverware
2d5dcc5d.wav,Knock Tap Drawer_open_or_close
2d666c1d.wav,Bus Chirp_and_tweet Printer
2d6d99d4.wav,Screaming Sneeze Meow
2d7218f8.wav,Sneeze Skateboard Gasp
2d7ae271.wav,Race_car_and_auto_racing Motorcycle Accelerating_and_revving_and_vroom
2d8135cc.wav,Waves_and_surf Skateboard Bathtub_(filling_or_washing)
2d88fa59.wav,Clapping Finger_snapping Walk_and_footsteps
2da4c729.wav,Car_passing_by Motorcycle Waves_and_surf
2db579cb.wav,Clapping Drawer_open_or_close Computer_keyboard
2db63f0d.wav,Run Walk_and_footsteps Writing
2dd2a6bf.wav,Stream Toilet_flush Waves_and_surf
2df0cf1f.wav,Burping_and_eructation Skateboard Zipper_(clothing)
2df1f901.wav,Run Chewing_and_mastication Computer_keyboard
2dfd32a3.wav,Bus Waves_and_surf Buzz
2e61e614.wav,Gasp Screaming Male_singing
2e820b05.wav,Meow Sneeze Screaming
2e8b4709.wav,Electric_guitar Female_speech_and_woman_speaking Bass_guitar
2e9ced66.wav,Run Tick-tock Computer_keyboard
2ea33689.wav,Harmonica Traffic_noise_and_roadway_noise Church_bell
2eade3e1.wav,Church_bell Traffic_noise_and_roadway_noise Electric_guitar
2eb3002c.wav,Meow Harmonica Squeak
2eb51f57.wav,Glockenspiel Marimba_and_xylophone Gong
2ed9ce69.wav,Gasp Fart Harmonica
2edb4142.wav,Motorcycle Waves_and_surf Bus
2ee3ef28.wav,Male_singing Male_speech_and_man_speaking Female_singing
2ee9f139.wav,Electric_guitar Marimba_and_xylophone Burping_and_eructation
2eeb7f35.wav,Meow Harmonica Cupboard_open_or_close
2eec6eda.wav,Church_bell Gong Bicycle_bell
2f00863c.wav,Gong Marimba_and_xylophone Buzz
2f14d3b3.wav,Bass_drum Run Slam
2f2ab304.wav,Screaming Car_passing_by Race_car_and_auto_racing
2f41afe1.wav,Motorcycle Car_passing_by Race_car_and_auto_racing
2f529eb8.wav,Frying_(food) Trickle_and_dribble Stream
2f5cbf20.wav,Slam Sneeze Drawer_open_or_close
2f6331aa.wav,Sneeze Gasp Screaming
2f643c50.wav,Printer Writing Zipper_(clothing)
2f785877.wav,Bass_drum Knock Marimba_and_xylophone
2f84c8e9.wav,Bus Buzz Tick-tock
2f8dd247.wav,Bus Waves_and_surf Printer
2f94fca3.wav,Burping_and_eructation Trickle_and_dribble Fill_(with_liquid)
2fa1cc09.wav,Finger_snapping Tap Shatter
2fc6ede8.wav,Knock Tap Run
2fe3ae63.wav,Computer_keyboard Drawer_open_or_close Tap
2ffd2145.wav,Female_speech_and_woman_speaking Child_speech_and_kid_speaking Electric_guitar
3011c55b.wav,Accordion Harmonica Bus
3012731a.wav,Run Skateboard Walk_and_footsteps
302f4eb8.wav,Gong Church_bell Harmonica
303d4668.wav,Chirp_and_tweet Keys_jangling Cricket
304d8a8e.wav,Church_bell Electric_guitar Acoustic_guitar
304f25f4.wav,Printer Tick-tock Microwave_oven
3052fe86.wav,Waves_and_surf Motorcycle Bus
3061e8d1.wav,Screaming Meow Harmonica
309169fa.wav,Male_singing Whispering Female_speech_and_woman_speaking
30960f70.wav,Gong Microwave_oven Church_bell
309eea85.wav,Harmonica Female_singing Accordion
30ac78a6.wav,Hiss Scissors Bicycle_bell
30d1840b.wav,Keys_jangling Chewing_and_mastication Chirp_and_tweet
30dc07a7.wav,Knock Bass_drum Church_bell
30e1162a.wav,Meow Female_singing Electric_guitar
30e40cc3.wav,Bus Printer Toilet_flush
30f7577e.wav,Frying_(food) Toilet_flush Bathtub_(filling_or_washing)
30f8ba51.wav,Bass_guitar Purr Motorcycle
3102ff8d.wav,Crackle Computer_keyboard Purr
311fcc0d.wav,Bicycle_bell Hiss Shatter
3129e5b4.wav,Bass_drum Knock Run
312c730c.wav,Frying_(food) Bathtub_(filling_or_washing) Hiss
312e1179.wav,Bicycle_bell Frying_(food) Bathtub_(filling_or_washing)
312e698e.wav,Microwave_oven Motorcycle Mechanical_fan
31312cda.wav,Sigh Electric_guitar Buzz
3134c1f5.wav,Crackle Frying_(food) Chewing_and_mastication
31452d93.wav,Bus Gong Printer
314a8107.wav,Sigh Toilet_flush Whispering
3174521f.wav,Slam Drawer_open_or_close Microwave_oven
3177529f.wav,Drawer_open_or_close Chewing_and_mastication Toilet_flush
317e5fda.wav,Toilet_flush Frying_(food) Bathtub_(filling_or_washing)
3190ca46.wav,Frying_(food) Bathtub_(filling_or_washing) Bicycle_bell
31ab1bc4.wav,Burping_and_eructation Skateboard Whispering
31b883cb.wav,Burping_and_eructation Skateboard Fart
31bf8f6c.wav,Bark Female_singing Male_singing
31c60809.wav,Finger_snapping Tap Scissors
31c7a683.wav,Bicycle_bell Chirp_and_tweet Cutlery_and_silverware
31cfaf7c.wav,Female_speech_and_woman_speaking Male_speech_and_man_speaking Sneeze
31ea3391.wav,Motorcycle Buzz Zipper_(clothing)
31f4d839.wav,Drawer_open_or_close Tap Skateboard
31fe4058.wav,Computer_keyboard Drawer_open_or_close Chewing_and_mastication
31ff4a9f.wav,Scissors Tick-tock Computer_keyboard
320adc8a.wav,Keys_jangling Frying_(food) Chewing_and_mastication
320b9457.wav,Bathtub_(filling_or_washing) Frying_(food) Chirp_and_tweet
320cb73f.wav,Toilet_flush Stream Sigh
321c61dd.wav,Waves_and_surf Stream Mechanical_fan
321d7624.wav,Bass_guitar Motorcycle Gong
322c634e.wav,Male_singing Church_bell Bark
3246e22c.wav,Motorcycle Microwave_oven Buzz
32663622.wav,Microwave_oven Slam Drawer_open_or_close
3273193a.wav,Printer Buzz Bus
327ff97c.wav,Scissors Tick-tock Computer_keyboard
3288c908.wav,Harmonica Chirp_and_tweet Female_singing
329d5f81.wav,Tick-tock Bathtub_(filling_or_washing) Toilet_flush
32aaacf1.wav,Frying_(food) Hiss Chirp_and_tweet
32ad561a.wav,Screaming Race_car_and_auto_racing Crowd
32b66826.wav,Sneeze Bark Whispering
32bf8f9d.wav,Clapping Knock Walk_and_footsteps
32cce167.wav,Frying_(food) Shatter Whispering
32d21079.wav,Bicycle_bell Marimba_and_xylophone Glockenspiel
32e0e55a.wav,Bass_guitar Gong Motorcycle
32f26b94.wav,Toilet_flush Sigh Whispering
330b1461.wav,Tick-tock Printer Buzz
3313662e.wav,Tap Slam Tick-tock
33139052.wav,Gong Hi-hat Bicycle_bell
33170581.wav,Microwave_oven Meow Electric_guitar
332246f6.wav,Whispering Sigh Hiss
33355c50.wav,Motorcycle Accelerating_and_revving_and_vroom Waves_and_surf
3347121c.wav,Bus Whispering Buzz
3353d705.wav,Mechanical_fan Microwave_oven Bus
335d2ea3.wav,Female_singing Gasp Screaming
336a88c3.wav,Bicycle_bell Shatter Whispering
338669d9.wav,Bathtub_(filling_or_washing) Toilet_flush Drawer_open_or_close
33a61f8d.wav,Tick-tock Tap Slam
33bc9deb.wav,Keys_jangling Computer_keyboard Chewing_and_mastication
33c82ad4.wav,Female_singing Child_speech_and_kid_speaking Harmonica
33ef8393.wav,Bicycle_bell Shatter Marimba_and_xylophone
33fbfca7.wav,Frying_(food) Bathtub_(filling_or_washing) Trickle_and_dribble
34035cf8.wav,Drawer_open_or_close Printer Microwave_oven
340d5db4.wav,Motorcycle Accelerating_and_revving_and_vroom Car_passing_by
340da762.wav,Purr Crackle Zipper_(clothing)
34120253.wav,Harmonica Screaming Church_bell
341efc4b.wav,Waves_and_surf Toilet_flush Chewing_and_mastication
342cc3ae.wav,Bark Female_singing Gasp
34486c7f.wav,Buzz Accelerating_and_revving_and_vroom Motorcycle
34510c7a.wav,Toilet_flush Bathtub_(filling_or_washing) Waves_and_surf
34512413.wav,Tick-tock Computer_keyboard Run
346fc59c.wav,Writing Zipper_(clothing) Printer
3474d7cd.wav,Run Scissors Writing
348aaf17.wav,Chewing_and_mastication Keys_jangling Frying_(food)
349e5ea7.wav,Run Computer_keyboard Fill_(with_liquid)
34aac2b5.wav,Harmonica Accordion Female_singing
34c53320.wav,Burping_and_eructation Fart Male_speech_and_man_speaking
34cca3b3.wav,Harmonica Church_bell Bus
34d0b2ca.wav,Sneeze Yell Gasp
34d4cfda.wav,Church_bell Clapping Run
34dc323b.wav,Bark Accordion Electric_guitar
34e6a0de.wav,Cricket Chirp_and_tweet Scissors
34f2c99d.wav,Fart Zipper_(clothing) Male_speech_and_man_speaking
34fbb318.wav,Computer_keyboard Chewing_and_mastication Run
3500ed9d.wav,Marimba_and_xylophone Gong Knock
350942d1.wav,Motorcycle Waves_and_surf Accelerating_and_revving_and_vroom
351a8abe.wav,Gong Car_passing_by Motorcycle
352ce267.wav,Knock Bass_drum Marimba_and_xylophone
3544797d.wav,Drawer_open_or_close Printer Knock
354d467a.wav,Gurgling Sneeze Buzz
355ddeda.wav,Toilet_flush Stream Sigh
356adc0d.wav,Tick-tock Computer_keyboard Tap
356b99de.wav,Printer Tick-tock Toilet_flush
35930583.wav,Male_speech_and_man_speaking Male_singing Female_singing
359a6e84.wav,Screaming Church_bell Electric_guitar
35a7edad.wav,Computer_keyboard Tap Tick-tock
35a8a688.wav,Scissors Bathtub_(filling_or_washing) Keys_jangling
35d5aca3.wav,Car_passing_by Bus Mechanical_fan
35dbfd81.wav,Bark Harmonica Male_singing
36027dca.wav,Bass_drum Marimba_and_xylophone Cupboard_open_or_close
361237d6.wav,Bus Buzz Female_singing
361c9c0e.wav,Bicycle_bell Fart Finger_snapping
3623b13a.wav,Male_singing Female_singing Electric_guitar
3626ac5a.wav,Bicycle_bell Hiss Chirp_and_tweet
362f92f4.wav,Female_singing Female_speech_and_woman_speaking Male_singing
366d25a7.wav,Harmonica Buzz Motorcycle
366d6820.wav,Toilet_flush Skateboard Waves_and_surf
367ef5a8.wav,Microwave_oven Church_bell Bus
36896b31.wav,Bus Printer Buzz
368e3f09.wav,Stream Frying_(food) Trickle_and_dribble
36b92bec.wav,Marimba_and_xylophone Bicycle_bell Gong
36beb3fd.wav,Child_speech_and_kid_speaking Female_singing Sneeze
36c459de.wav,Harmonica Screaming Church_bell
36dfae4f.wav,Run Walk_and_footsteps Knock
36fe695f.wav,Clapping Drawer_open_or_close Slam
37053a90.wav,Buzz Hiss Cricket
370eaa84.wav,Bus Church_bell Race_car_and_auto_racing
37155f3a.wav,Car_passing_by Gong Toilet_flush
37790f99.wav,Frying_(food) Hiss Bathtub_(filling_or_washing)
378216b2.wav,Microwave_oven Bus Gong
37856035.wav,Stream Fill_(with_liquid) Toilet_flush
3792237d.wav,Sigh Hiss Toilet_flush
37941050.wav,Waves_and_surf Car_passing_by Motorcycle
379ae4e1.wav,Frying_(food) Stream Hiss
379b7e21.wav,Skateboard Waves_and_surf Chewing_and_mastication
379c063d.wav,Fart Cupboard_open_or_close Slam
37a1946c.wav,Microwave_oven Tick-tock Slam
37a7927f.wav,Knock Run Drawer_open_or_close
37c95c1c.wav,Female_singing Harmonica Screaming
37ccc1ea.wav,Hiss Bicycle_bell Bathtub_(filling_or_washing)
37d609aa.wav,Chewing_and_mastication Skateboard Bathtub_(filling_or_washing)
37dc178a.wav,Hiss Bathtub_(filling_or_washing) Scissors
37f5f0d8.wav,Buzz Chewing_and_mastication Motorcycle
382587b8.wav,Hiss Scissors Finger_snapping
382cd8c5.wav,Drawer_open_or_close Slam Walk_and_footsteps
38368c9b.wav,Gasp Whispering Fart
384b0ff2.wav,Marimba_and_xylophone Gong Electric_guitar
38544190.wav,Run Tap Knock
38558ab1.wav,Burping_and_eructation Skateboard Chewing_and_mastication
3858d281.wav,Electric_guitar Male_speech_and_man_speaking Printer
385e8b0f.wav,Knock Tap Run
38636d71.wav,Screaming Meow Sigh
38669440.wav,Tick-tock Computer_keyboard Cricket
387014ab.wav,Stream Toilet_flush Waves_and_surf
3876c193.wav,Meow Harmonica Sigh
388f70a5.wav,Microwave_oven Bus Gong
38b9ff18.wav,Electric_guitar Female_speech_and_woman_speaking Child_speech_and_kid_speaking
38d29a00.wav,Tap Run Computer_keyboard
38d378d8.wav,Bus Toilet_flush Waves_and_surf
38d50e59.wav,Keys_jangling Scissors Cutlery_and_silverware
38d5d026.wav,Zipper_(clothing) Sigh Motorcycle
38e43355.wav,Female_singing Harmonica Male_singing
38ea5df2.wav,Frying_(food) Bathtub_(filling_or_washing) Bus
38f6aa5e.wav,Toilet_flush Stream Sigh
38fea590.wav,Bus Church_bell Electric_guitar
390789a8.wav,Chewing_and_mastication Skateboard Drawer_open_or_close
390995ef.wav,Shatter Bicycle_bell Keys_jangling
39189c31.wav,Toilet_flush Skateboard Bus
391fbd47.wav,Tick-tock Tap Chink_and_clink
392e88d7.wav,Frying_(food) Cricket Gurgling
3939b821.wav,Tick-tock Cupboard_open_or_close Tap
39467410.wav,Electric_guitar Bus Church_bell
394b8ce2.wav,Chewing_and_mastication Computer_keyboard Run
395de76a.wav,Car_passing_by Screaming Gong
395df625.wav,Burping_and_eructation Purr Chewing_and_mastication
396d793f.wav,Scissors Tick-tock Writing
39723c0e.wav,Church_bell Gong Electric_guitar
39768e2a.wav,Male_speech_and_man_speaking Female_speech_and_woman_speaking Male_singing
3987fc79.wav,Purr Motorcycle Zipper_(clothing)
398b6fa6.wav,Run Knock Tap
399732ec.wav,Clapping Harmonica Screaming
39a8ac5c.wav,Chewing_and_mastication Keys_jangling Crackle
39b6cc75.wav,Hiss Scissors Bicycle_bell
39bbcabd.wav,Tick-tock Bass_drum Shatter
39c1f2fd.wav,Sigh Zipper_(clothing) Drawer_open_or_close
39d1b554.wav,Computer_keyboard Scissors Tick-tock
39e1b8cc.wav,Gurgling Computer_keyboard Fill_(with_liquid)
39e2f767.wav,Sneeze Yell Meow
39e35f03.wav,Church_bell Bus Printer
39eb6dd5.wav,Knock Tap Cupboard_open_or_close
39f19344.wav,Bus Mechanical_fan Car_passing_by
3a2353bb.wav,Printer Child_speech_and_kid_speaking Zipper_(clothing)
3a28e28a.wav,Car_passing_by Bus Mechanical_fan
3a2a4822.wav,Tick-tock Clapping Computer_keyboard
3a3e4b29.wav,Church_bell Bark Electric_guitar
3a49d5ed.wav,Trickle_and_dribble Fill_(with_liquid) Skateboard
3a4cf709.wav,Screaming Chirp_and_tweet Harmonica
3a5e6dde.wav,Hi-hat Hiss Gong
3a66e3df.wav,Bathtub_(filling_or_washing) Toilet_flush Trickle_and_dribble
3a87c628.wav,Bicycle_bell Marimba_and_xylophone Frying_(food)
3a885c38.wav,Tap Run Computer_keyboard
3a8b9afe.wav,Bus Church_bell Tick-tock
3aa5b432.wav,Motorcycle Run Waves_and_surf
3ac609e1.wav,Car_passing_by Traffic_noise_and_roadway_noise Motorcycle
3acbee34.wav,Screaming Meow Sneeze
3adfb8f0.wav,Toilet_flush Stream Hiss
3ae08e83.wav,Printer Tick-tock Drawer_open_or_close
3ae0ea8b.wav,Printer Drawer_open_or_close Tick-tock
3b0a3361.wav,Toilet_flush Stream Traffic_noise_and_roadway_noise
3b0b13f4.wav,Sneeze Electric_guitar Meow
3b13f6a1.wav,Skateboard Waves_and_surf Toilet_flush
3b23ed90.wav,Tap Cutlery_and_silverware Computer_keyboard
3b252939.wav,Waves_and_surf Car_passing_by Accelerating_and_revving_and_vroom
3b277890.wav,Zipper_(clothing) Gasp Child_speech_and_kid_speaking
3b382171.wav,Bark Child_speech_and_kid_speaking Gasp
3b3c2c67.wav,Computer_keyboard Tick-tock Raindrop
3b75b456.wav,Gong Race_car_and_auto_racing Car_passing_by
3b7c7f94.wav,Run Writing Computer_keyboard
3bb6024f.wav,Clapping Bus Toilet_flush
3bb7c24d.wav,Run Writing Tap
3bb9a722.wav,Purr Motorcycle Traffic_noise_and_roadway_noise
3bda5fb0.wav,Bus Waves_and_surf Car_passing_by
3bfcab18.wav,Electric_guitar Bass_drum Marimba_and_xylophone
3c0370c8.wav,Chewing_and_mastication Waves_and_surf Drawer_open_or_close
3c1b9399.wav,Church_bell Bus Race_car_and_auto_racing
3c20c95f.wav,Purr Zipper_(clothing) Motorcycle
3c216393.wav,Writing Zipper_(clothing) Purr
3c244ade.wav,Stream Toilet_flush Frying_(food)
3c348e5c.wav,Tick-tock Frying_(food) Bass_drum
3c35237b.wav,Microwave_oven Church_bell Gong
3c40f472.wav,Female_singing Male_singing Buzz
3c525c1f.wav,Frying_(food) Trickle_and_dribble Stream
3c590143.wav,Run Walk_and_footsteps Tap
3c90b11b.wav,Computer_keyboard Tick-tock Scissors
3c95067e.wav,Stream Toilet_flush Frying_(food)
3ca6b1a3.wav,Stream Fill_(with_liquid) Trickle_and_dribble
3caf1f70.wav,Crackle Frying_(food) Purr
3cc51361.wav,Male_singing Zipper_(clothing) Screaming
3cd30520.wav,Writing Run Chewing_and_mastication
3ce0dcd0.wav,Frying_(food) Hiss Bathtub_(filling_or_washing)
3ce9fd74.wav,Church_bell Female_singing Electric_guitar
3cfeb0cd.wav,Toilet_flush Frying_(food) Stream
3d07c63a.wav,Gasp Writing Zipper_(clothing)
3d0beb6f.wav,Writing Printer Whispering
3d0dca90.wav,Car_passing_by Traffic_noise_and_roadway_noise Waves_and_surf
3d1d3f2b.wav,Church_bell Harmonica Bus
3d27f415.wav,Glockenspiel Church_bell Chink_and_clink
3d287b47.wav,Slam Waves_and_surf Drawer_open_or_close
3d4e1dea.wav,Female_speech_and_woman_speaking Male_speech_and_man_speaking Male_singing
3d58d893.wav,Toilet_flush Stream Waves_and_surf
3d5f899d.wav,Gong Church_bell Accelerating_and_revving_and_vroom
3d633399.wav,Bus Toilet_flush Church_bell
3d7309d7.wav,Finger_snapping Bicycle_bell Frying_(food)
3d921767.wav,Motorcycle Accelerating_and_revving_and_vroom Gong
3d9a715d.wav,Stream Frying_(food) Toilet_flush
3db04d3f.wav,Male_singing Electric_guitar Female_singing
3db44f6c.wav,Glockenspiel Marimba_and_xylophone Gong
3ddb4122.wav,Chirp_and_tweet Keys_jangling Chewing_and_mastication
3dedbba9.wav,Shatter Whispering Slam
3df2fc0e.wav,Microwave_oven Bus Car_passing_by
3df5c540.wav,Skateboard Scissors Run
3e230352.wav,Toilet_flush Car_passing_by Traffic_noise_and_roadway_noise
3e3a6910.wav,Male_speech_and_man_speaking Cupboard_open_or_close Electric_guitar
3e4755ba.wav,Bass_guitar Bass_drum Gong
3e52f857.wav,Keys_jangling Scissors Chewing_and_mastication
3e5ce660.wav,Stream Waves_and_surf Mechanical_fan
3e656c6e.wav,Bicycle_bell Marimba_and_xylophone Hi-hat
3e65a00d.wav,Stream Toilet_flush Waves_and_surf
3e691b83.wav,Knock Tap Walk_and_footsteps
3e7889ed.wav,Sneeze Hiss Whispering
3e83500f.wav,Tick-tock Printer Bus
3e9967cf.wav,Buzz Accelerating_and_revving_and_vroom Motorcycle
3ebaff6d.wav,Toilet_flush Mechanical_fan Stream
3ecc19c5.wav,Skateboard Fill_(with_liquid) Purr
3ed6c2b5.wav,Child_speech_and_kid_speaking Bark Electric_guitar
3efc0912.wav,Toilet_flush Stream Traffic_noise_and_roadway_noise
3f0f92ff.wav,Finger_snapping Clapping Tap
3f15fd07.wav,Run Chewing_and_mastication Computer_keyboard
3f16d9f3.wav,Gong Church_bell Harmonica
3f19e53c.wav,Toilet_flush Stream Waves_and_surf
3f1ca1bb.wav,Waves_and_surf Car_passing_by Toilet_flush
3f29038e.wav,Female_speech_and_woman_speaking Male_singing Male_speech_and_man_speaking
3f2dbd00.wav,Zipper_(clothing) Purr Male_speech_and_man_speaking
3f4f4808.wav,Bus Printer Tick-tock
3f53a02f.wav,Drawer_open_or_close Slam Toilet_flush
3f7043d9.wav,Whispering Bathtub_(filling_or_washing) Toilet_flush
3f80cc56.wav,Bus Buzz Church_bell
3f96494a.wav,Slam Drawer_open_or_close Clapping
3faf10be.wav,Waves_and_surf Car_passing_by Traffic_noise_and_roadway_noise
3fd4d55a.wav,Bass_drum Whispering Sigh
400ff09d.wav,Fill_(with_liquid) Stream Trickle_and_dribble
402e2d1b.wav,Fart Bass_drum Gong
4030a4f2.wav,Waves_and_surf Traffic_noise_and_roadway_noise Motorcycle
4034f327.wav,Bus Waves_and_surf Toilet_flush
4037cd65.wav,Male_singing Harmonica Zipper_(clothing)
4040f015.wav,Electric_guitar Buzz Marimba_and_xylophone
40449ca7.wav,Bicycle_bell Hiss Waves_and_surf
404b54c0.wav,Motorcycle Run Waves_and_surf
404fb677.wav,Gong Car_passing_by Bus
4053b801.wav,Bus Meow Female_singing
405c66af.wav,Shatter Chink_and_clink Hiss
406306b6.wav,Church_bell Chink_and_clink Glockenspiel
406a1cc1.wav,Gong Clapping Church_bell
406ade5e.wav,Frying_(food) Cricket Hiss
4093913f.wav,Sigh Toilet_flush Frying_(food)
40957335.wav,Sigh Screaming Burping_and_eructation
4098028d.wav,Computer_keyboard Chewing_and_mastication Run
40afd1b3.wav,Bathtub_(filling_or_washing) Frying_(food) Whispering
40c1ed87.wav,Keys_jangling Chewing_and_mastication Scissors
40c50046.wav,Computer_keyboard Toilet_flush Run
40d0726d.wav,Car_passing_by Race_car_and_auto_racing Motorcycle
40dd1274.wav,Bark Traffic_noise_and_roadway_noise Toilet_flush
40e25750.wav,Burping_and_eructation Sigh Cupboard_open_or_close
410837eb.wav,Gasp Electric_guitar Accordion
410c2138.wav,Hiss Scissors Finger_snapping
411993fd.wav,Hi-hat Marimba_and_xylophone Tap
413b5427.wav,Marimba_and_xylophone Glockenspiel Bicycle_bell
41522a65.wav,Frying_(food) Bathtub_(filling_or_washing) Trickle_and_dribble
415f4c8f.wav,Bicycle_bell Shatter Cutlery_and_silverware
41759973.wav,Toilet_flush Stream Waves_and_surf
419271cc.wav,Bicycle_bell Shatter Frying_(food)
4195cb1a.wav,Bicycle_bell Marimba_and_xylophone Chink_and_clink
41af688a.wav,Fart Male_speech_and_man_speaking Buzz
41c60bba.wav,Slam Microwave_oven Tick-tock
41cfee6d.wav,Bicycle_bell Glockenspiel Harmonica
41f16193.wav,Slam Drawer_open_or_close Fart
41f1ea4a.wav,Race_car_and_auto_racing Waves_and_surf Car_passing_by
41f86bc4.wav,Toilet_flush Stream Frying_(food)
4215309a.wav,Tick-tock Computer_keyboard Scissors
4248d196.wav,Toilet_flush Stream Waves_and_surf
42542036.wav,Male_singing Female_singing Bus
