fname,label
000ccb97.wav,Squeak Whispering Cutlery_and_silverware
0012633b.wav,Buzz Accelerating_and_revving_and_vroom Cricket
001ed5f1.wav,Microwave_oven Slam Tick-tock
00294be0.wav,Fill_(with_liquid) Chewing_and_mastication Burping_and_eructation
003fde7a.wav,Bicycle_bell Chirp_and_tweet Cutlery_and_silverware
0040ccc9.wav,Electric_guitar Buzz Cupboard_open_or_close
0046b732.wav,Printer Whispering Meow
004f3bbc.wav,Bass_guitar Gong Mechanical_fan
00526050.wav,Tap Finger_snapping Clapping
00559da4.wav,Zipper_(clothing) Writing Scissors
00582bbe.wav,Marimba_and_xylophone Knock Tap
0064aedf.wav,Drawer_open_or_close Cupboard_open_or_close Slam
0065512b.wav,Waves_and_surf Toilet_flush Bathtub_(filling_or_washing)
006a91d2.wav,Stream Waves_and_surf Traffic_noise_and_roadway_noise
006ea9ee.wav,Church_bell Gong Microwave_oven
006f9dca.wav,Motorcycle Waves_and_surf Toilet_flush
007450dc.wav,Screaming Meow Harmonica
00979c8a.wav,Purr Traffic_noise_and_roadway_noise Motorcycle
00992464.wav,Bathtub_(filling_or_washing) Chewing_and_mastication Run
00b44a8a.wav,Writing Squeak Keys_jangling
00bfaaaf.wav,Meow Gasp Sneeze
00cf9680.wav,Hiss Bathtub_(filling_or_washing) Bicycle_bell
00eae94d.wav,Bathtub_(filling_or_washing) Frying_(food) Keys_jangling
011ec5b8.wav,Drawer_open_or_close Slam Microwave_oven
013200dc.wav,Crackle Keys_jangling Chewing_and_mastication
01440c2e.wav,Harmonica Traffic_noise_and_roadway_noise Accordion
01567a3d.wav,Slam Cupboard_open_or_close Microwave_oven
0163d203.wav,Purr Accelerating_and_revving_and_vroom Bark
017c24b2.wav,Meow Screaming Harmonica
01a992c5.wav,Cricket Waves_and_surf Chirp_and_tweet
01b1d976.wav,Finger_snapping Scissors Raindrop
01c1c371.wav,Sigh Child_speech_and_kid_speaking Whispering
01cf8354.wav,Burping_and_eructation Child_speech_and_kid_speaking Printer
01d2c640.wav,Walk_and_footsteps Chewing_and_mastication Run
01d69423.wav,Tap Knock Run
01e9170b.wav,Harmonica Accordion Cupboard_open_or_close
01f2901a.wav,Frying_(food) Crackle Trickle_and_dribble
020b1fdf.wav,Car_passing_by Traffic_noise_and_roadway_noise Gong
021457df.wav,Crackle Raindrop Finger_snapping
02173589.wav,Church_bell Screaming Female_singing
021ac082.wav,Stream Toilet_flush Fill_(with_liquid)
02200884.wav,Scissors Keys_jangling Raindrop
02213278.wav,Scissors Finger_snapping Crackle
022e3b2c.wav,Chewing_and_mastication Zipper_(clothing) Writing
023081f2.wav,Glockenspiel Marimba_and_xylophone Bicycle_bell
02596541.wav,Glockenspiel Marimba_and_xylophone Bicycle_bell
0289b79b.wav,Cricket Bicycle_bell Chirp_and_tweet
028cf9db.wav,Female_singing Bark Accordion
028d26f7.wav,Shatter Keys_jangling Chink_and_clink
02ab2a72.wav,Accordion Buzz Motorcycle
02c02ec1.wav,Church_bell Traffic_noise_and_roadway_noise Harmonica
02ce28a1.wav,Car_passing_by Traffic_noise_and_roadway_noise Mechanical_fan
02d01f40.wav,Keys_jangling Scissors Chewing_and_mastication
02da7457.wav,Frying_(food) Trickle_and_dribble Crackle
02e17633.wav,Drawer_open_or_close Marimba_and_xylophone Walk_and_footsteps
02e8059d.wav,Bass_guitar Bass_drum Crackle
02f71319.wav,Hi-hat Marimba_and_xylophone Hiss
03090fb0.wav,Meow Marimba_and_xylophone Microwave_oven
03162c23.wav,Tap Bass_drum Marimba_and_xylophone
032f518c.wav,Bus Buzz Church_bell
03300fcb.wav,Gong Marimba_and_xylophone Church_bell
035dd895.wav,Bathtub_(filling_or_washing) Toilet_flush Frying_(food)
03754ab4.wav,Printer Cupboard_open_or_close Squeak
037b47c4.wav,Bark Sneeze Yell
03887635.wav,Raindrop Clapping Marimba_and_xylophone
03931594.wav,Zipper_(clothing) Squeak Meow
039d2821.wav,Male_speech_and_man_speaking Female_speech_and_woman_speaking Male_singing
03a47c4a.wav,Hiss Bathtub_(filling_or_washing) Stream
03b80975.wav,Car_passing_by Traffic_noise_and_roadway_noise Screaming
03c5e8d0.wav,Fart Female_speech_and_woman_speaking Electric_guitar
03fe2971.wav,Tap Clapping Marimba_and_xylophone
04008bb5.wav,Shatter Bicycle_bell Cutlery_and_silverware
040c5c0c.wav,Writing Squeak Printer
041cff59.wav,Clapping Tap Slam
042b07a4.wav,Church_bell Accordion Harmonica
042b542f.wav,Electric_guitar Buzz Motorcycle
04308d8d.wav,Burping_and_eructation Cutlery_and_silverware Skateboard
04355ea8.wav,Female_speech_and_woman_speaking Male_speech_and_man_speaking Child_speech_and_kid_speaking
0442a617.wav,Screaming Yell Meow
0443f812.wav,Chink_and_clink Shatter Clapping
04441d5b.wav,Microwave_oven Cupboard_open_or_close Drawer_open_or_close
0453bb71.wav,Accordion Buzz Harmonica
04702c1c.wav,Child_speech_and_kid_speaking Yell Sneeze
047ba0e1.wav,Keys_jangling Scissors Bathtub_(filling_or_washing)
04877d29.wav,Church_bell Gong Car_passing_by
048c3418.wav,Skateboard Waves_and_surf Toilet_flush
04a5c9eb.wav,Bus Buzz Church_bell
04ad8e52.wav,Frying_(food) Stream Hiss
04af82d9.wav,Chink_and_clink Bass_drum Hiss
04b1558a.wav,Trickle_and_dribble Stream Fill_(with_liquid)
04de7b9a.wav,Crackle Keys_jangling Chewing_and_mastication
04e8bf2a.wav,Drawer_open_or_close Slam Microwave_oven
04f004fe.wav,Walk_and_footsteps Drawer_open_or_close Marimba_and_xylophone
04f48f10.wav,Marimba_and_xylophone Knock Tap
0506eee8.wav,Church_bell Gong Traffic_noise_and_roadway_noise
050eb97f.wav,Gasp Church_bell Harmonica
051bda9a.wav,Tap Knock Cupboard_open_or_close
057a3c2e.wav,Zipper_(clothing) Writing Drawer_open_or_close
057c13c8.wav,Female_singing Screaming Church_bell
058a4a79.wav,Gasp Sneeze Zipper_(clothing)
058ec864.wav,Bicycle_bell Hiss Shatter
05af19b1.wav,Church_bell Harmonica Screaming
05c881c4.wav,Toilet_flush Sigh Hiss
05d775e9.wav,Toilet_flush Stream Hiss
05dae80d.wav,Tick-tock Tap Drawer_open_or_close
05e34a55.wav,Frying_(food) Bathtub_(filling_or_washing) Stream
05edaa47.wav,Zipper_(clothing) Child_speech_and_kid_speaking Sneeze
060b802f.wav,Yell Child_speech_and_kid_speaking Harmonica
060d2d47.wav,Motorcycle Bus Crackle
062e94dd.wav,Marimba_and_xylophone Glockenspiel Gong
06345241.wav,Screaming Meow Yell
0648b115.wav,Accordion Hiss Gasp
06526954.wav,Drawer_open_or_close Zipper_(clothing) Writing
065b49ec.wav,Sigh Buzz Female_speech_and_woman_speaking
06604d51.wav,Sneeze Gasp Yell
068b717f.wav,Female_singing Male_speech_and_man_speaking Harmonica
069b2f91.wav,Motorcycle Burping_and_eructation Male_singing
069f3ce5.wav,Sneeze Female_speech_and_woman_speaking Whispering
06a23eb9.wav,Sigh Traffic_noise_and_roadway_noise Church_bell
06c34152.wav,Motorcycle Waves_and_surf Toilet_flush
06feb5cf.wav,Car_passing_by Gong Traffic_noise_and_roadway_noise
0718ce8d.wav,Car_passing_by Traffic_noise_and_roadway_noise Mechanical_fan
07295dd0.wav,Bass_drum Bass_guitar Tap
072ee4b2.wav,Chewing_and_mastication Scissors Crackle
074cbe2b.wav,Meow Traffic_noise_and_roadway_noise Screaming
07502956.wav,Crackle Shatter Finger_snapping
07603ad3.wav,Bus Car_passing_by Mechanical_fan
07670752.wav,Crackle Frying_(food) Chewing_and_mastication
077f270d.wav,Chink_and_clink Marimba_and_xylophone Clapping
0782d022.wav,Screaming Meow Female_singing
078464b8.wav,Bathtub_(filling_or_washing) Hiss Stream
07a82fbe.wav,Tap Knock Marimba_and_xylophone
07bca33c.wav,Cutlery_and_silverware Hi-hat Chink_and_clink
07da8ebf.wav,Harmonica Clapping Female_speech_and_woman_speaking
07dff283.wav,Skateboard Run Computer_keyboard
07f965a0.wav,Stream Toilet_flush Waves_and_surf
07fa6e7e.wav,Burping_and_eructation Cutlery_and_silverware Skateboard
08087580.wav,Trickle_and_dribble Stream Fill_(with_liquid)
0814db2b.wav,Harmonica Gong Glockenspiel
0815543c.wav,Burping_and_eructation Cutlery_and_silverware Fart
081d6520.wav,Keys_jangling Squeak Cutlery_and_silverware
081f2b5a.wav,Electric_guitar Marimba_and_xylophone Motorcycle
0824bbdb.wav,Bicycle_bell Shatter Chink_and_clink
08272d1c.wav,Mechanical_fan Hiss Motorcycle
08278440.wav,Burping_and_eructation Skateboard Cutlery_and_silverware
0837e041.wav,Child_speech_and_kid_speaking Zipper_(clothing) Sigh
08390e01.wav,Frying_(food) Bathtub_(filling_or_washing) Cricket
083cc652.wav,Female_singing Gasp Screaming
08458ab2.wav,Crackle Chewing_and_mastication Run
0849057f.wav,Female_speech_and_woman_speaking Male_speech_and_man_speaking Child_speech_and_kid_speaking
084e5784.wav,Electric_guitar Male_speech_and_man_speaking Child_speech_and_kid_speaking
085f174a.wav,Waves_and_surf Meow Sigh
0865816c.wav,Tap Knock Marimba_and_xylophone
086ce4a5.wav,Female_singing Church_bell Screaming
086ebb95.wav,Bus Mechanical_fan Car_passing_by
08810dd4.wav,Fill_(with_liquid) Computer_keyboard Chewing_and_mastication
08b06642.wav,Screaming Meow Gasp
08b2d04c.wav,Child_speech_and_kid_speaking Zipper_(clothing) Meow
08bc3e2d.wav,Tap Clapping Marimba_and_xylophone
08d46566.wav,Keys_jangling Crackle Chewing_and_mastication
08d4acca.wav,Male_singing Church_bell Bark
08d5d316.wav,Stream Traffic_noise_and_roadway_noise Mechanical_fan
08dfe75d.wav,Knock Cupboard_open_or_close Tap
08eb3a69.wav,Zipper_(clothing) Squeak Whispering
08f36895.wav,Skateboard Walk_and_footsteps Drawer_open_or_close
08facc12.wav,Tick-tock Keys_jangling Microwave_oven
090cc523.wav,Trickle_and_dribble Fill_(with_liquid) Stream
091fa206.wav,Burping_and_eructation Cutlery_and_silverware Fart
092d8e54.wav,Run Tap Walk_and_footsteps
094761b8.wav,Bark Female_singing Church_bell
0963270d.wav,Writing Printer Crackle
0992b95a.wav,Purr Crackle Fill_(with_liquid)
0997968e.wav,Waves_and_surf Toilet_flush Traffic_noise_and_roadway_noise
09a67356.wav,Motorcycle Traffic_noise_and_roadway_noise Purr
09d085e3.wav,Bus Buzz Chirp_and_tweet
0a31c905.wav,Zipper_(clothing) Waves_and_surf Toilet_flush
0a3c2351.wav,Glockenspiel Marimba_and_xylophone Bicycle_bell
0a4d3800.wav,Purr Crackle Zipper_(clothing)
0a4ff0fb.wav,Zipper_(clothing) Sneeze Writing
0a56e261.wav,Gong Marimba_and_xylophone Chink_and_clink
0a64010f.wav,Screaming Meow Yell
0a683136.wav,Accelerating_and_revving_and_vroom Motorcycle Mechanical_fan
0a6e6889.wav,Chink_and_clink Gong Church_bell
0a8e1630.wav,Crackle Purr Zipper_(clothing)
0a950c32.wav,Church_bell Gong Chink_and_clink
0aee7a2a.wav,Stream Toilet_flush Waves_and_surf
0af7446d.wav,Meow Bus Chirp_and_tweet
0b1503e8.wav,Whispering Printer Hi-hat
0b33d746.wav,Church_bell Screaming Traffic_noise_and_roadway_noise
0b4819f1.wav,Tick-tock Microwave_oven Printer
0b5c6535.wav,Scissors Chewing_and_mastication Crackle
0b73077e.wav,Bark Female_singing Screaming
0b9e93e6.wav,Printer Tick-tock Writing
0ba7fe6b.wav,Bass_guitar Bass_drum Electric_guitar
0bacb61b.wav,Hiss Bathtub_(filling_or_washing) Scissors
0bb86b6c.wav,Burping_and_eructation Cutlery_and_silverware Skateboard
0bbe8308.wav,Clapping Knock Tap
0bc36580.wav,Clapping Toilet_flush Sigh
0bc7822a.wav,Scissors Chewing_and_mastication Keys_jangling
0bdcdfba.wav,Tick-tock Microwave_oven Slam
0bec3f54.wav,Bass_guitar Marimba_and_xylophone Gong
0c151ad3.wav,Car_passing_by Traffic_noise_and_roadway_noise Mechanical_fan
0c16f612.wav,Harmonica Traffic_noise_and_roadway_noise Gasp
0c32d940.wav,Child_speech_and_kid_speaking Bark Female_singing
0c390f3c.wav,Burping_and_eructation Skateboard Trickle_and_dribble
0c3b2573.wav,Purr Meow Chewing_and_mastication
0c5ba768.wav,Clapping Scissors Shatter
0c698ef7.wav,Hiss Bathtub_(filling_or_washing) Stream
0c8d9148.wav,Scissors Crackle Finger_snapping
0c8def18.wav,Church_bell Car_passing_by Gong
0c949702.wav,Church_bell Traffic_noise_and_roadway_noise Toilet_flush
0cb33d03.wav,Hiss Shatter Keys_jangling
0cb4cde3.wav,Printer Writing Buzz
0cdddb37.wav,Hiss Bathtub_(filling_or_washing) Bicycle_bell
0ce84f9b.wav,Mechanical_fan Car_passing_by Bus
0cfe3f96.wav,Clapping Raindrop Skateboard
0d000cd7.wav,Sneeze Child_speech_and_kid_speaking Bark
0d1b11e0.wav,Sigh Gasp Accordion
0d2230eb.wav,Cricket Writing Chirp_and_tweet
0d2707f4.wav,Glockenspiel Marimba_and_xylophone Harmonica
0d34341d.wav,Printer Drawer_open_or_close Cupboard_open_or_close
0d3dc96c.wav,Printer Gong Cricket
0d507c20.wav,Church_bell Accordion Buzz
0d540ee1.wav,Computer_keyboard Chewing_and_mastication Run
0d5516ef.wav,Glockenspiel Bicycle_bell Meow
0d6564bb.wav,Female_singing Female_speech_and_woman_speaking Male_speech_and_man_speaking
0d673a8c.wav,Sigh Electric_guitar Child_speech_and_kid_speaking
0d74277e.wav,Mechanical_fan Traffic_noise_and_roadway_noise Waves_and_surf
0d8d7af9.wav,Tap Computer_keyboard Clapping
0d8e2166.wav,Shatter Cutlery_and_silverware Keys_jangling
0d8f3f54.wav,Bass_drum Tap Cupboard_open_or_close
0d9caeeb.wav,Waves_and_surf Gong Motorcycle
0da3d582.wav,Writing Zipper_(clothing) Whispering
0dc06757.wav,Church_bell Gong Glockenspiel
0dc813d8.wav,Crackle Keys_jangling Chewing_and_mastication
0dce3e5f.wav,Computer_keyboard Keys_jangling Cupboard_open_or_close
0dcf1534.wav,Stream Mechanical_fan Traffic_noise_and_roadway_noise
0dda644b.wav,Bathtub_(filling_or_washing) Shatter Frying_(food)
0ddd0393.wav,Clapping Tap Slam
0de2a4b2.wav,Male_speech_and_man_speaking Female_speech_and_woman_speaking Male_singing
0de4fc92.wav,Church_bell Gong Harmonica
0df1484c.wav,Male_speech_and_man_speaking Zipper_(clothing) Microwave_oven
0e18c7d2.wav,Bicycle_bell Glockenspiel Marimba_and_xylophone
0e3e2590.wav,Church_bell Traffic_noise_and_roadway_noise Tick-tock
0e4be6a4.wav,Bark Female_singing Zipper_(clothing)
0e6552c7.wav,Crackle Fart Chewing_and_mastication
0e70a285.wav,Bathtub_(filling_or_washing) Hiss Stream
0e7f5c7e.wav,Stream Waves_and_surf Toilet_flush
0e9e941b.wav,Fill_(with_liquid) Stream Trickle_and_dribble
0ea99bf4.wav,Screaming Sneeze Gasp
0eaf6d60.wav,Sigh Gasp Accordion
0ec7e315.wav,Bass_guitar Mechanical_fan Gong
0ed20fe2.wav,Mechanical_fan Stream Waves_and_surf
0ee80cb7.wav,Female_singing Female_speech_and_woman_speaking Child_speech_and_kid_speaking
0ef6fb07.wav,Shatter Keys_jangling Microwave_oven
0f07f15f.wav,Crackle Chink_and_clink Shatter
0f08a4c8.wav,Meow Sneeze Yell
0f096853.wav,Mechanical_fan Cricket Church_bell
0f1ab7b0.wav,Crackle Frying_(food) Purr
0f3fe29d.wav,Stream Toilet_flush Waves_and_surf
0f50ef2b.wav,Traffic_noise_and_roadway_noise Stream Waves_and_surf
0f61907d.wav,Electric_guitar Microwave_oven Race_car_and_auto_racing
0f663341.wav,Gurgling Trickle_and_dribble Burping_and_eructation
0f81d5bc.wav,Run Computer_keyboard Keys_jangling
0faf5b2e.wav,Accelerating_and_revving_and_vroom Motorcycle Bus
0fc07a52.wav,Scissors Chewing_and_mastication Keys_jangling
0fc6a683.wav,Frying_(food) Stream Hiss
0fccb2e5.wav,Hiss Keys_jangling Shatter
0fd91890.wav,Cupboard_open_or_close Slam Printer
0fdb30c1.wav,Drawer_open_or_close Printer Slam
0fed6565.wav,Toilet_flush Waves_and_surf Bathtub_(filling_or_washing)
0ff0e483.wav,Yell Child_speech_and_kid_speaking Sneeze
0fffc208.wav,Knock Clapping Finger_snapping
100e123a.wav,Church_bell Screaming Harmonica
100faf3f.wav,Chirp_and_tweet Cricket Accelerating_and_revving_and_vroom
101b2011.wav,Finger_snapping Scissors Shatter
10234fef.wav,Bass_drum Tap Cupboard_open_or_close
10236f0e.wav,Fart Chink_and_clink Squeak
102fb14f.wav,Bass_guitar Gong Mechanical_fan
1052e52b.wav,Burping_and_eructation Cutlery_and_silverware Gurgling
105460cd.wav,Marimba_and_xylophone Bark Meow
10678d21.wav,Shatter Cutlery_and_silverware Keys_jangling
107f3deb.wav,Raindrop Computer_keyboard Tick-tock
10811159.wav,Clapping Tap Computer_keyboard
10a1aa40.wav,Motorcycle Accelerating_and_revving_and_vroom Waves_and_surf
10a7b8f3.wav,Harmonica Electric_guitar Glockenspiel
10acf1b6.wav,Stream Hiss Frying_(food)
10c170b1.wav,Shatter Keys_jangling Clapping
10d026e9.wav,Knock Tap Cupboard_open_or_close
10d94568.wav,Squeak Zipper_(clothing) Bass_guitar
10e6a6ac.wav,Hiss Cutlery_and_silverware Shatter
10e6db66.wav,Burping_and_eructation Cutlery_and_silverware Cupboard_open_or_close
10e92421.wav,Skateboard Tick-tock Marimba_and_xylophone
10f58e51.wav,Electric_guitar Microwave_oven Bass_guitar
11071bad.wav,Microwave_oven Marimba_and_xylophone Electric_guitar
111f9431.wav,Waves_and_surf Toilet_flush Skateboard
112bdb70.wav,Bicycle_bell Marimba_and_xylophone Microwave_oven
113290e8.wav,Writing Whispering Keys_jangling
1142def0.wav,Bicycle_bell Shatter Microwave_oven
1147c12b.wav,Microwave_oven Chirp_and_tweet Marimba_and_xylophone
1158e587.wav,Keys_jangling Scissors Shatter
11641eb8.wav,Trickle_and_dribble Clapping Tick-tock
1167b492.wav,Knock Tap Walk_and_footsteps
1172c5fb.wav,Bus Traffic_noise_and_roadway_noise Printer
117358df.wav,Crackle Keys_jangling Shatter
1175ac74.wav,Hiss Shatter Slam
11b6c488.wav,Frying_(food) Trickle_and_dribble Stream
11cc8bcb.wav,Chewing_and_mastication Run Zipper_(clothing)
12264142.wav,Whispering Male_speech_and_man_speaking Female_speech_and_woman_speaking
1226b0e0.wav,Writing Run Whispering
1247b7e3.wav,Glockenspiel Bicycle_bell Marimba_and_xylophone
124a286f.wav,Tick-tock Scissors Cutlery_and_silverware
12600be5.wav,Zipper_(clothing) Writing Drawer_open_or_close
12689530.wav,Accordion Harmonica Male_singing
126b674b.wav,Crackle Frying_(food) Fart
127adb78.wav,Female_speech_and_woman_speaking Child_speech_and_kid_speaking Female_singing
12849e29.wav,Male_speech_and_man_speaking Burping_and_eructation Fart
128a67de.wav,Finger_snapping Scissors Crackle
12bcd3ec.wav,Bicycle_bell Bass_drum Frying_(food)
12d3e91f.wav,Fart Burping_and_eructation Zipper_(clothing)
12d8c07f.wav,Car_passing_by Motorcycle Bus
12ddf239.wav,Waves_and_surf Stream Car_passing_by
12df81e8.wav,Chewing_and_mastication Crackle Zipper_(clothing)
12ee0010.wav,Bicycle_bell Shatter Chink_and_clink
12fe33b6.wav,Printer Tick-tock Writing
130e4d2f.wav,Burping_and_eructation Trickle_and_dribble Fill_(with_liquid)
13237edd.wav,Bicycle_bell Chink_and_clink Glockenspiel
134c3fea.wav,Finger_snapping Tap Scissors
134c95a2.wav,Scissors Raindrop Crackle
13694181.wav,Slam Cupboard_open_or_close Drawer_open_or_close
13728313.wav,Gong Car_passing_by Traffic_noise_and_roadway_noise
13ae306e.wav,Keys_jangling Cutlery_and_silverware Chink_and_clink
13cfa025.wav,Bus Microwave_oven Mechanical_fan
13e3453c.wav,Frying_(food) Bathtub_(filling_or_washing) Trickle_and_dribble
13e84f69.wav,Bicycle_bell Chink_and_clink Chirp_and_tweet
14096fd8.wav,Waves_and_surf Printer Motorcycle
142b9865.wav,Writing Squeak Keys_jangling
1438cfd0.wav,Marimba_and_xylophone Knock Tap
143e6d96.wav,Bicycle_bell Marimba_and_xylophone Frying_(food)
14416af5.wav,Sigh Buzz Whispering
1451986d.wav,Electric_guitar Cupboard_open_or_close Male_singing
145a10e4.wav,Bathtub_(filling_or_washing) Hiss Stream
146c73a3.wav,Sigh Male_speech_and_man_speaking Gasp
14ab7f13.wav,Drawer_open_or_close Walk_and_footsteps Run
14cbc626.wav,Whispering Female_speech_and_woman_speaking Writing
14d22f20.wav,Keys_jangling Shatter Slam
14e86cfb.wav,Finger_snapping Shatter Marimba_and_xylophone
14fd704c.wav,Bark Child_speech_and_kid_speaking Yell
151ea709.wav,Raindrop Marimba_and_xylophone Chink_and_clink
15288481.wav,Church_bell Buzz Electric_guitar
152a4e09.wav,Bus Buzz Race_car_and_auto_racing
153579d9.wav,Chewing_and_mastication Run Writing
1544427c.wav,Bicycle_bell Keys_jangling Run
154696fd.wav,Mechanical_fan Gong Car_passing_by
156bf74f.wav,Frying_(food) Toilet_flush Bathtub_(filling_or_washing)
156c1736.wav,Church_bell Traffic_noise_and_roadway_noise Meow
15776b9c.wav,Scissors Chewing_and_mastication Crackle
157dd023.wav,Hi-hat Chink_and_clink Cutlery_and_silverware
15849032.wav,Frying_(food) Crackle Trickle_and_dribble
15868ee8.wav,Frying_(food) Bathtub_(filling_or_washing) Bicycle_bell
159b8b9b.wav,Stream Toilet_flush Waves_and_surf
159d2208.wav,Zipper_(clothing) Meow Child_speech_and_kid_speaking
15a78daf.wav,Walk_and_footsteps Run Skateboard
15a98fd7.wav,Bass_drum Tap Cupboard_open_or_close
15b0d4ec.wav,Hiss Bathtub_(filling_or_washing) Scissors
15bcf71d.wav,Bass_guitar Purr Bass_drum
15c34c4f.wav,Crackle Finger_snapping Shatter
15e2bcaa.wav,Harmonica Printer Accordion
15e7bb78.wav,Keys_jangling Chewing_and_mastication Scissors
160105ad.wav,Harmonica Accordion Buzz
1604a3fa.wav,Tap Clapping Knock
1606f119.wav,Electric_guitar Sneeze Bark
160acbb0.wav,Cricket Frying_(food) Chirp_and_tweet
165fd18a.wav,Skateboard Burping_and_eructation Motorcycle
166a05c0.wav,Skateboard Printer Drawer_open_or_close
1670b964.wav,Purr Zipper_(clothing) Chewing_and_mastication
167a4f00.wav,Squeak Hiss Scissors
168be388.wav,Meow Gasp Marimba_and_xylophone
16b56d33.wav,Keys_jangling Cutlery_and_silverware Bathtub_(filling_or_washing)
16bc3f60.wav,Keys_jangling Bathtub_(filling_or_washing) Run
16c7da35.wav,Stream Toilet_flush Waves_and_surf
16d80f68.wav,Female_singing Electric_guitar Traffic_noise_and_roadway_noise
16e17bed.wav,Church_bell Gong Screaming
16f7ac14.wav,Cupboard_open_or_close Drawer_open_or_close Slam
16fd3589.wav,Run Writing Chewing_and_mastication
17135192.wav,Frying_(food) Cricket Chirp_and_tweet
17140de5.wav,Printer Drawer_open_or_close Slam
171aa36c.wav,Shatter Crackle Bicycle_bell
17361a5c.wav,Stream Waves_and_surf Toilet_flush
1751bb8a.wav,Keys_jangling Bathtub_(filling_or_washing) Run
1779b015.wav,Electric_guitar Mechanical_fan Bass_guitar
17b6e84f.wav,Writing Run Chewing_and_mastication
17c4b25f.wav,Church_bell Bus Female_singing
17dfb6db.wav,Drawer_open_or_close Slam Microwave_oven
1802421a.wav,Stream Mechanical_fan Traffic_noise_and_roadway_noise
18183321.wav,Traffic_noise_and_roadway_noise Car_passing_by Mechanical_fan
183948d1.wav,Skateboard Run Mechanical_fan
183fb536.wav,Printer Tick-tock Writing
1843680b.wav,Tap Clapping Run
184aca02.wav,Frying_(food) Stream Hiss
18551bc1.wav,Male_speech_and_man_speaking Burping_and_eructation Electric_guitar
1859b7f7.wav,Keys_jangling Scissors Chewing_and_mastication
1877623e.wav,Burping_and_eructation Skateboard Knock
1889c58d.wav,Bark Sneeze Child_speech_and_kid_speaking
18929e41.wav,Harmonica Accordion Cupboard_open_or_close
1899de05.wav,Slam Cupboard_open_or_close Tick-tock
18ace84c.wav,Sneeze Yell Child_speech_and_kid_speaking
18be000d.wav,Walk_and_footsteps Run Drawer_open_or_close
18c94757.wav,Harmonica Stream Printer
18ea2e9e.wav,Toilet_flush Waves_and_surf Bathtub_(filling_or_washing)
18fda5a4.wav,Church_bell Chirp_and_tweet Bark
1904f396.wav,Bark Tick-tock Screaming
19135157.wav,Zipper_(clothing) Squeak Motorcycle
191adc5f.wav,Female_speech_and_woman_speaking Male_speech_and_man_speaking Yell
19303d26.wav,Bus Car_passing_by Traffic_noise_and_roadway_noise
193a6063.wav,Printer Buzz Walk_and_footsteps
1945b8ca.wav,Printer Hiss Fart
19508dc0.wav,Skateboard Run Motorcycle
1960e51e.wav,Computer_keyboard Gurgling Skateboard
19754d94.wav,Sigh Female_singing Female_speech_and_woman_speaking
197ce5b2.wav,Yell Sneeze Female_speech_and_woman_speaking
199d4d12.wav,Male_speech_and_man_speaking Female_speech_and_woman_speaking Male_singing
19a7dec3.wav,Raindrop Trickle_and_dribble Fill_(with_liquid)
19bb5700.wav,Church_bell Bus Crowd
19c7c900.wav,Meow Screaming Accordion
19d9401d.wav,Stream Hiss Bathtub_(filling_or_washing)
19dcb315.wav,Female_speech_and_woman_speaking Child_speech_and_kid_speaking Female_singing
1a068a84.wav,Male_singing Electric_guitar Burping_and_eructation
1a0d1b78.wav,Hi-hat Harmonica Hiss
1a110901.wav,Stream Toilet_flush Frying_(food)
1a1de9b9.wav,Marimba_and_xylophone Chink_and_clink Clapping
1a1def6e.wav,Traffic_noise_and_roadway_noise Stream Car_passing_by
1a1edda6.wav,Yell Female_speech_and_woman_speaking Child_speech_and_kid_speaking
1a2580e1.wav,Mechanical_fan Fart Motorcycle
1a35ded5.wav,Frying_(food) Bathtub_(filling_or_washing) Shatter
1a362723.wav,Female_singing Screaming Yell
1a44ace1.wav,Accelerating_and_revving_and_vroom Motorcycle Car_passing_by
1a51eefe.wav,Trickle_and_dribble Fill_(with_liquid) Gurgling
1a5c4e84.wav,Accelerating_and_revving_and_vroom Car_passing_by Waves_and_surf
1a606ef2.wav,Purr Cricket Trickle_and_dribble
1a6925fa.wav,Keys_jangling Scissors Chewing_and_mastication
1a884f9e.wav,Tick-tock Computer_keyboard Keys_jangling
1abdac69.wav,Computer_keyboard Chewing_and_mastication Trickle_and_dribble
1ac6f6f3.wav,Sigh Gasp Meow
1acae695.wav,Mechanical_fan Bus Car_passing_by
1acb3d32.wav,Bus Church_bell Buzz
1ad7f703.wav,Purr Crackle Zipper_(clothing)
1ae3ca16.wav,Purr Crackle Hiss
1aec75a6.wav,Writing Whispering Crackle
1b0687b2.wav,Zipper_(clothing) Hiss Squeak
1b086eb7.wav,Purr Zipper_(clothing) Motorcycle
1b0a3884.wav,Sigh Gasp Meow
1b1d1b2d.wav,Hiss Fart Zipper_(clothing)
1b3ecd82.wav,Church_bell Car_passing_by Traffic_noise_and_roadway_noise
1b5b6468.wav,Gasp Sneeze Gong
1b5daf72.wav,Harmonica Sneeze Yell
1b68d94a.wav,Sigh Gasp Meow
1ba04ecc.wav,Hiss Writing Buzz
1bc14732.wav,Clapping Tick-tock Frying_(food)
1bcfdfb5.wav,Bass_guitar Buzz Male_speech_and_man_speaking
1bd82417.wav,Church_bell Gong Buzz
1be1c727.wav,Microwave_oven Drawer_open_or_close Slam
1bfd4be2.wav,Skateboard Printer Zipper_(clothing)
1c0e284a.wav,Fart Crackle Cupboard_open_or_close
1c0fbe4b.wav,Meow Screaming Electric_guitar
1c1dd720.wav,Female_singing Male_singing Male_speech_and_man_speaking
1c3bd325.wav,Fill_(with_liquid) Trickle_and_dribble Stream
1c699cb7.wav,Bass_drum Chink_and_clink Bicycle_bell
1c6d56db.wav,Glockenspiel Marimba_and_xylophone Electric_guitar
1c77cedf.wav,Zipper_(clothing) Purr Burping_and_eructation
1c785226.wav,Skateboard Drawer_open_or_close Slam
1c79ca96.wav,Hiss Bathtub_(filling_or_washing) Stream
1c8369cf.wav,Zipper_(clothing) Burping_and_eructation Skateboard
1c983e19.wav,Printer Writing Tick-tock
1c9e3f10.wav,Tap Bass_drum Cupboard_open_or_close
1cc5b5f7.wav,Tap Run Crackle
1cd55ad6.wav,Bus Mechanical_fan Traffic_noise_and_roadway_noise
1cf8379b.wav,Keys_jangling Chirp_and_tweet Hiss
1d11b910.wav,Frying_(food) Crackle Trickle_and_dribble
1d1778c4.wav,Bass_drum Cupboard_open_or_close Bass_guitar
1d1863a4.wav,Glockenspiel Marimba_and_xylophone Electric_guitar
1d2459ce.wav,Sneeze Gasp Cupboard_open_or_close
1d279116.wav,Tick-tock Bus Toilet_flush
1d33f8e1.wav,Bicycle_bell Shatter Marimba_and_xylophone
1d4ae8ab.wav,Crackle Shatter Keys_jangling
1d58040b.wav,Meow Child_speech_and_kid_speaking Screaming
1d6f2b16.wav,Child_speech_and_kid_speaking Male_singing Female_speech_and_woman_speaking
1d7d2a17.wav,Gong Car_passing_by Church_bell
1db41feb.wav,Harmonica Screaming Church_bell
1dbcd4ba.wav,Stream Computer_keyboard Trickle_and_dribble
1dc3166b.wav,Burping_and_eructation Fart Whispering
1dc417cd.wav,Writing Whispering Scissors
1dcc4dd4.wav,Meow Microwave_oven Glockenspiel
1de84153.wav,Accelerating_and_revving_and_vroom Bus Gong
1ded5864.wav,Purr Cricket Accelerating_and_revving_and_vroom
1def6435.wav,Run Writing Drawer_open_or_close
1dfa910d.wav,Hiss Bathtub_(filling_or_washing) Stream
1e0b81a9.wav,Male_speech_and_man_speaking Male_singing Crackle
1e1a72d5.wav,Walk_and_footsteps Mechanical_fan Slam
1e1e674a.wav,Frying_(food) Stream Bathtub_(filling_or_washing)
1e3763ba.wav,Meow Accordion Harmonica
1e3cd2f0.wav,Male_speech_and_man_speaking Female_speech_and_woman_speaking Child_speech_and_kid_speaking
1e6572de.wav,Harmonica Accordion Traffic_noise_and_roadway_noise
1e6e9131.wav,Squeak Electric_guitar Male_speech_and_man_speaking
1e6fe316.wav,Toilet_flush Stream Trickle_and_dribble
1e7b59a7.wav,Gasp Female_speech_and_woman_speaking Sigh
1e8a965c.wav,Mechanical_fan Waves_and_surf Buzz
1e8fe3d2.wav,Child_speech_and_kid_speaking Chewing_and_mastication Bark
1ea533ec.wav,Marimba_and_xylophone Bass_drum Buzz
1eac92a1.wav,Crackle Marimba_and_xylophone Bicycle_bell
1ec2f60d.wav,Writing Run Tick-tock
1eda3d26.wav,Screaming Church_bell Female_singing
1f27827e.wav,Accordion Harmonica Meow
1f293888.wav,Bass_drum Tap Cupboard_open_or_close
1f3d2f22.wav,Toilet_flush Stream Waves_and_surf
1f52baf2.wav,Hi-hat Whispering Squeak
1f58cc84.wav,Female_singing Female_speech_and_woman_speaking Child_speech_and_kid_speaking
1f63c45e.wav,Fart Crackle Chink_and_clink
1f85a5c7.wav,Sneeze Zipper_(clothing) Bark
1f9c1f3e.wav,Electric_guitar Church_bell Buzz
1fc0282a.wav,Crackle Frying_(food) Trickle_and_dribble
1fc8f9a5.wav,Bicycle_bell Marimba_and_xylophone Frying_(food)
1fd74cc3.wav,Glockenspiel Marimba_and_xylophone Bicycle_bell
1fde2c61.wav,Bus Traffic_noise_and_roadway_noise Stream
1fe639ee.wav,Writing Printer Scissors
1fec2121.wav,Printer Tick-tock Writing
1ff215f3.wav,Tick-tock Printer Microwave_oven
200b6920.wav,Drawer_open_or_close Slam Walk_and_footsteps
2012b2f4.wav,Knock Slam Cupboard_open_or_close
201c18ee.wav,Purr Burping_and_eructation Zipper_(clothing)
20612e10.wav,Traffic_noise_and_roadway_noise Car_passing_by Toilet_flush
2069253a.wav,Male_speech_and_man_speaking Female_speech_and_woman_speaking Whispering
206c0a24.wav,Chewing_and_mastication Scissors Sneeze
20801c98.wav,Church_bell Screaming Harmonica
2087f937.wav,Drawer_open_or_close Slam Microwave_oven
20898b89.wav,Stream Trickle_and_dribble Hi-hat
20b16812.wav,Shatter Cutlery_and_silverware Hiss
20c3541c.wav,Scissors Raindrop Shatter
20d2ad1c.wav,Sneeze Child_speech_and_kid_speaking Bass_drum
20dc6392.wav,Crackle Chewing_and_mastication Purr
20e285c7.wav,Waves_and_surf Toilet_flush Crowd
21102a3a.wav,Zipper_(clothing) Sigh Toilet_flush
2113043a.wav,Church_bell Harmonica Screaming
2142adda.wav,Trickle_and_dribble Fill_(with_liquid) Stream
21447ea7.wav,Harmonica Yell Female_singing
21455882.wav,Hiss Bathtub_(filling_or_washing) Frying_(food)
2157612c.wav,Screaming Car_passing_by Harmonica
2159eea8.wav,Meow Printer Electric_guitar
2175b26d.wav,Accelerating_and_revving_and_vroom Gong Motorcycle
217b109a.wav,Mechanical_fan Gong Car_passing_by
2189acc6.wav,Gong Glockenspiel Harmonica
218b15dc.wav,Skateboard Bark Burping_and_eructation
218c8907.wav,Toilet_flush Clapping Church_bell
21b0c9cb.wav,Run Fart Chewing_and_mastication
21b24d69.wav,Tap Knock Clapping
21b601cd.wav,Church_bell Electric_guitar Traffic_noise_and_roadway_noise
21d2eb4c.wav,Zipper_(clothing) Writing Printer
21d49986.wav,Buzz Whispering Sigh
21e8d6a9.wav,Tick-tock Printer Drawer_open_or_close
21eb5d58.wav,Waves_and_surf Printer Toilet_flush
21eca32f.wav,Drip Raindrop Computer_keyboard
21fa3245.wav,Raindrop Keys_jangling Chink_and_clink
2210c997.wav,Printer Child_speech_and_kid_speaking Gasp
2216c947.wav,Purr Motorcycle Burping_and_eructation
223032ba.wav,Bathtub_(filling_or_washing) Frying_(food) Hiss
2236c850.wav,Purr Crackle Zipper_(clothing)
223a5173.wav,Cupboard_open_or_close Sneeze Whispering
22522048.wav,Bus Accelerating_and_revving_and_vroom Motorcycle
2263763d.wav,Skateboard Waves_and_surf Run
228a538c.wav,Scissors Keys_jangling Crackle
22a7e375.wav,Sigh Hiss Waves_and_surf
22b07889.wav,Burping_and_eructation Skateboard Toilet_flush
22b6b9aa.wav,Hi-hat Gong Shatter
22c5ea2f.wav,Church_bell Clapping Crowd
22c78043.wav,Car_passing_by Waves_and_surf Traffic_noise_and_roadway_noise
22c98028.wav,Waves_and_surf Skateboard Car_passing_by
22c9b301.wav,Mechanical_fan Bus Cricket
22cd860e.wav,Writing Drawer_open_or_close Chewing_and_mastication
22f22fc9.wav,Marimba_and_xylophone Knock Tap
22f2d98a.wav,Keys_jangling Chewing_and_mastication Crackle
2303e210.wav,Cutlery_and_silverware Keys_jangling Shatter
23244f49.wav,Whispering Male_speech_and_man_speaking Writing
2327b6de.wav,Bass_drum Cupboard_open_or_close Tap
2343daa5.wav,Printer Drawer_open_or_close Tick-tock
235213ce.wav,Raindrop Trickle_and_dribble Cutlery_and_silverware
235f959c.wav,Screaming Meow Printer
236e7ce1.wav,Bathtub_(filling_or_washing) Hiss Toilet_flush
23726888.wav,Glockenspiel Marimba_and_xylophone Chink_and_clink
23756062.wav,Car_passing_by Accelerating_and_revving_and_vroom Bus
238b11f0.wav,Slam Microwave_oven Cupboard_open_or_close
23a07927.wav,Harmonica Hi-hat Hiss
23a2669b.wav,Buzz Bus Chirp_and_tweet
23c4613e.wav,Knock Tap Clapping
23c714b5.wav,Accelerating_and_revving_and_vroom Buzz Cupboard_open_or_close
23d35eea.wav,Zipper_(clothing) Toilet_flush Drawer_open_or_close
23fabbb4.wav,Toilet_flush Bathtub_(filling_or_washing) Frying_(food)
23fe505d.wav,Keys_jangling Scissors Computer_keyboard
2406d1de.wav,Motorcycle Accelerating_and_revving_and_vroom Car_passing_by
240e9caa.wav,Female_singing Child_speech_and_kid_speaking Buzz
24456657.wav,Stream Toilet_flush Fill_(with_liquid)
244a60cd.wav,Fart Crackle Shatter
2451cad9.wav,Harmonica Yell Meow
2451d17b.wav,Church_bell Gong Chink_and_clink
245c01e6.wav,Bus Microwave_oven Male_singing
2462f236.wav,Electric_guitar Motorcycle Buzz
24ae5bef.wav,Bark Traffic_noise_and_roadway_noise Male_singing
24ce9114.wav,Male_speech_and_man_speaking Buzz Printer
24dda4ed.wav,Frying_(food) Bicycle_bell Hiss
24ecb25d.wav,Meow Chirp_and_tweet Screaming
24f04ba5.wav,Walk_and_footsteps Drawer_open_or_close Run
2548960b.wav,Drawer_open_or_close Bus Traffic_noise_and_roadway_noise
256d567f.wav,Chewing_and_mastication Keys_jangling Scissors
2583a54d.wav,Hiss Bathtub_(filling_or_washing) Harmonica
2599ff86.wav,Screaming Meow Child_speech_and_kid_speaking
259e3fa7.wav,Chewing_and_mastication Raindrop Scissors
25a8ef58.wav,Bass_drum Tap Writing
25a991a1.wav,Bathtub_(filling_or_washing) Hiss Stream
25beac1d.wav,Shatter Keys_jangling Hiss
25c32640.wav,Bathtub_(filling_or_washing) Run Frying_(food)
25c8686f.wav,Burping_and_eructation Whispering Printer
25d481d6.wav,Bass_drum Cupboard_open_or_close Tap
25e059d3.wav,Car_passing_by Gong Traffic_noise_and_roadway_noise
25e23528.wav,Screaming Harmonica Accordion
25e75fa8.wav,Frying_(food) Bathtub_(filling_or_washing) Hiss
261cdf15.wav,Harmonica Traffic_noise_and_roadway_noise Mechanical_fan
262131af.wav,Motorcycle Bass_drum Marimba_and_xylophone
2624e8ff.wav,Buzz Male_speech_and_man_speaking Microwave_oven
26263cf0.wav,Marimba_and_xylophone Clapping Tap
262a7108.wav,Keys_jangling Chewing_and_mastication Walk_and_footsteps
262d4cca.wav,Harmonica Traffic_noise_and_roadway_noise Accordion
2655ac2c.wav,Accordion Buzz Church_bell
26a25f5d.wav,Clapping Tap Marimba_and_xylophone
26a4977c.wav,Purr Zipper_(clothing) Fill_(with_liquid)
26a6c2f3.wav,Crackle Chewing_and_mastication Trickle_and_dribble
26abfa32.wav,Keys_jangling Crackle Trickle_and_dribble
26c001b7.wav,Stream Toilet_flush Trickle_and_dribble
26c01e3f.wav,Female_singing Male_singing Child_speech_and_kid_speaking
26f921e3.wav,Finger_snapping Crackle Shatter
2707f8b0.wav,Female_singing Child_speech_and_kid_speaking Yell
27080c56.wav,Skateboard Burping_and_eructation Trickle_and_dribble
271ade69.wav,Gong Microwave_oven Bass_guitar
272d95c7.wav,Traffic_noise_and_roadway_noise Toilet_flush Stream
2733bb3f.wav,Sigh Accordion Male_singing
27446bcd.wav,Bass_guitar Bass_drum Cupboard_open_or_close
2756ca54.wav,Zipper_(clothing) Burping_and_eructation Gasp
2758a116.wav,Female_singing Child_speech_and_kid_speaking Yell
275e1bb6.wav,Female_speech_and_woman_speaking Female_singing Child_speech_and_kid_speaking
278a19ee.wav,Accordion Meow Zipper_(clothing)
27903ab8.wav,Walk_and_footsteps Printer Drawer_open_or_close
27924331.wav,Sneeze Sigh Gasp
279d4550.wav,Writing Purr Chewing_and_mastication
27a4f4a8.wav,Church_bell Female_singing Bus
27a8cf7f.wav,Tap Knock Marimba_and_xylophone
27b8db15.wav,Car_passing_by Motorcycle Traffic_noise_and_roadway_noise
27c8eacc.wav,Writing Bass_drum Keys_jangling
27ce0e90.wav,Chewing_and_mastication Run Keys_jangling
27d07e83.wav,Cricket Chirp_and_tweet Frying_(food)
27d43eba.wav,Harmonica Accordion Male_singing
27df10d1.wav,Female_speech_and_woman_speaking Child_speech_and_kid_speaking Yell
27e085c0.wav,Drawer_open_or_close Knock Cupboard_open_or_close
280c07e4.wav,Church_bell Traffic_noise_and_roadway_noise Toilet_flush
2810d717.wav,Chewing_and_mastication Run Bathtub_(filling_or_washing)
28142c7d.wav,Bathtub_(filling_or_washing) Hiss Stream
28199c01.wav,Microwave_oven Tick-tock Printer
2833e567.wav,Fill_(with_liquid) Trickle_and_dribble Stream
28383990.wav,Bicycle_bell Marimba_and_xylophone Chink_and_clink
283bc0ea.wav,Writing Run Chewing_and_mastication
2842be8c.wav,Bathtub_(filling_or_washing) Run Keys_jangling
28849a80.wav,Keys_jangling Shatter Crackle
288a89c1.wav,Church_bell Harmonica Gong
2894416d.wav,Crackle Chewing_and_mastication Fill_(with_liquid)
289fb0b8.wav,Car_passing_by Traffic_noise_and_roadway_noise Gong
28a2ff49.wav,Microwave_oven Buzz Bus
28a9213d.wav,Computer_keyboard Slam Keys_jangling
28d22d2e.wav,Cupboard_open_or_close Electric_guitar Printer
28d2f36f.wav,Accordion Cupboard_open_or_close Meow
28e13187.wav,Tap Knock Marimba_and_xylophone
28e32693.wav,Accelerating_and_revving_and_vroom Motorcycle Gong
28f49053.wav,Toilet_flush Drawer_open_or_close Bathtub_(filling_or_washing)
28ff0651.wav,Church_bell Accordion Bark
290e30df.wav,Fart Chink_and_clink Squeak
292ef00f.wav,Sigh Clapping Gong
2934735d.wav,Meow Zipper_(clothing) Accordion
2934d413.wav,Knock Run Drawer_open_or_close
29365227.wav,Tick-tock Scissors Microwave_oven
295268ea.wav,Drawer_open_or_close Slam Printer
29699f09.wav,Zipper_(clothing) Harmonica Meow
297219cc.wav,Shatter Bicycle_bell Finger_snapping
2980d500.wav,Sigh Child_speech_and_kid_speaking Drawer_open_or_close
29826356.wav,Child_speech_and_kid_speaking Sneeze Female_singing
29b0574f.wav,Chewing_and_mastication Run Zipper_(clothing)
29d72dfb.wav,Car_passing_by Traffic_noise_and_roadway_noise Church_bell
29dd29fb.wav,Drawer_open_or_close Slam Cupboard_open_or_close
29e4880e.wav,Scissors Chewing_and_mastication Run
2a0893c6.wav,Bass_guitar Gong Mechanical_fan
2a0a3828.wav,Raindrop Fill_(with_liquid) Run
2a484593.wav,Tap Clapping Run
2a557637.wav,Cutlery_and_silverware Keys_jangling Chewing_and_mastication
2a79d0a8.wav,Chink_and_clink Church_bell Female_singing
2a9c7202.wav,Frying_(food) Trickle_and_dribble Crackle
2aa1e0b8.wav,Sneeze Yell Female_speech_and_woman_speaking
2ac8607d.wav,Screaming Meow Bark
2ad174b4.wav,Keys_jangling Cutlery_and_silverware Crackle
2ae04dd7.wav,Mechanical_fan Traffic_noise_and_roadway_noise Car_passing_by
2aedff46.wav,Bicycle_bell Chink_and_clink Microwave_oven
2af10e99.wav,Chink_and_clink Bicycle_bell Hi-hat
2af77e7f.wav,Car_passing_by Traffic_noise_and_roadway_noise Waves_and_surf
2b160bb2.wav,Crackle Shatter Run
2b2613d8.wav,Drawer_open_or_close Slam Walk_and_footsteps
2b6ee441.wav,Chewing_and_mastication Run Writing
2b95327b.wav,Car_passing_by Traffic_noise_and_roadway_noise Mechanical_fan
2b9ca464.wav,Gurgling Drawer_open_or_close Walk_and_footsteps
2bab5b09.wav,Zipper_(clothing) Crackle Gurgling
2bb1503c.wav,Accordion Gasp Printer
2bbf558e.wav,Clapping Tap Marimba_and_xylophone
2be779a7.wav,Drawer_open_or_close Printer Slam
2c010e00.wav,Microwave_oven Mechanical_fan Church_bell
2c2a3c77.wav,Printer Tick-tock Writing
2c2d400b.wav,Keys_jangling Chewing_and_mastication Crackle
2c39bb30.wav,Church_bell Gong Harmonica
2c3a44f2.wav,Bathtub_(filling_or_washing) Toilet_flush Shatter
2c7a5078.wav,Electric_guitar Church_bell Bus
2c809d4f.wav,Writing Run Computer_keyboard
2c8b8812.wav,Chewing_and_mastication Run Computer_keyboard
2c924848.wav,Sigh Male_speech_and_man_speaking Sneeze
2cc7f972.wav,Mechanical_fan Car_passing_by Bus
2cd526f7.wav,Drawer_open_or_close Cupboard_open_or_close Electric_guitar
2cdfa8c1.wav,Toilet_flush Bus Waves_and_surf
2cf4955c.wav,Mechanical_fan Traffic_noise_and_roadway_noise Waves_and_surf
2cfdaecd.wav,Hiss Crackle Chewing_and_mastication
2d0863b7.wav,Walk_and_footsteps Printer Toilet_flush
2d09c7ca.wav,Chirp_and_tweet Cricket Squeak
2d15ca77.wav,Drawer_open_or_close Printer Chewing_and_mastication
2d209c25.wav,Tap Knock Marimba_and_xylophone
2d21dbf4.wav,Purr Motorcycle Zipper_(clothing)
2d455ed9.wav,Bathtub_(filling_or_washing) Chewing_and_mastication Walk_and_footsteps
2d4961a8.wav,Writing Tick-tock Zipper_(clothing)
2d4a0250.wav,Burping_and_eructation Skateboard Male_speech_and_man_speaking
2d56c2ae.wav,Keys_jangling Tick-tock Run
2d5dcc5d.wav,Walk_and_footsteps Knock Marimba_and_xylophone
2d666c1d.wav,Church_bell Gong Glockenspiel
2d6d99d4.wav,Sneeze Yell Screaming
2d7218f8.wav,Bark Sneeze Screaming
2d7ae271.wav,Bark Zipper_(clothing) Male_singing
2d8135cc.wav,Stream Trickle_and_dribble Toilet_flush
2d88fa59.wav,Marimba_and_xylophone Clapping Tap
2da4c729.wav,Gong Accelerating_and_revving_and_vroom Mechanical_fan
2db579cb.wav,Drawer_open_or_close Microwave_oven Slam
2db63f0d.wav,Writing Whispering Walk_and_footsteps
2dd2a6bf.wav,Waves_and_surf Toilet_flush Car_passing_by
2df0cf1f.wav,Zipper_(clothing) Burping_and_eructation Gurgling
2df1f901.wav,Walk_and_footsteps Run Drawer_open_or_close
2dfd32a3.wav,Bus Chirp_and_tweet Skateboard
2e61e614.wav,Zipper_(clothing) Meow Screaming
2e820b05.wav,Meow Screaming Sneeze
2e8b4709.wav,Electric_guitar Bass_guitar Male_speech_and_man_speaking
2e9ced66.wav,Gurgling Tick-tock Printer
2ea33689.wav,Harmonica Traffic_noise_and_roadway_noise Accordion
2eade3e1.wav,Church_bell Traffic_noise_and_roadway_noise Screaming
2eb3002c.wav,Meow Harmonica Accordion
2eb51f57.wav,Glockenspiel Marimba_and_xylophone Gong
2ed9ce69.wav,Harmonica Church_bell Car_passing_by
2edb4142.wav,Motorcycle Computer_keyboard Skateboard
2ee3ef28.wav,Electric_guitar Male_speech_and_man_speaking Child_speech_and_kid_speaking
2ee9f139.wav,Burping_and_eructation Skateboard Male_speech_and_man_speaking
2eeb7f35.wav,Meow Screaming Harmonica
2eec6eda.wav,Hi-hat Gong Marimba_and_xylophone
2f00863c.wav,Accelerating_and_revving_and_vroom Gong Car_passing_by
2f14d3b3.wav,Bass_drum Chink_and_clink Hiss
2f2ab304.wav,Screaming Traffic_noise_and_roadway_noise Car_passing_by
2f41afe1.wav,Motorcycle Accelerating_and_revving_and_vroom Bass_guitar
2f529eb8.wav,Frying_(food) Fart Trickle_and_dribble
2f5cbf20.wav,Sneeze Printer Drawer_open_or_close
2f6331aa.wav,Sneeze Gasp Female_speech_and_woman_speaking
2f643c50.wav,Writing Printer Zipper_(clothing)
2f785877.wav,Bass_drum Knock Bass_guitar
2f84c8e9.wav,Buzz Chirp_and_tweet Writing
2f8dd247.wav,Bus Stream Chirp_and_tweet
2f94fca3.wav,Burping_and_eructation Trickle_and_dribble Fill_(with_liquid)
2fa1cc09.wav,Finger_snapping Tap Shatter
2fc6ede8.wav,Tap Slam Drawer_open_or_close
2fe3ae63.wav,Computer_keyboard Raindrop Shatter
2ffd2145.wav,Female_speech_and_woman_speaking Female_singing Child_speech_and_kid_speaking
3011c55b.wav,Female_singing Accordion Harmonica
3012731a.wav,Skateboard Clapping Walk_and_footsteps
302f4eb8.wav,Gong Harmonica Church_bell
303d4668.wav,Keys_jangling Cricket Chirp_and_tweet
304d8a8e.wav,Glockenspiel Church_bell Harmonica
304f25f4.wav,Frying_(food) Waves_and_surf Toilet_flush
3052fe86.wav,Waves_and_surf Cricket Bus
3061e8d1.wav,Screaming Accelerating_and_revving_and_vroom Meow
309169fa.wav,Female_speech_and_woman_speaking Male_singing Male_speech_and_man_speaking
30960f70.wav,Gong Car_passing_by Traffic_noise_and_roadway_noise
309eea85.wav,Accordion Harmonica Female_singing
30ac78a6.wav,Hiss Bathtub_(filling_or_washing) Scissors
30d1840b.wav,Keys_jangling Chewing_and_mastication Crackle
30dc07a7.wav,Bass_drum Knock Accelerating_and_revving_and_vroom
30e1162a.wav,Female_singing Child_speech_and_kid_speaking Gasp
30e40cc3.wav,Skateboard Bark Toilet_flush
30f7577e.wav,Printer Drawer_open_or_close Tick-tock
30f8ba51.wav,Bass_guitar Purr Mechanical_fan
3102ff8d.wav,Chewing_and_mastication Run Crackle
311fcc0d.wav,Chirp_and_tweet Keys_jangling Cricket
3129e5b4.wav,Bass_drum Tap Cupboard_open_or_close
312c730c.wav,Frying_(food) Bathtub_(filling_or_washing) Stream
312e1179.wav,Bathtub_(filling_or_washing) Frying_(food) Bicycle_bell
312e698e.wav,Buzz Mechanical_fan Motorcycle
31312cda.wav,Whispering Knock Bass_drum
3134c1f5.wav,Chewing_and_mastication Keys_jangling Scissors
31452d93.wav,Traffic_noise_and_roadway_noise Church_bell Bus
314a8107.wav,Sigh Clapping Gasp
3174521f.wav,Microwave_oven Slam Cupboard_open_or_close
3177529f.wav,Zipper_(clothing) Chewing_and_mastication Toilet_flush
317e5fda.wav,Toilet_flush Whispering Bathtub_(filling_or_washing)
3190ca46.wav,Bathtub_(filling_or_washing) Frying_(food) Cricket
31ab1bc4.wav,Burping_and_eructation Printer Whispering
31b883cb.wav,Burping_and_eructation Skateboard Cutlery_and_silverware
31bf8f6c.wav,Bark Female_singing Bus
31c60809.wav,Finger_snapping Tap Scissors
31c7a683.wav,Whispering Chirp_and_tweet Buzz
31cfaf7c.wav,Printer Sneeze Microwave_oven
31ea3391.wav,Car_passing_by Skateboard Traffic_noise_and_roadway_noise
31f4d839.wav,Computer_keyboard Drawer_open_or_close Cupboard_open_or_close
31fe4058.wav,Knock Tap Marimba_and_xylophone
31ff4a9f.wav,Scissors Keys_jangling Tick-tock
320adc8a.wav,Frying_(food) Bathtub_(filling_or_washing) Cricket
320b9457.wav,Hiss Bathtub_(filling_or_washing) Fill_(with_liquid)
320cb73f.wav,Toilet_flush Stream Waves_and_surf
321c61dd.wav,Sigh Accordion Buzz
321d7624.wav,Bass_guitar Motorcycle Gong
322c634e.wav,Male_singing Male_speech_and_man_speaking Female_singing
3246e22c.wav,Waves_and_surf Motorcycle Toilet_flush
32663622.wav,Microwave_oven Slam Tick-tock
3273193a.wav,Meow Harmonica Traffic_noise_and_roadway_noise
327ff97c.wav,Scissors Chewing_and_mastication Tick-tock
3288c908.wav,Traffic_noise_and_roadway_noise Harmonica Female_singing
329d5f81.wav,Frying_(food) Keys_jangling Tick-tock
32aaacf1.wav,Crackle Chewing_and_mastication Keys_jangling
32ad561a.wav,Church_bell Traffic_noise_and_roadway_noise Screaming
32b66826.wav,Sneeze Bark Gasp
32bf8f9d.wav,Burping_and_eructation Skateboard Printer
32cce167.wav,Hiss Shatter Scissors
32d21079.wav,Bicycle_bell Shatter Chink_and_clink
32e0e55a.wav,Bass_guitar Gong Mechanical_fan
32f26b94.wav,Computer_keyboard Run Skateboard
330b1461.wav,Buzz Bus Accordion
3313662e.wav,Computer_keyboard Tick-tock Tap
33139052.wav,Gong Accordion Hi-hat
33170581.wav,Microwave_oven Electric_guitar Screaming
332246f6.wav,Gong Squeak Whispering
33355c50.wav,Bus Buzz Chirp_and_tweet
3347121c.wav,Run Meow Acoustic_guitar
3353d705.wav,Mechanical_fan Gong Cricket
335d2ea3.wav,Screaming Harmonica Church_bell
336a88c3.wav,Shatter Hiss Writing
338669d9.wav,Scissors Chewing_and_mastication Cutlery_and_silverware
33a61f8d.wav,Tick-tock Microwave_oven Cupboard_open_or_close
33bc9deb.wav,Keys_jangling Cutlery_and_silverware Chewing_and_mastication
33c82ad4.wav,Child_speech_and_kid_speaking Female_singing Male_speech_and_man_speaking
33ef8393.wav,Bicycle_bell Shatter Marimba_and_xylophone
33fbfca7.wav,Frying_(food) Bathtub_(filling_or_washing) Bicycle_bell
34035cf8.wav,Sigh Sneeze Child_speech_and_kid_speaking
340d5db4.wav,Accelerating_and_revving_and_vroom Motorcycle Bass_guitar
340da762.wav,Crackle Purr Chewing_and_mastication
34120253.wav,Harmonica Accordion Traffic_noise_and_roadway_noise
341efc4b.wav,Car_passing_by Traffic_noise_and_roadway_noise Bus
342cc3ae.wav,Yell Screaming Female_singing
34486c7f.wav,Accelerating_and_revving_and_vroom Motorcycle Buzz
34510c7a.wav,Run Toilet_flush Writing
34512413.wav,Cutlery_and_silverware Keys_jangling Chewing_and_mastication
346fc59c.wav,Printer Tick-tock Writing
3474d7cd.wav,Scissors Keys_jangling Chewing_and_mastication
348aaf17.wav,Crackle Keys_jangling Scissors
349e5ea7.wav,Run Computer_keyboard Tap
34aac2b5.wav,Harmonica Female_singing Accordion
34c53320.wav,Burping_and_eructation Skateboard Cutlery_and_silverware
34cca3b3.wav,Church_bell Traffic_noise_and_roadway_noise Harmonica
34d0b2ca.wav,Yell Female_speech_and_woman_speaking Child_speech_and_kid_speaking
34d4cfda.wav,Church_bell Clapping Tick-tock
34dc323b.wav,Bark Yell Screaming
34e6a0de.wav,Cricket Keys_jangling Chirp_and_tweet
34f2c99d.wav,Fart Squeak Burping_and_eructation
34fbb318.wav,Computer_keyboard Gurgling Chewing_and_mastication
3500ed9d.wav,Knock Marimba_and_xylophone Tap
350942d1.wav,Toilet_flush Drawer_open_or_close Sneeze
351a8abe.wav,Female_singing Buzz Accordion
352ce267.wav,Bass_drum Tap Cupboard_open_or_close
3544797d.wav,Writing Whispering Printer
354d467a.wav,Bark Accordion Child_speech_and_kid_speaking
355ddeda.wav,Toilet_flush Stream Waves_and_surf
356adc0d.wav,Tick-tock Microwave_oven Writing
356b99de.wav,Printer Tick-tock Frying_(food)
35930583.wav,Child_speech_and_kid_speaking Female_speech_and_woman_speaking Female_singing
359a6e84.wav,Harmonica Accordion Screaming
35a7edad.wav,Tap Cupboard_open_or_close Microwave_oven
35a8a688.wav,Crackle Chewing_and_mastication Keys_jangling
35d5aca3.wav,Waves_and_surf Stream Motorcycle
35dbfd81.wav,Church_bell Accordion Male_singing
36027dca.wav,Bass_drum Buzz Knock
361237d6.wav,Bus Buzz Female_singing
361c9c0e.wav,Bicycle_bell Shatter Hiss
3623b13a.wav,Child_speech_and_kid_speaking Female_singing Male_speech_and_man_speaking
3626ac5a.wav,Hiss Chirp_and_tweet Cricket
362f92f4.wav,Child_speech_and_kid_speaking Female_speech_and_woman_speaking Female_singing
366d25a7.wav,Harmonica Accordion Male_singing
366d6820.wav,Waves_and_surf Toilet_flush Skateboard
367ef5a8.wav,Bus Race_car_and_auto_racing Accelerating_and_revving_and_vroom
36896b31.wav,Tick-tock Printer Traffic_noise_and_roadway_noise
368e3f09.wav,Bathtub_(filling_or_washing) Chewing_and_mastication Keys_jangling
36b92bec.wav,Squeak Gong Writing
36beb3fd.wav,Child_speech_and_kid_speaking Female_speech_and_woman_speaking Yell
36c459de.wav,Harmonica Screaming Church_bell
36dfae4f.wav,Slam Drawer_open_or_close Run
36fe695f.wav,Drawer_open_or_close Toilet_flush Walk_and_footsteps
37053a90.wav,Mechanical_fan Gong Motorcycle
370eaa84.wav,Church_bell Traffic_noise_and_roadway_noise Bus
37155f3a.wav,Car_passing_by Traffic_noise_and_roadway_noise Gong
37790f99.wav,Hiss Zipper_(clothing) Scissors
378216b2.wav,Harmonica Mechanical_fan Buzz
37856035.wav,Clapping Toilet_flush Tick-tock
3792237d.wav,Waves_and_surf Toilet_flush Motorcycle
37941050.wav,Buzz Female_singing Bus
379ae4e1.wav,Bathtub_(filling_or_washing) Toilet_flush Fill_(with_liquid)
379b7e21.wav,Bathtub_(filling_or_washing) Chewing_and_mastication Toilet_flush
379c063d.wav,Burping_and_eructation Skateboard Cutlery_and_silverware
37a1946c.wav,Microwave_oven Slam Tick-tock
37a7927f.wav,Knock Tap Cupboard_open_or_close
37c95c1c.wav,Yell Screaming Female_singing
37ccc1ea.wav,Bathtub_(filling_or_washing) Hiss Bicycle_bell
37d609aa.wav,Chewing_and_mastication Scissors Run
37dc178a.wav,Harmonica Hiss Bathtub_(filling_or_washing)
37f5f0d8.wav,Bus Chirp_and_tweet Church_bell
382587b8.wav,Hiss Bathtub_(filling_or_washing) Stream
382cd8c5.wav,Drawer_open_or_close Slam Microwave_oven
38368c9b.wav,Yell Screaming Sneeze
384b0ff2.wav,Marimba_and_xylophone Gong Chink_and_clink
38544190.wav,Tap Gurgling Knock
38558ab1.wav,Burping_and_eructation Skateboard Whispering
3858d281.wav,Printer Burping_and_eructation Cupboard_open_or_close
385e8b0f.wav,Tap Knock Gurgling
38636d71.wav,Meow Clapping Traffic_noise_and_roadway_noise
38669440.wav,Tick-tock Computer_keyboard Clapping
387014ab.wav,Stream Toilet_flush Buzz
3876c193.wav,Cupboard_open_or_close Sneeze Meow
388f70a5.wav,Car_passing_by Traffic_noise_and_roadway_noise Race_car_and_auto_racing
38b9ff18.wav,Female_speech_and_woman_speaking Child_speech_and_kid_speaking Electric_guitar
38d29a00.wav,Tap Run Mechanical_fan
38d378d8.wav,Bus Mechanical_fan Car_passing_by
38d50e59.wav,Keys_jangling Scissors Cutlery_and_silverware
38d5d026.wav,Zipper_(clothing) Meow Accordion
38e43355.wav,Harmonica Yell Screaming
38ea5df2.wav,Bathtub_(filling_or_washing) Frying_(food) Marimba_and_xylophone
38f6aa5e.wav,Screaming Church_bell Accelerating_and_revving_and_vroom
38fea590.wav,Church_bell Clapping Toilet_flush
390789a8.wav,Chewing_and_mastication Keys_jangling Walk_and_footsteps
390995ef.wav,Keys_jangling Shatter Bicycle_bell
39189c31.wav,Toilet_flush Clapping Bus
391fbd47.wav,Tick-tock Chink_and_clink Microwave_oven
392e88d7.wav,Mechanical_fan Cricket Chirp_and_tweet
3939b821.wav,Slam Microwave_oven Cupboard_open_or_close
39467410.wav,Electric_guitar Church_bell Harmonica
394b8ce2.wav,Computer_keyboard Crackle Run
395de76a.wav,Gasp Sigh Fart
395df625.wav,Burping_and_eructation Gurgling Crackle
396d793f.wav,Scissors Chewing_and_mastication Keys_jangling
39723c0e.wav,Female_singing Accordion Church_bell
39768e2a.wav,Female_speech_and_woman_speaking Male_speech_and_man_speaking Child_speech_and_kid_speaking
3987fc79.wav,Purr Bass_guitar Motorcycle
398b6fa6.wav,Clapping Tap Run
399732ec.wav,Gong Clapping Electric_guitar
39a8ac5c.wav,Crackle Chewing_and_mastication Trickle_and_dribble
39b6cc75.wav,Hiss Bathtub_(filling_or_washing) Scissors
39bbcabd.wav,Tick-tock Bass_drum Frying_(food)
39c1f2fd.wav,Sigh Zipper_(clothing) Toilet_flush
39d1b554.wav,Scissors Chewing_and_mastication Crackle
39e1b8cc.wav,Computer_keyboard Gurgling Run
39e2f767.wav,Yell Sneeze Child_speech_and_kid_speaking
39e35f03.wav,Church_bell Screaming Traffic_noise_and_roadway_noise
39eb6dd5.wav,Marimba_and_xylophone Knock Tap
39f19344.wav,Church_bell Gong Traffic_noise_and_roadway_noise
3a2353bb.wav,Meow Zipper_(clothing) Accordion
3a28e28a.wav,Bus Mechanical_fan Accelerating_and_revving_and_vroom
3a2a4822.wav,Clapping Marimba_and_xylophone Tap
3a3e4b29.wav,Female_singing Male_singing Buzz
3a49d5ed.wav,Trickle_and_dribble Fill_(with_liquid) Raindrop
3a4cf709.wav,Harmonica Female_speech_and_woman_speaking Yell
3a5e6dde.wav,Cricket Chirp_and_tweet Purr
3a66e3df.wav,Bathtub_(filling_or_washing) Trickle_and_dribble Keys_jangling
3a87c628.wav,Frying_(food) Bathtub_(filling_or_washing) Shatter
3a885c38.wav,Mechanical_fan Gong Bass_guitar
3a8b9afe.wav,Electric_guitar Buzz Motorcycle
3aa5b432.wav,Skateboard Toilet_flush Waves_and_surf
3ac609e1.wav,Mechanical_fan Car_passing_by Bus
3acbee34.wav,Screaming Bicycle_bell Meow
3adfb8f0.wav,Stream Frying_(food) Toilet_flush
3ae08e83.wav,Printer Tick-tock Traffic_noise_and_roadway_noise
3ae0ea8b.wav,Printer Tick-tock Squeak
3b0a3361.wav,Stream Toilet_flush Traffic_noise_and_roadway_noise
3b0b13f4.wav,Sneeze Traffic_noise_and_roadway_noise Bus
3b13f6a1.wav,Waves_and_surf Skateboard Crowd
3b23ed90.wav,Shatter Chink_and_clink Cutlery_and_silverware
3b252939.wav,Accelerating_and_revving_and_vroom Motorcycle Sigh
3b277890.wav,Zipper_(clothing) Meow Squeak
3b382171.wav,Bark Yell Child_speech_and_kid_speaking
3b3c2c67.wav,Computer_keyboard Shatter Crackle
3b75b456.wav,Race_car_and_auto_racing Traffic_noise_and_roadway_noise Car_passing_by
3b7c7f94.wav,Skateboard Computer_keyboard Slam
3bb6024f.wav,Sneeze Clapping Traffic_noise_and_roadway_noise
3bb7c24d.wav,Computer_keyboard Writing Run
3bb9a722.wav,Purr Motorcycle Zipper_(clothing)
3bda5fb0.wav,Car_passing_by Traffic_noise_and_roadway_noise Mechanical_fan
3bfcab18.wav,Bass_guitar Electric_guitar Bass_drum
3c0370c8.wav,Tick-tock Microwave_oven Marimba_and_xylophone
3c1b9399.wav,Church_bell Traffic_noise_and_roadway_noise Bus
3c20c95f.wav,Zipper_(clothing) Squeak Crackle
3c216393.wav,Writing Bass_drum Walk_and_footsteps
3c244ade.wav,Stream Trickle_and_dribble Toilet_flush
3c348e5c.wav,Bass_drum Microwave_oven Tick-tock
3c35237b.wav,Female_singing Buzz Male_speech_and_man_speaking
3c40f472.wav,Female_singing Accordion Buzz
3c525c1f.wav,Frying_(food) Bathtub_(filling_or_washing) Run
3c590143.wav,Run Drawer_open_or_close Chewing_and_mastication
3c90b11b.wav,Keys_jangling Frying_(food) Bathtub_(filling_or_washing)
3c95067e.wav,Stream Toilet_flush Hiss
3ca6b1a3.wav,Trickle_and_dribble Fill_(with_liquid) Stream
3caf1f70.wav,Crackle Frying_(food) Purr
3cc51361.wav,Screaming Zipper_(clothing) Male_singing
3cd30520.wav,Writing Run Walk_and_footsteps
3ce0dcd0.wav,Hiss Frying_(food) Bathtub_(filling_or_washing)
3ce9fd74.wav,Accordion Female_singing Screaming
3cfeb0cd.wav,Bathtub_(filling_or_washing) Stream Hiss
3d07c63a.wav,Writing Gasp Zipper_(clothing)
3d0beb6f.wav,Writing Printer Frying_(food)
3d0dca90.wav,Church_bell Traffic_noise_and_roadway_noise Accordion
3d1d3f2b.wav,Bus Church_bell Buzz
3d27f415.wav,Glockenspiel Marimba_and_xylophone Chink_and_clink
3d287b47.wav,Slam Microwave_oven Keys_jangling
3d4e1dea.wav,Male_speech_and_man_speaking Male_singing Female_speech_and_woman_speaking
3d58d893.wav,Stream Toilet_flush Waves_and_surf
3d5f899d.wav,Church_bell Gong Bark
3d633399.wav,Traffic_noise_and_roadway_noise Church_bell Printer
3d7309d7.wav,Shatter Bicycle_bell Crackle
3d921767.wav,Bass_guitar Gong Motorcycle
3d9a715d.wav,Toilet_flush Frying_(food) Stream
3db04d3f.wav,Electric_guitar Male_singing Female_singing
3db44f6c.wav,Harmonica Screaming Gasp
3ddb4122.wav,Keys_jangling Chewing_and_mastication Scissors
3dedbba9.wav,Shatter Clapping Hiss
3df2fc0e.wav,Microwave_oven Meow Electric_guitar
3df5c540.wav,Drawer_open_or_close Slam Skateboard
3e230352.wav,Car_passing_by Traffic_noise_and_roadway_noise Waves_and_surf
3e3a6910.wav,Fart Burping_and_eructation Cupboard_open_or_close
3e4755ba.wav,Bass_guitar Bass_drum Fart
3e52f857.wav,Keys_jangling Cutlery_and_silverware Scissors
3e5ce660.wav,Printer Mechanical_fan Stream
3e656c6e.wav,Bus Car_passing_by Microwave_oven
3e65a00d.wav,Stream Toilet_flush Hiss
3e691b83.wav,Tap Knock Bass_drum
3e7889ed.wav,Female_speech_and_woman_speaking Male_speech_and_man_speaking Whispering
3e83500f.wav,Tick-tock Printer Microwave_oven
3e9967cf.wav,Microwave_oven Motorcycle Male_speech_and_man_speaking
3ebaff6d.wav,Fart Buzz Toilet_flush
3ecc19c5.wav,Skateboard Burping_and_eructation Toilet_flush
3ed6c2b5.wav,Male_speech_and_man_speaking Bark Female_singing
3efc0912.wav,Church_bell Traffic_noise_and_roadway_noise Screaming
3f0f92ff.wav,Clapping Tap Finger_snapping
3f15fd07.wav,Computer_keyboard Run Gurgling
3f16d9f3.wav,Harmonica Church_bell Gong
3f19e53c.wav,Traffic_noise_and_roadway_noise Stream Mechanical_fan
3f1ca1bb.wav,Stream Toilet_flush Hiss
3f29038e.wav,Male_speech_and_man_speaking Female_speech_and_woman_speaking Male_singing
3f2dbd00.wav,Male_speech_and_man_speaking Zipper_(clothing) Crackle
3f4f4808.wav,Printer Waves_and_surf Toilet_flush
3f53a02f.wav,Drawer_open_or_close Slam Microwave_oven
3f7043d9.wav,Buzz Mechanical_fan Waves_and_surf
3f80cc56.wav,Chirp_and_tweet Buzz Writing
3f96494a.wav,Clapping Slam Cupboard_open_or_close
3faf10be.wav,Crowd Church_bell Run
3fd4d55a.wav,Finger_snapping Bass_drum Shatter
400ff09d.wav,Stream Waves_and_surf Toilet_flush
402e2d1b.wav,Printer Fart Burping_and_eructation
4030a4f2.wav,Cupboard_open_or_close Slam Knock
4034f327.wav,Church_bell Traffic_noise_and_roadway_noise Stream
4037cd65.wav,Female_speech_and_woman_speaking Male_speech_and_man_speaking Child_speech_and_kid_speaking
4040f015.wav,Microwave_oven Bass_drum Tick-tock
40449ca7.wav,Chirp_and_tweet Cutlery_and_silverware Hiss
404b54c0.wav,Printer Waves_and_surf Tick-tock
404fb677.wav,Car_passing_by Traffic_noise_and_roadway_noise Gong
4053b801.wav,Sneeze Yell Female_speech_and_woman_speaking
405c66af.wav,Hi-hat Shatter Clapping
406306b6.wav,Church_bell Gong Harmonica
406a1cc1.wav,Bark Traffic_noise_and_roadway_noise Harmonica
406ade5e.wav,Stream Frying_(food) Trickle_and_dribble
4093913f.wav,Stream Buzz Toilet_flush
40957335.wav,Sigh Toilet_flush Zipper_(clothing)
4098028d.wav,Computer_keyboard Run Chewing_and_mastication
40afd1b3.wav,Whispering Meow Chewing_and_mastication
40c1ed87.wav,Keys_jangling Chewing_and_mastication Crackle
40c50046.wav,Computer_keyboard Slam Tick-tock
40d0726d.wav,Accelerating_and_revving_and_vroom Microwave_oven Motorcycle
40dd1274.wav,Church_bell Traffic_noise_and_roadway_noise Bark
40e25750.wav,Toilet_flush Burping_and_eructation Sigh
410837eb.wav,Gasp Male_speech_and_man_speaking Male_singing
410c2138.wav,Hiss Stream Bathtub_(filling_or_washing)
411993fd.wav,Hi-hat Shatter Cutlery_and_silverware
413b5427.wav,Harmonica Screaming Printer
41522a65.wav,Keys_jangling Scissors Crackle
415f4c8f.wav,Keys_jangling Shatter Bicycle_bell
41759973.wav,Stream Waves_and_surf Toilet_flush
419271cc.wav,Crackle Hiss Shatter
4195cb1a.wav,Bicycle_bell Chirp_and_tweet Squeak
41af688a.wav,Burping_and_eructation Whispering Fart
41c60bba.wav,Microwave_oven Drawer_open_or_close Slam
41cfee6d.wav,Bicycle_bell Hiss Harmonica
41f16193.wav,Clapping Slam Chink_and_clink
41f1ea4a.wav,Harmonica Church_bell Gong
41f86bc4.wav,Stream Toilet_flush Trickle_and_dribble
4215309a.wav,Scissors Tick-tock Computer_keyboard
4248d196.wav,Toilet_flush Stream Waves_and_surf
42542036.wav,Church_bell Accordion Bark
