fname,label
000ccb97.wav,Shatter Bicycle_bell Cutlery_and_silverware
0012633b.wav,Zipper_(clothing) Fart Sigh
001ed5f1.wav,Shatter Microwave_oven Slam
00294be0.wav,Purr Zipper_(clothing) Chewing_and_mastication
003fde7a.wav,Bicycle_bell Squeak Chirp_and_tweet
0040ccc9.wav,Electric_guitar Buzz Bass_guitar
0046b732.wav,Meow Zipper_(clothing) Child_speech_and_kid_speaking
004f3bbc.wav,Bass_guitar Gong Bass_drum
00526050.wav,Tap Crackle Shatter
00559da4.wav,Writing Zipper_(clothing) Chewing_and_mastication
00582bbe.wav,Tap Run Knock
0064aedf.wav,Drawer_open_or_close Run Computer_keyboard
0065512b.wav,Zipper_(clothing) Writing Chewing_and_mastication
006a91d2.wav,Stream Mechanical_fan Waves_and_surf
006ea9ee.wav,Church_bell Gong Acoustic_guitar
006f9dca.wav,Bathtub_(filling_or_washing) Frying_(food) Chewing_and_mastication
007450dc.wav,Screaming Yell Meow
00979c8a.wav,Crackle Purr Walk_and_footsteps
00992464.wav,Fill_(with_liquid) Trickle_and_dribble Bathtub_(filling_or_washing)
00b44a8a.wav,Shatter Keys_jangling Writing
00bfaaaf.wav,Sigh Meow Gasp
00cf9680.wav,Bathtub_(filling_or_washing) Hiss Finger_snapping
00eae94d.wav,Shatter Bicycle_bell Cutlery_and_silverware
011ec5b8.wav,Skateboard Tick-tock Run
013200dc.wav,Crackle Fart Chewing_and_mastication
01440c2e.wav,Accordion Harmonica Female_singing
01567a3d.wav,Slam Microwave_oven Tick-tock
0163d203.wav,Purr Crackle Knock
017c24b2.wav,Meow Harmonica Accordion
01a992c5.wav,Bicycle_bell Cricket Hiss
01b1d976.wav,Finger_snapping Scissors Crackle
01c1c371.wav,Sneeze Female_speech_and_woman_speaking Child_speech_and_kid_speaking
01cf8354.wav,Burping_and_eructation Walk_and_footsteps Skateboard
01d2c640.wav,Writing Gurgling Keys_jangling
01d69423.wav,Tap Run Knock
01e9170b.wav,Accordion Female_singing Harmonica
01f2901a.wav,Frying_(food) Trickle_and_dribble Stream
020b1fdf.wav,Microwave_oven Bus Traffic_noise_and_roadway_noise
021457df.wav,Scissors Crackle Frying_(food)
02173589.wav,Screaming Gasp Female_singing
021ac082.wav,Stream Toilet_flush Frying_(food)
02200884.wav,Scissors Keys_jangling Cutlery_and_silverware
02213278.wav,Bathtub_(filling_or_washing) Hiss Waves_and_surf
022e3b2c.wav,Writing Gurgling Chewing_and_mastication
023081f2.wav,Glockenspiel Drawer_open_or_close Marimba_and_xylophone
02596541.wav,Hi-hat Marimba_and_xylophone Drawer_open_or_close
0289b79b.wav,Fart Cupboard_open_or_close Squeak
028cf9db.wav,Female_singing Church_bell Bark
028d26f7.wav,Shatter Chink_and_clink Cutlery_and_silverware
02ab2a72.wav,Buzz Toilet_flush Female_singing
02c02ec1.wav,Church_bell Traffic_noise_and_roadway_noise Electric_guitar
02ce28a1.wav,Mechanical_fan Car_passing_by Accelerating_and_revving_and_vroom
02d01f40.wav,Keys_jangling Shatter Bathtub_(filling_or_washing)
02da7457.wav,Frying_(food) Crackle Fart
02e17633.wav,Drawer_open_or_close Zipper_(clothing) Slam
02e8059d.wav,Bass_guitar Bass_drum Crackle
02f71319.wav,Hi-hat Marimba_and_xylophone Gong
03090fb0.wav,Meow Tick-tock Clapping
03162c23.wav,Mechanical_fan Motorcycle Accelerating_and_revving_and_vroom
032f518c.wav,Sigh Buzz Electric_guitar
03300fcb.wav,Marimba_and_xylophone Gong Church_bell
035dd895.wav,Frying_(food) Hiss Waves_and_surf
03754ab4.wav,Bathtub_(filling_or_washing) Stream Frying_(food)
037b47c4.wav,Bark Screaming Harmonica
03887635.wav,Raindrop Chink_and_clink Shatter
03931594.wav,Zipper_(clothing) Writing Male_speech_and_man_speaking
039d2821.wav,Male_singing Accordion Male_speech_and_man_speaking
03a47c4a.wav,Hiss Bicycle_bell Bathtub_(filling_or_washing)
03b80975.wav,Stream Waves_and_surf Traffic_noise_and_roadway_noise
03c5e8d0.wav,Bass_guitar Bass_drum Electric_guitar
03fe2971.wav,Tap Clapping Tick-tock
04008bb5.wav,Bicycle_bell Shatter Hi-hat
040c5c0c.wav,Male_speech_and_man_speaking Cricket Writing
041cff59.wav,Drawer_open_or_close Slam Microwave_oven
042b07a4.wav,Church_bell Female_singing Bark
042b542f.wav,Electric_guitar Mechanical_fan Motorcycle
04308d8d.wav,Burping_and_eructation Gurgling Fart
04355ea8.wav,Female_singing Accordion Male_singing
0442a617.wav,Meow Harmonica Screaming
0443f812.wav,Shatter Fart Clapping
04441d5b.wav,Computer_keyboard Keys_jangling Writing
0453bb71.wav,Church_bell Harmonica Accordion
04702c1c.wav,Electric_guitar Male_singing Female_singing
047ba0e1.wav,Keys_jangling Chewing_and_mastication Scissors
04877d29.wav,Mechanical_fan Microwave_oven Car_passing_by
048c3418.wav,Run Keys_jangling Computer_keyboard
04a5c9eb.wav,Bus Stream Traffic_noise_and_roadway_noise
04ad8e52.wav,Bathtub_(filling_or_washing) Hiss Frying_(food)
04af82d9.wav,Shatter Bicycle_bell Writing
04b1558a.wav,Trickle_and_dribble Bathtub_(filling_or_washing) Keys_jangling
04de7b9a.wav,Crackle Chewing_and_mastication Frying_(food)
04e8bf2a.wav,Knock Run Walk_and_footsteps
04f004fe.wav,Skateboard Run Walk_and_footsteps
04f48f10.wav,Marimba_and_xylophone Tap Knock
0506eee8.wav,Zipper_(clothing) Microwave_oven Buzz
050eb97f.wav,Traffic_noise_and_roadway_noise Bark Gasp
051bda9a.wav,Mechanical_fan Waves_and_surf Bus
057a3c2e.wav,Zipper_(clothing) Chewing_and_mastication Writing
057c13c8.wav,Church_bell Race_car_and_auto_racing Traffic_noise_and_roadway_noise
058a4a79.wav,Meow Gasp Male_singing
058ec864.wav,Bicycle_bell Glockenspiel Hi-hat
05af19b1.wav,Harmonica Electric_guitar Accordion
05c881c4.wav,Hiss Sigh Marimba_and_xylophone
05d775e9.wav,Hi-hat Waves_and_surf Car_passing_by
05dae80d.wav,Printer Meow Tap
05e34a55.wav,Frying_(food) Bathtub_(filling_or_washing) Stream
05edaa47.wav,Whispering Zipper_(clothing) Writing
060b802f.wav,Yell Child_speech_and_kid_speaking Meow
060d2d47.wav,Slam Computer_keyboard Keys_jangling
062e94dd.wav,Chink_and_clink Church_bell Gong
06345241.wav,Screaming Meow Harmonica
0648b115.wav,Gasp Printer Sneeze
06526954.wav,Writing Chewing_and_mastication Zipper_(clothing)
065b49ec.wav,Buzz Zipper_(clothing) Motorcycle
06604d51.wav,Sneeze Yell Female_speech_and_woman_speaking
068b717f.wav,Female_singing Crackle Zipper_(clothing)
069b2f91.wav,Burping_and_eructation Zipper_(clothing) Motorcycle
069f3ce5.wav,Yell Female_singing Child_speech_and_kid_speaking
06a23eb9.wav,Traffic_noise_and_roadway_noise Sigh Church_bell
06c34152.wav,Waves_and_surf Marimba_and_xylophone Burping_and_eructation
06feb5cf.wav,Car_passing_by Gong Traffic_noise_and_roadway_noise
0718ce8d.wav,Chewing_and_mastication Crackle Run
07295dd0.wav,Bass_drum Bass_guitar Knock
072ee4b2.wav,Chewing_and_mastication Keys_jangling Crackle
074cbe2b.wav,Meow Harmonica Microwave_oven
07502956.wav,Shatter Crackle Finger_snapping
07603ad3.wav,Mechanical_fan Bus Traffic_noise_and_roadway_noise
07670752.wav,Frying_(food) Crackle Hiss
077f270d.wav,Chink_and_clink Marimba_and_xylophone Tap
0782d022.wav,Screaming Meow Yell
078464b8.wav,Bathtub_(filling_or_washing) Hiss Frying_(food)
07a82fbe.wav,Knock Tap Run
07bca33c.wav,Chink_and_clink Cutlery_and_silverware Shatter
07da8ebf.wav,Accordion Female_singing Harmonica
07dff283.wav,Gurgling Drawer_open_or_close Computer_keyboard
07f965a0.wav,Stream Mechanical_fan Toilet_flush
07fa6e7e.wav,Burping_and_eructation Cutlery_and_silverware Fart
08087580.wav,Trickle_and_dribble Stream Frying_(food)
0814db2b.wav,Harmonica Accordion Squeak
0815543c.wav,Fart Burping_and_eructation Cupboard_open_or_close
081d6520.wav,Hiss Keys_jangling Chirp_and_tweet
081f2b5a.wav,Bass_guitar Zipper_(clothing) Motorcycle
0824bbdb.wav,Shatter Bicycle_bell Cutlery_and_silverware
08272d1c.wav,Mechanical_fan Frying_(food) Cricket
08278440.wav,Burping_and_eructation Fart Skateboard
0837e041.wav,Gasp Zipper_(clothing) Meow
08390e01.wav,Frying_(food) Bathtub_(filling_or_washing) Stream
083cc652.wav,Female_singing Male_singing Accordion
08458ab2.wav,Crackle Zipper_(clothing) Purr
0849057f.wav,Female_speech_and_woman_speaking Male_speech_and_man_speaking Whispering
084e5784.wav,Zipper_(clothing) Buzz Crackle
085f174a.wav,Motorcycle Hiss Squeak
0865816c.wav,Tap Knock Cupboard_open_or_close
086ce4a5.wav,Traffic_noise_and_roadway_noise Church_bell Harmonica
086ebb95.wav,Microwave_oven Mechanical_fan Bus
08810dd4.wav,Computer_keyboard Crackle Chewing_and_mastication
08b06642.wav,Screaming Harmonica Gasp
08b2d04c.wav,Zipper_(clothing) Gasp Screaming
08bc3e2d.wav,Skateboard Burping_and_eructation Clapping
08d46566.wav,Keys_jangling Frying_(food) Bathtub_(filling_or_washing)
08d4acca.wav,Bass_guitar Acoustic_guitar Gong
08d5d316.wav,Waves_and_surf Car_passing_by Traffic_noise_and_roadway_noise
08dfe75d.wav,Knock Cupboard_open_or_close Run
08eb3a69.wav,Zipper_(clothing) Chewing_and_mastication Purr
08f36895.wav,Skateboard Run Walk_and_footsteps
08facc12.wav,Tick-tock Microwave_oven Scissors
090cc523.wav,Trickle_and_dribble Keys_jangling Burping_and_eructation
091fa206.wav,Bass_guitar Electric_guitar Sigh
092d8e54.wav,Crackle Tap Knock
094761b8.wav,Bark Gasp Male_singing
0963270d.wav,Gurgling Writing Chewing_and_mastication
0992b95a.wav,Purr Crackle Zipper_(clothing)
0997968e.wav,Toilet_flush Waves_and_surf Bathtub_(filling_or_washing)
09a67356.wav,Mechanical_fan Motorcycle Bus
09d085e3.wav,Gasp Sigh Accordion
0a31c905.wav,Stream Bathtub_(filling_or_washing) Toilet_flush
0a3c2351.wav,Microwave_oven Meow Chirp_and_tweet
0a4d3800.wav,Purr Crackle Zipper_(clothing)
0a4ff0fb.wav,Hiss Zipper_(clothing) Sneeze
0a56e261.wav,Marimba_and_xylophone Chink_and_clink Microwave_oven
0a64010f.wav,Meow Yell Harmonica
0a683136.wav,Accelerating_and_revving_and_vroom Car_passing_by Church_bell
0a6e6889.wav,Church_bell Gong Sigh
0a8e1630.wav,Crackle Cricket Purr
0a950c32.wav,Buzz Church_bell Motorcycle
0aee7a2a.wav,Stream Toilet_flush Hiss
0af7446d.wav,Female_singing Bus Tick-tock
0b1503e8.wav,Shatter Hi-hat Chink_and_clink
0b33d746.wav,Church_bell Harmonica Traffic_noise_and_roadway_noise
0b4819f1.wav,Tick-tock Microwave_oven Printer
0b5c6535.wav,Chewing_and_mastication Crackle Zipper_(clothing)
0b73077e.wav,Female_singing Bark Traffic_noise_and_roadway_noise
0b9e93e6.wav,Chewing_and_mastication Skateboard Zipper_(clothing)
0ba7fe6b.wav,Bass_drum Bass_guitar Church_bell
0bacb61b.wav,Bathtub_(filling_or_washing) Hiss Finger_snapping
0bb86b6c.wav,Burping_and_eructation Skateboard Fart
0bbe8308.wav,Clapping Tap Crackle
0bc36580.wav,Bark Gasp Screaming
0bc7822a.wav,Writing Scissors Chewing_and_mastication
0bdcdfba.wav,Tick-tock Printer Microwave_oven
0bec3f54.wav,Bass_guitar Gong Church_bell
0c151ad3.wav,Traffic_noise_and_roadway_noise Bus Mechanical_fan
0c16f612.wav,Harmonica Accordion Squeak
0c32d940.wav,Female_singing Bark Child_speech_and_kid_speaking
0c390f3c.wav,Burping_and_eructation Fart Skateboard
0c3b2573.wav,Microwave_oven Tick-tock Slam
0c5ba768.wav,Crackle Clapping Finger_snapping
0c698ef7.wav,Bathtub_(filling_or_washing) Hiss Stream
0c8d9148.wav,Scissors Crackle Finger_snapping
0c8def18.wav,Mechanical_fan Microwave_oven Bus
0c949702.wav,Bathtub_(filling_or_washing) Hiss Finger_snapping
0cb33d03.wav,Hiss Whispering Sigh
0cb4cde3.wav,Tick-tock Printer Drawer_open_or_close
0cdddb37.wav,Hiss Motorcycle Zipper_(clothing)
0ce84f9b.wav,Mechanical_fan Microwave_oven Motorcycle
0cfe3f96.wav,Raindrop Skateboard Marimba_and_xylophone
0d000cd7.wav,Bark Whispering Gasp
0d1b11e0.wav,Gasp Zipper_(clothing) Sigh
0d2230eb.wav,Hiss Bathtub_(filling_or_washing) Chirp_and_tweet
0d2707f4.wav,Glockenspiel Marimba_and_xylophone Drawer_open_or_close
0d34341d.wav,Drawer_open_or_close Microwave_oven Slam
0d3dc96c.wav,Printer Cricket Squeak
0d507c20.wav,Hi-hat Accordion Church_bell
0d540ee1.wav,Keys_jangling Computer_keyboard Chewing_and_mastication
0d5516ef.wav,Electric_guitar Screaming Harmonica
0d6564bb.wav,Female_singing Child_speech_and_kid_speaking Male_singing
0d673a8c.wav,Sigh Marimba_and_xylophone Electric_guitar
0d74277e.wav,Toilet_flush Buzz Run
0d8d7af9.wav,Computer_keyboard Shatter Clapping
0d8e2166.wav,Bathtub_(filling_or_washing) Keys_jangling Shatter
0d8f3f54.wav,Bass_drum Tap Computer_keyboard
0d9caeeb.wav,Waves_and_surf Car_passing_by Motorcycle
0da3d582.wav,Writing Whispering Zipper_(clothing)
0dc06757.wav,Female_singing Meow Child_speech_and_kid_speaking
0dc813d8.wav,Keys_jangling Crackle Chewing_and_mastication
0dce3e5f.wav,Computer_keyboard Trickle_and_dribble Stream
0dcf1534.wav,Mechanical_fan Stream Traffic_noise_and_roadway_noise
0dda644b.wav,Bathtub_(filling_or_washing) Trickle_and_dribble Toilet_flush
0ddd0393.wav,Cupboard_open_or_close Drawer_open_or_close Slam
0de2a4b2.wav,Male_speech_and_man_speaking Female_speech_and_woman_speaking Male_singing
0de4fc92.wav,Church_bell Gong Race_car_and_auto_racing
0df1484c.wav,Zipper_(clothing) Knock Church_bell
0e18c7d2.wav,Bathtub_(filling_or_washing) Hiss Finger_snapping
0e3e2590.wav,Toilet_flush Waves_and_surf Bus
0e4be6a4.wav,Church_bell Gong Male_singing
0e6552c7.wav,Crackle Fart Run
0e70a285.wav,Bathtub_(filling_or_washing) Hiss Finger_snapping
0e7f5c7e.wav,Zipper_(clothing) Writing Squeak
0e9e941b.wav,Gurgling Toilet_flush Computer_keyboard
0ea99bf4.wav,Screaming Harmonica Yell
0eaf6d60.wav,Gasp Zipper_(clothing) Meow
0ec7e315.wav,Bass_guitar Gong Mechanical_fan
0ed20fe2.wav,Waves_and_surf Stream Motorcycle
0ee80cb7.wav,Female_speech_and_woman_speaking Electric_guitar Male_singing
0ef6fb07.wav,Shatter Cutlery_and_silverware Hiss
0f07f15f.wav,Crackle Scissors Frying_(food)
0f08a4c8.wav,Chewing_and_mastication Keys_jangling Writing
0f096853.wav,Bus Mechanical_fan Motorcycle
0f1ab7b0.wav,Tap Crackle Finger_snapping
0f3fe29d.wav,Stream Waves_and_surf Toilet_flush
0f50ef2b.wav,Stream Mechanical_fan Waves_and_surf
0f61907d.wav,Bass_guitar Microwave_oven Motorcycle
0f663341.wav,Keys_jangling Chewing_and_mastication Frying_(food)
0f81d5bc.wav,Keys_jangling Trickle_and_dribble Gurgling
0faf5b2e.wav,Microwave_oven Bus Race_car_and_auto_racing
0fc07a52.wav,Keys_jangling Chewing_and_mastication Crackle
0fc6a683.wav,Frying_(food) Bathtub_(filling_or_washing) Hiss
0fccb2e5.wav,Hiss Shatter Whispering
0fd91890.wav,Computer_keyboard Skateboard Raindrop
0fdb30c1.wav,Drawer_open_or_close Slam Cupboard_open_or_close
0fed6565.wav,Toilet_flush Stream Bathtub_(filling_or_washing)
0ff0e483.wav,Yell Sneeze Child_speech_and_kid_speaking
0fffc208.wav,Clapping Gasp Finger_snapping
100e123a.wav,Church_bell Toilet_flush Traffic_noise_and_roadway_noise
100faf3f.wav,Cricket Chirp_and_tweet Printer
101b2011.wav,Finger_snapping Tick-tock Shatter
10234fef.wav,Bass_drum Tap Crackle
10236f0e.wav,Fart Male_speech_and_man_speaking Zipper_(clothing)
102fb14f.wav,Bass_guitar Gong Slam
1052e52b.wav,Burping_and_eructation Gurgling Fart
105460cd.wav,Skateboard Race_car_and_auto_racing Car_passing_by
10678d21.wav,Shatter Keys_jangling Cutlery_and_silverware
107f3deb.wav,Raindrop Drip Trickle_and_dribble
10811159.wav,Clapping Computer_keyboard Fart
10a1aa40.wav,Motorcycle Mechanical_fan Accelerating_and_revving_and_vroom
10a7b8f3.wav,Glockenspiel Harmonica Meow
10acf1b6.wav,Mechanical_fan Frying_(food) Cricket
10c170b1.wav,Keys_jangling Chewing_and_mastication Frying_(food)
10d026e9.wav,Knock Walk_and_footsteps Run
10d94568.wav,Zipper_(clothing) Sneeze Meow
10e6a6ac.wav,Hiss Squeak Hi-hat
10e6db66.wav,Fart Burping_and_eructation Cupboard_open_or_close
10e92421.wav,Skateboard Tick-tock Drawer_open_or_close
10f58e51.wav,Electric_guitar Mechanical_fan Microwave_oven
11071bad.wav,Microwave_oven Meow Marimba_and_xylophone
111f9431.wav,Gurgling Toilet_flush Chewing_and_mastication
112bdb70.wav,Marimba_and_xylophone Church_bell Chink_and_clink
113290e8.wav,Whispering Hiss Writing
1142def0.wav,Shatter Bicycle_bell Frying_(food)
1147c12b.wav,Microwave_oven Chirp_and_tweet Screaming
1158e587.wav,Shatter Cutlery_and_silverware Keys_jangling
11641eb8.wav,Cupboard_open_or_close Skateboard Computer_keyboard
1167b492.wav,Knock Run Walk_and_footsteps
1172c5fb.wav,Bus Mechanical_fan Buzz
117358df.wav,Purr Zipper_(clothing) Crackle
1175ac74.wav,Keys_jangling Shatter Hiss
11b6c488.wav,Frying_(food) Stream Hiss
11cc8bcb.wav,Chewing_and_mastication Crackle Run
12264142.wav,Writing Sneeze Male_speech_and_man_speaking
1226b0e0.wav,Run Tap Crackle
1247b7e3.wav,Glockenspiel Bicycle_bell Marimba_and_xylophone
124a286f.wav,Tick-tock Computer_keyboard Scissors
12600be5.wav,Zipper_(clothing) Waves_and_surf Motorcycle
12689530.wav,Gasp Accordion Zipper_(clothing)
126b674b.wav,Trickle_and_dribble Fill_(with_liquid) Bathtub_(filling_or_washing)
127adb78.wav,Female_singing Child_speech_and_kid_speaking Male_singing
12849e29.wav,Male_speech_and_man_speaking Fart Sigh
128a67de.wav,Bathtub_(filling_or_washing) Hiss Finger_snapping
12bcd3ec.wav,Whispering Hiss Writing
12d3e91f.wav,Zipper_(clothing) Fart Slam
12d8c07f.wav,Bus Mechanical_fan Accelerating_and_revving_and_vroom
12ddf239.wav,Waves_and_surf Motorcycle Zipper_(clothing)
12df81e8.wav,Chewing_and_mastication Crackle Trickle_and_dribble
12ee0010.wav,Bathtub_(filling_or_washing) Shatter Scissors
12fe33b6.wav,Scissors Keys_jangling Chewing_and_mastication
130e4d2f.wav,Burping_and_eructation Male_speech_and_man_speaking Cupboard_open_or_close
13237edd.wav,Shatter Bicycle_bell Chink_and_clink
134c3fea.wav,Finger_snapping Scissors Tap
134c95a2.wav,Writing Keys_jangling Shatter
13694181.wav,Knock Drawer_open_or_close Cupboard_open_or_close
13728313.wav,Gong Traffic_noise_and_roadway_noise Male_singing
13ae306e.wav,Keys_jangling Shatter Cutlery_and_silverware
13cfa025.wav,Bus Traffic_noise_and_roadway_noise Buzz
13e3453c.wav,Frying_(food) Stream Bathtub_(filling_or_washing)
13e84f69.wav,Glockenspiel Hi-hat Marimba_and_xylophone
14096fd8.wav,Mechanical_fan Motorcycle Crackle
142b9865.wav,Bass_guitar Bass_drum Fart
1438cfd0.wav,Marimba_and_xylophone Run Skateboard
143e6d96.wav,Bicycle_bell Meow Hi-hat
14416af5.wav,Sigh Hiss Whispering
1451986d.wav,Printer Accordion Electric_guitar
145a10e4.wav,Hiss Bathtub_(filling_or_washing) Bicycle_bell
146c73a3.wav,Motorcycle Squeak Sigh
14ab7f13.wav,Purr Zipper_(clothing) Tap
14cbc626.wav,Writing Bass_drum Drawer_open_or_close
14d22f20.wav,Keys_jangling Chewing_and_mastication Shatter
14e86cfb.wav,Shatter Finger_snapping Crackle
14fd704c.wav,Bark Gasp Child_speech_and_kid_speaking
151ea709.wav,Raindrop Gurgling Trickle_and_dribble
15288481.wav,Electric_guitar Buzz Microwave_oven
152a4e09.wav,Buzz Bus Church_bell
153579d9.wav,Chewing_and_mastication Run Crackle
1544427c.wav,Tick-tock Frying_(food) Shatter
154696fd.wav,Mechanical_fan Motorcycle Accelerating_and_revving_and_vroom
156bf74f.wav,Toilet_flush Frying_(food) Buzz
156c1736.wav,Traffic_noise_and_roadway_noise Church_bell Waves_and_surf
15776b9c.wav,Tick-tock Computer_keyboard Raindrop
157dd023.wav,Hi-hat Shatter Squeak
15849032.wav,Frying_(food) Keys_jangling Trickle_and_dribble
15868ee8.wav,Hiss Bathtub_(filling_or_washing) Meow
159b8b9b.wav,Toilet_flush Waves_and_surf Bathtub_(filling_or_washing)
159d2208.wav,Zipper_(clothing) Meow Squeak
15a78daf.wav,Gurgling Burping_and_eructation Cutlery_and_silverware
15a98fd7.wav,Bass_drum Bass_guitar Computer_keyboard
15b0d4ec.wav,Glockenspiel Bicycle_bell Marimba_and_xylophone
15bcf71d.wav,Bass_guitar Gong Mechanical_fan
15c34c4f.wav,Crackle Fart Run
15e2bcaa.wav,Harmonica Accordion Squeak
15e7bb78.wav,Shatter Writing Fart
160105ad.wav,Accordion Electric_guitar Bark
1604a3fa.wav,Crackle Tap Run
1606f119.wav,Electric_guitar Drawer_open_or_close Buzz
160acbb0.wav,Cricket Bicycle_bell Chirp_and_tweet
165fd18a.wav,Chewing_and_mastication Zipper_(clothing) Crackle
166a05c0.wav,Gurgling Computer_keyboard Run
1670b964.wav,Zipper_(clothing) Chewing_and_mastication Crackle
167a4f00.wav,Mechanical_fan Buzz Electric_guitar
168be388.wav,Bus Meow Gasp
16b56d33.wav,Keys_jangling Shatter Bathtub_(filling_or_washing)
16bc3f60.wav,Keys_jangling Raindrop Bathtub_(filling_or_washing)
16c7da35.wav,Stream Toilet_flush Bathtub_(filling_or_washing)
16d80f68.wav,Electric_guitar Female_singing Cupboard_open_or_close
16e17bed.wav,Car_passing_by Church_bell Traffic_noise_and_roadway_noise
16f7ac14.wav,Run Drawer_open_or_close Walk_and_footsteps
16fd3589.wav,Writing Zipper_(clothing) Crackle
17135192.wav,Bicycle_bell Hiss Shatter
17140de5.wav,Frying_(food) Hiss Stream
171aa36c.wav,Shatter Crackle Keys_jangling
17361a5c.wav,Stream Waves_and_surf Toilet_flush
1751bb8a.wav,Chewing_and_mastication Keys_jangling Bathtub_(filling_or_washing)
1779b015.wav,Mechanical_fan Electric_guitar Motorcycle
17b6e84f.wav,Writing Whispering Gurgling
17c4b25f.wav,Car_passing_by Traffic_noise_and_roadway_noise Waves_and_surf
17dfb6db.wav,Drawer_open_or_close Gurgling Zipper_(clothing)
1802421a.wav,Waves_and_surf Stream Hi-hat
18183321.wav,Mechanical_fan Stream Car_passing_by
183948d1.wav,Skateboard Waves_and_surf Purr
183fb536.wav,Printer Male_speech_and_man_speaking Squeak
1843680b.wav,Clapping Tap Fart
184aca02.wav,Frying_(food) Stream Hiss
18551bc1.wav,Printer Burping_and_eructation Electric_guitar
1859b7f7.wav,Keys_jangling Scissors Cutlery_and_silverware
1877623e.wav,Skateboard Gurgling Burping_and_eructation
1889c58d.wav,Bark Whispering Printer
18929e41.wav,Accordion Harmonica Female_singing
1899de05.wav,Computer_keyboard Run Slam
18ace84c.wav,Female_singing Child_speech_and_kid_speaking Cupboard_open_or_close
18be000d.wav,Run Toilet_flush Walk_and_footsteps
18c94757.wav,Stream Waves_and_surf Toilet_flush
18ea2e9e.wav,Toilet_flush Bathtub_(filling_or_washing) Printer
18fda5a4.wav,Accordion Harmonica Church_bell
1904f396.wav,Toilet_flush Chirp_and_tweet Buzz
19135157.wav,Zipper_(clothing) Meow Writing
191adc5f.wav,Accordion Cupboard_open_or_close Yell
19303d26.wav,Microwave_oven Bus Motorcycle
193a6063.wav,Microwave_oven Tick-tock Drawer_open_or_close
1945b8ca.wav,Toilet_flush Clapping Hiss
19508dc0.wav,Motorcycle Waves_and_surf Car_passing_by
1960e51e.wav,Hiss Bathtub_(filling_or_washing) Shatter
19754d94.wav,Buzz Sigh Female_singing
197ce5b2.wav,Sneeze Yell Male_singing
199d4d12.wav,Writing Printer Male_speech_and_man_speaking
19a7dec3.wav,Gurgling Toilet_flush Zipper_(clothing)
19bb5700.wav,Car_passing_by Traffic_noise_and_roadway_noise Skateboard
19c7c900.wav,Meow Accordion Bus
19d9401d.wav,Accelerating_and_revving_and_vroom Motorcycle Hiss
19dcb315.wav,Yell Female_speech_and_woman_speaking Female_singing
1a068a84.wav,Male_singing Electric_guitar Buzz
1a0d1b78.wav,Car_passing_by Mechanical_fan Traffic_noise_and_roadway_noise
1a110901.wav,Hiss Frying_(food) Toilet_flush
1a1de9b9.wav,Marimba_and_xylophone Chink_and_clink Glockenspiel
1a1def6e.wav,Waves_and_surf Car_passing_by Traffic_noise_and_roadway_noise
1a1edda6.wav,Yell Female_speech_and_woman_speaking Female_singing
1a2580e1.wav,Fart Zipper_(clothing) Purr
1a35ded5.wav,Bathtub_(filling_or_washing) Hiss Frying_(food)
1a362723.wav,Meow Yell Female_singing
1a44ace1.wav,Bass_guitar Gong Church_bell
1a51eefe.wav,Trickle_and_dribble Fill_(with_liquid) Burping_and_eructation
1a5c4e84.wav,Motorcycle Accelerating_and_revving_and_vroom Waves_and_surf
1a606ef2.wav,Cricket Crackle Purr
1a6925fa.wav,Keys_jangling Chewing_and_mastication Scissors
1a884f9e.wav,Tick-tock Computer_keyboard Writing
1abdac69.wav,Keys_jangling Chewing_and_mastication Run
1ac6f6f3.wav,Sigh Waves_and_surf Motorcycle
1acae695.wav,Mechanical_fan Traffic_noise_and_roadway_noise Bus
1acb3d32.wav,Electric_guitar Microwave_oven Male_speech_and_man_speaking
1ad7f703.wav,Crackle Purr Zipper_(clothing)
1ae3ca16.wav,Purr Zipper_(clothing) Crackle
1aec75a6.wav,Bass_drum Bass_guitar Writing
1b0687b2.wav,Zipper_(clothing) Meow Whispering
1b086eb7.wav,Crackle Purr Zipper_(clothing)
1b0a3884.wav,Sigh Gasp Hiss
1b1d1b2d.wav,Hiss Fart Shatter
1b3ecd82.wav,Bus Microwave_oven Traffic_noise_and_roadway_noise
1b5b6468.wav,Sneeze Gasp Sigh
1b5daf72.wav,Zipper_(clothing) Hiss Squeak
1b68d94a.wav,Zipper_(clothing) Waves_and_surf Motorcycle
1ba04ecc.wav,Writing Keys_jangling Hiss
1bc14732.wav,Whispering Cutlery_and_silverware Chirp_and_tweet
1bcfdfb5.wav,Bass_drum Buzz Bass_guitar
1bd82417.wav,Church_bell Gong Harmonica
1be1c727.wav,Drawer_open_or_close Slam Cupboard_open_or_close
1bfd4be2.wav,Skateboard Writing Zipper_(clothing)
1c0e284a.wav,Mechanical_fan Frying_(food) Motorcycle
1c0fbe4b.wav,Meow Electric_guitar Microwave_oven
1c1dd720.wav,Female_singing Child_speech_and_kid_speaking Electric_guitar
1c3bd325.wav,Hiss Gurgling Fart
1c699cb7.wav,Bus Microwave_oven Traffic_noise_and_roadway_noise
1c6d56db.wav,Harmonica Screaming Electric_guitar
1c77cedf.wav,Skateboard Waves_and_surf Zipper_(clothing)
1c785226.wav,Shatter Chink_and_clink Keys_jangling
1c79ca96.wav,Bathtub_(filling_or_washing) Hiss Waves_and_surf
1c8369cf.wav,Male_speech_and_man_speaking Zipper_(clothing) Burping_and_eructation
1c983e19.wav,Computer_keyboard Skateboard Chewing_and_mastication
1c9e3f10.wav,Tap Bass_drum Knock
1cc5b5f7.wav,Fart Crackle Run
1cd55ad6.wav,Stream Mechanical_fan Traffic_noise_and_roadway_noise
1cf8379b.wav,Bicycle_bell Hiss Bathtub_(filling_or_washing)
1d11b910.wav,Frying_(food) Stream Bathtub_(filling_or_washing)
1d1778c4.wav,Bass_drum Bass_guitar Cupboard_open_or_close
1d1863a4.wav,Mechanical_fan Microwave_oven Bus
1d2459ce.wav,Male_singing Child_speech_and_kid_speaking Gasp
1d279116.wav,Sigh Marimba_and_xylophone Toilet_flush
1d33f8e1.wav,Shatter Bicycle_bell Finger_snapping
1d4ae8ab.wav,Shatter Crackle Chewing_and_mastication
1d58040b.wav,Meow Child_speech_and_kid_speaking Harmonica
1d6f2b16.wav,Female_speech_and_woman_speaking Male_singing Female_singing
1d7d2a17.wav,Toilet_flush Drawer_open_or_close Buzz
1db41feb.wav,Church_bell Female_singing Screaming
1dbcd4ba.wav,Computer_keyboard Chewing_and_mastication Run
1dc3166b.wav,Burping_and_eructation Fart Male_speech_and_man_speaking
1dc417cd.wav,Zipper_(clothing) Writing Chewing_and_mastication
1dcc4dd4.wav,Mechanical_fan Microwave_oven Motorcycle
1de84153.wav,Microwave_oven Mechanical_fan Bus
1ded5864.wav,Whispering Bass_drum Buzz
1def6435.wav,Male_speech_and_man_speaking Zipper_(clothing) Male_singing
1dfa910d.wav,Bathtub_(filling_or_washing) Hiss Finger_snapping
1e0b81a9.wav,Electric_guitar Female_speech_and_woman_speaking Printer
1e1a72d5.wav,Sigh Meow Harmonica
1e1e674a.wav,Keys_jangling Shatter Bathtub_(filling_or_washing)
1e3763ba.wav,Meow Squeak Harmonica
1e3cd2f0.wav,Female_speech_and_woman_speaking Yell Male_speech_and_man_speaking
1e6572de.wav,Accordion Harmonica Squeak
1e6e9131.wav,Male_singing Zipper_(clothing) Motorcycle
1e6fe316.wav,Stream Skateboard Waves_and_surf
1e7b59a7.wav,Child_speech_and_kid_speaking Female_singing Sigh
1e8a965c.wav,Mechanical_fan Bus Stream
1e8fe3d2.wav,Child_speech_and_kid_speaking Female_singing Chewing_and_mastication
1ea533ec.wav,Bass_guitar Gong Church_bell
1eac92a1.wav,Glockenspiel Marimba_and_xylophone Harmonica
1ec2f60d.wav,Writing Printer Stream
1eda3d26.wav,Church_bell Male_singing Screaming
1f27827e.wav,Accordion Harmonica Squeak
1f293888.wav,Bass_drum Cupboard_open_or_close Bass_guitar
1f3d2f22.wav,Stream Toilet_flush Hiss
1f52baf2.wav,Shatter Hi-hat Cutlery_and_silverware
1f58cc84.wav,Male_singing Female_singing Accordion
1f63c45e.wav,Fart Zipper_(clothing) Cupboard_open_or_close
1f85a5c7.wav,Purr Zipper_(clothing) Writing
1f9c1f3e.wav,Electric_guitar Buzz Male_singing
1fc0282a.wav,Crackle Chewing_and_mastication Run
1fc8f9a5.wav,Bicycle_bell Glockenspiel Whispering
1fd74cc3.wav,Glockenspiel Bicycle_bell Marimba_and_xylophone
1fde2c61.wav,Bus Traffic_noise_and_roadway_noise Church_bell
1fe639ee.wav,Zipper_(clothing) Chewing_and_mastication Whispering
1fec2121.wav,Whispering Zipper_(clothing) Writing
1ff215f3.wav,Tick-tock Printer Toilet_flush
200b6920.wav,Drawer_open_or_close Toilet_flush Slam
2012b2f4.wav,Run Walk_and_footsteps Slam
201c18ee.wav,Purr Motorcycle Waves_and_surf
20612e10.wav,Traffic_noise_and_roadway_noise Car_passing_by Stream
2069253a.wav,Frying_(food) Bathtub_(filling_or_washing) Stream
206c0a24.wav,Chewing_and_mastication Scissors Crackle
20801c98.wav,Car_passing_by Church_bell Hi-hat
2087f937.wav,Skateboard Bathtub_(filling_or_washing) Toilet_flush
20898b89.wav,Stream Frying_(food) Bathtub_(filling_or_washing)
20b16812.wav,Bicycle_bell Squeak Chirp_and_tweet
20c3541c.wav,Scissors Keys_jangling Chink_and_clink
20d2ad1c.wav,Hiss Whispering Shatter
20dc6392.wav,Crackle Computer_keyboard Keys_jangling
20e285c7.wav,Stream Toilet_flush Waves_and_surf
21102a3a.wav,Hiss Sigh Bathtub_(filling_or_washing)
2113043a.wav,Marimba_and_xylophone Chink_and_clink Church_bell
2142adda.wav,Trickle_and_dribble Bathtub_(filling_or_washing) Gurgling
21447ea7.wav,Accordion Female_singing Harmonica
21455882.wav,Bathtub_(filling_or_washing) Hiss Stream
2157612c.wav,Waves_and_surf Traffic_noise_and_roadway_noise Car_passing_by
2159eea8.wav,Electric_guitar Accordion Squeak
2175b26d.wav,Gong Bass_guitar Slam
217b109a.wav,Mechanical_fan Stream Motorcycle
2189acc6.wav,Accordion Female_singing Harmonica
218b15dc.wav,Zipper_(clothing) Bark Burping_and_eructation
218c8907.wav,Stream Waves_and_surf Toilet_flush
21b0c9cb.wav,Chewing_and_mastication Skateboard Run
21b24d69.wav,Tap Knock Bass_drum
21b601cd.wav,Church_bell Male_singing Female_singing
21d2eb4c.wav,Zipper_(clothing) Chewing_and_mastication Bathtub_(filling_or_washing)
21d49986.wav,Bass_drum Knock Whispering
21e8d6a9.wav,Drawer_open_or_close Bass_drum Run
21eb5d58.wav,Waves_and_surf Toilet_flush Stream
21eca32f.wav,Tick-tock Computer_keyboard Cutlery_and_silverware
21fa3245.wav,Gurgling Run Knock
2210c997.wav,Printer Meow Squeak
2216c947.wav,Motorcycle Zipper_(clothing) Accelerating_and_revving_and_vroom
223032ba.wav,Bathtub_(filling_or_washing) Hiss Frying_(food)
2236c850.wav,Purr Crackle Knock
223a5173.wav,Sneeze Male_singing Cupboard_open_or_close
22522048.wav,Waves_and_surf Traffic_noise_and_roadway_noise Toilet_flush
2263763d.wav,Chewing_and_mastication Run Zipper_(clothing)
228a538c.wav,Tick-tock Keys_jangling Raindrop
22a7e375.wav,Stream Toilet_flush Frying_(food)
22b07889.wav,Burping_and_eructation Marimba_and_xylophone Skateboard
22b6b9aa.wav,Hi-hat Gong Shatter
22c5ea2f.wav,Church_bell Traffic_noise_and_roadway_noise Waves_and_surf
22c78043.wav,Male_speech_and_man_speaking Female_speech_and_woman_speaking Whispering
22c98028.wav,Chewing_and_mastication Skateboard Run
22c9b301.wav,Mechanical_fan Church_bell Car_passing_by
22cd860e.wav,Chewing_and_mastication Run Writing
22f22fc9.wav,Cupboard_open_or_close Run Knock
22f2d98a.wav,Run Computer_keyboard Gurgling
2303e210.wav,Shatter Cutlery_and_silverware Bicycle_bell
23244f49.wav,Chirp_and_tweet Whispering Cricket
2327b6de.wav,Bass_drum Bass_guitar Knock
2343daa5.wav,Mechanical_fan Bus Printer
235213ce.wav,Raindrop Drip Shatter
235f959c.wav,Meow Female_singing Electric_guitar
236e7ce1.wav,Hi-hat Hiss Bathtub_(filling_or_washing)
23726888.wav,Glockenspiel Marimba_and_xylophone Drawer_open_or_close
23756062.wav,Bus Car_passing_by Traffic_noise_and_roadway_noise
238b11f0.wav,Cupboard_open_or_close Slam Computer_keyboard
23a07927.wav,Mechanical_fan Frying_(food) Hiss
23a2669b.wav,Buzz Bus Female_singing
23c4613e.wav,Tap Knock Gurgling
23c714b5.wav,Bass_drum Crackle Bass_guitar
23d35eea.wav,Zipper_(clothing) Chewing_and_mastication Whispering
23fabbb4.wav,Bathtub_(filling_or_washing) Hiss Shatter
23fe505d.wav,Keys_jangling Scissors Chewing_and_mastication
2406d1de.wav,Gong Bass_guitar Mechanical_fan
240e9caa.wav,Female_singing Bass_guitar Sigh
24456657.wav,Stream Toilet_flush Waves_and_surf
244a60cd.wav,Fart Squeak Crackle
2451cad9.wav,Harmonica Meow Screaming
2451d17b.wav,Marimba_and_xylophone Church_bell Gong
245c01e6.wav,Bus Traffic_noise_and_roadway_noise Motorcycle
2462f236.wav,Accordion Buzz Electric_guitar
24ae5bef.wav,Accordion Male_singing Electric_guitar
24ce9114.wav,Writing Printer Meow
24dda4ed.wav,Bathtub_(filling_or_washing) Hiss Bicycle_bell
24ecb25d.wav,Chirp_and_tweet Meow Screaming
24f04ba5.wav,Run Walk_and_footsteps Slam
2548960b.wav,Sigh Buzz Gasp
256d567f.wav,Chewing_and_mastication Keys_jangling Crackle
2583a54d.wav,Bathtub_(filling_or_washing) Hiss Waves_and_surf
2599ff86.wav,Meow Sigh Zipper_(clothing)
259e3fa7.wav,Trickle_and_dribble Fill_(with_liquid) Stream
25a8ef58.wav,Crackle Bass_drum Knock
25a991a1.wav,Bathtub_(filling_or_washing) Hiss Finger_snapping
25beac1d.wav,Shatter Keys_jangling Hiss
25c32640.wav,Drawer_open_or_close Toilet_flush Sneeze
25c8686f.wav,Burping_and_eructation Walk_and_footsteps Drawer_open_or_close
25d481d6.wav,Bass_drum Cupboard_open_or_close Knock
25e059d3.wav,Traffic_noise_and_roadway_noise Car_passing_by Mechanical_fan
25e23528.wav,Screaming Meow Yell
25e75fa8.wav,Frying_(food) Keys_jangling Trickle_and_dribble
261cdf15.wav,Mechanical_fan Stream Traffic_noise_and_roadway_noise
262131af.wav,Bass_guitar Gong Slam
2624e8ff.wav,Writing Whispering Printer
26263cf0.wav,Marimba_and_xylophone Clapping Chink_and_clink
262a7108.wav,Chewing_and_mastication Waves_and_surf Motorcycle
262d4cca.wav,Glockenspiel Hi-hat Harmonica
2655ac2c.wav,Accordion Buzz Female_singing
26a25f5d.wav,Marimba_and_xylophone Chink_and_clink Tap
26a4977c.wav,Purr Zipper_(clothing) Crackle
26a6c2f3.wav,Finger_snapping Tap Clapping
26abfa32.wav,Chewing_and_mastication Crackle Computer_keyboard
26c001b7.wav,Stream Frying_(food) Hiss
26c01e3f.wav,Female_singing Electric_guitar Cupboard_open_or_close
26f921e3.wav,Finger_snapping Crackle Tap
2707f8b0.wav,Female_singing Accordion Female_speech_and_woman_speaking
27080c56.wav,Skateboard Gurgling Computer_keyboard
271ade69.wav,Gong Motorcycle Microwave_oven
272d95c7.wav,Hi-hat Stream Church_bell
2733bb3f.wav,Accordion Harmonica Female_singing
27446bcd.wav,Bass_drum Bass_guitar Church_bell
2756ca54.wav,Zipper_(clothing) Squeak Male_speech_and_man_speaking
2758a116.wav,Female_singing Accordion Male_singing
275e1bb6.wav,Female_speech_and_woman_speaking Female_singing Male_speech_and_man_speaking
278a19ee.wav,Zipper_(clothing) Meow Squeak
27903ab8.wav,Zipper_(clothing) Tap Gurgling
27924331.wav,Bathtub_(filling_or_washing) Hiss Keys_jangling
279d4550.wav,Writing Whispering Crackle
27a4f4a8.wav,Gasp Car_passing_by Traffic_noise_and_roadway_noise
27a8cf7f.wav,Run Tap Knock
27b8db15.wav,Car_passing_by Traffic_noise_and_roadway_noise Mechanical_fan
27c8eacc.wav,Bass_drum Writing Bass_guitar
27ce0e90.wav,Chewing_and_mastication Run Keys_jangling
27d07e83.wav,Bicycle_bell Meow Hiss
27d43eba.wav,Stream Mechanical_fan Waves_and_surf
27df10d1.wav,Sneeze Female_speech_and_woman_speaking Yell
27e085c0.wav,Drawer_open_or_close Run Writing
280c07e4.wav,Clapping Sigh Fart
2810d717.wav,Chewing_and_mastication Crackle Scissors
28142c7d.wav,Toilet_flush Bathtub_(filling_or_washing) Waves_and_surf
28199c01.wav,Slam Drawer_open_or_close Cupboard_open_or_close
2833e567.wav,Fill_(with_liquid) Trickle_and_dribble Stream
28383990.wav,Shatter Cutlery_and_silverware Chink_and_clink
283bc0ea.wav,Keys_jangling Chewing_and_mastication Run
2842be8c.wav,Computer_keyboard Run Bathtub_(filling_or_washing)
28849a80.wav,Bathtub_(filling_or_washing) Hiss Waves_and_surf
288a89c1.wav,Motorcycle Mechanical_fan Microwave_oven
2894416d.wav,Walk_and_footsteps Crackle Computer_keyboard
289fb0b8.wav,Crowd Church_bell Traffic_noise_and_roadway_noise
28a2ff49.wav,Knock Tap Run
28a9213d.wav,Computer_keyboard Chewing_and_mastication Gurgling
28d22d2e.wav,Printer Burping_and_eructation Electric_guitar
28d2f36f.wav,Accordion Female_singing Harmonica
28e13187.wav,Knock Tap Run
28e32693.wav,Gong Bass_guitar Slam
28f49053.wav,Bathtub_(filling_or_washing) Toilet_flush Skateboard
28ff0651.wav,Church_bell Male_singing Harmonica
290e30df.wav,Fart Zipper_(clothing) Male_speech_and_man_speaking
292ef00f.wav,Sigh Clapping Hiss
2934735d.wav,Zipper_(clothing) Meow Squeak
2934d413.wav,Tap Knock Clapping
29365227.wav,Tick-tock Scissors Chewing_and_mastication
295268ea.wav,Traffic_noise_and_roadway_noise Car_passing_by Bus
29699f09.wav,Meow Zipper_(clothing) Harmonica
297219cc.wav,Shatter Finger_snapping Bicycle_bell
2980d500.wav,Scissors Chewing_and_mastication Crackle
29826356.wav,Gasp Sneeze Meow
29b0574f.wav,Writing Gurgling Chewing_and_mastication
29d72dfb.wav,Waves_and_surf Car_passing_by Accelerating_and_revving_and_vroom
29dd29fb.wav,Drawer_open_or_close Walk_and_footsteps Run
29e4880e.wav,Bathtub_(filling_or_washing) Keys_jangling Chewing_and_mastication
2a0893c6.wav,Bass_guitar Gong Marimba_and_xylophone
2a0a3828.wav,Gurgling Chewing_and_mastication Keys_jangling
2a484593.wav,Clapping Run Tap
2a557637.wav,Computer_keyboard Keys_jangling Tick-tock
2a79d0a8.wav,Chink_and_clink Church_bell Gong
2a9c7202.wav,Frying_(food) Stream Trickle_and_dribble
2aa1e0b8.wav,Sneeze Female_speech_and_woman_speaking Child_speech_and_kid_speaking
2ac8607d.wav,Screaming Bark Gasp
2ad174b4.wav,Keys_jangling Computer_keyboard Shatter
2ae04dd7.wav,Mechanical_fan Microwave_oven Bus
2aedff46.wav,Whispering Writing Bicycle_bell
2af10e99.wav,Chink_and_clink Hi-hat Shatter
2af77e7f.wav,Mechanical_fan Car_passing_by Stream
2b160bb2.wav,Crackle Shatter Chewing_and_mastication
2b2613d8.wav,Toilet_flush Waves_and_surf Stream
2b6ee441.wav,Chewing_and_mastication Keys_jangling Scissors
2b95327b.wav,Mechanical_fan Motorcycle Microwave_oven
2b9ca464.wav,Knock Purr Crackle
2bab5b09.wav,Zipper_(clothing) Gurgling Purr
2bb1503c.wav,Gasp Sigh Sneeze
2bbf558e.wav,Finger_snapping Shatter Scissors
2be779a7.wav,Drawer_open_or_close Slam Run
2c010e00.wav,Mechanical_fan Microwave_oven Motorcycle
2c2a3c77.wav,Writing Printer Tick-tock
2c2d400b.wav,Keys_jangling Run Shatter
2c39bb30.wav,Church_bell Gong Harmonica
2c3a44f2.wav,Bathtub_(filling_or_washing) Trickle_and_dribble Toilet_flush
2c7a5078.wav,Accordion Electric_guitar Buzz
2c809d4f.wav,Writing Computer_keyboard Drawer_open_or_close
2c8b8812.wav,Chewing_and_mastication Computer_keyboard Run
2c924848.wav,Microwave_oven Motorcycle Bus
2cc7f972.wav,Zipper_(clothing) Purr Bass_guitar
2cd526f7.wav,Run Slam Walk_and_footsteps
2cdfa8c1.wav,Zipper_(clothing) Toilet_flush Drawer_open_or_close
2cf4955c.wav,Traffic_noise_and_roadway_noise Chirp_and_tweet Waves_and_surf
2cfdaecd.wav,Frying_(food) Stream Bathtub_(filling_or_washing)
2d0863b7.wav,Bus Buzz Mechanical_fan
2d09c7ca.wav,Chirp_and_tweet Screaming Bicycle_bell
2d15ca77.wav,Bathtub_(filling_or_washing) Scissors Chewing_and_mastication
2d209c25.wav,Tap Run Knock
2d21dbf4.wav,Purr Motorcycle Bass_guitar
2d455ed9.wav,Keys_jangling Computer_keyboard Chewing_and_mastication
2d4961a8.wav,Crackle Cricket Zipper_(clothing)
2d4a0250.wav,Whispering Writing Chewing_and_mastication
2d56c2ae.wav,Keys_jangling Shatter Bathtub_(filling_or_washing)
2d5dcc5d.wav,Knock Tap Run
2d666c1d.wav,Hi-hat Glockenspiel Marimba_and_xylophone
2d6d99d4.wav,Sneeze Male_singing Cupboard_open_or_close
2d7218f8.wav,Bark Screaming Gasp
2d7ae271.wav,Male_singing Male_speech_and_man_speaking Race_car_and_auto_racing
2d8135cc.wav,Stream Trickle_and_dribble Fill_(with_liquid)
2d88fa59.wav,Clapping Shatter Chink_and_clink
2da4c729.wav,Accelerating_and_revving_and_vroom Motorcycle Mechanical_fan
2db579cb.wav,Waves_and_surf Drawer_open_or_close Slam
2db63f0d.wav,Writing Whispering Run
2dd2a6bf.wav,Stream Waves_and_surf Toilet_flush
2df0cf1f.wav,Drawer_open_or_close Writing Zipper_(clothing)
2df1f901.wav,Chewing_and_mastication Run Computer_keyboard
2dfd32a3.wav,Buzz Bus Female_singing
2e61e614.wav,Screaming Meow Harmonica
2e820b05.wav,Chirp_and_tweet Meow Microwave_oven
2e8b4709.wav,Female_speech_and_woman_speaking Electric_guitar Male_speech_and_man_speaking
2e9ced66.wav,Mechanical_fan Microwave_oven Bus
2ea33689.wav,Accordion Buzz Harmonica
2eade3e1.wav,Church_bell Traffic_noise_and_roadway_noise Buzz
2eb3002c.wav,Meow Accordion Harmonica
2eb51f57.wav,Marimba_and_xylophone Glockenspiel Drawer_open_or_close
2ed9ce69.wav,Harmonica Motorcycle Mechanical_fan
2edb4142.wav,Frying_(food) Toilet_flush Bathtub_(filling_or_washing)
2ee3ef28.wav,Female_speech_and_woman_speaking Male_speech_and_man_speaking Male_singing
2ee9f139.wav,Cupboard_open_or_close Male_singing Burping_and_eructation
2eeb7f35.wav,Meow Harmonica Child_speech_and_kid_speaking
2eec6eda.wav,Marimba_and_xylophone Microwave_oven Electric_guitar
2f00863c.wav,Bus Traffic_noise_and_roadway_noise Car_passing_by
2f14d3b3.wav,Bass_drum Bass_guitar Drawer_open_or_close
2f2ab304.wav,Traffic_noise_and_roadway_noise Car_passing_by Church_bell
2f41afe1.wav,Motorcycle Accelerating_and_revving_and_vroom Church_bell
2f529eb8.wav,Frying_(food) Stream Trickle_and_dribble
2f5cbf20.wav,Slam Drawer_open_or_close Buzz
2f6331aa.wav,Sneeze Female_speech_and_woman_speaking Male_speech_and_man_speaking
2f643c50.wav,Printer Accordion Yell
2f785877.wav,Bass_drum Bass_guitar Knock
2f84c8e9.wav,Electric_guitar Mechanical_fan Buzz
2f8dd247.wav,Mechanical_fan Traffic_noise_and_roadway_noise Waves_and_surf
2f94fca3.wav,Burping_and_eructation Trickle_and_dribble Gurgling
2fa1cc09.wav,Finger_snapping Tap Shatter
2fc6ede8.wav,Computer_keyboard Slam Run
2fe3ae63.wav,Computer_keyboard Shatter Keys_jangling
2ffd2145.wav,Child_speech_and_kid_speaking Female_singing Female_speech_and_woman_speaking
3011c55b.wav,Accordion Female_singing Buzz
3012731a.wav,Skateboard Run Cupboard_open_or_close
302f4eb8.wav,Gong Church_bell Harmonica
303d4668.wav,Chirp_and_tweet Walk_and_footsteps Bicycle_bell
304d8a8e.wav,Marimba_and_xylophone Glockenspiel Meow
304f25f4.wav,Tick-tock Bathtub_(filling_or_washing) Toilet_flush
3052fe86.wav,Waves_and_surf Cricket Mechanical_fan
3061e8d1.wav,Screaming Yell Harmonica
309169fa.wav,Male_singing Female_singing Female_speech_and_woman_speaking
30960f70.wav,Traffic_noise_and_roadway_noise Bus Buzz
309eea85.wav,Female_singing Accordion Harmonica
30ac78a6.wav,Bathtub_(filling_or_washing) Hiss Finger_snapping
30d1840b.wav,Keys_jangling Chewing_and_mastication Shatter
30dc07a7.wav,Bass_drum Knock Church_bell
30e1162a.wav,Child_speech_and_kid_speaking Female_singing Electric_guitar
30e40cc3.wav,Traffic_noise_and_roadway_noise Church_bell Buzz
30f7577e.wav,Toilet_flush Drawer_open_or_close Walk_and_footsteps
30f8ba51.wav,Bass_guitar Mechanical_fan Gong
3102ff8d.wav,Crackle Chewing_and_mastication Zipper_(clothing)
311fcc0d.wav,Chirp_and_tweet Squeak Bicycle_bell
3129e5b4.wav,Bass_drum Bass_guitar Computer_keyboard
312c730c.wav,Bathtub_(filling_or_washing) Stream Hiss
312e1179.wav,Bathtub_(filling_or_washing) Hiss Frying_(food)
312e698e.wav,Mechanical_fan Motorcycle Microwave_oven
31312cda.wav,Church_bell Shatter Car_passing_by
3134c1f5.wav,Crackle Chewing_and_mastication Frying_(food)
31452d93.wav,Stream Mechanical_fan Traffic_noise_and_roadway_noise
314a8107.wav,Sigh Clapping Hiss
3174521f.wav,Slam Drawer_open_or_close Microwave_oven
3177529f.wav,Zipper_(clothing) Chewing_and_mastication Hiss
317e5fda.wav,Shatter Hiss Chink_and_clink
3190ca46.wav,Bicycle_bell Cricket Bathtub_(filling_or_washing)
31ab1bc4.wav,Burping_and_eructation Whispering Fart
31b883cb.wav,Burping_and_eructation Fart Skateboard
31bf8f6c.wav,Female_singing Bark Church_bell
31c60809.wav,Finger_snapping Scissors Tick-tock
31c7a683.wav,Chirp_and_tweet Bicycle_bell Bus
31cfaf7c.wav,Sneeze Writing Whispering
31ea3391.wav,Traffic_noise_and_roadway_noise Microwave_oven Car_passing_by
31f4d839.wav,Computer_keyboard Run Slam
31fe4058.wav,Knock Tap Run
31ff4a9f.wav,Keys_jangling Tick-tock Cutlery_and_silverware
320adc8a.wav,Frying_(food) Bathtub_(filling_or_washing) Stream
320b9457.wav,Mechanical_fan Motorcycle Bus
320cb73f.wav,Waves_and_surf Skateboard Car_passing_by
321c61dd.wav,Mechanical_fan Motorcycle Bus
321d7624.wav,Bass_guitar Church_bell Marimba_and_xylophone
322c634e.wav,Male_singing Female_singing Electric_guitar
3246e22c.wav,Motorcycle Mechanical_fan Accelerating_and_revving_and_vroom
32663622.wav,Microwave_oven Tick-tock Keys_jangling
3273193a.wav,Chirp_and_tweet Meow Traffic_noise_and_roadway_noise
327ff97c.wav,Keys_jangling Scissors Cutlery_and_silverware
3288c908.wav,Buzz Zipper_(clothing) Motorcycle
329d5f81.wav,Frying_(food) Toilet_flush Bathtub_(filling_or_washing)
32aaacf1.wav,Hiss Shatter Keys_jangling
32ad561a.wav,Car_passing_by Traffic_noise_and_roadway_noise Gong
32b66826.wav,Gasp Bark Zipper_(clothing)
32bf8f9d.wav,Skateboard Fart Cupboard_open_or_close
32cce167.wav,Hiss Zipper_(clothing) Whispering
32d21079.wav,Bicycle_bell Squeak Microwave_oven
32e0e55a.wav,Bass_guitar Gong Slam
32f26b94.wav,Zipper_(clothing) Hiss Toilet_flush
330b1461.wav,Chewing_and_mastication Run Writing
3313662e.wav,Tap Computer_keyboard Tick-tock
33139052.wav,Hi-hat Squeak Gong
33170581.wav,Microwave_oven Meow Screaming
332246f6.wav,Zipper_(clothing) Squeak Writing
33355c50.wav,Cricket Fill_(with_liquid) Bicycle_bell
3347121c.wav,Toilet_flush Bus Chirp_and_tweet
3353d705.wav,Mechanical_fan Microwave_oven Bus
335d2ea3.wav,Harmonica Screaming Female_singing
336a88c3.wav,Hi-hat Shatter Cutlery_and_silverware
338669d9.wav,Zipper_(clothing) Crackle Chewing_and_mastication
33a61f8d.wav,Computer_keyboard Slam Bass_drum
33bc9deb.wav,Keys_jangling Scissors Cutlery_and_silverware
33c82ad4.wav,Female_singing Bark Child_speech_and_kid_speaking
33ef8393.wav,Bicycle_bell Marimba_and_xylophone Shatter
33fbfca7.wav,Frying_(food) Hiss Stream
34035cf8.wav,Drawer_open_or_close Microwave_oven Walk_and_footsteps
340d5db4.wav,Church_bell Car_passing_by Accelerating_and_revving_and_vroom
340da762.wav,Purr Knock Crackle
34120253.wav,Accordion Harmonica Squeak
341efc4b.wav,Car_passing_by Gong Church_bell
342cc3ae.wav,Female_singing Child_speech_and_kid_speaking Yell
34486c7f.wav,Electric_guitar Bass_guitar Marimba_and_xylophone
34510c7a.wav,Skateboard Chewing_and_mastication Waves_and_surf
34512413.wav,Keys_jangling Writing Shatter
346fc59c.wav,Writing Zipper_(clothing) Printer
3474d7cd.wav,Keys_jangling Chewing_and_mastication Scissors
348aaf17.wav,Keys_jangling Chewing_and_mastication Shatter
349e5ea7.wav,Run Fart Gurgling
34aac2b5.wav,Accordion Female_singing Buzz
34c53320.wav,Burping_and_eructation Fart Marimba_and_xylophone
34cca3b3.wav,Bus Microwave_oven Motorcycle
34d0b2ca.wav,Sneeze Female_speech_and_woman_speaking Yell
34d4cfda.wav,Church_bell Bus Male_singing
34dc323b.wav,Bark Accordion Gasp
34e6a0de.wav,Cricket Chirp_and_tweet Bicycle_bell
34f2c99d.wav,Fart Male_speech_and_man_speaking Zipper_(clothing)
34fbb318.wav,Computer_keyboard Gurgling Chewing_and_mastication
3500ed9d.wav,Marimba_and_xylophone Gong Knock
350942d1.wav,Drawer_open_or_close Sigh Walk_and_footsteps
351a8abe.wav,Bus Mechanical_fan Motorcycle
352ce267.wav,Bass_drum Bass_guitar Knock
3544797d.wav,Writing Drawer_open_or_close Run
354d467a.wav,Male_speech_and_man_speaking Bark Zipper_(clothing)
355ddeda.wav,Stream Toilet_flush Bathtub_(filling_or_washing)
356adc0d.wav,Tick-tock Writing Printer
356b99de.wav,Microwave_oven Chirp_and_tweet Squeak
35930583.wav,Child_speech_and_kid_speaking Female_singing Female_speech_and_woman_speaking
359a6e84.wav,Screaming Meow Yell
35a7edad.wav,Bass_drum Knock Crackle
35a8a688.wav,Chewing_and_mastication Keys_jangling Trickle_and_dribble
35d5aca3.wav,Accelerating_and_revving_and_vroom Mechanical_fan Church_bell
35dbfd81.wav,Church_bell Accordion Harmonica
36027dca.wav,Bass_drum Bass_guitar Computer_keyboard
361237d6.wav,Bus Buzz Male_singing
361c9c0e.wav,Shatter Bicycle_bell Keys_jangling
3623b13a.wav,Female_singing Child_speech_and_kid_speaking Male_singing
3626ac5a.wav,Bicycle_bell Hiss Meow
362f92f4.wav,Female_speech_and_woman_speaking Female_singing Child_speech_and_kid_speaking
366d25a7.wav,Accordion Harmonica Squeak
366d6820.wav,Waves_and_surf Stream Toilet_flush
367ef5a8.wav,Microwave_oven Gong Bass_guitar
36896b31.wav,Tick-tock Traffic_noise_and_roadway_noise Microwave_oven
368e3f09.wav,Whispering Hiss Bathtub_(filling_or_washing)
36b92bec.wav,Hi-hat Squeak Gong
36beb3fd.wav,Child_speech_and_kid_speaking Yell Female_speech_and_woman_speaking
36c459de.wav,Church_bell Harmonica Gong
36dfae4f.wav,Slam Cupboard_open_or_close Run
36fe695f.wav,Drawer_open_or_close Zipper_(clothing) Chewing_and_mastication
37053a90.wav,Mechanical_fan Frying_(food) Motorcycle
370eaa84.wav,Crowd Race_car_and_auto_racing Church_bell
37155f3a.wav,Car_passing_by Traffic_noise_and_roadway_noise Gong
37790f99.wav,Frying_(food) Bathtub_(filling_or_washing) Hiss
378216b2.wav,Mechanical_fan Traffic_noise_and_roadway_noise Car_passing_by
37856035.wav,Toilet_flush Skateboard Clapping
3792237d.wav,Waves_and_surf Toilet_flush Motorcycle
37941050.wav,Mechanical_fan Bus Waves_and_surf
379ae4e1.wav,Stream Frying_(food) Bathtub_(filling_or_washing)
379b7e21.wav,Bathtub_(filling_or_washing) Trickle_and_dribble Fill_(with_liquid)
379c063d.wav,Fart Shatter Cupboard_open_or_close
37a1946c.wav,Microwave_oven Tick-tock Slam
37a7927f.wav,Knock Walk_and_footsteps Tap
37c95c1c.wav,Female_singing Child_speech_and_kid_speaking Yell
37ccc1ea.wav,Bathtub_(filling_or_washing) Hiss Bicycle_bell
37d609aa.wav,Bathtub_(filling_or_washing) Chewing_and_mastication Keys_jangling
37dc178a.wav,Bathtub_(filling_or_washing) Hiss Mechanical_fan
37f5f0d8.wav,Cricket Mechanical_fan Chirp_and_tweet
382587b8.wav,Bass_drum Knock Male_speech_and_man_speaking
382cd8c5.wav,Slam Drawer_open_or_close Microwave_oven
38368c9b.wav,Zipper_(clothing) Hiss Waves_and_surf
384b0ff2.wav,Marimba_and_xylophone Gong Female_singing
38544190.wav,Tap Gurgling Run
38558ab1.wav,Male_speech_and_man_speaking Gurgling Fart
3858d281.wav,Knock Printer Cupboard_open_or_close
385e8b0f.wav,Tap Knock Gurgling
38636d71.wav,Screaming Yell Harmonica
38669440.wav,Tick-tock Computer_keyboard Stream
387014ab.wav,Stream Mechanical_fan Toilet_flush
3876c193.wav,Cupboard_open_or_close Sneeze Gasp
388f70a5.wav,Traffic_noise_and_roadway_noise Car_passing_by Skateboard
38b9ff18.wav,Child_speech_and_kid_speaking Electric_guitar Female_singing
38d29a00.wav,Tap Gurgling Run
38d378d8.wav,Mechanical_fan Bus Microwave_oven
38d50e59.wav,Keys_jangling Cutlery_and_silverware Scissors
38d5d026.wav,Meow Zipper_(clothing) Male_singing
38e43355.wav,Harmonica Yell Traffic_noise_and_roadway_noise
38ea5df2.wav,Bass_drum Bass_guitar Fill_(with_liquid)
38f6aa5e.wav,Hi-hat Toilet_flush Hiss
38fea590.wav,Bus Male_singing Church_bell
390789a8.wav,Gurgling Zipper_(clothing) Drawer_open_or_close
390995ef.wav,Shatter Bicycle_bell Keys_jangling
39189c31.wav,Race_car_and_auto_racing Crowd Stream
391fbd47.wav,Tick-tock Tap Chink_and_clink
392e88d7.wav,Mechanical_fan Frying_(food) Cricket
3939b821.wav,Tick-tock Tap Chink_and_clink
39467410.wav,Female_singing Church_bell Electric_guitar
394b8ce2.wav,Computer_keyboard Chewing_and_mastication Run
395de76a.wav,Car_passing_by Waves_and_surf Traffic_noise_and_roadway_noise
395df625.wav,Fart Burping_and_eructation Zipper_(clothing)
396d793f.wav,Writing Chewing_and_mastication Keys_jangling
39723c0e.wav,Female_singing Gong Electric_guitar
39768e2a.wav,Male_singing Female_speech_and_woman_speaking Female_singing
3987fc79.wav,Purr Motorcycle Zipper_(clothing)
398b6fa6.wav,Run Knock Crackle
399732ec.wav,Clapping Skateboard Church_bell
39a8ac5c.wav,Chewing_and_mastication Crackle Keys_jangling
39b6cc75.wav,Bathtub_(filling_or_washing) Hiss Waves_and_surf
39bbcabd.wav,Tick-tock Frying_(food) Run
39c1f2fd.wav,Zipper_(clothing) Drawer_open_or_close Chewing_and_mastication
39d1b554.wav,Scissors Zipper_(clothing) Whispering
39e1b8cc.wav,Computer_keyboard Gurgling Chewing_and_mastication
39e2f767.wav,Sneeze Yell Child_speech_and_kid_speaking
39e35f03.wav,Church_bell Harmonica Traffic_noise_and_roadway_noise
39eb6dd5.wav,Knock Tap Fill_(with_liquid)
39f19344.wav,Car_passing_by Gong Waves_and_surf
3a2353bb.wav,Meow Zipper_(clothing) Writing
3a28e28a.wav,Slam Accelerating_and_revving_and_vroom Gong
3a2a4822.wav,Clapping Tap Tick-tock
3a3e4b29.wav,Male_singing Electric_guitar Accordion
3a49d5ed.wav,Gurgling Male_speech_and_man_speaking Chewing_and_mastication
3a4cf709.wav,Yell Screaming Harmonica
3a5e6dde.wav,Hi-hat Hiss Bathtub_(filling_or_washing)
3a66e3df.wav,Trickle_and_dribble Bathtub_(filling_or_washing) Keys_jangling
3a87c628.wav,Frying_(food) Bathtub_(filling_or_washing) Bicycle_bell
3a885c38.wav,Tick-tock Computer_keyboard Chewing_and_mastication
3a8b9afe.wav,Mechanical_fan Electric_guitar Buzz
3aa5b432.wav,Waves_and_surf Skateboard Stream
3ac609e1.wav,Mechanical_fan Accelerating_and_revving_and_vroom Car_passing_by
3acbee34.wav,Screaming Chirp_and_tweet Meow
3adfb8f0.wav,Mechanical_fan Frying_(food) Hiss
3ae08e83.wav,Drawer_open_or_close Printer Slam
3ae0ea8b.wav,Tick-tock Printer Computer_keyboard
3b0a3361.wav,Stream Toilet_flush Hiss
3b0b13f4.wav,Sneeze Printer Cupboard_open_or_close
3b13f6a1.wav,Tick-tock Toilet_flush Printer
3b23ed90.wav,Shatter Chink_and_clink Cutlery_and_silverware
3b252939.wav,Zipper_(clothing) Motorcycle Waves_and_surf
3b277890.wav,Zipper_(clothing) Meow Child_speech_and_kid_speaking
3b382171.wav,Yell Female_singing Bark
3b3c2c67.wav,Drip Tick-tock Raindrop
3b75b456.wav,Traffic_noise_and_roadway_noise Skateboard Race_car_and_auto_racing
3b7c7f94.wav,Writing Run Gurgling
3bb6024f.wav,Toilet_flush Crowd Stream
3bb7c24d.wav,Shatter Computer_keyboard Writing
3bb9a722.wav,Motorcycle Purr Accelerating_and_revving_and_vroom
3bda5fb0.wav,Mechanical_fan Traffic_noise_and_roadway_noise Stream
3bfcab18.wav,Bass_guitar Electric_guitar Bass_drum
3c0370c8.wav,Chewing_and_mastication Whispering Drawer_open_or_close
3c1b9399.wav,Bus Male_singing Buzz
3c20c95f.wav,Zipper_(clothing) Crackle Purr
3c216393.wav,Printer Writing Whispering
3c244ade.wav,Stream Trickle_and_dribble Frying_(food)
3c348e5c.wav,Tick-tock Clapping Shatter
3c35237b.wav,Microwave_oven Bass_guitar Electric_guitar
3c40f472.wav,Female_singing Accordion Bark
3c525c1f.wav,Frying_(food) Fart Cricket
3c590143.wav,Run Writing Walk_and_footsteps
3c90b11b.wav,Frying_(food) Keys_jangling Bathtub_(filling_or_washing)
3c95067e.wav,Stream Hiss Bathtub_(filling_or_washing)
3ca6b1a3.wav,Stream Trickle_and_dribble Fill_(with_liquid)
3caf1f70.wav,Crackle Purr Cricket
3cc51361.wav,Zipper_(clothing) Gasp Sigh
3cd30520.wav,Chewing_and_mastication Run Whispering
3ce0dcd0.wav,Hiss Bathtub_(filling_or_washing) Frying_(food)
3ce9fd74.wav,Accordion Squeak Harmonica
3cfeb0cd.wav,Stream Bathtub_(filling_or_washing) Hiss
3d07c63a.wav,Writing Zipper_(clothing) Printer
3d0beb6f.wav,Writing Whispering Printer
3d0dca90.wav,Traffic_noise_and_roadway_noise Car_passing_by Stream
3d1d3f2b.wav,Church_bell Traffic_noise_and_roadway_noise Harmonica
3d27f415.wav,Glockenspiel Hi-hat Marimba_and_xylophone
3d287b47.wav,Drawer_open_or_close Slam Toilet_flush
3d4e1dea.wav,Male_singing Accordion Male_speech_and_man_speaking
3d58d893.wav,Stream Mechanical_fan Toilet_flush
3d5f899d.wav,Church_bell Gong Race_car_and_auto_racing
3d633399.wav,Mechanical_fan Stream Bus
3d7309d7.wav,Shatter Frying_(food) Keys_jangling
3d921767.wav,Motorcycle Gong Accelerating_and_revving_and_vroom
3d9a715d.wav,Bathtub_(filling_or_washing) Stream Hiss
3db04d3f.wav,Male_singing Electric_guitar Church_bell
3db44f6c.wav,Glockenspiel Marimba_and_xylophone Harmonica
3ddb4122.wav,Keys_jangling Chewing_and_mastication Shatter
3dedbba9.wav,Shatter Whispering Hiss
3df2fc0e.wav,Mechanical_fan Bus Motorcycle
3df5c540.wav,Skateboard Bathtub_(filling_or_washing) Run
3e230352.wav,Car_passing_by Stream Toilet_flush
3e3a6910.wav,Fart Cupboard_open_or_close Cutlery_and_silverware
3e4755ba.wav,Bass_guitar Church_bell Slam
3e52f857.wav,Keys_jangling Chewing_and_mastication Scissors
3e5ce660.wav,Mechanical_fan Motorcycle Stream
3e656c6e.wav,Hi-hat Bicycle_bell Marimba_and_xylophone
3e65a00d.wav,Stream Waves_and_surf Mechanical_fan
3e691b83.wav,Knock Tap Bass_drum
3e7889ed.wav,Zipper_(clothing) Squeak Male_speech_and_man_speaking
3e83500f.wav,Tick-tock Toilet_flush Traffic_noise_and_roadway_noise
3e9967cf.wav,Zipper_(clothing) Buzz Accelerating_and_revving_and_vroom
3ebaff6d.wav,Motorcycle Mechanical_fan Cupboard_open_or_close
3ecc19c5.wav,Skateboard Fill_(with_liquid) Burping_and_eructation
3ed6c2b5.wav,Female_singing Child_speech_and_kid_speaking Male_speech_and_man_speaking
3efc0912.wav,Church_bell Traffic_noise_and_roadway_noise Harmonica
3f0f92ff.wav,Clapping Finger_snapping Tick-tock
3f15fd07.wav,Run Chewing_and_mastication Computer_keyboard
3f16d9f3.wav,Church_bell Traffic_noise_and_roadway_noise Gong
3f19e53c.wav,Mechanical_fan Stream Motorcycle
3f1ca1bb.wav,Hi-hat Waves_and_surf Car_passing_by
3f29038e.wav,Female_speech_and_woman_speaking Male_speech_and_man_speaking Female_singing
3f2dbd00.wav,Drawer_open_or_close Toilet_flush Buzz
3f4f4808.wav,Mechanical_fan Bus Printer
3f53a02f.wav,Drawer_open_or_close Slam Toilet_flush
3f7043d9.wav,Hiss Bus Toilet_flush
3f80cc56.wav,Accordion Gong Church_bell
3f96494a.wav,Sigh Hiss Slam
3faf10be.wav,Traffic_noise_and_roadway_noise Car_passing_by Mechanical_fan
3fd4d55a.wav,Finger_snapping Bass_drum Tap
400ff09d.wav,Fill_(with_liquid) Burping_and_eructation Trickle_and_dribble
402e2d1b.wav,Fart Cricket Cupboard_open_or_close
4030a4f2.wav,Mechanical_fan Cricket Crackle
4034f327.wav,Waves_and_surf Toilet_flush Crowd
4037cd65.wav,Female_speech_and_woman_speaking Male_speech_and_man_speaking Electric_guitar
4040f015.wav,Slam Bass_drum Buzz
40449ca7.wav,Hiss Bathtub_(filling_or_washing) Bicycle_bell
404b54c0.wav,Skateboard Waves_and_surf Run
404fb677.wav,Bus Traffic_noise_and_roadway_noise Gong
4053b801.wav,Yell Sneeze Female_speech_and_woman_speaking
405c66af.wav,Shatter Chink_and_clink Hi-hat
406306b6.wav,Harmonica Gong Church_bell
406a1cc1.wav,Clapping Whispering Marimba_and_xylophone
406ade5e.wav,Frying_(food) Cricket Bathtub_(filling_or_washing)
4093913f.wav,Sigh Hiss Sneeze
40957335.wav,Sigh Zipper_(clothing) Gasp
4098028d.wav,Computer_keyboard Chewing_and_mastication Gurgling
40afd1b3.wav,Whispering Writing Zipper_(clothing)
40c1ed87.wav,Keys_jangling Chewing_and_mastication Shatter
40c50046.wav,Computer_keyboard Gurgling Keys_jangling
40d0726d.wav,Car_passing_by Skateboard Waves_and_surf
40dd1274.wav,Traffic_noise_and_roadway_noise Bark Gasp
40e25750.wav,Burping_and_eructation Sigh Cupboard_open_or_close
410837eb.wav,Gasp Accordion Printer
410c2138.wav,Bathtub_(filling_or_washing) Hiss Mechanical_fan
411993fd.wav,Hi-hat Shatter Cutlery_and_silverware
413b5427.wav,Harmonica Electric_guitar Screaming
41522a65.wav,Keys_jangling Frying_(food) Chirp_and_tweet
415f4c8f.wav,Chirp_and_tweet Bicycle_bell Hiss
41759973.wav,Stream Mechanical_fan Waves_and_surf
419271cc.wav,Bicycle_bell Hiss Shatter
4195cb1a.wav,Bicycle_bell Chink_and_clink Squeak
41af688a.wav,Fart Male_speech_and_man_speaking Female_speech_and_woman_speaking
41c60bba.wav,Slam Microwave_oven Cupboard_open_or_close
41cfee6d.wav,Hiss Bathtub_(filling_or_washing) Bicycle_bell
41f16193.wav,Shatter Clapping Hiss
41f1ea4a.wav,Traffic_noise_and_roadway_noise Church_bell Accordion
41f86bc4.wav,Stream Toilet_flush Bathtub_(filling_or_washing)
4215309a.wav,Scissors Tick-tock Bathtub_(filling_or_washing)
4248d196.wav,Stream Toilet_flush Hiss
42542036.wav,Accordion Male_singing Female_singing
