fname,label
000ccb97.wav,Cricket Bicycle_bell Hiss
0012633b.wav,Hiss Toilet_flush Knock
001ed5f1.wav,Drawer_open_or_close Slam Microwave_oven
00294be0.wav,Purr Crackle Chewing_and_mastication
003fde7a.wav,Bicycle_bell Hi-hat Marimba_and_xylophone
0040ccc9.wav,Buzz Cupboard_open_or_close Gong
0046b732.wav,Child_speech_and_kid_speaking Meow Zipper_(clothing)
004f3bbc.wav,Bass_guitar Bass_drum Gong
00526050.wav,Finger_snapping Scissors Tap
00559da4.wav,Scissors Writing Chewing_and_mastication
00582bbe.wav,Tap Knock Drawer_open_or_close
0064aedf.wav,Toilet_flush Bathtub_(filling_or_washing) Drawer_open_or_close
0065512b.wav,Zipper_(clothing) Drawer_open_or_close Writing
006a91d2.wav,Mechanical_fan Stream Waves_and_surf
006ea9ee.wav,Gong Accelerating_and_revving_and_vroom Motorcycle
006f9dca.wav,Frying_(food) Bathtub_(filling_or_washing) Stream
007450dc.wav,Accelerating_and_revving_and_vroom Meow Screaming
00979c8a.wav,Purr Motorcycle Zipper_(clothing)
00992464.wav,Raindrop Computer_keyboard Scissors
00b44a8a.wav,Shatter Cutlery_and_silverware Chink_and_clink
00bfaaaf.wav,Gasp Sneeze Sigh
00cf9680.wav,Hiss Bathtub_(filling_or_washing) Finger_snapping
00eae94d.wav,Bathtub_(filling_or_washing) Frying_(food) Shatter
011ec5b8.wav,Tick-tock Printer Squeak
013200dc.wav,Crackle Chewing_and_mastication Fart
01440c2e.wav,Harmonica Traffic_noise_and_roadway_noise Accordion
01567a3d.wav,Drawer_open_or_close Slam Microwave_oven
0163d203.wav,Purr Knock Zipper_(clothing)
017c24b2.wav,Meow Glockenspiel Microwave_oven
01a992c5.wav,Cricket Waves_and_surf Bicycle_bell
01b1d976.wav,Finger_snapping Scissors Tap
01c1c371.wav,Writing Scissors Zipper_(clothing)
01cf8354.wav,Burping_and_eructation Fart Drawer_open_or_close
01d2c640.wav,Buzz Knock Bus
01d69423.wav,Run Tap Knock
01e9170b.wav,Meow Accordion Harmonica
01f2901a.wav,Frying_(food) Bathtub_(filling_or_washing) Hiss
020b1fdf.wav,Car_passing_by Accelerating_and_revving_and_vroom Motorcycle
021457df.wav,Finger_snapping Crackle Scissors
02173589.wav,Gong Church_bell Race_car_and_auto_racing
021ac082.wav,Stream Toilet_flush Frying_(food)
02200884.wav,Scissors Raindrop Keys_jangling
02213278.wav,Scissors Raindrop Crackle
022e3b2c.wav,Writing Run Chewing_and_mastication
023081f2.wav,Glockenspiel Marimba_and_xylophone Bicycle_bell
02596541.wav,Marimba_and_xylophone Glockenspiel Gong
0289b79b.wav,Bus Buzz Church_bell
028cf9db.wav,Church_bell Female_singing Bark
028d26f7.wav,Shatter Cutlery_and_silverware Chink_and_clink
02ab2a72.wav,Waves_and_surf Toilet_flush Bathtub_(filling_or_washing)
02c02ec1.wav,Church_bell Accordion Electric_guitar
02ce28a1.wav,Mechanical_fan Traffic_noise_and_roadway_noise Car_passing_by
02d01f40.wav,Keys_jangling Chewing_and_mastication Scissors
02da7457.wav,Gurgling Hiss Chirp_and_tweet
02e17633.wav,Toilet_flush Waves_and_surf Slam
02e8059d.wav,Purr Bass_guitar Bass_drum
02f71319.wav,Hi-hat Gong Marimba_and_xylophone
03090fb0.wav,Microwave_oven Glockenspiel Marimba_and_xylophone
03162c23.wav,Church_bell Gong Accordion
032f518c.wav,Drawer_open_or_close Buzz Sigh
03300fcb.wav,Marimba_and_xylophone Bass_guitar Gong
035dd895.wav,Frying_(food) Trickle_and_dribble Stream
03754ab4.wav,Cricket Stream Trickle_and_dribble
037b47c4.wav,Gasp Sneeze Bark
03887635.wav,Raindrop Tap Chink_and_clink
03931594.wav,Zipper_(clothing) Scissors Squeak
039d2821.wav,Female_speech_and_woman_speaking Male_speech_and_man_speaking Male_singing
03a47c4a.wav,Bicycle_bell Hiss Waves_and_surf
03b80975.wav,Waves_and_surf Stream Toilet_flush
03c5e8d0.wav,Fart Cupboard_open_or_close Bass_guitar
03fe2971.wav,Tap Raindrop Marimba_and_xylophone
04008bb5.wav,Hi-hat Bicycle_bell Shatter
040c5c0c.wav,Female_speech_and_woman_speaking Whispering Writing
041cff59.wav,Drawer_open_or_close Printer Sneeze
042b07a4.wav,Church_bell Bus Female_singing
042b542f.wav,Church_bell Slam Run
04308d8d.wav,Burping_and_eructation Fill_(with_liquid) Gurgling
04355ea8.wav,Female_speech_and_woman_speaking Child_speech_and_kid_speaking Male_speech_and_man_speaking
0442a617.wav,Meow Screaming Female_speech_and_woman_speaking
0443f812.wav,Shatter Chink_and_clink Cutlery_and_silverware
04441d5b.wav,Slam Drawer_open_or_close Cupboard_open_or_close
0453bb71.wav,Church_bell Gong Microwave_oven
04702c1c.wav,Sigh Harmonica Gasp
047ba0e1.wav,Keys_jangling Scissors Walk_and_footsteps
04877d29.wav,Mechanical_fan Bus Traffic_noise_and_roadway_noise
048c3418.wav,Drawer_open_or_close Run Walk_and_footsteps
04a5c9eb.wav,Bus Waves_and_surf Skateboard
04ad8e52.wav,Frying_(food) Hiss Bicycle_bell
04af82d9.wav,Shatter Bicycle_bell Cutlery_and_silverware
04b1558a.wav,Bathtub_(filling_or_washing) Trickle_and_dribble Fill_(with_liquid)
04de7b9a.wav,Crackle Frying_(food) Fill_(with_liquid)
04e8bf2a.wav,Knock Drawer_open_or_close Cupboard_open_or_close
04f004fe.wav,Run Tap Skateboard
04f48f10.wav,Knock Tap Drawer_open_or_close
0506eee8.wav,Buzz Accelerating_and_revving_and_vroom Bus
050eb97f.wav,Traffic_noise_and_roadway_noise Church_bell Sigh
051bda9a.wav,Mechanical_fan Bus Traffic_noise_and_roadway_noise
057a3c2e.wav,Zipper_(clothing) Chewing_and_mastication Purr
057c13c8.wav,Bus Church_bell Crowd
058a4a79.wav,Child_speech_and_kid_speaking Meow Zipper_(clothing)
058ec864.wav,Bicycle_bell Hi-hat Marimba_and_xylophone
05af19b1.wav,Race_car_and_auto_racing Bus Gong
05c881c4.wav,Bathtub_(filling_or_washing) Shatter Hiss
05d775e9.wav,Accelerating_and_revving_and_vroom Car_passing_by Hiss
05dae80d.wav,Printer Drawer_open_or_close Tick-tock
05e34a55.wav,Frying_(food) Bathtub_(filling_or_washing) Hiss
05edaa47.wav,Zipper_(clothing) Writing Whispering
060b802f.wav,Gasp Yell Sneeze
060d2d47.wav,Shatter Slam Bass_drum
062e94dd.wav,Church_bell Gong Bass_guitar
06345241.wav,Meow Screaming Chirp_and_tweet
0648b115.wav,Gasp Sneeze Hiss
06526954.wav,Drawer_open_or_close Scissors Zipper_(clothing)
065b49ec.wav,Accelerating_and_revving_and_vroom Toilet_flush Sigh
06604d51.wav,Sneeze Gasp Hiss
068b717f.wav,Female_singing Male_singing Male_speech_and_man_speaking
069b2f91.wav,Fart Motorcycle Zipper_(clothing)
069f3ce5.wav,Child_speech_and_kid_speaking Female_speech_and_woman_speaking Yell
06a23eb9.wav,Sigh Hiss Toilet_flush
06c34152.wav,Waves_and_surf Toilet_flush Motorcycle
06feb5cf.wav,Car_passing_by Traffic_noise_and_roadway_noise Gong
0718ce8d.wav,Scissors Chewing_and_mastication Run
07295dd0.wav,Bass_drum Knock Walk_and_footsteps
072ee4b2.wav,Chewing_and_mastication Crackle Keys_jangling
074cbe2b.wav,Microwave_oven Meow Screaming
07502956.wav,Finger_snapping Shatter Scissors
07603ad3.wav,Bus Cricket Mechanical_fan
07670752.wav,Frying_(food) Crackle Hiss
077f270d.wav,Bicycle_bell Chink_and_clink Marimba_and_xylophone
0782d022.wav,Screaming Yell Meow
078464b8.wav,Hiss Frying_(food) Bathtub_(filling_or_washing)
07a82fbe.wav,Knock Tap Drawer_open_or_close
07bca33c.wav,Chink_and_clink Hi-hat Cutlery_and_silverware
07da8ebf.wav,Female_singing Accordion Harmonica
07dff283.wav,Run Drawer_open_or_close Walk_and_footsteps
07f965a0.wav,Stream Toilet_flush Hiss
07fa6e7e.wav,Cutlery_and_silverware Burping_and_eructation Skateboard
08087580.wav,Crackle Frying_(food) Chewing_and_mastication
0814db2b.wav,Gong Church_bell Marimba_and_xylophone
0815543c.wav,Fart Slam Burping_and_eructation
081d6520.wav,Keys_jangling Cutlery_and_silverware Chirp_and_tweet
081f2b5a.wav,Purr Bass_guitar Zipper_(clothing)
0824bbdb.wav,Shatter Bicycle_bell Cutlery_and_silverware
08272d1c.wav,Mechanical_fan Cricket Frying_(food)
08278440.wav,Burping_and_eructation Fart Sigh
0837e041.wav,Child_speech_and_kid_speaking Zipper_(clothing) Gasp
08390e01.wav,Frying_(food) Bicycle_bell Hiss
083cc652.wav,Female_singing Gasp Screaming
08458ab2.wav,Crackle Frying_(food) Purr
0849057f.wav,Female_speech_and_woman_speaking Male_singing Male_speech_and_man_speaking
084e5784.wav,Scissors Bathtub_(filling_or_washing) Sneeze
085f174a.wav,Hiss Zipper_(clothing) Sigh
0865816c.wav,Tap Knock Drawer_open_or_close
086ce4a5.wav,Female_singing Screaming Gasp
086ebb95.wav,Mechanical_fan Bus Traffic_noise_and_roadway_noise
08810dd4.wav,Bathtub_(filling_or_washing) Crackle Frying_(food)
08b06642.wav,Screaming Harmonica Sigh
08b2d04c.wav,Child_speech_and_kid_speaking Sigh Female_speech_and_woman_speaking
08bc3e2d.wav,Cupboard_open_or_close Drawer_open_or_close Clapping
08d46566.wav,Bathtub_(filling_or_washing) Frying_(food) Keys_jangling
08d4acca.wav,Bass_guitar Gong Marimba_and_xylophone
08d5d316.wav,Mechanical_fan Waves_and_surf Car_passing_by
08dfe75d.wav,Drawer_open_or_close Knock Cupboard_open_or_close
08eb3a69.wav,Purr Chewing_and_mastication Zipper_(clothing)
08f36895.wav,Skateboard Chewing_and_mastication Run
08facc12.wav,Tick-tock Printer Keys_jangling
090cc523.wav,Keys_jangling Trickle_and_dribble Fill_(with_liquid)
091fa206.wav,Electric_guitar Marimba_and_xylophone Female_singing
092d8e54.wav,Crackle Run Tap
094761b8.wav,Sigh Bark Gasp
0963270d.wav,Writing Printer Scissors
0992b95a.wav,Purr Crackle Zipper_(clothing)
0997968e.wav,Waves_and_surf Toilet_flush Motorcycle
09a67356.wav,Skateboard Car_passing_by Waves_and_surf
09d085e3.wav,Sigh Waves_and_surf Gasp
0a31c905.wav,Stream Trickle_and_dribble Frying_(food)
0a3c2351.wav,Microwave_oven Meow Bus
0a4d3800.wav,Purr Crackle Zipper_(clothing)
0a4ff0fb.wav,Hiss Writing Scissors
0a56e261.wav,Marimba_and_xylophone Chink_and_clink Bicycle_bell
0a64010f.wav,Meow Child_speech_and_kid_speaking Bus
0a683136.wav,Mechanical_fan Bus Car_passing_by
0a6e6889.wav,Church_bell Marimba_and_xylophone Gong
0a8e1630.wav,Crackle Purr Meow
0a950c32.wav,Church_bell Electric_guitar Microwave_oven
0aee7a2a.wav,Stream Frying_(food) Hiss
0af7446d.wav,Tick-tock Electric_guitar Printer
0b1503e8.wav,Shatter Chink_and_clink Bicycle_bell
0b33d746.wav,Bus Waves_and_surf Car_passing_by
0b4819f1.wav,Tick-tock Printer Cupboard_open_or_close
0b5c6535.wav,Scissors Chewing_and_mastication Bathtub_(filling_or_washing)
0b73077e.wav,Female_singing Bark Church_bell
0b9e93e6.wav,Writing Run Scissors
0ba7fe6b.wav,Bass_drum Bass_guitar Cupboard_open_or_close
0bacb61b.wav,Hiss Hi-hat Finger_snapping
0bb86b6c.wav,Burping_and_eructation Cupboard_open_or_close Fart
0bbe8308.wav,Tap Finger_snapping Knock
0bc36580.wav,Sigh Bark Gasp
0bc7822a.wav,Scissors Writing Chewing_and_mastication
0bdcdfba.wav,Tick-tock Printer Squeak
0bec3f54.wav,Bass_guitar Gong Marimba_and_xylophone
0c151ad3.wav,Mechanical_fan Microwave_oven Bus
0c16f612.wav,Bus Traffic_noise_and_roadway_noise Meow
0c32d940.wav,Female_singing Bark Child_speech_and_kid_speaking
0c390f3c.wav,Burping_and_eructation Slam Fart
0c3b2573.wav,Tick-tock Printer Slam
0c5ba768.wav,Scissors Raindrop Crackle
0c698ef7.wav,Hiss Bathtub_(filling_or_washing) Finger_snapping
0c8d9148.wav,Scissors Finger_snapping Tap
0c8def18.wav,Mechanical_fan Microwave_oven Traffic_noise_and_roadway_noise
0c949702.wav,Hiss Bathtub_(filling_or_washing) Frying_(food)
0cb33d03.wav,Hiss Shatter Sigh
0cb4cde3.wav,Tick-tock Printer Buzz
0cdddb37.wav,Zipper_(clothing) Bathtub_(filling_or_washing) Meow
0ce84f9b.wav,Mechanical_fan Bus Traffic_noise_and_roadway_noise
0cfe3f96.wav,Microwave_oven Slam Cupboard_open_or_close
0d000cd7.wav,Bark Sneeze Gasp
0d1b11e0.wav,Sigh Gasp Hiss
0d2230eb.wav,Cricket Waves_and_surf Chirp_and_tweet
0d2707f4.wav,Marimba_and_xylophone Glockenspiel Bicycle_bell
0d34341d.wav,Microwave_oven Slam Printer
0d3dc96c.wav,Writing Printer Cricket
0d507c20.wav,Church_bell Chirp_and_tweet Hiss
0d540ee1.wav,Computer_keyboard Keys_jangling Scissors
0d5516ef.wav,Cricket Bicycle_bell Chirp_and_tweet
0d6564bb.wav,Female_singing Child_speech_and_kid_speaking Bark
0d673a8c.wav,Sigh Whispering Slam
0d74277e.wav,Bus Slam Motorcycle
0d8d7af9.wav,Finger_snapping Scissors Tap
0d8e2166.wav,Scissors Bathtub_(filling_or_washing) Tick-tock
0d8f3f54.wav,Bass_drum Knock Cupboard_open_or_close
0d9caeeb.wav,Waves_and_surf Accelerating_and_revving_and_vroom Motorcycle
0da3d582.wav,Writing Zipper_(clothing) Whispering
0dc06757.wav,Meow Child_speech_and_kid_speaking Female_singing
0dc813d8.wav,Chewing_and_mastication Crackle Keys_jangling
0dce3e5f.wav,Computer_keyboard Trickle_and_dribble Stream
0dcf1534.wav,Mechanical_fan Bus Microwave_oven
0dda644b.wav,Bathtub_(filling_or_washing) Fill_(with_liquid) Toilet_flush
0ddd0393.wav,Cupboard_open_or_close Slam Drawer_open_or_close
0de2a4b2.wav,Female_speech_and_woman_speaking Male_speech_and_man_speaking Male_singing
0de4fc92.wav,Gong Church_bell Microwave_oven
0df1484c.wav,Zipper_(clothing) Male_speech_and_man_speaking Bass_guitar
0e18c7d2.wav,Hiss Bathtub_(filling_or_washing) Finger_snapping
0e3e2590.wav,Church_bell Slam Run
0e4be6a4.wav,Microwave_oven Mechanical_fan Traffic_noise_and_roadway_noise
0e6552c7.wav,Crackle Frying_(food) Scissors
0e70a285.wav,Hiss Bathtub_(filling_or_washing) Chirp_and_tweet
0e7f5c7e.wav,Gurgling Chewing_and_mastication Scissors
0e9e941b.wav,Fill_(with_liquid) Skateboard Gurgling
0ea99bf4.wav,Gasp Sneeze Sigh
0eaf6d60.wav,Child_speech_and_kid_speaking Zipper_(clothing) Sigh
0ec7e315.wav,Mechanical_fan Buzz Cricket
0ed20fe2.wav,Mechanical_fan Trickle_and_dribble Stream
0ee80cb7.wav,Female_speech_and_woman_speaking Female_singing Electric_guitar
0ef6fb07.wav,Shatter Keys_jangling Cutlery_and_silverware
0f07f15f.wav,Crackle Scissors Chink_and_clink
0f08a4c8.wav,Drawer_open_or_close Bus Buzz
0f096853.wav,Mechanical_fan Cricket Bus
0f1ab7b0.wav,Crackle Scissors Tap
0f3fe29d.wav,Stream Traffic_noise_and_roadway_noise Mechanical_fan
0f50ef2b.wav,Stream Toilet_flush Waves_and_surf
0f61907d.wav,Electric_guitar Marimba_and_xylophone Church_bell
0f663341.wav,Frying_(food) Keys_jangling Bathtub_(filling_or_washing)
0f81d5bc.wav,Keys_jangling Scissors Computer_keyboard
0faf5b2e.wav,Mechanical_fan Microwave_oven Bus
0fc07a52.wav,Keys_jangling Chewing_and_mastication Scissors
0fc6a683.wav,Frying_(food) Bathtub_(filling_or_washing) Hiss
0fccb2e5.wav,Shatter Cutlery_and_silverware Hiss
0fd91890.wav,Cupboard_open_or_close Computer_keyboard Slam
0fdb30c1.wav,Drawer_open_or_close Slam Run
0fed6565.wav,Toilet_flush Cricket Stream
0ff0e483.wav,Yell Child_speech_and_kid_speaking Sneeze
0fffc208.wav,Knock Marimba_and_xylophone Clapping
100e123a.wav,Toilet_flush Waves_and_surf Church_bell
100faf3f.wav,Cricket Chirp_and_tweet Male_speech_and_man_speaking
101b2011.wav,Finger_snapping Scissors Shatter
10234fef.wav,Bass_drum Knock Cupboard_open_or_close
10236f0e.wav,Fart Cupboard_open_or_close Squeak
102fb14f.wav,Bass_guitar Gong Marimba_and_xylophone
1052e52b.wav,Burping_and_eructation Fill_(with_liquid) Gurgling
105460cd.wav,Skateboard Car_passing_by Race_car_and_auto_racing
10678d21.wav,Shatter Cutlery_and_silverware Keys_jangling
107f3deb.wav,Raindrop Microwave_oven Keys_jangling
10811159.wav,Fart Tap Finger_snapping
10a1aa40.wav,Motorcycle Zipper_(clothing) Purr
10a7b8f3.wav,Glockenspiel Marimba_and_xylophone Bicycle_bell
10acf1b6.wav,Mechanical_fan Stream Hiss
10c170b1.wav,Keys_jangling Frying_(food) Crackle
10d026e9.wav,Knock Bass_drum Drawer_open_or_close
10d94568.wav,Yell Child_speech_and_kid_speaking Harmonica
10e6a6ac.wav,Hiss Cutlery_and_silverware Whispering
10e6db66.wav,Fart Cutlery_and_silverware Burping_and_eructation
10e92421.wav,Slam Skateboard Drawer_open_or_close
10f58e51.wav,Church_bell Electric_guitar Bus
11071bad.wav,Marimba_and_xylophone Microwave_oven Chink_and_clink
111f9431.wav,Skateboard Run Chewing_and_mastication
112bdb70.wav,Marimba_and_xylophone Glockenspiel Bicycle_bell
113290e8.wav,Writing Whispering Hiss
1142def0.wav,Marimba_and_xylophone Bathtub_(filling_or_washing) Bicycle_bell
1147c12b.wav,Microwave_oven Meow Screaming
1158e587.wav,Keys_jangling Cutlery_and_silverware Bicycle_bell
11641eb8.wav,Cupboard_open_or_close Trickle_and_dribble Raindrop
1167b492.wav,Knock Drawer_open_or_close Run
1172c5fb.wav,Church_bell Bus Buzz
117358df.wav,Purr Chewing_and_mastication Crackle
1175ac74.wav,Cupboard_open_or_close Slam Shatter
11b6c488.wav,Frying_(food) Stream Trickle_and_dribble
11cc8bcb.wav,Run Chewing_and_mastication Keys_jangling
12264142.wav,Writing Whispering Scissors
1226b0e0.wav,Tap Finger_snapping Crackle
1247b7e3.wav,Glockenspiel Bicycle_bell Marimba_and_xylophone
124a286f.wav,Scissors Tick-tock Cutlery_and_silverware
12600be5.wav,Zipper_(clothing) Accelerating_and_revving_and_vroom Waves_and_surf
12689530.wav,Traffic_noise_and_roadway_noise Gasp Sigh
126b674b.wav,Fill_(with_liquid) Trickle_and_dribble Burping_and_eructation
127adb78.wav,Child_speech_and_kid_speaking Female_singing Electric_guitar
12849e29.wav,Male_speech_and_man_speaking Fart Zipper_(clothing)
128a67de.wav,Hiss Bathtub_(filling_or_washing) Mechanical_fan
12bcd3ec.wav,Run Bathtub_(filling_or_washing) Whispering
12d3e91f.wav,Zipper_(clothing) Purr Fart
12d8c07f.wav,Mechanical_fan Bus Cricket
12ddf239.wav,Toilet_flush Bathtub_(filling_or_washing) Waves_and_surf
12df81e8.wav,Chewing_and_mastication Run Walk_and_footsteps
12ee0010.wav,Bathtub_(filling_or_washing) Frying_(food) Toilet_flush
12fe33b6.wav,Tick-tock Bathtub_(filling_or_washing) Scissors
130e4d2f.wav,Cupboard_open_or_close Burping_and_eructation Skateboard
13237edd.wav,Bicycle_bell Chink_and_clink Shatter
134c3fea.wav,Finger_snapping Scissors Tap
134c95a2.wav,Scissors Raindrop Computer_keyboard
13694181.wav,Drawer_open_or_close Slam Cupboard_open_or_close
13728313.wav,Microwave_oven Mechanical_fan Bus
13ae306e.wav,Keys_jangling Cutlery_and_silverware Shatter
13cfa025.wav,Bus Buzz Race_car_and_auto_racing
13e3453c.wav,Frying_(food) Bathtub_(filling_or_washing) Hiss
13e84f69.wav,Hi-hat Bicycle_bell Hiss
14096fd8.wav,Stream Waves_and_surf Trickle_and_dribble
142b9865.wav,Writing Printer Squeak
1438cfd0.wav,Knock Marimba_and_xylophone Drawer_open_or_close
143e6d96.wav,Bicycle_bell Marimba_and_xylophone Hiss
14416af5.wav,Hiss Sigh Drawer_open_or_close
1451986d.wav,Male_singing Electric_guitar Printer
145a10e4.wav,Bicycle_bell Hiss Cricket
146c73a3.wav,Hiss Fart Sigh
14ab7f13.wav,Purr Tap Skateboard
14cbc626.wav,Bass_drum Walk_and_footsteps Drawer_open_or_close
14d22f20.wav,Scissors Shatter Bathtub_(filling_or_washing)
14e86cfb.wav,Finger_snapping Scissors Shatter
14fd704c.wav,Bark Child_speech_and_kid_speaking Sneeze
151ea709.wav,Chink_and_clink Raindrop Computer_keyboard
15288481.wav,Printer Tick-tock Slam
152a4e09.wav,Bus Buzz Waves_and_surf
153579d9.wav,Run Chewing_and_mastication Scissors
1544427c.wav,Bicycle_bell Marimba_and_xylophone Shatter
154696fd.wav,Mechanical_fan Bus Cricket
156bf74f.wav,Frying_(food) Toilet_flush Bathtub_(filling_or_washing)
156c1736.wav,Church_bell Slam Run
15776b9c.wav,Raindrop Tick-tock Computer_keyboard
157dd023.wav,Hi-hat Cutlery_and_silverware Chink_and_clink
15849032.wav,Frying_(food) Meow Stream
15868ee8.wav,Hiss Bicycle_bell Bathtub_(filling_or_washing)
159b8b9b.wav,Purr Trickle_and_dribble Stream
159d2208.wav,Zipper_(clothing) Meow Squeak
15a78daf.wav,Walk_and_footsteps Gurgling Chewing_and_mastication
15a98fd7.wav,Bass_drum Knock Tap
15b0d4ec.wav,Glockenspiel Bicycle_bell Marimba_and_xylophone
15bcf71d.wav,Bass_guitar Mechanical_fan Gong
15c34c4f.wav,Finger_snapping Crackle Tap
15e2bcaa.wav,Hi-hat Harmonica Hiss
15e7bb78.wav,Shatter Bathtub_(filling_or_washing) Bass_drum
160105ad.wav,Church_bell Bus Accordion
1604a3fa.wav,Finger_snapping Tap Shatter
1606f119.wav,Drawer_open_or_close Knock Buzz
160acbb0.wav,Cricket Bicycle_bell Chirp_and_tweet
165fd18a.wav,Chewing_and_mastication Gurgling Run
166a05c0.wav,Run Computer_keyboard Chewing_and_mastication
1670b964.wav,Crackle Zipper_(clothing) Purr
167a4f00.wav,Frying_(food) Mechanical_fan Cricket
168be388.wav,Bus Child_speech_and_kid_speaking Meow
16b56d33.wav,Shatter Cutlery_and_silverware Raindrop
16bc3f60.wav,Computer_keyboard Tick-tock Bathtub_(filling_or_washing)
16c7da35.wav,Stream Frying_(food) Bathtub_(filling_or_washing)
16d80f68.wav,Electric_guitar Marimba_and_xylophone Female_singing
16e17bed.wav,Car_passing_by Traffic_noise_and_roadway_noise Skateboard
16f7ac14.wav,Drawer_open_or_close Cupboard_open_or_close Run
16fd3589.wav,Writing Run Chewing_and_mastication
17135192.wav,Bicycle_bell Chirp_and_tweet Shatter
17140de5.wav,Frying_(food) Crackle Trickle_and_dribble
171aa36c.wav,Cutlery_and_silverware Chink_and_clink Tick-tock
17361a5c.wav,Stream Fill_(with_liquid) Mechanical_fan
1751bb8a.wav,Bathtub_(filling_or_washing) Frying_(food) Scissors
1779b015.wav,Bus Church_bell Buzz
17b6e84f.wav,Writing Run Chewing_and_mastication
17c4b25f.wav,Car_passing_by Waves_and_surf Skateboard
17dfb6db.wav,Drawer_open_or_close Slam Microwave_oven
1802421a.wav,Mechanical_fan Stream Hiss
18183321.wav,Mechanical_fan Car_passing_by Gong
183948d1.wav,Skateboard Run Waves_and_surf
183fb536.wav,Electric_guitar Male_speech_and_man_speaking Printer
1843680b.wav,Finger_snapping Tap Clapping
184aca02.wav,Frying_(food) Trickle_and_dribble Stream
18551bc1.wav,Male_speech_and_man_speaking Female_speech_and_woman_speaking Fart
1859b7f7.wav,Scissors Keys_jangling Drip
1877623e.wav,Slam Clapping Skateboard
1889c58d.wav,Sneeze Printer Bark
18929e41.wav,Harmonica Traffic_noise_and_roadway_noise Accordion
1899de05.wav,Computer_keyboard Run Drawer_open_or_close
18ace84c.wav,Sneeze Child_speech_and_kid_speaking Female_speech_and_woman_speaking
18be000d.wav,Run Marimba_and_xylophone Slam
18c94757.wav,Stream Toilet_flush Waves_and_surf
18ea2e9e.wav,Toilet_flush Bathtub_(filling_or_washing) Waves_and_surf
18fda5a4.wav,Bus Mechanical_fan Church_bell
1904f396.wav,Cricket Bus Mechanical_fan
19135157.wav,Zipper_(clothing) Writing Accelerating_and_revving_and_vroom
191adc5f.wav,Female_speech_and_woman_speaking Child_speech_and_kid_speaking Male_speech_and_man_speaking
19303d26.wav,Bus Race_car_and_auto_racing Microwave_oven
193a6063.wav,Tick-tock Drawer_open_or_close Bathtub_(filling_or_washing)
1945b8ca.wav,Electric_guitar Printer Clapping
19508dc0.wav,Skateboard Motorcycle Purr
1960e51e.wav,Bathtub_(filling_or_washing) Hiss Toilet_flush
19754d94.wav,Motorcycle Accelerating_and_revving_and_vroom Sigh
197ce5b2.wav,Yell Sneeze Child_speech_and_kid_speaking
199d4d12.wav,Writing Sneeze Scissors
19a7dec3.wav,Skateboard Printer Motorcycle
19bb5700.wav,Bus Waves_and_surf Skateboard
19c7c900.wav,Meow Accordion Squeak
19d9401d.wav,Mechanical_fan Cricket Hiss
19dcb315.wav,Child_speech_and_kid_speaking Female_speech_and_woman_speaking Female_singing
1a068a84.wav,Male_singing Female_singing Electric_guitar
1a0d1b78.wav,Mechanical_fan Car_passing_by Traffic_noise_and_roadway_noise
1a110901.wav,Bathtub_(filling_or_washing) Frying_(food) Toilet_flush
1a1de9b9.wav,Marimba_and_xylophone Glockenspiel Bicycle_bell
1a1def6e.wav,Waves_and_surf Skateboard Toilet_flush
1a1edda6.wav,Yell Female_speech_and_woman_speaking Female_singing
1a2580e1.wav,Crackle Frying_(food) Purr
1a35ded5.wav,Bicycle_bell Hiss Frying_(food)
1a362723.wav,Meow Screaming Female_speech_and_woman_speaking
1a44ace1.wav,Accelerating_and_revving_and_vroom Mechanical_fan Buzz
1a51eefe.wav,Gurgling Fill_(with_liquid) Chewing_and_mastication
1a5c4e84.wav,Accelerating_and_revving_and_vroom Car_passing_by Motorcycle
1a606ef2.wav,Cricket Hiss Knock
1a6925fa.wav,Scissors Keys_jangling Drip
1a884f9e.wav,Tick-tock Computer_keyboard Scissors
1abdac69.wav,Crackle Chewing_and_mastication Keys_jangling
1ac6f6f3.wav,Sigh Toilet_flush Waves_and_surf
1acae695.wav,Mechanical_fan Bus Traffic_noise_and_roadway_noise
1acb3d32.wav,Church_bell Female_singing Electric_guitar
1ad7f703.wav,Crackle Purr Frying_(food)
1ae3ca16.wav,Crackle Purr Frying_(food)
1aec75a6.wav,Writing Drawer_open_or_close Run
1b0687b2.wav,Zipper_(clothing) Hiss Squeak
1b086eb7.wav,Crackle Purr Frying_(food)
1b0a3884.wav,Sigh Gasp Hiss
1b1d1b2d.wav,Hiss Sigh Toilet_flush
1b3ecd82.wav,Mechanical_fan Microwave_oven Bus
1b5b6468.wav,Gasp Sneeze Sigh
1b5daf72.wav,Zipper_(clothing) Sigh Hiss
1b68d94a.wav,Waves_and_surf Drawer_open_or_close Zipper_(clothing)
1ba04ecc.wav,Keys_jangling Scissors Buzz
1bc14732.wav,Cutlery_and_silverware Chirp_and_tweet Whispering
1bcfdfb5.wav,Purr Bass_guitar Bass_drum
1bd82417.wav,Bass_guitar Church_bell Gong
1be1c727.wav,Drawer_open_or_close Slam Microwave_oven
1bfd4be2.wav,Writing Gurgling Whispering
1c0e284a.wav,Stream Frying_(food) Trickle_and_dribble
1c0fbe4b.wav,Microwave_oven Meow Electric_guitar
1c1dd720.wav,Printer Tick-tock Buzz
1c3bd325.wav,Gurgling Hiss Frying_(food)
1c699cb7.wav,Mechanical_fan Microwave_oven Traffic_noise_and_roadway_noise
1c6d56db.wav,Chirp_and_tweet Harmonica Screaming
1c77cedf.wav,Purr Zipper_(clothing) Motorcycle
1c785226.wav,Clapping Slam Tick-tock
1c79ca96.wav,Hiss Bathtub_(filling_or_washing) Hi-hat
1c8369cf.wav,Zipper_(clothing) Purr Chewing_and_mastication
1c983e19.wav,Run Skateboard Chewing_and_mastication
1c9e3f10.wav,Bass_drum Knock Cupboard_open_or_close
1cc5b5f7.wav,Finger_snapping Crackle Tap
1cd55ad6.wav,Stream Traffic_noise_and_roadway_noise Waves_and_surf
1cf8379b.wav,Bicycle_bell Hiss Cricket
1d11b910.wav,Frying_(food) Stream Bathtub_(filling_or_washing)
1d1778c4.wav,Bass_drum Cupboard_open_or_close Bass_guitar
1d1863a4.wav,Bus Race_car_and_auto_racing Waves_and_surf
1d2459ce.wav,Meow Screaming Sneeze
1d279116.wav,Sigh Toilet_flush Hiss
1d33f8e1.wav,Bicycle_bell Scissors Finger_snapping
1d4ae8ab.wav,Finger_snapping Shatter Crackle
1d58040b.wav,Meow Child_speech_and_kid_speaking Zipper_(clothing)
1d6f2b16.wav,Female_speech_and_woman_speaking Male_singing Female_singing
1d7d2a17.wav,Printer Waves_and_surf Bus
1db41feb.wav,Harmonica Screaming Church_bell
1dbcd4ba.wav,Computer_keyboard Gurgling Frying_(food)
1dc3166b.wav,Sigh Fart Whispering
1dc417cd.wav,Zipper_(clothing) Writing Chewing_and_mastication
1dcc4dd4.wav,Mechanical_fan Bus Microwave_oven
1de84153.wav,Mechanical_fan Microwave_oven Bus
1ded5864.wav,Buzz Bus Hiss
1def6435.wav,Male_speech_and_man_speaking Zipper_(clothing) Crackle
1dfa910d.wav,Hiss Bathtub_(filling_or_washing) Finger_snapping
1e0b81a9.wav,Electric_guitar Male_singing Bass_drum
1e1a72d5.wav,Sigh Gasp Accordion
1e1e674a.wav,Bathtub_(filling_or_washing) Run Walk_and_footsteps
1e3763ba.wav,Meow Sigh Bicycle_bell
1e3cd2f0.wav,Female_speech_and_woman_speaking Male_speech_and_man_speaking Zipper_(clothing)
1e6572de.wav,Accordion Harmonica Church_bell
1e6e9131.wav,Zipper_(clothing) Male_singing Male_speech_and_man_speaking
1e6fe316.wav,Stream Skateboard Toilet_flush
1e7b59a7.wav,Gasp Child_speech_and_kid_speaking Sigh
1e8a965c.wav,Waves_and_surf Printer Bus
1e8fe3d2.wav,Female_singing Child_speech_and_kid_speaking Male_singing
1ea533ec.wav,Bass_guitar Gong Mechanical_fan
1eac92a1.wav,Glockenspiel Marimba_and_xylophone Bicycle_bell
1ec2f60d.wav,Writing Scissors Chewing_and_mastication
1eda3d26.wav,Bus Race_car_and_auto_racing Gong
1f27827e.wav,Traffic_noise_and_roadway_noise Bus Harmonica
1f293888.wav,Cupboard_open_or_close Bass_drum Knock
1f3d2f22.wav,Stream Toilet_flush Frying_(food)
1f52baf2.wav,Hi-hat Cutlery_and_silverware Bicycle_bell
1f58cc84.wav,Female_singing Male_singing Child_speech_and_kid_speaking
1f63c45e.wav,Fart Cupboard_open_or_close Crackle
1f85a5c7.wav,Sneeze Bark Writing
1f9c1f3e.wav,Church_bell Electric_guitar Bus
1fc0282a.wav,Crackle Scissors Frying_(food)
1fc8f9a5.wav,Marimba_and_xylophone Bicycle_bell Shatter
1fd74cc3.wav,Glockenspiel Marimba_and_xylophone Bicycle_bell
1fde2c61.wav,Bus Waves_and_surf Traffic_noise_and_roadway_noise
1fe639ee.wav,Writing Zipper_(clothing) Whispering
1fec2121.wav,Scissors Writing Crackle
1ff215f3.wav,Drawer_open_or_close Printer Tick-tock
200b6920.wav,Drawer_open_or_close Waves_and_surf Toilet_flush
2012b2f4.wav,Run Walk_and_footsteps Drawer_open_or_close
201c18ee.wav,Purr Motorcycle Stream
20612e10.wav,Stream Traffic_noise_and_roadway_noise Toilet_flush
2069253a.wav,Mechanical_fan Hiss Frying_(food)
206c0a24.wav,Scissors Chewing_and_mastication Keys_jangling
20801c98.wav,Car_passing_by Waves_and_surf Accelerating_and_revving_and_vroom
2087f937.wav,Stream Toilet_flush Fill_(with_liquid)
20898b89.wav,Stream Frying_(food) Trickle_and_dribble
20b16812.wav,Bicycle_bell Chirp_and_tweet Hiss
20c3541c.wav,Scissors Raindrop Crackle
20d2ad1c.wav,Shatter Bathtub_(filling_or_washing) Whispering
20dc6392.wav,Crackle Chewing_and_mastication Computer_keyboard
20e285c7.wav,Toilet_flush Stream Fill_(with_liquid)
21102a3a.wav,Bathtub_(filling_or_washing) Toilet_flush Zipper_(clothing)
2113043a.wav,Church_bell Chink_and_clink Gong
2142adda.wav,Computer_keyboard Trickle_and_dribble Stream
21447ea7.wav,Child_speech_and_kid_speaking Female_singing Female_speech_and_woman_speaking
21455882.wav,Cricket Frying_(food) Hiss
2157612c.wav,Waves_and_surf Car_passing_by Slam
2159eea8.wav,Cupboard_open_or_close Gong Accordion
2175b26d.wav,Bass_guitar Gong Motorcycle
217b109a.wav,Mechanical_fan Stream Waves_and_surf
2189acc6.wav,Female_singing Traffic_noise_and_roadway_noise Accordion
218b15dc.wav,Child_speech_and_kid_speaking Bark Sneeze
218c8907.wav,Skateboard Bus Stream
21b0c9cb.wav,Writing Run Chewing_and_mastication
21b24d69.wav,Knock Tap Clapping
21b601cd.wav,Church_bell Bus Electric_guitar
21d2eb4c.wav,Zipper_(clothing) Scissors Chewing_and_mastication
21d49986.wav,Bass_drum Knock Whispering
21e8d6a9.wav,Drawer_open_or_close Slam Buzz
21eb5d58.wav,Waves_and_surf Toilet_flush Printer
21eca32f.wav,Scissors Tick-tock Computer_keyboard
21fa3245.wav,Cupboard_open_or_close Knock Tap
2210c997.wav,Child_speech_and_kid_speaking Female_speech_and_woman_speaking Sneeze
2216c947.wav,Purr Motorcycle Zipper_(clothing)
223032ba.wav,Frying_(food) Hiss Bathtub_(filling_or_washing)
2236c850.wav,Purr Crackle Meow
223a5173.wav,Sneeze Harmonica Screaming
22522048.wav,Buzz Toilet_flush Drawer_open_or_close
2263763d.wav,Scissors Writing Chewing_and_mastication
228a538c.wav,Scissors Finger_snapping Chink_and_clink
22a7e375.wav,Stream Frying_(food) Toilet_flush
22b07889.wav,Burping_and_eructation Waves_and_surf Sigh
22b6b9aa.wav,Hi-hat Shatter Whispering
22c5ea2f.wav,Bus Waves_and_surf Buzz
22c78043.wav,Zipper_(clothing) Female_singing Crackle
22c98028.wav,Run Writing Chewing_and_mastication
22c9b301.wav,Mechanical_fan Buzz Cricket
22cd860e.wav,Chewing_and_mastication Scissors Run
22f22fc9.wav,Knock Tap Cupboard_open_or_close
22f2d98a.wav,Tap Run Computer_keyboard
2303e210.wav,Bicycle_bell Cutlery_and_silverware Chink_and_clink
23244f49.wav,Chirp_and_tweet Whispering Buzz
2327b6de.wav,Bass_drum Knock Walk_and_footsteps
2343daa5.wav,Waves_and_surf Bus Toilet_flush
235213ce.wav,Raindrop Drip Computer_keyboard
235f959c.wav,Meow Marimba_and_xylophone Electric_guitar
236e7ce1.wav,Hi-hat Hiss Mechanical_fan
23726888.wav,Glockenspiel Marimba_and_xylophone Bicycle_bell
23756062.wav,Bus Mechanical_fan Traffic_noise_and_roadway_noise
238b11f0.wav,Microwave_oven Cupboard_open_or_close Slam
23a07927.wav,Mechanical_fan Stream Frying_(food)
23a2669b.wav,Tick-tock Bus Church_bell
23c4613e.wav,Knock Tap Bass_drum
23c714b5.wav,Purr Buzz Bass_drum
23d35eea.wav,Purr Zipper_(clothing) Chewing_and_mastication
23fabbb4.wav,Bathtub_(filling_or_washing) Drawer_open_or_close Shatter
23fe505d.wav,Scissors Keys_jangling Writing
2406d1de.wav,Mechanical_fan Bus Motorcycle
240e9caa.wav,Buzz Female_singing Electric_guitar
24456657.wav,Stream Toilet_flush Frying_(food)
244a60cd.wav,Finger_snapping Chink_and_clink Fart
2451cad9.wav,Meow Harmonica Squeak
2451d17b.wav,Marimba_and_xylophone Bass_guitar Gong
245c01e6.wav,Bus Race_car_and_auto_racing Waves_and_surf
2462f236.wav,Meow Traffic_noise_and_roadway_noise Squeak
24ae5bef.wav,Sigh Bark Accordion
24ce9114.wav,Buzz Writing Meow
24dda4ed.wav,Bicycle_bell Frying_(food) Hiss
24ecb25d.wav,Chirp_and_tweet Bus Meow
24f04ba5.wav,Walk_and_footsteps Run Tap
2548960b.wav,Church_bell Run Traffic_noise_and_roadway_noise
256d567f.wav,Chewing_and_mastication Scissors Keys_jangling
2583a54d.wav,Hiss Bathtub_(filling_or_washing) Finger_snapping
2599ff86.wav,Meow Zipper_(clothing) Screaming
259e3fa7.wav,Bathtub_(filling_or_washing) Fill_(with_liquid) Trickle_and_dribble
25a8ef58.wav,Bass_drum Tap Knock
25a991a1.wav,Hiss Bathtub_(filling_or_washing) Finger_snapping
25beac1d.wav,Shatter Chink_and_clink Cutlery_and_silverware
25c32640.wav,Drawer_open_or_close Printer Toilet_flush
25c8686f.wav,Walk_and_footsteps Drawer_open_or_close Whispering
25d481d6.wav,Bass_drum Knock Cupboard_open_or_close
25e059d3.wav,Bus Traffic_noise_and_roadway_noise Microwave_oven
25e23528.wav,Meow Screaming Sneeze
25e75fa8.wav,Frying_(food) Bathtub_(filling_or_washing) Keys_jangling
261cdf15.wav,Mechanical_fan Car_passing_by Traffic_noise_and_roadway_noise
262131af.wav,Purr Run Motorcycle
2624e8ff.wav,Drawer_open_or_close Zipper_(clothing) Writing
26263cf0.wav,Microwave_oven Marimba_and_xylophone Bass_drum
262a7108.wav,Toilet_flush Bathtub_(filling_or_washing) Waves_and_surf
262d4cca.wav,Marimba_and_xylophone Glockenspiel Harmonica
2655ac2c.wav,Church_bell Female_singing Buzz
26a25f5d.wav,Tap Marimba_and_xylophone Clapping
26a4977c.wav,Purr Crackle Zipper_(clothing)
26a6c2f3.wav,Finger_snapping Raindrop Scissors
26abfa32.wav,Frying_(food) Crackle Trickle_and_dribble
26c001b7.wav,Stream Frying_(food) Hiss
26c01e3f.wav,Female_singing Child_speech_and_kid_speaking Electric_guitar
26f921e3.wav,Finger_snapping Tap Scissors
2707f8b0.wav,Child_speech_and_kid_speaking Female_singing Female_speech_and_woman_speaking
27080c56.wav,Skateboard Cupboard_open_or_close Drawer_open_or_close
271ade69.wav,Mechanical_fan Bus Microwave_oven
272d95c7.wav,Stream Toilet_flush Traffic_noise_and_roadway_noise
2733bb3f.wav,Harmonica Accordion Buzz
27446bcd.wav,Cupboard_open_or_close Bass_drum Bass_guitar
2756ca54.wav,Zipper_(clothing) Squeak Scissors
2758a116.wav,Female_singing Child_speech_and_kid_speaking Female_speech_and_woman_speaking
275e1bb6.wav,Child_speech_and_kid_speaking Female_speech_and_woman_speaking Female_singing
278a19ee.wav,Meow Microwave_oven Zipper_(clothing)
27903ab8.wav,Chewing_and_mastication Gurgling Waves_and_surf
27924331.wav,Bathtub_(filling_or_washing) Drawer_open_or_close Slam
279d4550.wav,Crackle Writing Frying_(food)
27a4f4a8.wav,Waves_and_surf Motorcycle Toilet_flush
27a8cf7f.wav,Knock Tap Drawer_open_or_close
27b8db15.wav,Motorcycle Traffic_noise_and_roadway_noise Skateboard
27c8eacc.wav,Writing Run Bathtub_(filling_or_washing)
27ce0e90.wav,Scissors Writing Run
27d07e83.wav,Cricket Bicycle_bell Chirp_and_tweet
27d43eba.wav,Stream Mechanical_fan Traffic_noise_and_roadway_noise
27df10d1.wav,Zipper_(clothing) Child_speech_and_kid_speaking Yell
27e085c0.wav,Drawer_open_or_close Slam Microwave_oven
280c07e4.wav,Sigh Fart Car_passing_by
2810d717.wav,Chewing_and_mastication Scissors Raindrop
28142c7d.wav,Drawer_open_or_close Toilet_flush Bathtub_(filling_or_washing)
28199c01.wav,Knock Drawer_open_or_close Run
2833e567.wav,Fill_(with_liquid) Stream Trickle_and_dribble
28383990.wav,Bicycle_bell Chink_and_clink Cutlery_and_silverware
283bc0ea.wav,Scissors Chewing_and_mastication Keys_jangling
2842be8c.wav,Computer_keyboard Bathtub_(filling_or_washing) Run
28849a80.wav,Hiss Bathtub_(filling_or_washing) Finger_snapping
288a89c1.wav,Mechanical_fan Gong Harmonica
2894416d.wav,Bathtub_(filling_or_washing) Crackle Frying_(food)
289fb0b8.wav,Bark Bus Toilet_flush
28a2ff49.wav,Drawer_open_or_close Knock Slam
28a9213d.wav,Computer_keyboard Run Keys_jangling
28d22d2e.wav,Electric_guitar Printer Burping_and_eructation
28d2f36f.wav,Meow Child_speech_and_kid_speaking Harmonica
28e13187.wav,Knock Tap Drawer_open_or_close
28e32693.wav,Accelerating_and_revving_and_vroom Mechanical_fan Motorcycle
28f49053.wav,Bathtub_(filling_or_washing) Toilet_flush Waves_and_surf
28ff0651.wav,Bark Male_singing Accordion
290e30df.wav,Fart Cupboard_open_or_close Squeak
292ef00f.wav,Sigh Hiss Whispering
2934735d.wav,Zipper_(clothing) Meow Child_speech_and_kid_speaking
2934d413.wav,Walk_and_footsteps Knock Drawer_open_or_close
29365227.wav,Tick-tock Cupboard_open_or_close Printer
295268ea.wav,Mechanical_fan Car_passing_by Traffic_noise_and_roadway_noise
29699f09.wav,Zipper_(clothing) Scissors Meow
297219cc.wav,Finger_snapping Chink_and_clink Scissors
2980d500.wav,Scissors Raindrop Drip
29826356.wav,Drawer_open_or_close Gasp Sigh
29b0574f.wav,Chewing_and_mastication Writing Run
29d72dfb.wav,Waves_and_surf Motorcycle Accelerating_and_revving_and_vroom
29dd29fb.wav,Drawer_open_or_close Run Walk_and_footsteps
29e4880e.wav,Bathtub_(filling_or_washing) Buzz Bus
2a0893c6.wav,Bass_guitar Bass_drum Gong
2a0a3828.wav,Run Computer_keyboard Chewing_and_mastication
2a484593.wav,Tap Finger_snapping Crackle
2a557637.wav,Computer_keyboard Keys_jangling Bathtub_(filling_or_washing)
2a79d0a8.wav,Bass_guitar Church_bell Gong
2a9c7202.wav,Frying_(food) Stream Trickle_and_dribble
2aa1e0b8.wav,Child_speech_and_kid_speaking Yell Meow
2ac8607d.wav,Screaming Gasp Harmonica
2ad174b4.wav,Keys_jangling Computer_keyboard Chewing_and_mastication
2ae04dd7.wav,Mechanical_fan Bus Traffic_noise_and_roadway_noise
2aedff46.wav,Whispering Shatter Writing
2af10e99.wav,Hi-hat Chink_and_clink Bicycle_bell
2af77e7f.wav,Car_passing_by Waves_and_surf Traffic_noise_and_roadway_noise
2b160bb2.wav,Crackle Finger_snapping Scissors
2b2613d8.wav,Toilet_flush Mechanical_fan Bathtub_(filling_or_washing)
2b6ee441.wav,Scissors Raindrop Chewing_and_mastication
2b95327b.wav,Mechanical_fan Car_passing_by Waves_and_surf
2b9ca464.wav,Drawer_open_or_close Writing Run
2bab5b09.wav,Purr Chewing_and_mastication Gurgling
2bb1503c.wav,Hiss Squeak Chirp_and_tweet
2bbf558e.wav,Finger_snapping Scissors Shatter
2be779a7.wav,Writing Drawer_open_or_close Run
2c010e00.wav,Mechanical_fan Bus Traffic_noise_and_roadway_noise
2c2a3c77.wav,Printer Writing Tick-tock
2c2d400b.wav,Bathtub_(filling_or_washing) Run Keys_jangling
2c39bb30.wav,Church_bell Gong Harmonica
2c3a44f2.wav,Bathtub_(filling_or_washing) Toilet_flush Scissors
2c7a5078.wav,Bus Church_bell Buzz
2c809d4f.wav,Bathtub_(filling_or_washing) Writing Drawer_open_or_close
2c8b8812.wav,Computer_keyboard Run Writing
2c924848.wav,Race_car_and_auto_racing Bus Car_passing_by
2cc7f972.wav,Run Purr Bass_guitar
2cd526f7.wav,Drawer_open_or_close Run Walk_and_footsteps
2cdfa8c1.wav,Hiss Toilet_flush Bathtub_(filling_or_washing)
2cf4955c.wav,Cricket Mechanical_fan Toilet_flush
2cfdaecd.wav,Frying_(food) Bathtub_(filling_or_washing) Cricket
2d0863b7.wav,Bus Waves_and_surf Printer
2d09c7ca.wav,Cricket Chirp_and_tweet Squeak
2d15ca77.wav,Drawer_open_or_close Scissors Run
2d209c25.wav,Knock Tap Drawer_open_or_close
2d21dbf4.wav,Purr Zipper_(clothing) Motorcycle
2d455ed9.wav,Chewing_and_mastication Scissors Run
2d4961a8.wav,Waves_and_surf Printer Buzz
2d4a0250.wav,Run Drawer_open_or_close Writing
2d56c2ae.wav,Scissors Keys_jangling Run
2d5dcc5d.wav,Knock Drawer_open_or_close Run
2d666c1d.wav,Gong Marimba_and_xylophone Church_bell
2d6d99d4.wav,Sneeze Yell Harmonica
2d7218f8.wav,Gasp Bark Sneeze
2d7ae271.wav,Race_car_and_auto_racing Motorcycle Male_singing
2d8135cc.wav,Stream Fill_(with_liquid) Trickle_and_dribble
2d88fa59.wav,Finger_snapping Clapping Chink_and_clink
2da4c729.wav,Mechanical_fan Motorcycle Toilet_flush
2db579cb.wav,Sigh Waves_and_surf Buzz
2db63f0d.wav,Writing Walk_and_footsteps Whispering
2dd2a6bf.wav,Stream Toilet_flush Waves_and_surf
2df0cf1f.wav,Scissors Raindrop Drawer_open_or_close
2df1f901.wav,Writing Run Chewing_and_mastication
2dfd32a3.wav,Bus Buzz Female_singing
2e61e614.wav,Meow Male_singing Female_singing
2e820b05.wav,Meow Chirp_and_tweet Sneeze
2e8b4709.wav,Female_speech_and_woman_speaking Electric_guitar Female_singing
2e9ced66.wav,Mechanical_fan Stream Traffic_noise_and_roadway_noise
2ea33689.wav,Traffic_noise_and_roadway_noise Church_bell Bus
2eade3e1.wav,Bus Buzz Toilet_flush
2eb3002c.wav,Meow Bus Microwave_oven
2eb51f57.wav,Marimba_and_xylophone Glockenspiel Gong
2ed9ce69.wav,Harmonica Mechanical_fan Gong
2edb4142.wav,Toilet_flush Frying_(food) Bathtub_(filling_or_washing)
2ee3ef28.wav,Zipper_(clothing) Male_singing Male_speech_and_man_speaking
2ee9f139.wav,Drawer_open_or_close Skateboard Electric_guitar
2eeb7f35.wav,Meow Child_speech_and_kid_speaking Screaming
2eec6eda.wav,Bicycle_bell Marimba_and_xylophone Glockenspiel
2f00863c.wav,Car_passing_by Traffic_noise_and_roadway_noise Gong
2f14d3b3.wav,Run Bass_drum Bathtub_(filling_or_washing)
2f2ab304.wav,Car_passing_by Traffic_noise_and_roadway_noise Race_car_and_auto_racing
2f41afe1.wav,Bass_guitar Purr Motorcycle
2f529eb8.wav,Frying_(food) Stream Bathtub_(filling_or_washing)
2f5cbf20.wav,Sneeze Drawer_open_or_close Hi-hat
2f6331aa.wav,Sneeze Writing Yell
2f643c50.wav,Writing Scissors Sneeze
2f785877.wav,Bass_drum Knock Buzz
2f84c8e9.wav,Chirp_and_tweet Buzz Printer
2f8dd247.wav,Bus Waves_and_surf Mechanical_fan
2f94fca3.wav,Burping_and_eructation Cupboard_open_or_close Fill_(with_liquid)
2fa1cc09.wav,Finger_snapping Shatter Tap
2fc6ede8.wav,Drawer_open_or_close Computer_keyboard Run
2fe3ae63.wav,Raindrop Scissors Computer_keyboard
2ffd2145.wav,Female_speech_and_woman_speaking Child_speech_and_kid_speaking Male_speech_and_man_speaking
3011c55b.wav,Accordion Female_singing Church_bell
3012731a.wav,Run Toilet_flush Bathtub_(filling_or_washing)
302f4eb8.wav,Gong Church_bell Marimba_and_xylophone
303d4668.wav,Chirp_and_tweet Cricket Keys_jangling
304d8a8e.wav,Glockenspiel Marimba_and_xylophone Microwave_oven
304f25f4.wav,Tick-tock Printer Slam
3052fe86.wav,Purr Mechanical_fan Knock
3061e8d1.wav,Screaming Sneeze Meow
309169fa.wav,Female_singing Male_singing Female_speech_and_woman_speaking
30960f70.wav,Church_bell Bus Traffic_noise_and_roadway_noise
309eea85.wav,Female_singing Traffic_noise_and_roadway_noise Harmonica
30ac78a6.wav,Hiss Bathtub_(filling_or_washing) Hi-hat
30d1840b.wav,Keys_jangling Chewing_and_mastication Crackle
30dc07a7.wav,Bass_drum Knock Church_bell
30e1162a.wav,Meow Child_speech_and_kid_speaking Female_singing
30e40cc3.wav,Waves_and_surf Drawer_open_or_close Bark
30f7577e.wav,Run Printer Toilet_flush
30f8ba51.wav,Bass_guitar Purr Mechanical_fan
3102ff8d.wav,Crackle Frying_(food) Chewing_and_mastication
311fcc0d.wav,Cricket Bicycle_bell Chirp_and_tweet
3129e5b4.wav,Bass_drum Tap Knock
312c730c.wav,Frying_(food) Stream Hiss
312e1179.wav,Bicycle_bell Hiss Frying_(food)
312e698e.wav,Mechanical_fan Bus Cricket
31312cda.wav,Car_passing_by Church_bell Slam
3134c1f5.wav,Crackle Frying_(food) Scissors
31452d93.wav,Bus Race_car_and_auto_racing Buzz
314a8107.wav,Sigh Toilet_flush Bathtub_(filling_or_washing)
3174521f.wav,Drawer_open_or_close Slam Microwave_oven
3177529f.wav,Bathtub_(filling_or_washing) Chewing_and_mastication Zipper_(clothing)
317e5fda.wav,Chink_and_clink Shatter Bass_drum
3190ca46.wav,Bicycle_bell Cricket Hiss
31ab1bc4.wav,Burping_and_eructation Whispering Fart
31b883cb.wav,Burping_and_eructation Cutlery_and_silverware Fart
31bf8f6c.wav,Female_singing Bark Buzz
31c60809.wav,Finger_snapping Scissors Tap
31c7a683.wav,Whispering Chirp_and_tweet Cutlery_and_silverware
31cfaf7c.wav,Sneeze Writing Printer
31ea3391.wav,Bus Race_car_and_auto_racing Microwave_oven
31f4d839.wav,Drawer_open_or_close Run Knock
31fe4058.wav,Knock Tap Drawer_open_or_close
31ff4a9f.wav,Scissors Keys_jangling Cutlery_and_silverware
320adc8a.wav,Frying_(food) Bathtub_(filling_or_washing) Hiss
320b9457.wav,Toilet_flush Cricket Bathtub_(filling_or_washing)
320cb73f.wav,Toilet_flush Bathtub_(filling_or_washing) Waves_and_surf
321c61dd.wav,Mechanical_fan Stream Waves_and_surf
321d7624.wav,Bass_guitar Marimba_and_xylophone Motorcycle
322c634e.wav,Female_singing Bark Child_speech_and_kid_speaking
3246e22c.wav,Motorcycle Accelerating_and_revving_and_vroom Mechanical_fan
32663622.wav,Microwave_oven Slam Cupboard_open_or_close
3273193a.wav,Traffic_noise_and_roadway_noise Chirp_and_tweet Meow
327ff97c.wav,Scissors Keys_jangling Tick-tock
3288c908.wav,Buzz Printer Bus
329d5f81.wav,Frying_(food) Bathtub_(filling_or_washing) Shatter
32aaacf1.wav,Shatter Hiss Chewing_and_mastication
32ad561a.wav,Toilet_flush Bus Traffic_noise_and_roadway_noise
32b66826.wav,Gasp Sneeze Bark
32bf8f9d.wav,Walk_and_footsteps Skateboard Drawer_open_or_close
32cce167.wav,Hiss Sigh Bathtub_(filling_or_washing)
32d21079.wav,Bicycle_bell Hi-hat Chink_and_clink
32e0e55a.wav,Bass_guitar Mechanical_fan Gong
32f26b94.wav,Bathtub_(filling_or_washing) Toilet_flush Sigh
330b1461.wav,Scissors Writing Crackle
3313662e.wav,Slam Drawer_open_or_close Computer_keyboard
33139052.wav,Bicycle_bell Hi-hat Whispering
33170581.wav,Microwave_oven Bus Meow
332246f6.wav,Writing Scissors Whispering
33355c50.wav,Printer Writing Buzz
3347121c.wav,Bus Crackle Chewing_and_mastication
3353d705.wav,Mechanical_fan Cricket Bus
335d2ea3.wav,Screaming Harmonica Female_singing
336a88c3.wav,Shatter Bicycle_bell Hiss
338669d9.wav,Bathtub_(filling_or_washing) Chewing_and_mastication Gurgling
33a61f8d.wav,Tap Tick-tock Marimba_and_xylophone
33bc9deb.wav,Scissors Keys_jangling Cutlery_and_silverware
33c82ad4.wav,Female_singing Female_speech_and_woman_speaking Child_speech_and_kid_speaking
33ef8393.wav,Bicycle_bell Marimba_and_xylophone Shatter
33fbfca7.wav,Frying_(food) Bathtub_(filling_or_washing) Stream
34035cf8.wav,Bark Sneeze Sigh
340d5db4.wav,Church_bell Buzz Mechanical_fan
340da762.wav,Purr Crackle Zipper_(clothing)
34120253.wav,Harmonica Traffic_noise_and_roadway_noise Bus
341efc4b.wav,Car_passing_by Accelerating_and_revving_and_vroom Motorcycle
342cc3ae.wav,Child_speech_and_kid_speaking Female_singing Yell
34486c7f.wav,Female_singing Buzz Electric_guitar
34510c7a.wav,Scissors Tick-tock Printer
34512413.wav,Keys_jangling Cutlery_and_silverware Scissors
346fc59c.wav,Writing Printer Scissors
3474d7cd.wav,Scissors Writing Chewing_and_mastication
348aaf17.wav,Keys_jangling Raindrop Scissors
349e5ea7.wav,Run Crackle Walk_and_footsteps
34aac2b5.wav,Female_singing Male_singing Accordion
34c53320.wav,Burping_and_eructation Fart Purr
34cca3b3.wav,Bus Traffic_noise_and_roadway_noise Car_passing_by
34d0b2ca.wav,Sneeze Yell Child_speech_and_kid_speaking
34d4cfda.wav,Bus Church_bell Printer
34dc323b.wav,Gasp Yell Female_speech_and_woman_speaking
34e6a0de.wav,Cricket Chirp_and_tweet Cutlery_and_silverware
34f2c99d.wav,Fart Crackle Male_speech_and_man_speaking
34fbb318.wav,Computer_keyboard Raindrop Drip
3500ed9d.wav,Marimba_and_xylophone Tap Gong
350942d1.wav,Drawer_open_or_close Walk_and_footsteps Toilet_flush
351a8abe.wav,Buzz Bus Accelerating_and_revving_and_vroom
352ce267.wav,Bass_drum Knock Cupboard_open_or_close
3544797d.wav,Writing Drawer_open_or_close Whispering
354d467a.wav,Female_speech_and_woman_speaking Child_speech_and_kid_speaking Buzz
355ddeda.wav,Stream Toilet_flush Trickle_and_dribble
356adc0d.wav,Tick-tock Slam Drawer_open_or_close
356b99de.wav,Microwave_oven Chirp_and_tweet Meow
35930583.wav,Child_speech_and_kid_speaking Female_singing Female_speech_and_woman_speaking
359a6e84.wav,Meow Yell Screaming
35a7edad.wav,Finger_snapping Marimba_and_xylophone Knock
35a8a688.wav,Keys_jangling Cutlery_and_silverware Shatter
35d5aca3.wav,Buzz Bus Mechanical_fan
35dbfd81.wav,Church_bell Bark Accordion
36027dca.wav,Bass_drum Cupboard_open_or_close Knock
361237d6.wav,Male_singing Bus Buzz
361c9c0e.wav,Finger_snapping Shatter Fart
3623b13a.wav,Female_singing Female_speech_and_woman_speaking Child_speech_and_kid_speaking
3626ac5a.wav,Bicycle_bell Hiss Cricket
362f92f4.wav,Female_singing Male_singing Child_speech_and_kid_speaking
366d25a7.wav,Harmonica Accordion Buzz
366d6820.wav,Skateboard Waves_and_surf Purr
367ef5a8.wav,Mechanical_fan Microwave_oven Bus
36896b31.wav,Tick-tock Printer Drawer_open_or_close
368e3f09.wav,Hiss Bathtub_(filling_or_washing) Shatter
36b92bec.wav,Hi-hat Chink_and_clink Cutlery_and_silverware
36beb3fd.wav,Child_speech_and_kid_speaking Yell Male_singing
36c459de.wav,Harmonica Printer Church_bell
36dfae4f.wav,Run Walk_and_footsteps Drawer_open_or_close
36fe695f.wav,Gurgling Drawer_open_or_close Toilet_flush
37053a90.wav,Frying_(food) Mechanical_fan Cricket
370eaa84.wav,Bus Church_bell Race_car_and_auto_racing
37155f3a.wav,Car_passing_by Traffic_noise_and_roadway_noise Stream
37790f99.wav,Frying_(food) Bicycle_bell Hiss
378216b2.wav,Car_passing_by Mechanical_fan Waves_and_surf
37856035.wav,Cupboard_open_or_close Clapping Skateboard
3792237d.wav,Toilet_flush Run Waves_and_surf
37941050.wav,Mechanical_fan Waves_and_surf Motorcycle
379ae4e1.wav,Frying_(food) Stream Bathtub_(filling_or_washing)
379b7e21.wav,Bathtub_(filling_or_washing) Fill_(with_liquid) Run
379c063d.wav,Burping_and_eructation Fart Cutlery_and_silverware
37a1946c.wav,Microwave_oven Slam Drawer_open_or_close
37a7927f.wav,Knock Drawer_open_or_close Bass_drum
37c95c1c.wav,Child_speech_and_kid_speaking Female_speech_and_woman_speaking Yell
37ccc1ea.wav,Hiss Bathtub_(filling_or_washing) Bicycle_bell
37d609aa.wav,Scissors Bathtub_(filling_or_washing) Run
37dc178a.wav,Hiss Bathtub_(filling_or_washing) Mechanical_fan
37f5f0d8.wav,Buzz Toilet_flush Bus
382587b8.wav,Knock Bass_drum Clapping
382cd8c5.wav,Drawer_open_or_close Slam Microwave_oven
38368c9b.wav,Hiss Gasp Sneeze
384b0ff2.wav,Marimba_and_xylophone Electric_guitar Child_speech_and_kid_speaking
38544190.wav,Run Tap Computer_keyboard
38558ab1.wav,Burping_and_eructation Zipper_(clothing) Purr
3858d281.wav,Buzz Cupboard_open_or_close Knock
385e8b0f.wav,Tap Knock Run
38636d71.wav,Meow Screaming Sigh
38669440.wav,Tick-tock Computer_keyboard Scissors
387014ab.wav,Stream Toilet_flush Waves_and_surf
3876c193.wav,Sigh Meow Harmonica
388f70a5.wav,Car_passing_by Traffic_noise_and_roadway_noise Race_car_and_auto_racing
38b9ff18.wav,Electric_guitar Child_speech_and_kid_speaking Drawer_open_or_close
38d29a00.wav,Run Tap Computer_keyboard
38d378d8.wav,Bus Skateboard Printer
38d50e59.wav,Scissors Keys_jangling Cutlery_and_silverware
38d5d026.wav,Sigh Zipper_(clothing) Meow
38e43355.wav,Female_speech_and_woman_speaking Harmonica Female_singing
38ea5df2.wav,Bathtub_(filling_or_washing) Frying_(food) Toilet_flush
38f6aa5e.wav,Hiss Frying_(food) Bathtub_(filling_or_washing)
38fea590.wav,Bus Church_bell Crowd
390789a8.wav,Chewing_and_mastication Run Skateboard
390995ef.wav,Shatter Bicycle_bell Cutlery_and_silverware
39189c31.wav,Bus Toilet_flush Race_car_and_auto_racing
391fbd47.wav,Chink_and_clink Tick-tock Marimba_and_xylophone
392e88d7.wav,Frying_(food) Hiss Bathtub_(filling_or_washing)
3939b821.wav,Cupboard_open_or_close Microwave_oven Tap
39467410.wav,Church_bell Bus Electric_guitar
394b8ce2.wav,Computer_keyboard Chewing_and_mastication Crackle
395de76a.wav,Car_passing_by Waves_and_surf Accelerating_and_revving_and_vroom
395df625.wav,Fart Burping_and_eructation Crackle
396d793f.wav,Scissors Writing Sneeze
39723c0e.wav,Church_bell Gong Marimba_and_xylophone
39768e2a.wav,Male_singing Female_speech_and_woman_speaking Female_singing
3987fc79.wav,Purr Crackle Zipper_(clothing)
398b6fa6.wav,Tap Knock Bass_drum
399732ec.wav,Clapping Cupboard_open_or_close Fart
39a8ac5c.wav,Keys_jangling Crackle Chewing_and_mastication
39b6cc75.wav,Hiss Bathtub_(filling_or_washing) Finger_snapping
39bbcabd.wav,Microwave_oven Tick-tock Marimba_and_xylophone
39c1f2fd.wav,Sigh Drawer_open_or_close Hiss
39d1b554.wav,Scissors Writing Tick-tock
39e1b8cc.wav,Computer_keyboard Gurgling Trickle_and_dribble
39e2f767.wav,Yell Child_speech_and_kid_speaking Sneeze
39e35f03.wav,Church_bell Waves_and_surf Buzz
39eb6dd5.wav,Knock Tap Cupboard_open_or_close
39f19344.wav,Mechanical_fan Traffic_noise_and_roadway_noise Bus
3a2353bb.wav,Zipper_(clothing) Sneeze Sigh
3a28e28a.wav,Cricket Mechanical_fan Buzz
3a2a4822.wav,Tap Clapping Raindrop
3a3e4b29.wav,Buzz Bus Race_car_and_auto_racing
3a49d5ed.wav,Toilet_flush Trickle_and_dribble Computer_keyboard
3a4cf709.wav,Screaming Harmonica Yell
3a5e6dde.wav,Hi-hat Hiss Mechanical_fan
3a66e3df.wav,Computer_keyboard Bathtub_(filling_or_washing) Keys_jangling
3a87c628.wav,Frying_(food) Bathtub_(filling_or_washing) Tick-tock
3a885c38.wav,Drawer_open_or_close Tap Computer_keyboard
3a8b9afe.wav,Church_bell Bus Traffic_noise_and_roadway_noise
3aa5b432.wav,Stream Crackle Frying_(food)
3ac609e1.wav,Mechanical_fan Cricket Traffic_noise_and_roadway_noise
3acbee34.wav,Meow Chirp_and_tweet Screaming
3adfb8f0.wav,Hiss Frying_(food) Stream
3ae08e83.wav,Printer Drawer_open_or_close Writing
3ae0ea8b.wav,Scissors Writing Printer
3b0a3361.wav,Stream Mechanical_fan Bathtub_(filling_or_washing)
3b0b13f4.wav,Sneeze Shatter Drawer_open_or_close
3b13f6a1.wav,Printer Toilet_flush Tick-tock
3b23ed90.wav,Chink_and_clink Finger_snapping Tap
3b252939.wav,Waves_and_surf Toilet_flush Drawer_open_or_close
3b277890.wav,Zipper_(clothing) Meow Child_speech_and_kid_speaking
3b382171.wav,Bark Yell Sneeze
3b3c2c67.wav,Raindrop Computer_keyboard Chink_and_clink
3b75b456.wav,Bus Race_car_and_auto_racing Traffic_noise_and_roadway_noise
3b7c7f94.wav,Run Writing Computer_keyboard
3bb6024f.wav,Bus Clapping Printer
3bb7c24d.wav,Run Walk_and_footsteps Tap
3bb9a722.wav,Purr Motorcycle Zipper_(clothing)
3bda5fb0.wav,Mechanical_fan Traffic_noise_and_roadway_noise Bus
3bfcab18.wav,Walk_and_footsteps Bass_guitar Run
3c0370c8.wav,Bathtub_(filling_or_washing) Chewing_and_mastication Toilet_flush
3c1b9399.wav,Buzz Bus Church_bell
3c20c95f.wav,Purr Zipper_(clothing) Crackle
3c216393.wav,Writing Scissors Chewing_and_mastication
3c244ade.wav,Stream Frying_(food) Trickle_and_dribble
3c348e5c.wav,Marimba_and_xylophone Tick-tock Microwave_oven
3c35237b.wav,Bus Mechanical_fan Microwave_oven
3c40f472.wav,Female_singing Male_singing Buzz
3c525c1f.wav,Frying_(food) Trickle_and_dribble Bathtub_(filling_or_washing)
3c590143.wav,Run Drawer_open_or_close Walk_and_footsteps
3c90b11b.wav,Scissors Keys_jangling Frying_(food)
3c95067e.wav,Stream Bathtub_(filling_or_washing) Frying_(food)
3ca6b1a3.wav,Fill_(with_liquid) Stream Trickle_and_dribble
3caf1f70.wav,Crackle Frying_(food) Purr
3cc51361.wav,Zipper_(clothing) Sigh Motorcycle
3cd30520.wav,Writing Run Chewing_and_mastication
3ce0dcd0.wav,Hiss Frying_(food) Cricket
3ce9fd74.wav,Church_bell Accordion Female_singing
3cfeb0cd.wav,Frying_(food) Stream Bathtub_(filling_or_washing)
3d07c63a.wav,Gasp Sneeze Yell
3d0beb6f.wav,Writing Scissors Printer
3d0dca90.wav,Stream Mechanical_fan Traffic_noise_and_roadway_noise
3d1d3f2b.wav,Bus Church_bell Race_car_and_auto_racing
3d27f415.wav,Marimba_and_xylophone Glockenspiel Gong
3d287b47.wav,Slam Drawer_open_or_close Bathtub_(filling_or_washing)
3d4e1dea.wav,Male_speech_and_man_speaking Female_speech_and_woman_speaking Male_singing
3d58d893.wav,Stream Toilet_flush Traffic_noise_and_roadway_noise
3d5f899d.wav,Gong Car_passing_by Church_bell
3d633399.wav,Bus Buzz Church_bell
3d7309d7.wav,Finger_snapping Scissors Fart
3d921767.wav,Bass_guitar Motorcycle Accelerating_and_revving_and_vroom
3d9a715d.wav,Stream Frying_(food) Bathtub_(filling_or_washing)
3db04d3f.wav,Bass_guitar Electric_guitar Male_singing
3db44f6c.wav,Glockenspiel Marimba_and_xylophone Bicycle_bell
3ddb4122.wav,Keys_jangling Chewing_and_mastication Chirp_and_tweet
3dedbba9.wav,Shatter Bicycle_bell Chink_and_clink
3df2fc0e.wav,Mechanical_fan Bus Traffic_noise_and_roadway_noise
3df5c540.wav,Scissors Run Bathtub_(filling_or_washing)
3e230352.wav,Stream Traffic_noise_and_roadway_noise Waves_and_surf
3e3a6910.wav,Fart Cupboard_open_or_close Gurgling
3e4755ba.wav,Bass_guitar Bass_drum Purr
3e52f857.wav,Keys_jangling Scissors Chewing_and_mastication
3e5ce660.wav,Mechanical_fan Stream Hiss
3e656c6e.wav,Hi-hat Bicycle_bell Marimba_and_xylophone
3e65a00d.wav,Mechanical_fan Stream Hiss
3e691b83.wav,Knock Walk_and_footsteps Bass_drum
3e7889ed.wav,Writing Buzz Scissors
3e83500f.wav,Printer Tick-tock Toilet_flush
3e9967cf.wav,Accelerating_and_revving_and_vroom Buzz Zipper_(clothing)
3ebaff6d.wav,Cricket Toilet_flush Hiss
3ecc19c5.wav,Skateboard Run Fill_(with_liquid)
3ed6c2b5.wav,Child_speech_and_kid_speaking Female_speech_and_woman_speaking Female_singing
3efc0912.wav,Stream Toilet_flush Traffic_noise_and_roadway_noise
3f0f92ff.wav,Finger_snapping Tap Clapping
3f15fd07.wav,Run Computer_keyboard Writing
3f16d9f3.wav,Church_bell Gong Accelerating_and_revving_and_vroom
3f19e53c.wav,Stream Mechanical_fan Waves_and_surf
3f1ca1bb.wav,Accelerating_and_revving_and_vroom Car_passing_by Waves_and_surf
3f29038e.wav,Female_speech_and_woman_speaking Male_speech_and_man_speaking Male_singing
3f2dbd00.wav,Zipper_(clothing) Purr Male_speech_and_man_speaking
3f4f4808.wav,Waves_and_surf Printer Toilet_flush
3f53a02f.wav,Drawer_open_or_close Microwave_oven Slam
3f7043d9.wav,Bathtub_(filling_or_washing) Toilet_flush Buzz
3f80cc56.wav,Bus Buzz Church_bell
3f96494a.wav,Slam Shatter Drawer_open_or_close
3faf10be.wav,Traffic_noise_and_roadway_noise Car_passing_by Bus
3fd4d55a.wav,Finger_snapping Bass_drum Shatter
400ff09d.wav,Fill_(with_liquid) Stream Trickle_and_dribble
402e2d1b.wav,Fart Bass_guitar Bass_drum
4030a4f2.wav,Purr Cricket Mechanical_fan
4034f327.wav,Printer Tick-tock Waves_and_surf
4037cd65.wav,Male_speech_and_man_speaking Male_singing Zipper_(clothing)
4040f015.wav,Slam Drawer_open_or_close Tick-tock
40449ca7.wav,Bicycle_bell Hiss Cricket
404b54c0.wav,Waves_and_surf Toilet_flush Run
404fb677.wav,Mechanical_fan Car_passing_by Traffic_noise_and_roadway_noise
4053b801.wav,Child_speech_and_kid_speaking Bus Meow
405c66af.wav,Shatter Chink_and_clink Cutlery_and_silverware
406306b6.wav,Church_bell Gong Glockenspiel
406a1cc1.wav,Gong Clapping Church_bell
406ade5e.wav,Cricket Frying_(food) Meow
4093913f.wav,Sigh Bathtub_(filling_or_washing) Shatter
40957335.wav,Sigh Gasp Toilet_flush
4098028d.wav,Computer_keyboard Fart Writing
40afd1b3.wav,Bathtub_(filling_or_washing) Scissors Chewing_and_mastication
40c1ed87.wav,Keys_jangling Chewing_and_mastication Crackle
40c50046.wav,Computer_keyboard Run Chewing_and_mastication
40d0726d.wav,Motorcycle Bus Car_passing_by
40dd1274.wav,Bark Traffic_noise_and_roadway_noise Gasp
40e25750.wav,Sigh Burping_and_eructation Fart
410837eb.wav,Gasp Bark Accordion
410c2138.wav,Hiss Bathtub_(filling_or_washing) Mechanical_fan
411993fd.wav,Hi-hat Shatter Cutlery_and_silverware
413b5427.wav,Harmonica Hi-hat Electric_guitar
41522a65.wav,Frying_(food) Keys_jangling Scissors
415f4c8f.wav,Cutlery_and_silverware Chirp_and_tweet Bicycle_bell
41759973.wav,Stream Waves_and_surf Toilet_flush
419271cc.wav,Bicycle_bell Shatter Whispering
4195cb1a.wav,Bicycle_bell Chink_and_clink Marimba_and_xylophone
41af688a.wav,Male_speech_and_man_speaking Crackle Fart
41c60bba.wav,Slam Microwave_oven Cupboard_open_or_close
41cfee6d.wav,Bicycle_bell Hiss Hi-hat
41f16193.wav,Clapping Bass_drum Drawer_open_or_close
41f1ea4a.wav,Waves_and_surf Church_bell Motorcycle
41f86bc4.wav,Stream Frying_(food) Trickle_and_dribble
4215309a.wav,Scissors Frying_(food) Crackle
4248d196.wav,Stream Toilet_flush Traffic_noise_and_roadway_noise
42542036.wav,Buzz Female_singing Male_singing
