fname,label
000ccb97.wav,Marimba_and_xylophone Bicycle_bell Chink_and_clink
0012633b.wav,Buzz Chirp_and_tweet Whispering
001ed5f1.wav,Whispering Shatter Cutlery_and_silverware
00294be0.wav,Purr Motorcycle Zipper_(clothing)
003fde7a.wav,Bicycle_bell Chirp_and_tweet Marimba_and_xylophone
0040ccc9.wav,Printer Electric_guitar Cupboard_open_or_close
0046b732.wav,Meow Glockenspiel Whispering
004f3bbc.wav,Bass_guitar Gong Marimba_and_xylophone
00526050.wav,Tap Finger_snapping Computer_keyboard
00559da4.wav,Zipper_(clothing) Chewing_and_mastication Writing
00582bbe.wav,Knock Tap Marimba_and_xylophone
0064aedf.wav,Tap Cupboard_open_or_close Knock
0065512b.wav,Whispering Zipper_(clothing) Waves_and_surf
006a91d2.wav,Stream Toilet_flush Waves_and_surf
006ea9ee.wav,Gong Church_bell Microwave_oven
006f9dca.wav,Frying_(food) Bathtub_(filling_or_washing) Stream
007450dc.wav,Screaming Harmonica Sneeze
00979c8a.wav,Purr Motorcycle Zipper_(clothing)
00992464.wav,Bathtub_(filling_or_washing) Fill_(with_liquid) Trickle_and_dribble
00b44a8a.wav,Cutlery_and_silverware Shatter Keys_jangling
00bfaaaf.wav,Screaming Harmonica Gasp
00cf9680.wav,Hiss Bicycle_bell Bathtub_(filling_or_washing)
00eae94d.wav,Bicycle_bell Frying_(food) Bathtub_(filling_or_washing)
011ec5b8.wav,Marimba_and_xylophone Drawer_open_or_close Walk_and_footsteps
013200dc.wav,Fart Bass_drum Crackle
01440c2e.wav,Traffic_noise_and_roadway_noise Harmonica Accordion
01567a3d.wav,Tick-tock Microwave_oven Slam
0163d203.wav,Purr Buzz Accelerating_and_revving_and_vroom
017c24b2.wav,Meow Microwave_oven Glockenspiel
01a992c5.wav,Chirp_and_tweet Hiss Cricket
01b1d976.wav,Finger_snapping Scissors Tap
01c1c371.wav,Child_speech_and_kid_speaking Meow Female_singing
01cf8354.wav,Gurgling Burping_and_eructation Writing
01d2c640.wav,Chirp_and_tweet Whispering Walk_and_footsteps
01d69423.wav,Knock Tap Run
01e9170b.wav,Harmonica Traffic_noise_and_roadway_noise Meow
01f2901a.wav,Frying_(food) Stream Bathtub_(filling_or_washing)
020b1fdf.wav,Microwave_oven Bus Harmonica
021457df.wav,Scissors Crackle Computer_keyboard
02173589.wav,Screaming Female_singing Race_car_and_auto_racing
021ac082.wav,Toilet_flush Stream Waves_and_surf
02200884.wav,Scissors Raindrop Tick-tock
02213278.wav,Scissors Finger_snapping Crackle
022e3b2c.wav,Writing Run Drawer_open_or_close
023081f2.wav,Glockenspiel Marimba_and_xylophone Bicycle_bell
02596541.wav,Glockenspiel Marimba_and_xylophone Bicycle_bell
0289b79b.wav,Buzz Bus Male_singing
028cf9db.wav,Female_singing Bark Church_bell
028d26f7.wav,Chink_and_clink Cutlery_and_silverware Shatter
02ab2a72.wav,Buzz Male_singing Accordion
02c02ec1.wav,Church_bell Harmonica Traffic_noise_and_roadway_noise
02ce28a1.wav,Traffic_noise_and_roadway_noise Car_passing_by Mechanical_fan
02d01f40.wav,Scissors Keys_jangling Chewing_and_mastication
02da7457.wav,Crackle Frying_(food) Trickle_and_dribble
02e17633.wav,Bathtub_(filling_or_washing) Waves_and_surf Drawer_open_or_close
02e8059d.wav,Bass_guitar Bass_drum Buzz
02f71319.wav,Hi-hat Hiss Gong
03090fb0.wav,Tick-tock Printer Chirp_and_tweet
03162c23.wav,Bus Buzz Motorcycle
032f518c.wav,Child_speech_and_kid_speaking Female_singing Printer
03300fcb.wav,Marimba_and_xylophone Gong Race_car_and_auto_racing
035dd895.wav,Waves_and_surf Toilet_flush Stream
03754ab4.wav,Toilet_flush Frying_(food) Bathtub_(filling_or_washing)
037b47c4.wav,Child_speech_and_kid_speaking Screaming Gasp
03887635.wav,Chink_and_clink Raindrop Tick-tock
03931594.wav,Zipper_(clothing) Chewing_and_mastication Writing
039d2821.wav,Female_speech_and_woman_speaking Male_speech_and_man_speaking Male_singing
03a47c4a.wav,Hiss Bicycle_bell Bathtub_(filling_or_washing)
03b80975.wav,Traffic_noise_and_roadway_noise Toilet_flush Waves_and_surf
03c5e8d0.wav,Electric_guitar Bass_drum Bass_guitar
03fe2971.wav,Tap Clapping Chink_and_clink
04008bb5.wav,Chink_and_clink Bicycle_bell Tap
040c5c0c.wav,Writing Whispering Male_speech_and_man_speaking
041cff59.wav,Burping_and_eructation Printer Electric_guitar
042b07a4.wav,Female_singing Accordion Bark
042b542f.wav,Buzz Bus Female_singing
04308d8d.wav,Burping_and_eructation Fill_(with_liquid) Purr
04355ea8.wav,Child_speech_and_kid_speaking Female_speech_and_woman_speaking Female_singing
0442a617.wav,Meow Screaming Harmonica
0443f812.wav,Chink_and_clink Clapping Cupboard_open_or_close
04441d5b.wav,Drawer_open_or_close Cupboard_open_or_close Slam
0453bb71.wav,Accordion Harmonica Female_singing
04702c1c.wav,Race_car_and_auto_racing Female_singing Gasp
047ba0e1.wav,Keys_jangling Scissors Frying_(food)
04877d29.wav,Gong Church_bell Car_passing_by
048c3418.wav,Church_bell Traffic_noise_and_roadway_noise Electric_guitar
04a5c9eb.wav,Bus Buzz Church_bell
04ad8e52.wav,Frying_(food) Stream Bathtub_(filling_or_washing)
04af82d9.wav,Bicycle_bell Tap Chink_and_clink
04b1558a.wav,Trickle_and_dribble Chewing_and_mastication Scissors
04de7b9a.wav,Crackle Chewing_and_mastication Gurgling
04e8bf2a.wav,Drawer_open_or_close Walk_and_footsteps Slam
04f004fe.wav,Marimba_and_xylophone Walk_and_footsteps Knock
04f48f10.wav,Marimba_and_xylophone Skateboard Knock
0506eee8.wav,Church_bell Gong Car_passing_by
050eb97f.wav,Female_singing Traffic_noise_and_roadway_noise Harmonica
051bda9a.wav,Waves_and_surf Bus Mechanical_fan
057a3c2e.wav,Zipper_(clothing) Whispering Writing
057c13c8.wav,Clapping Traffic_noise_and_roadway_noise Toilet_flush
058a4a79.wav,Harmonica Screaming Gasp
058ec864.wav,Bicycle_bell Glockenspiel Marimba_and_xylophone
05af19b1.wav,Church_bell Male_singing Female_singing
05c881c4.wav,Whispering Hiss Shatter
05d775e9.wav,Toilet_flush Hiss Sigh
05dae80d.wav,Tick-tock Computer_keyboard Gurgling
05e34a55.wav,Frying_(food) Stream Bathtub_(filling_or_washing)
05edaa47.wav,Child_speech_and_kid_speaking Zipper_(clothing) Meow
060b802f.wav,Harmonica Meow Chirp_and_tweet
060d2d47.wav,Cupboard_open_or_close Knock Tap
062e94dd.wav,Gong Harmonica Church_bell
06345241.wav,Meow Harmonica Screaming
0648b115.wav,Shatter Cutlery_and_silverware Hi-hat
06526954.wav,Writing Chewing_and_mastication Zipper_(clothing)
065b49ec.wav,Whispering Sigh Meow
06604d51.wav,Male_speech_and_man_speaking Male_singing Female_speech_and_woman_speaking
068b717f.wav,Male_speech_and_man_speaking Electric_guitar Female_singing
069b2f91.wav,Burping_and_eructation Male_singing Zipper_(clothing)
069f3ce5.wav,Whispering Sneeze Squeak
06a23eb9.wav,Sigh Traffic_noise_and_roadway_noise Whispering
06c34152.wav,Hiss Whispering Waves_and_surf
06feb5cf.wav,Church_bell Mechanical_fan Car_passing_by
0718ce8d.wav,Chewing_and_mastication Run Crackle
07295dd0.wav,Bass_drum Tap Knock
072ee4b2.wav,Chewing_and_mastication Crackle Scissors
074cbe2b.wav,Traffic_noise_and_roadway_noise Meow Microwave_oven
07502956.wav,Finger_snapping Tap Shatter
07603ad3.wav,Car_passing_by Traffic_noise_and_roadway_noise Church_bell
07670752.wav,Frying_(food) Crackle Stream
077f270d.wav,Gong Chink_and_clink Marimba_and_xylophone
0782d022.wav,Screaming Sneeze Meow
078464b8.wav,Hiss Bathtub_(filling_or_washing) Bicycle_bell
07a82fbe.wav,Knock Tap Marimba_and_xylophone
07bca33c.wav,Tap Marimba_and_xylophone Cutlery_and_silverware
07da8ebf.wav,Harmonica Meow Female_singing
07dff283.wav,Drawer_open_or_close Printer Microwave_oven
07f965a0.wav,Stream Toilet_flush Hiss
07fa6e7e.wav,Burping_and_eructation Skateboard Fart
08087580.wav,Stream Trickle_and_dribble Toilet_flush
0814db2b.wav,Traffic_noise_and_roadway_noise Harmonica Meow
0815543c.wav,Fart Burping_and_eructation Zipper_(clothing)
081d6520.wav,Chirp_and_tweet Hiss Cutlery_and_silverware
081f2b5a.wav,Bass_guitar Zipper_(clothing) Bass_drum
0824bbdb.wav,Bicycle_bell Chink_and_clink Shatter
08272d1c.wav,Mechanical_fan Cricket Chirp_and_tweet
08278440.wav,Burping_and_eructation Skateboard Clapping
0837e041.wav,Child_speech_and_kid_speaking Gasp Meow
08390e01.wav,Frying_(food) Stream Bathtub_(filling_or_washing)
083cc652.wav,Female_singing Screaming Gasp
08458ab2.wav,Purr Crackle Zipper_(clothing)
0849057f.wav,Female_speech_and_woman_speaking Female_singing Electric_guitar
084e5784.wav,Gong Marimba_and_xylophone Child_speech_and_kid_speaking
085f174a.wav,Chink_and_clink Marimba_and_xylophone Clapping
0865816c.wav,Tap Knock Computer_keyboard
086ce4a5.wav,Skateboard Waves_and_surf Traffic_noise_and_roadway_noise
086ebb95.wav,Microwave_oven Mechanical_fan Bus
08810dd4.wav,Computer_keyboard Run Writing
08b06642.wav,Screaming Gasp Sneeze
08b2d04c.wav,Female_singing Male_singing Child_speech_and_kid_speaking
08bc3e2d.wav,Waves_and_surf Bus Mechanical_fan
08d46566.wav,Keys_jangling Crackle Frying_(food)
08d4acca.wav,Bass_guitar Gong Marimba_and_xylophone
08d5d316.wav,Waves_and_surf Toilet_flush Whispering
08dfe75d.wav,Finger_snapping Knock Bass_drum
08eb3a69.wav,Gurgling Chewing_and_mastication Zipper_(clothing)
08f36895.wav,Walk_and_footsteps Skateboard Run
08facc12.wav,Tick-tock Computer_keyboard Keys_jangling
090cc523.wav,Stream Trickle_and_dribble Fill_(with_liquid)
091fa206.wav,Fart Burping_and_eructation Cupboard_open_or_close
092d8e54.wav,Run Crackle Walk_and_footsteps
094761b8.wav,Marimba_and_xylophone Gong Race_car_and_auto_racing
0963270d.wav,Writing Zipper_(clothing) Chewing_and_mastication
0992b95a.wav,Purr Crackle Zipper_(clothing)
0997968e.wav,Toilet_flush Waves_and_surf Stream
09a67356.wav,Motorcycle Purr Car_passing_by
09d085e3.wav,Traffic_noise_and_roadway_noise Church_bell Chirp_and_tweet
0a31c905.wav,Waves_and_surf Motorcycle Skateboard
0a3c2351.wav,Meow Microwave_oven Glockenspiel
0a4d3800.wav,Purr Crackle Zipper_(clothing)
0a4ff0fb.wav,Whispering Writing Sneeze
0a56e261.wav,Marimba_and_xylophone Chink_and_clink Microwave_oven
0a64010f.wav,Meow Harmonica Traffic_noise_and_roadway_noise
0a683136.wav,Gong Bass_guitar Mechanical_fan
0a6e6889.wav,Gong Church_bell Marimba_and_xylophone
0a8e1630.wav,Crackle Purr Tap
0a950c32.wav,Church_bell Bus Bark
0aee7a2a.wav,Stream Hiss Frying_(food)
0af7446d.wav,Bicycle_bell Traffic_noise_and_roadway_noise Microwave_oven
0b1503e8.wav,Shatter Hi-hat Chink_and_clink
0b33d746.wav,Screaming Traffic_noise_and_roadway_noise Church_bell
0b4819f1.wav,Tick-tock Computer_keyboard Microwave_oven
0b5c6535.wav,Scissors Whispering Hiss
0b73077e.wav,Female_singing Harmonica Bark
0b9e93e6.wav,Whispering Sneeze Writing
0ba7fe6b.wav,Bass_drum Bass_guitar Cupboard_open_or_close
0bacb61b.wav,Hiss Bicycle_bell Bathtub_(filling_or_washing)
0bb86b6c.wav,Burping_and_eructation Skateboard Fill_(with_liquid)
0bbe8308.wav,Clapping Tap Knock
0bc36580.wav,Screaming Child_speech_and_kid_speaking Bark
0bc7822a.wav,Scissors Cutlery_and_silverware Keys_jangling
0bdcdfba.wav,Tick-tock Printer Microwave_oven
0bec3f54.wav,Marimba_and_xylophone Gong Bass_guitar
0c151ad3.wav,Mechanical_fan Stream Waves_and_surf
0c16f612.wav,Harmonica Screaming Traffic_noise_and_roadway_noise
0c32d940.wav,Female_singing Child_speech_and_kid_speaking Traffic_noise_and_roadway_noise
0c390f3c.wav,Burping_and_eructation Gurgling Walk_and_footsteps
0c3b2573.wav,Crackle Tap Purr
0c5ba768.wav,Writing Scissors Walk_and_footsteps
0c698ef7.wav,Hiss Bathtub_(filling_or_washing) Bicycle_bell
0c8d9148.wav,Crackle Finger_snapping Bicycle_bell
0c8def18.wav,Bus Microwave_oven Traffic_noise_and_roadway_noise
0c949702.wav,Bicycle_bell Tick-tock Whispering
0cb33d03.wav,Bicycle_bell Whispering Hiss
0cb4cde3.wav,Tick-tock Printer Toilet_flush
0cdddb37.wav,Hiss Bicycle_bell Bathtub_(filling_or_washing)
0ce84f9b.wav,Marimba_and_xylophone Bicycle_bell Chirp_and_tweet
0cfe3f96.wav,Raindrop Tick-tock Trickle_and_dribble
0d000cd7.wav,Sneeze Meow Screaming
0d1b11e0.wav,Gasp Sigh Child_speech_and_kid_speaking
0d2230eb.wav,Hiss Bathtub_(filling_or_washing) Bicycle_bell
0d2707f4.wav,Glockenspiel Marimba_and_xylophone Bicycle_bell
0d34341d.wav,Printer Microwave_oven Sneeze
0d3dc96c.wav,Cricket Printer Cupboard_open_or_close
0d507c20.wav,Traffic_noise_and_roadway_noise Harmonica Church_bell
0d540ee1.wav,Chewing_and_mastication Computer_keyboard Trickle_and_dribble
0d5516ef.wav,Meow Traffic_noise_and_roadway_noise Chirp_and_tweet
0d6564bb.wav,Female_singing Child_speech_and_kid_speaking Male_speech_and_man_speaking
0d673a8c.wav,Child_speech_and_kid_speaking Sigh Church_bell
0d74277e.wav,Waves_and_surf Bathtub_(filling_or_washing) Toilet_flush
0d8d7af9.wav,Tap Computer_keyboard Shatter
0d8e2166.wav,Cutlery_and_silverware Keys_jangling Shatter
0d8f3f54.wav,Bass_drum Tap Cupboard_open_or_close
0d9caeeb.wav,Waves_and_surf Accelerating_and_revving_and_vroom Motorcycle
0da3d582.wav,Meow Whispering Sneeze
0dc06757.wav,Meow Female_singing Traffic_noise_and_roadway_noise
0dc813d8.wav,Crackle Frying_(food) Keys_jangling
0dce3e5f.wav,Computer_keyboard Stream Tick-tock
0dcf1534.wav,Car_passing_by Traffic_noise_and_roadway_noise Bus
0dda644b.wav,Bathtub_(filling_or_washing) Trickle_and_dribble Stream
0ddd0393.wav,Cupboard_open_or_close Slam Drawer_open_or_close
0de2a4b2.wav,Female_speech_and_woman_speaking Male_singing Male_speech_and_man_speaking
0de4fc92.wav,Church_bell Gong Harmonica
0df1484c.wav,Purr Zipper_(clothing) Motorcycle
0e18c7d2.wav,Glockenspiel Bicycle_bell Marimba_and_xylophone
0e3e2590.wav,Church_bell Traffic_noise_and_roadway_noise Tick-tock
0e4be6a4.wav,Gong Race_car_and_auto_racing Bus
0e6552c7.wav,Crackle Finger_snapping Tap
0e70a285.wav,Hiss Bicycle_bell Bathtub_(filling_or_washing)
0e7f5c7e.wav,Zipper_(clothing) Whispering Waves_and_surf
0e9e941b.wav,Gurgling Stream Computer_keyboard
0ea99bf4.wav,Harmonica Screaming Sneeze
0eaf6d60.wav,Gasp Child_speech_and_kid_speaking Meow
0ec7e315.wav,Mechanical_fan Gong Car_passing_by
0ed20fe2.wav,Waves_and_surf Stream Hiss
0ee80cb7.wav,Female_speech_and_woman_speaking Female_singing Electric_guitar
0ef6fb07.wav,Cutlery_and_silverware Shatter Keys_jangling
0f07f15f.wav,Crackle Finger_snapping Tap
0f08a4c8.wav,Purr Crackle Bass_drum
0f096853.wav,Mechanical_fan Church_bell Car_passing_by
0f1ab7b0.wav,Crackle Tap Finger_snapping
0f3fe29d.wav,Toilet_flush Stream Waves_and_surf
0f50ef2b.wav,Whispering Printer Toilet_flush
0f61907d.wav,Female_singing Marimba_and_xylophone Electric_guitar
0f663341.wav,Crackle Chewing_and_mastication Trickle_and_dribble
0f81d5bc.wav,Trickle_and_dribble Computer_keyboard Chewing_and_mastication
0faf5b2e.wav,Race_car_and_auto_racing Microwave_oven Gong
0fc07a52.wav,Chewing_and_mastication Scissors Keys_jangling
0fc6a683.wav,Stream Frying_(food) Bathtub_(filling_or_washing)
0fccb2e5.wav,Cutlery_and_silverware Hiss Whispering
0fd91890.wav,Computer_keyboard Tick-tock Chink_and_clink
0fdb30c1.wav,Walk_and_footsteps Drawer_open_or_close Bass_drum
0fed6565.wav,Whispering Toilet_flush Waves_and_surf
0ff0e483.wav,Child_speech_and_kid_speaking Sneeze Yell
0fffc208.wav,Marimba_and_xylophone Finger_snapping Clapping
100e123a.wav,Stream Toilet_flush Traffic_noise_and_roadway_noise
100faf3f.wav,Cricket Meow Tick-tock
101b2011.wav,Finger_snapping Tap Shatter
10234fef.wav,Bass_drum Tap Cupboard_open_or_close
10236f0e.wav,Fart Cupboard_open_or_close Cricket
102fb14f.wav,Bass_guitar Gong Mechanical_fan
1052e52b.wav,Burping_and_eructation Skateboard Fill_(with_liquid)
105460cd.wav,Race_car_and_auto_racing Bark Screaming
10678d21.wav,Shatter Chink_and_clink Cutlery_and_silverware
107f3deb.wav,Skateboard Computer_keyboard Raindrop
10811159.wav,Clapping Tap Knock
10a1aa40.wav,Zipper_(clothing) Male_speech_and_man_speaking Male_singing
10a7b8f3.wav,Glockenspiel Marimba_and_xylophone Microwave_oven
10acf1b6.wav,Printer Meow Scissors
10c170b1.wav,Clapping Tap Chink_and_clink
10d026e9.wav,Knock Tap Cupboard_open_or_close
10d94568.wav,Fart Zipper_(clothing) Bass_drum
10e6a6ac.wav,Hiss Hi-hat Sigh
10e6db66.wav,Burping_and_eructation Fart Skateboard
10e92421.wav,Marimba_and_xylophone Electric_guitar Microwave_oven
10f58e51.wav,Electric_guitar Church_bell Traffic_noise_and_roadway_noise
11071bad.wav,Marimba_and_xylophone Microwave_oven Electric_guitar
111f9431.wav,Skateboard Computer_keyboard Waves_and_surf
112bdb70.wav,Bicycle_bell Marimba_and_xylophone Church_bell
113290e8.wav,Writing Whispering Run
1142def0.wav,Bicycle_bell Shatter Frying_(food)
1147c12b.wav,Microwave_oven Chirp_and_tweet Meow
1158e587.wav,Hiss Bathtub_(filling_or_washing) Bicycle_bell
11641eb8.wav,Trickle_and_dribble Raindrop Skateboard
1167b492.wav,Knock Tap Walk_and_footsteps
1172c5fb.wav,Bus Traffic_noise_and_roadway_noise Church_bell
117358df.wav,Purr Computer_keyboard Zipper_(clothing)
1175ac74.wav,Keys_jangling Shatter Cutlery_and_silverware
11b6c488.wav,Frying_(food) Stream Trickle_and_dribble
11cc8bcb.wav,Chewing_and_mastication Run Gurgling
12264142.wav,Sneeze Meow Child_speech_and_kid_speaking
1226b0e0.wav,Run Writing Walk_and_footsteps
1247b7e3.wav,Glockenspiel Marimba_and_xylophone Bicycle_bell
124a286f.wav,Tick-tock Keys_jangling Scissors
12600be5.wav,Zipper_(clothing) Whispering Waves_and_surf
12689530.wav,Harmonica Traffic_noise_and_roadway_noise Accordion
126b674b.wav,Frying_(food) Stream Trickle_and_dribble
127adb78.wav,Female_singing Child_speech_and_kid_speaking Female_speech_and_woman_speaking
12849e29.wav,Male_speech_and_man_speaking Female_singing Fart
128a67de.wav,Finger_snapping Tap Shatter
12bcd3ec.wav,Walk_and_footsteps Run Drawer_open_or_close
12d3e91f.wav,Fart Cupboard_open_or_close Zipper_(clothing)
12d8c07f.wav,Car_passing_by Motorcycle Accelerating_and_revving_and_vroom
12ddf239.wav,Stream Mechanical_fan Waves_and_surf
12df81e8.wav,Chewing_and_mastication Stream Fill_(with_liquid)
12ee0010.wav,Bicycle_bell Whispering Bathtub_(filling_or_washing)
12fe33b6.wav,Printer Whispering Chirp_and_tweet
130e4d2f.wav,Burping_and_eructation Skateboard Cupboard_open_or_close
13237edd.wav,Bicycle_bell Chink_and_clink Marimba_and_xylophone
134c3fea.wav,Finger_snapping Tap Shatter
134c95a2.wav,Scissors Crackle Finger_snapping
13694181.wav,Cupboard_open_or_close Knock Tap
13728313.wav,Gong Car_passing_by Race_car_and_auto_racing
13ae306e.wav,Cutlery_and_silverware Keys_jangling Shatter
13cfa025.wav,Bark Female_singing Male_singing
13e3453c.wav,Keys_jangling Shatter Cutlery_and_silverware
13e84f69.wav,Chink_and_clink Bicycle_bell Shatter
14096fd8.wav,Mechanical_fan Traffic_noise_and_roadway_noise Stream
142b9865.wav,Writing Female_singing Bass_drum
1438cfd0.wav,Marimba_and_xylophone Skateboard Knock
143e6d96.wav,Bicycle_bell Marimba_and_xylophone Whispering
14416af5.wav,Buzz Bus Drawer_open_or_close
1451986d.wav,Male_singing Meow Electric_guitar
145a10e4.wav,Hiss Bicycle_bell Bathtub_(filling_or_washing)
146c73a3.wav,Accordion Harmonica Screaming
14ab7f13.wav,Mechanical_fan Traffic_noise_and_roadway_noise Cricket
14cbc626.wav,Walk_and_footsteps Knock Run
14d22f20.wav,Shatter Keys_jangling Cutlery_and_silverware
14e86cfb.wav,Finger_snapping Shatter Tap
14fd704c.wav,Female_singing Bark Child_speech_and_kid_speaking
151ea709.wav,Raindrop Chink_and_clink Clapping
15288481.wav,Church_bell Gong Accordion
152a4e09.wav,Church_bell Bus Traffic_noise_and_roadway_noise
153579d9.wav,Chewing_and_mastication Writing Computer_keyboard
1544427c.wav,Bicycle_bell Marimba_and_xylophone Microwave_oven
154696fd.wav,Harmonica Gong Accordion
156bf74f.wav,Hiss Whispering Bathtub_(filling_or_washing)
156c1736.wav,Traffic_noise_and_roadway_noise Church_bell Clapping
15776b9c.wav,Waves_and_surf Car_passing_by Traffic_noise_and_roadway_noise
157dd023.wav,Chink_and_clink Whispering Squeak
15849032.wav,Frying_(food) Bathtub_(filling_or_washing) Stream
15868ee8.wav,Hiss Bathtub_(filling_or_washing) Bicycle_bell
159b8b9b.wav,Bathtub_(filling_or_washing) Waves_and_surf Computer_keyboard
159d2208.wav,Child_speech_and_kid_speaking Meow Zipper_(clothing)
15a78daf.wav,Burping_and_eructation Gurgling Skateboard
15a98fd7.wav,Bass_drum Tap Knock
15b0d4ec.wav,Glockenspiel Marimba_and_xylophone Bicycle_bell
15bcf71d.wav,Bass_guitar Gong Mechanical_fan
15c34c4f.wav,Crackle Tap Finger_snapping
15e2bcaa.wav,Harmonica Accordion Hiss
15e7bb78.wav,Keys_jangling Chewing_and_mastication Scissors
160105ad.wav,Accordion Church_bell Harmonica
1604a3fa.wav,Tap Finger_snapping Crackle
1606f119.wav,Mechanical_fan Accelerating_and_revving_and_vroom Church_bell
160acbb0.wav,Cricket Mechanical_fan Frying_(food)
165fd18a.wav,Car_passing_by Motorcycle Skateboard
166a05c0.wav,Skateboard Run Waves_and_surf
1670b964.wav,Zipper_(clothing) Whispering Chewing_and_mastication
167a4f00.wav,Mechanical_fan Cricket Frying_(food)
168be388.wav,Child_speech_and_kid_speaking Meow Female_singing
16b56d33.wav,Keys_jangling Cutlery_and_silverware Chewing_and_mastication
16bc3f60.wav,Scissors Raindrop Shatter
16c7da35.wav,Toilet_flush Stream Hiss
16d80f68.wav,Female_singing Microwave_oven Traffic_noise_and_roadway_noise
16e17bed.wav,Church_bell Race_car_and_auto_racing Gong
16f7ac14.wav,Walk_and_footsteps Drawer_open_or_close Run
16fd3589.wav,Writing Computer_keyboard Gurgling
17135192.wav,Bicycle_bell Marimba_and_xylophone Hiss
17140de5.wav,Drawer_open_or_close Walk_and_footsteps Toilet_flush
171aa36c.wav,Shatter Keys_jangling Cutlery_and_silverware
17361a5c.wav,Waves_and_surf Toilet_flush Stream
1751bb8a.wav,Bathtub_(filling_or_washing) Scissors Frying_(food)
1779b015.wav,Mechanical_fan Bus Buzz
17b6e84f.wav,Writing Run Computer_keyboard
17c4b25f.wav,Church_bell Traffic_noise_and_roadway_noise Bus
17dfb6db.wav,Drawer_open_or_close Slam Microwave_oven
1802421a.wav,Hiss Stream Waves_and_surf
18183321.wav,Car_passing_by Gong Traffic_noise_and_roadway_noise
183948d1.wav,Skateboard Walk_and_footsteps Run
183fb536.wav,Male_speech_and_man_speaking Zipper_(clothing) Whispering
1843680b.wav,Tap Clapping Run
184aca02.wav,Frying_(food) Stream Hiss
18551bc1.wav,Fart Male_speech_and_man_speaking Cricket
1859b7f7.wav,Keys_jangling Scissors Tick-tock
1877623e.wav,Skateboard Marimba_and_xylophone Knock
1889c58d.wav,Child_speech_and_kid_speaking Bark Sneeze
18929e41.wav,Harmonica Meow Traffic_noise_and_roadway_noise
1899de05.wav,Cupboard_open_or_close Computer_keyboard Run
18ace84c.wav,Sneeze Child_speech_and_kid_speaking Yell
18be000d.wav,Walk_and_footsteps Drawer_open_or_close Run
18c94757.wav,Harmonica Bicycle_bell Hi-hat
18ea2e9e.wav,Toilet_flush Frying_(food) Waves_and_surf
18fda5a4.wav,Bus Toilet_flush Waves_and_surf
1904f396.wav,Gurgling Bark Female_speech_and_woman_speaking
19135157.wav,Zipper_(clothing) Whispering Meow
191adc5f.wav,Female_speech_and_woman_speaking Yell Male_singing
19303d26.wav,Race_car_and_auto_racing Whispering Church_bell
193a6063.wav,Bicycle_bell Chirp_and_tweet Bathtub_(filling_or_washing)
1945b8ca.wav,Fart Whispering Drawer_open_or_close
19508dc0.wav,Accordion Motorcycle Buzz
1960e51e.wav,Writing Drawer_open_or_close Shatter
19754d94.wav,Female_singing Traffic_noise_and_roadway_noise Microwave_oven
197ce5b2.wav,Harmonica Male_speech_and_man_speaking Female_speech_and_woman_speaking
199d4d12.wav,Harmonica Male_speech_and_man_speaking Female_singing
19a7dec3.wav,Skateboard Waves_and_surf Bathtub_(filling_or_washing)
19bb5700.wav,Bus Church_bell Traffic_noise_and_roadway_noise
19c7c900.wav,Screaming Squeak Meow
19d9401d.wav,Knock Tap Cupboard_open_or_close
19dcb315.wav,Child_speech_and_kid_speaking Yell Harmonica
1a068a84.wav,Male_singing Female_singing Bark
1a0d1b78.wav,Bicycle_bell Church_bell Bathtub_(filling_or_washing)
1a110901.wav,Tick-tock Frying_(food) Printer
1a1de9b9.wav,Glockenspiel Marimba_and_xylophone Bicycle_bell
1a1def6e.wav,Car_passing_by Waves_and_surf Traffic_noise_and_roadway_noise
1a1edda6.wav,Harmonica Female_singing Yell
1a2580e1.wav,Fart Zipper_(clothing) Cupboard_open_or_close
1a35ded5.wav,Whispering Printer Waves_and_surf
1a362723.wav,Screaming Meow Harmonica
1a44ace1.wav,Gong Marimba_and_xylophone Bass_guitar
1a51eefe.wav,Fill_(with_liquid) Trickle_and_dribble Skateboard
1a5c4e84.wav,Mechanical_fan Bus Waves_and_surf
1a606ef2.wav,Crackle Chewing_and_mastication Purr
1a6925fa.wav,Drawer_open_or_close Writing Bass_drum
1a884f9e.wav,Tick-tock Computer_keyboard Run
1abdac69.wav,Computer_keyboard Chewing_and_mastication Fill_(with_liquid)
1ac6f6f3.wav,Sigh Harmonica Traffic_noise_and_roadway_noise
1acae695.wav,Car_passing_by Traffic_noise_and_roadway_noise Mechanical_fan
1acb3d32.wav,Bus Buzz Race_car_and_auto_racing
1ad7f703.wav,Purr Zipper_(clothing) Crackle
1ae3ca16.wav,Purr Crackle Zipper_(clothing)
1aec75a6.wav,Cupboard_open_or_close Writing Computer_keyboard
1b0687b2.wav,Zipper_(clothing) Writing Whispering
1b086eb7.wav,Purr Zipper_(clothing) Crackle
1b0a3884.wav,Sigh Gasp Meow
1b1d1b2d.wav,Fart Hiss Shatter
1b3ecd82.wav,Harmonica Gong Bus
1b5b6468.wav,Gasp Harmonica Gong
1b5daf72.wav,Sigh Child_speech_and_kid_speaking Electric_guitar
1b68d94a.wav,Computer_keyboard Run Writing
1ba04ecc.wav,Hiss Squeak Writing
1bc14732.wav,Meow Traffic_noise_and_roadway_noise Whispering
1bcfdfb5.wav,Bass_guitar Bass_drum Buzz
1bd82417.wav,Church_bell Electric_guitar Gong
1be1c727.wav,Drawer_open_or_close Microwave_oven Slam
1bfd4be2.wav,Zipper_(clothing) Whispering Male_speech_and_man_speaking
1c0e284a.wav,Stream Frying_(food) Waves_and_surf
1c0fbe4b.wav,Meow Microwave_oven Electric_guitar
1c1dd720.wav,Female_singing Male_singing Female_speech_and_woman_speaking
1c3bd325.wav,Tap Marimba_and_xylophone Knock
1c699cb7.wav,Bus Microwave_oven Traffic_noise_and_roadway_noise
1c6d56db.wav,Harmonica Accordion Meow
1c77cedf.wav,Bathtub_(filling_or_washing) Scissors Hiss
1c785226.wav,Tap Finger_snapping Chink_and_clink
1c79ca96.wav,Hiss Bicycle_bell Bathtub_(filling_or_washing)
1c8369cf.wav,Zipper_(clothing) Male_speech_and_man_speaking Gurgling
1c983e19.wav,Tick-tock Microwave_oven Drawer_open_or_close
1c9e3f10.wav,Bass_drum Tap Cupboard_open_or_close
1cc5b5f7.wav,Tap Crackle Run
1cd55ad6.wav,Mechanical_fan Bus Traffic_noise_and_roadway_noise
1cf8379b.wav,Bicycle_bell Hiss Chirp_and_tweet
1d11b910.wav,Frying_(food) Bathtub_(filling_or_washing) Stream
1d1778c4.wav,Bass_drum Tap Cupboard_open_or_close
1d1863a4.wav,Traffic_noise_and_roadway_noise Electric_guitar Microwave_oven
1d2459ce.wav,Harmonica Yell Meow
1d279116.wav,Traffic_noise_and_roadway_noise Slam Cutlery_and_silverware
1d33f8e1.wav,Bicycle_bell Shatter Finger_snapping
1d4ae8ab.wav,Finger_snapping Crackle Tap
1d58040b.wav,Meow Screaming Harmonica
1d6f2b16.wav,Female_singing Male_singing Female_speech_and_woman_speaking
1d7d2a17.wav,Church_bell Buzz Microwave_oven
1db41feb.wav,Glockenspiel Screaming Harmonica
1dbcd4ba.wav,Computer_keyboard Stream Run
1dc3166b.wav,Fart Burping_and_eructation Sigh
1dc417cd.wav,Zipper_(clothing) Chewing_and_mastication Run
1dcc4dd4.wav,Microwave_oven Mechanical_fan Gong
1de84153.wav,Microwave_oven Bus Mechanical_fan
1ded5864.wav,Knock Bass_drum Buzz
1def6435.wav,Chink_and_clink Shatter Drawer_open_or_close
1dfa910d.wav,Hiss Bathtub_(filling_or_washing) Bicycle_bell
1e0b81a9.wav,Electric_guitar Female_singing Male_singing
1e1a72d5.wav,Meow Electric_guitar Harmonica
1e1e674a.wav,Raindrop Bathtub_(filling_or_washing) Skateboard
1e3763ba.wav,Meow Screaming Harmonica
1e3cd2f0.wav,Child_speech_and_kid_speaking Male_speech_and_man_speaking Harmonica
1e6572de.wav,Harmonica Traffic_noise_and_roadway_noise Accordion
1e6e9131.wav,Electric_guitar Female_singing Sigh
1e6fe316.wav,Stream Toilet_flush Waves_and_surf
1e7b59a7.wav,Child_speech_and_kid_speaking Female_singing Yell
1e8a965c.wav,Mechanical_fan Waves_and_surf Cricket
1e8fe3d2.wav,Child_speech_and_kid_speaking Female_singing Meow
1ea533ec.wav,Marimba_and_xylophone Gong Bass_guitar
1eac92a1.wav,Harmonica Glockenspiel Marimba_and_xylophone
1ec2f60d.wav,Scissors Computer_keyboard Tick-tock
1eda3d26.wav,Screaming Church_bell Female_singing
1f27827e.wav,Harmonica Meow Traffic_noise_and_roadway_noise
1f293888.wav,Bass_drum Cupboard_open_or_close Tap
1f3d2f22.wav,Toilet_flush Stream Waves_and_surf
1f52baf2.wav,Bicycle_bell Chink_and_clink Squeak
1f58cc84.wav,Child_speech_and_kid_speaking Female_singing Male_singing
1f63c45e.wav,Fart Bass_drum Bass_guitar
1f85a5c7.wav,Zipper_(clothing) Sneeze Child_speech_and_kid_speaking
1f9c1f3e.wav,Church_bell Female_singing Buzz
1fc0282a.wav,Crackle Purr Frying_(food)
1fc8f9a5.wav,Bicycle_bell Microwave_oven Meow
1fd74cc3.wav,Glockenspiel Marimba_and_xylophone Bicycle_bell
1fde2c61.wav,Car_passing_by Traffic_noise_and_roadway_noise Bus
1fe639ee.wav,Writing Whispering Chewing_and_mastication
1fec2121.wav,Toilet_flush Chirp_and_tweet Waves_and_surf
1ff215f3.wav,Tick-tock Printer Drawer_open_or_close
200b6920.wav,Drawer_open_or_close Waves_and_surf Whispering
2012b2f4.wav,Cupboard_open_or_close Knock Tap
201c18ee.wav,Purr Motorcycle Zipper_(clothing)
20612e10.wav,Car_passing_by Screaming Traffic_noise_and_roadway_noise
2069253a.wav,Stream Frying_(food) Hiss
206c0a24.wav,Drawer_open_or_close Scissors Chewing_and_mastication
20801c98.wav,Traffic_noise_and_roadway_noise Harmonica Screaming
2087f937.wav,Toilet_flush Clapping Stream
20898b89.wav,Stream Trickle_and_dribble Frying_(food)
20b16812.wav,Bicycle_bell Chirp_and_tweet Marimba_and_xylophone
20c3541c.wav,Scissors Finger_snapping Computer_keyboard
20d2ad1c.wav,Drawer_open_or_close Walk_and_footsteps Slam
20dc6392.wav,Computer_keyboard Crackle Chewing_and_mastication
20e285c7.wav,Waves_and_surf Stream Toilet_flush
21102a3a.wav,Hiss Whispering Toilet_flush
2113043a.wav,Harmonica Church_bell Glockenspiel
2142adda.wav,Stream Trickle_and_dribble Fill_(with_liquid)
21447ea7.wav,Traffic_noise_and_roadway_noise Harmonica Meow
21455882.wav,Frying_(food) Stream Hiss
2157612c.wav,Screaming Gasp Sigh
2159eea8.wav,Meow Screaming Squeak
2175b26d.wav,Motorcycle Accelerating_and_revving_and_vroom Bass_guitar
217b109a.wav,Mechanical_fan Car_passing_by Traffic_noise_and_roadway_noise
2189acc6.wav,Traffic_noise_and_roadway_noise Harmonica Meow
218b15dc.wav,Child_speech_and_kid_speaking Male_speech_and_man_speaking Sneeze
218c8907.wav,Toilet_flush Stream Traffic_noise_and_roadway_noise
21b0c9cb.wav,Run Chewing_and_mastication Walk_and_footsteps
21b24d69.wav,Tap Knock Bass_drum
21b601cd.wav,Church_bell Male_singing Marimba_and_xylophone
21d2eb4c.wav,Whispering Writing Bicycle_bell
21d49986.wav,Bass_drum Cricket Scissors
21e8d6a9.wav,Bass_drum Drawer_open_or_close Cupboard_open_or_close
21eb5d58.wav,Frying_(food) Toilet_flush Stream
21eca32f.wav,Tick-tock Scissors Computer_keyboard
21fa3245.wav,Cutlery_and_silverware Tick-tock Hi-hat
2210c997.wav,Meow Electric_guitar Microwave_oven
2216c947.wav,Motorcycle Accelerating_and_revving_and_vroom Purr
223032ba.wav,Hiss Bathtub_(filling_or_washing) Frying_(food)
2236c850.wav,Purr Crackle Zipper_(clothing)
223a5173.wav,Sneeze Screaming Harmonica
22522048.wav,Waves_and_surf Toilet_flush Slam
2263763d.wav,Walk_and_footsteps Whispering Waves_and_surf
228a538c.wav,Shatter Cutlery_and_silverware Tick-tock
22a7e375.wav,Hiss Sigh Hi-hat
22b07889.wav,Burping_and_eructation Skateboard Purr
22b6b9aa.wav,Gong Hi-hat Cupboard_open_or_close
22c5ea2f.wav,Traffic_noise_and_roadway_noise Chirp_and_tweet Whispering
22c78043.wav,Zipper_(clothing) Purr Crackle
22c98028.wav,Skateboard Run Chewing_and_mastication
22c9b301.wav,Mechanical_fan Cricket Car_passing_by
22cd860e.wav,Chewing_and_mastication Run Writing
22f22fc9.wav,Knock Marimba_and_xylophone Tap
22f2d98a.wav,Cutlery_and_silverware Keys_jangling Computer_keyboard
2303e210.wav,Cutlery_and_silverware Shatter Keys_jangling
23244f49.wav,Chirp_and_tweet Meow Whispering
2327b6de.wav,Bass_drum Tap Knock
2343daa5.wav,Stream Hiss Bathtub_(filling_or_washing)
235213ce.wav,Shatter Chink_and_clink Raindrop
235f959c.wav,Meow Marimba_and_xylophone Screaming
236e7ce1.wav,Whispering Hiss Bathtub_(filling_or_washing)
23726888.wav,Glockenspiel Marimba_and_xylophone Bicycle_bell
23756062.wav,Bus Microwave_oven Car_passing_by
238b11f0.wav,Knock Whispering Buzz
23a07927.wav,Harmonica Accordion Hiss
23a2669b.wav,Tick-tock Church_bell Printer
23c4613e.wav,Clapping Tap Knock
23c714b5.wav,Bass_drum Buzz Knock
23d35eea.wav,Waves_and_surf Motorcycle Cutlery_and_silverware
23fabbb4.wav,Toilet_flush Frying_(food) Bathtub_(filling_or_washing)
23fe505d.wav,Keys_jangling Writing Scissors
2406d1de.wav,Car_passing_by Motorcycle Traffic_noise_and_roadway_noise
240e9caa.wav,Female_singing Child_speech_and_kid_speaking Electric_guitar
24456657.wav,Toilet_flush Stream Waves_and_surf
244a60cd.wav,Bass_drum Fart Crackle
2451cad9.wav,Harmonica Traffic_noise_and_roadway_noise Accordion
2451d17b.wav,Female_singing Sigh Child_speech_and_kid_speaking
245c01e6.wav,Skateboard Bus Car_passing_by
2462f236.wav,Microwave_oven Electric_guitar Marimba_and_xylophone
24ae5bef.wav,Female_singing Child_speech_and_kid_speaking Traffic_noise_and_roadway_noise
24ce9114.wav,Child_speech_and_kid_speaking Female_speech_and_woman_speaking Electric_guitar
24dda4ed.wav,Bicycle_bell Frying_(food) Bathtub_(filling_or_washing)
24ecb25d.wav,Chirp_and_tweet Screaming Meow
24f04ba5.wav,Walk_and_footsteps Run Clapping
2548960b.wav,Child_speech_and_kid_speaking Female_singing Traffic_noise_and_roadway_noise
256d567f.wav,Chewing_and_mastication Scissors Keys_jangling
2583a54d.wav,Walk_and_footsteps Drawer_open_or_close Purr
2599ff86.wav,Screaming Gasp Sneeze
259e3fa7.wav,Chewing_and_mastication Trickle_and_dribble Raindrop
25a8ef58.wav,Bass_drum Tap Knock
25a991a1.wav,Crackle Finger_snapping Computer_keyboard
25beac1d.wav,Scissors Crackle Chewing_and_mastication
25c32640.wav,Buzz Toilet_flush Printer
25c8686f.wav,Gurgling Writing Burping_and_eructation
25d481d6.wav,Bass_drum Tap Cupboard_open_or_close
25e059d3.wav,Car_passing_by Motorcycle Traffic_noise_and_roadway_noise
25e23528.wav,Harmonica Accordion Screaming
25e75fa8.wav,Whispering Hiss Zipper_(clothing)
261cdf15.wav,Car_passing_by Bus Stream
262131af.wav,Motorcycle Car_passing_by Mechanical_fan
2624e8ff.wav,Buzz Drawer_open_or_close Male_speech_and_man_speaking
26263cf0.wav,Marimba_and_xylophone Finger_snapping Glockenspiel
262a7108.wav,Printer Waves_and_surf Toilet_flush
262d4cca.wav,Harmonica Traffic_noise_and_roadway_noise Meow
2655ac2c.wav,Child_speech_and_kid_speaking Female_singing Male_singing
26a25f5d.wav,Tap Clapping Chink_and_clink
26a4977c.wav,Purr Zipper_(clothing) Motorcycle
26a6c2f3.wav,Crackle Chewing_and_mastication Fill_(with_liquid)
26abfa32.wav,Computer_keyboard Chewing_and_mastication Gurgling
26c001b7.wav,Crackle Frying_(food) Bathtub_(filling_or_washing)
26c01e3f.wav,Female_singing Child_speech_and_kid_speaking Electric_guitar
26f921e3.wav,Finger_snapping Tap Shatter
2707f8b0.wav,Child_speech_and_kid_speaking Female_singing Harmonica
27080c56.wav,Skateboard Computer_keyboard Mechanical_fan
271ade69.wav,Acoustic_guitar Gong Bass_guitar
272d95c7.wav,Toilet_flush Frying_(food) Stream
2733bb3f.wav,Harmonica Male_singing Accordion
27446bcd.wav,Bass_drum Bass_guitar Cupboard_open_or_close
2756ca54.wav,Zipper_(clothing) Child_speech_and_kid_speaking Male_speech_and_man_speaking
2758a116.wav,Female_singing Child_speech_and_kid_speaking Electric_guitar
275e1bb6.wav,Female_singing Child_speech_and_kid_speaking Female_speech_and_woman_speaking
278a19ee.wav,Male_singing Meow Accordion
27903ab8.wav,Waves_and_surf Toilet_flush Stream
27924331.wav,Clapping Run Walk_and_footsteps
279d4550.wav,Run Writing Walk_and_footsteps
27a4f4a8.wav,Church_bell Traffic_noise_and_roadway_noise Harmonica
27a8cf7f.wav,Knock Tap Marimba_and_xylophone
27b8db15.wav,Car_passing_by Traffic_noise_and_roadway_noise Bus
27c8eacc.wav,Writing Run Drawer_open_or_close
27ce0e90.wav,Chewing_and_mastication Computer_keyboard Run
27d07e83.wav,Bicycle_bell Chirp_and_tweet Cricket
27d43eba.wav,Stream Waves_and_surf Hiss
27df10d1.wav,Child_speech_and_kid_speaking Yell Female_singing
27e085c0.wav,Drawer_open_or_close Cupboard_open_or_close Knock
280c07e4.wav,Toilet_flush Hiss Waves_and_surf
2810d717.wav,Waves_and_surf Knock Mechanical_fan
28142c7d.wav,Drawer_open_or_close Skateboard Meow
28199c01.wav,Drawer_open_or_close Run Cupboard_open_or_close
2833e567.wav,Fill_(with_liquid) Stream Toilet_flush
28383990.wav,Bicycle_bell Shatter Finger_snapping
283bc0ea.wav,Computer_keyboard Chewing_and_mastication Drip
2842be8c.wav,Run Writing Computer_keyboard
28849a80.wav,Frying_(food) Bathtub_(filling_or_washing) Crackle
288a89c1.wav,Gong Car_passing_by Bus
2894416d.wav,Crackle Chewing_and_mastication Computer_keyboard
289fb0b8.wav,Car_passing_by Gong Traffic_noise_and_roadway_noise
28a2ff49.wav,Knock Walk_and_footsteps Tap
28a9213d.wav,Computer_keyboard Run Chewing_and_mastication
28d22d2e.wav,Electric_guitar Cupboard_open_or_close Skateboard
28d2f36f.wav,Harmonica Male_singing Accordion
28e13187.wav,Knock Tap Marimba_and_xylophone
28e32693.wav,Motorcycle Accelerating_and_revving_and_vroom Gong
28f49053.wav,Tick-tock Printer Bathtub_(filling_or_washing)
28ff0651.wav,Church_bell Electric_guitar Male_singing
290e30df.wav,Fart Bass_drum Cupboard_open_or_close
292ef00f.wav,Whispering Hiss Meow
2934735d.wav,Zipper_(clothing) Whispering Meow
2934d413.wav,Knock Run Tap
29365227.wav,Writing Whispering Squeak
295268ea.wav,Drawer_open_or_close Whispering Slam
29699f09.wav,Crackle Purr Mechanical_fan
297219cc.wav,Finger_snapping Shatter Bicycle_bell
2980d500.wav,Whispering Sigh Drawer_open_or_close
29826356.wav,Child_speech_and_kid_speaking Sneeze Electric_guitar
29b0574f.wav,Writing Computer_keyboard Run
29d72dfb.wav,Mechanical_fan Church_bell Car_passing_by
29dd29fb.wav,Skateboard Marimba_and_xylophone Drawer_open_or_close
29e4880e.wav,Writing Crackle Scissors
2a0893c6.wav,Bass_guitar Motorcycle Gong
2a0a3828.wav,Scissors Chewing_and_mastication Drawer_open_or_close
2a484593.wav,Tap Finger_snapping Clapping
2a557637.wav,Computer_keyboard Cutlery_and_silverware Keys_jangling
2a79d0a8.wav,Church_bell Gong Chink_and_clink
2a9c7202.wav,Frying_(food) Stream Bathtub_(filling_or_washing)
2aa1e0b8.wav,Traffic_noise_and_roadway_noise Child_speech_and_kid_speaking Harmonica
2ac8607d.wav,Harmonica Meow Sneeze
2ad174b4.wav,Shatter Keys_jangling Cutlery_and_silverware
2ae04dd7.wav,Mechanical_fan Bus Traffic_noise_and_roadway_noise
2aedff46.wav,Writing Whispering Bicycle_bell
2af10e99.wav,Hi-hat Shatter Bicycle_bell
2af77e7f.wav,Car_passing_by Traffic_noise_and_roadway_noise Bus
2b160bb2.wav,Crackle Finger_snapping Tap
2b2613d8.wav,Skateboard Waves_and_surf Toilet_flush
2b6ee441.wav,Chewing_and_mastication Scissors Drip
2b95327b.wav,Car_passing_by Traffic_noise_and_roadway_noise Mechanical_fan
2b9ca464.wav,Cupboard_open_or_close Computer_keyboard Buzz
2bab5b09.wav,Zipper_(clothing) Gurgling Purr
2bb1503c.wav,Squeak Meow Screaming
2bbf558e.wav,Finger_snapping Shatter Tap
2be779a7.wav,Drawer_open_or_close Cupboard_open_or_close Slam
2c010e00.wav,Gong Microwave_oven Bus
2c2a3c77.wav,Printer Tick-tock Writing
2c2d400b.wav,Cutlery_and_silverware Keys_jangling Computer_keyboard
2c39bb30.wav,Church_bell Traffic_noise_and_roadway_noise Harmonica
2c3a44f2.wav,Bathtub_(filling_or_washing) Frying_(food) Scissors
2c7a5078.wav,Accordion Harmonica Electric_guitar
2c809d4f.wav,Writing Run Walk_and_footsteps
2c8b8812.wav,Computer_keyboard Chewing_and_mastication Run
2c924848.wav,Motorcycle Race_car_and_auto_racing Gong
2cc7f972.wav,Bass_guitar Tap Bass_drum
2cd526f7.wav,Drawer_open_or_close Slam Buzz
2cdfa8c1.wav,Waves_and_surf Toilet_flush Motorcycle
2cf4955c.wav,Waves_and_surf Skateboard Car_passing_by
2cfdaecd.wav,Frying_(food) Bathtub_(filling_or_washing) Hiss
2d0863b7.wav,Bus Traffic_noise_and_roadway_noise Waves_and_surf
2d09c7ca.wav,Chirp_and_tweet Bicycle_bell Bus
2d15ca77.wav,Scissors Chewing_and_mastication Raindrop
2d209c25.wav,Tap Knock Marimba_and_xylophone
2d21dbf4.wav,Purr Motorcycle Zipper_(clothing)
2d455ed9.wav,Whispering Writing Scissors
2d4961a8.wav,Writing Crackle Whispering
2d4a0250.wav,Bathtub_(filling_or_washing) Tick-tock Skateboard
2d56c2ae.wav,Cutlery_and_silverware Keys_jangling Scissors
2d5dcc5d.wav,Walk_and_footsteps Drawer_open_or_close Marimba_and_xylophone
2d666c1d.wav,Microwave_oven Meow Female_singing
2d6d99d4.wav,Child_speech_and_kid_speaking Female_singing Sneeze
2d7218f8.wav,Screaming Sneeze Bark
2d7ae271.wav,Motorcycle Race_car_and_auto_racing Car_passing_by
2d8135cc.wav,Skateboard Waves_and_surf Car_passing_by
2d88fa59.wav,Clapping Marimba_and_xylophone Tap
2da4c729.wav,Car_passing_by Mechanical_fan Church_bell
2db579cb.wav,Drawer_open_or_close Toilet_flush Buzz
2db63f0d.wav,Writing Whispering Hiss
2dd2a6bf.wav,Waves_and_surf Stream Toilet_flush
2df0cf1f.wav,Drawer_open_or_close Zipper_(clothing) Scissors
2df1f901.wav,Run Walk_and_footsteps Shatter
2dfd32a3.wav,Female_singing Traffic_noise_and_roadway_noise Bus
2e61e614.wav,Zipper_(clothing) Fart Sigh
2e820b05.wav,Meow Traffic_noise_and_roadway_noise Harmonica
2e8b4709.wav,Electric_guitar Bass_guitar Female_speech_and_woman_speaking
2e9ced66.wav,Tick-tock Bicycle_bell Walk_and_footsteps
2ea33689.wav,Harmonica Traffic_noise_and_roadway_noise Church_bell
2eade3e1.wav,Traffic_noise_and_roadway_noise Church_bell Harmonica
2eb3002c.wav,Meow Harmonica Traffic_noise_and_roadway_noise
2eb51f57.wav,Glockenspiel Marimba_and_xylophone Bicycle_bell
2ed9ce69.wav,Harmonica Church_bell Gong
2edb4142.wav,Computer_keyboard Run Writing
2ee3ef28.wav,Child_speech_and_kid_speaking Female_singing Electric_guitar
2ee9f139.wav,Male_speech_and_man_speaking Male_singing Electric_guitar
2eeb7f35.wav,Meow Harmonica Screaming
2eec6eda.wav,Church_bell Bicycle_bell Chink_and_clink
2f00863c.wav,Gong Marimba_and_xylophone Bass_guitar
2f14d3b3.wav,Bass_drum Drawer_open_or_close Run
2f2ab304.wav,Gong Race_car_and_auto_racing Car_passing_by
2f41afe1.wav,Motorcycle Accelerating_and_revving_and_vroom Acoustic_guitar
2f529eb8.wav,Frying_(food) Stream Trickle_and_dribble
2f5cbf20.wav,Slam Microwave_oven Drawer_open_or_close
2f6331aa.wav,Child_speech_and_kid_speaking Male_singing Sneeze
2f643c50.wav,Writing Squeak Printer
2f785877.wav,Bass_drum Knock Marimba_and_xylophone
2f84c8e9.wav,Buzz Motorcycle Chirp_and_tweet
2f8dd247.wav,Bus Waves_and_surf Traffic_noise_and_roadway_noise
2f94fca3.wav,Burping_and_eructation Trickle_and_dribble Skateboard
2fa1cc09.wav,Finger_snapping Tap Shatter
2fc6ede8.wav,Drawer_open_or_close Writing Cupboard_open_or_close
2fe3ae63.wav,Computer_keyboard Tick-tock Raindrop
2ffd2145.wav,Female_singing Sigh Female_speech_and_woman_speaking
3011c55b.wav,Electric_guitar Accordion Harmonica
3012731a.wav,Skateboard Printer Waves_and_surf
302f4eb8.wav,Church_bell Gong Traffic_noise_and_roadway_noise
303d4668.wav,Cricket Keys_jangling Chirp_and_tweet
304d8a8e.wav,Church_bell Harmonica Meow
304f25f4.wav,Tick-tock Printer Microwave_oven
3052fe86.wav,Church_bell Traffic_noise_and_roadway_noise Car_passing_by
3061e8d1.wav,Screaming Harmonica Meow
309169fa.wav,Female_singing Male_singing Female_speech_and_woman_speaking
30960f70.wav,Car_passing_by Gong Traffic_noise_and_roadway_noise
309eea85.wav,Traffic_noise_and_roadway_noise Harmonica Female_singing
30ac78a6.wav,Glockenspiel Marimba_and_xylophone Bicycle_bell
30d1840b.wav,Keys_jangling Chewing_and_mastication Scissors
30dc07a7.wav,Bass_drum Knock Marimba_and_xylophone
30e1162a.wav,Child_speech_and_kid_speaking Female_singing Electric_guitar
30e40cc3.wav,Traffic_noise_and_roadway_noise Child_speech_and_kid_speaking Whispering
30f7577e.wav,Toilet_flush Waves_and_surf Clapping
30f8ba51.wav,Bass_guitar Accelerating_and_revving_and_vroom Purr
3102ff8d.wav,Crackle Finger_snapping Tap
311fcc0d.wav,Bicycle_bell Chirp_and_tweet Bus
3129e5b4.wav,Bass_drum Tap Knock
312c730c.wav,Stream Bathtub_(filling_or_washing) Hiss
312e1179.wav,Bathtub_(filling_or_washing) Bicycle_bell Frying_(food)
312e698e.wav,Mechanical_fan Buzz Motorcycle
31312cda.wav,Gong Marimba_and_xylophone Shatter
3134c1f5.wav,Crackle Chewing_and_mastication Purr
31452d93.wav,Car_passing_by Traffic_noise_and_roadway_noise Stream
314a8107.wav,Sigh Meow Clapping
3174521f.wav,Microwave_oven Drawer_open_or_close Slam
3177529f.wav,Zipper_(clothing) Chewing_and_mastication Whispering
317e5fda.wav,Frying_(food) Bathtub_(filling_or_washing) Tick-tock
3190ca46.wav,Frying_(food) Hiss Bathtub_(filling_or_washing)
31ab1bc4.wav,Burping_and_eructation Skateboard Whispering
31b883cb.wav,Burping_and_eructation Fart Skateboard
31bf8f6c.wav,Female_singing Bark Hiss
31c60809.wav,Finger_snapping Tap Scissors
31c7a683.wav,Chirp_and_tweet Bicycle_bell Traffic_noise_and_roadway_noise
31cfaf7c.wav,Child_speech_and_kid_speaking Sneeze Whispering
31ea3391.wav,Gong Church_bell Bark
31f4d839.wav,Writing Run Walk_and_footsteps
31fe4058.wav,Knock Tap Marimba_and_xylophone
31ff4a9f.wav,Tick-tock Scissors Keys_jangling
320adc8a.wav,Frying_(food) Bathtub_(filling_or_washing) Hiss
320b9457.wav,Tick-tock Bicycle_bell Printer
320cb73f.wav,Traffic_noise_and_roadway_noise Waves_and_surf Whispering
321c61dd.wav,Finger_snapping Tap Shatter
321d7624.wav,Bass_guitar Motorcycle Gong
322c634e.wav,Male_singing Female_singing Child_speech_and_kid_speaking
3246e22c.wav,Buzz Motorcycle Male_singing
32663622.wav,Microwave_oven Tick-tock Drawer_open_or_close
3273193a.wav,Meow Microwave_oven Glockenspiel
327ff97c.wav,Scissors Tick-tock Keys_jangling
3288c908.wav,Microwave_oven Electric_guitar Traffic_noise_and_roadway_noise
329d5f81.wav,Tick-tock Microwave_oven Marimba_and_xylophone
32aaacf1.wav,Trickle_and_dribble Chewing_and_mastication Scissors
32ad561a.wav,Traffic_noise_and_roadway_noise Toilet_flush Race_car_and_auto_racing
32b66826.wav,Sneeze Bark Screaming
32bf8f9d.wav,Skateboard Whispering Burping_and_eructation
32cce167.wav,Shatter Hiss Drawer_open_or_close
32d21079.wav,Bicycle_bell Chink_and_clink Marimba_and_xylophone
32e0e55a.wav,Bass_guitar Gong Accelerating_and_revving_and_vroom
32f26b94.wav,Waves_and_surf Toilet_flush Skateboard
330b1461.wav,Bus Traffic_noise_and_roadway_noise Mechanical_fan
3313662e.wav,Tap Clapping Raindrop
33139052.wav,Squeak Gong Hiss
33170581.wav,Microwave_oven Meow Electric_guitar
332246f6.wav,Whispering Zipper_(clothing) Hiss
33355c50.wav,Cricket Chirp_and_tweet Bicycle_bell
3347121c.wav,Skateboard Waves_and_surf Bus
3353d705.wav,Mechanical_fan Cricket Buzz
335d2ea3.wav,Harmonica Screaming Female_singing
336a88c3.wav,Shatter Cutlery_and_silverware Hi-hat
338669d9.wav,Scissors Cutlery_and_silverware Chewing_and_mastication
33a61f8d.wav,Hi-hat Cupboard_open_or_close Tick-tock
33bc9deb.wav,Keys_jangling Cutlery_and_silverware Shatter
33c82ad4.wav,Female_singing Meow Harmonica
33ef8393.wav,Bicycle_bell Marimba_and_xylophone Frying_(food)
33fbfca7.wav,Frying_(food) Bathtub_(filling_or_washing) Trickle_and_dribble
34035cf8.wav,Drawer_open_or_close Toilet_flush Sneeze
340d5db4.wav,Car_passing_by Buzz Accelerating_and_revving_and_vroom
340da762.wav,Crackle Purr Zipper_(clothing)
34120253.wav,Harmonica Traffic_noise_and_roadway_noise Screaming
341efc4b.wav,Car_passing_by Church_bell Gong
342cc3ae.wav,Female_singing Child_speech_and_kid_speaking Bark
34486c7f.wav,Female_singing Electric_guitar Buzz
34510c7a.wav,Cupboard_open_or_close Writing Bathtub_(filling_or_washing)
34512413.wav,Keys_jangling Cutlery_and_silverware Shatter
346fc59c.wav,Whispering Writing Printer
3474d7cd.wav,Chewing_and_mastication Scissors Drip
348aaf17.wav,Keys_jangling Chewing_and_mastication Crackle
349e5ea7.wav,Run Knock Walk_and_footsteps
34aac2b5.wav,Female_singing Traffic_noise_and_roadway_noise Harmonica
34c53320.wav,Burping_and_eructation Fart Skateboard
34cca3b3.wav,Church_bell Electric_guitar Bus
34d0b2ca.wav,Yell Child_speech_and_kid_speaking Sneeze
34d4cfda.wav,Church_bell Traffic_noise_and_roadway_noise Tick-tock
34dc323b.wav,Child_speech_and_kid_speaking Bark Gasp
34e6a0de.wav,Cricket Chirp_and_tweet Hiss
34f2c99d.wav,Fart Male_speech_and_man_speaking Cupboard_open_or_close
34fbb318.wav,Computer_keyboard Run Chewing_and_mastication
3500ed9d.wav,Marimba_and_xylophone Tap Knock
350942d1.wav,Tick-tock Walk_and_footsteps Drawer_open_or_close
351a8abe.wav,Car_passing_by Gong Traffic_noise_and_roadway_noise
352ce267.wav,Bass_drum Tap Knock
3544797d.wav,Drawer_open_or_close Writing Bass_drum
354d467a.wav,Child_speech_and_kid_speaking Female_speech_and_woman_speaking Male_speech_and_man_speaking
355ddeda.wav,Toilet_flush Stream Frying_(food)
356adc0d.wav,Tick-tock Writing Keys_jangling
356b99de.wav,Chink_and_clink Meow Microwave_oven
35930583.wav,Female_singing Child_speech_and_kid_speaking Female_speech_and_woman_speaking
359a6e84.wav,Harmonica Traffic_noise_and_roadway_noise Screaming
35a7edad.wav,Cupboard_open_or_close Hi-hat Bass_drum
35a8a688.wav,Keys_jangling Chewing_and_mastication Cutlery_and_silverware
35d5aca3.wav,Female_singing Child_speech_and_kid_speaking Traffic_noise_and_roadway_noise
35dbfd81.wav,Female_singing Bus Accordion
36027dca.wav,Bass_drum Marimba_and_xylophone Knock
361237d6.wav,Male_singing Female_singing Male_speech_and_man_speaking
361c9c0e.wav,Bicycle_bell Shatter Glockenspiel
3623b13a.wav,Female_singing Bark Child_speech_and_kid_speaking
3626ac5a.wav,Hiss Bicycle_bell Chirp_and_tweet
362f92f4.wav,Female_singing Child_speech_and_kid_speaking Male_singing
366d25a7.wav,Accordion Harmonica Male_singing
366d6820.wav,Waves_and_surf Toilet_flush Skateboard
367ef5a8.wav,Microwave_oven Race_car_and_auto_racing Bus
36896b31.wav,Tick-tock Traffic_noise_and_roadway_noise Male_singing
368e3f09.wav,Bathtub_(filling_or_washing) Frying_(food) Trickle_and_dribble
36b92bec.wav,Hi-hat Shatter Squeak
36beb3fd.wav,Child_speech_and_kid_speaking Harmonica Traffic_noise_and_roadway_noise
36c459de.wav,Harmonica Screaming Church_bell
36dfae4f.wav,Walk_and_footsteps Run Tap
36fe695f.wav,Whispering Drawer_open_or_close Waves_and_surf
37053a90.wav,Mechanical_fan Cricket Frying_(food)
370eaa84.wav,Chirp_and_tweet Female_singing Church_bell
37155f3a.wav,Car_passing_by Traffic_noise_and_roadway_noise Race_car_and_auto_racing
37790f99.wav,Stream Frying_(food) Toilet_flush
378216b2.wav,Car_passing_by Gong Traffic_noise_and_roadway_noise
37856035.wav,Raindrop Trickle_and_dribble Skateboard
3792237d.wav,Whispering Waves_and_surf Bathtub_(filling_or_washing)
37941050.wav,Male_speech_and_man_speaking Zipper_(clothing) Child_speech_and_kid_speaking
379ae4e1.wav,Stream Frying_(food) Trickle_and_dribble
379b7e21.wav,Bathtub_(filling_or_washing) Scissors Fill_(with_liquid)
379c063d.wav,Burping_and_eructation Skateboard Whispering
37a1946c.wav,Microwave_oven Tick-tock Marimba_and_xylophone
37a7927f.wav,Tap Knock Bass_drum
37c95c1c.wav,Harmonica Yell Female_singing
37ccc1ea.wav,Hiss Bicycle_bell Bathtub_(filling_or_washing)
37d609aa.wav,Chewing_and_mastication Scissors Trickle_and_dribble
37dc178a.wav,Hiss Bathtub_(filling_or_washing) Bicycle_bell
37f5f0d8.wav,Tick-tock Printer Bus
382587b8.wav,Hiss Bathtub_(filling_or_washing) Bicycle_bell
382cd8c5.wav,Drawer_open_or_close Buzz Cupboard_open_or_close
38368c9b.wav,Whispering Sigh Knock
384b0ff2.wav,Marimba_and_xylophone Gong Child_speech_and_kid_speaking
38544190.wav,Run Tap Knock
38558ab1.wav,Burping_and_eructation Male_speech_and_man_speaking Gurgling
3858d281.wav,Printer Burping_and_eructation Cupboard_open_or_close
385e8b0f.wav,Knock Tap Run
38636d71.wav,Harmonica Sneeze Meow
38669440.wav,Tick-tock Computer_keyboard Chink_and_clink
387014ab.wav,Toilet_flush Frying_(food) Stream
3876c193.wav,Child_speech_and_kid_speaking Harmonica Meow
388f70a5.wav,Gong Traffic_noise_and_roadway_noise Car_passing_by
38b9ff18.wav,Electric_guitar Bass_drum Female_singing
38d29a00.wav,Run Tap Walk_and_footsteps
38d378d8.wav,Bus Church_bell Computer_keyboard
38d50e59.wav,Keys_jangling Cutlery_and_silverware Scissors
38d5d026.wav,Harmonica Meow Screaming
38e43355.wav,Harmonica Screaming Yell
38ea5df2.wav,Bicycle_bell Walk_and_footsteps Bass_drum
38f6aa5e.wav,Toilet_flush Sigh Hiss
38fea590.wav,Bus Church_bell Race_car_and_auto_racing
390789a8.wav,Writing Walk_and_footsteps Run
390995ef.wav,Bicycle_bell Cutlery_and_silverware Chink_and_clink
39189c31.wav,Toilet_flush Clapping Waves_and_surf
391fbd47.wav,Tick-tock Chink_and_clink Tap
392e88d7.wav,Cricket Mechanical_fan Frying_(food)
3939b821.wav,Tick-tock Tap Marimba_and_xylophone
39467410.wav,Church_bell Traffic_noise_and_roadway_noise Female_singing
394b8ce2.wav,Computer_keyboard Run Chewing_and_mastication
395de76a.wav,Sigh Waves_and_surf Whispering
395df625.wav,Burping_and_eructation Fart Zipper_(clothing)
396d793f.wav,Writing Whispering Cricket
39723c0e.wav,Female_singing Accordion Bark
39768e2a.wav,Male_singing Female_speech_and_woman_speaking Female_singing
3987fc79.wav,Purr Motorcycle Zipper_(clothing)
398b6fa6.wav,Tap Knock Run
399732ec.wav,Clapping Gong Screaming
39a8ac5c.wav,Shatter Computer_keyboard Keys_jangling
39b6cc75.wav,Glockenspiel Marimba_and_xylophone Harmonica
39bbcabd.wav,Tick-tock Scissors Printer
39c1f2fd.wav,Sigh Child_speech_and_kid_speaking Whispering
39d1b554.wav,Burping_and_eructation Clapping Skateboard
39e1b8cc.wav,Computer_keyboard Run Trickle_and_dribble
39e2f767.wav,Child_speech_and_kid_speaking Sneeze Yell
39e35f03.wav,Screaming Harmonica Accelerating_and_revving_and_vroom
39eb6dd5.wav,Marimba_and_xylophone Knock Tap
39f19344.wav,Church_bell Marimba_and_xylophone Gong
3a2353bb.wav,Meow Bicycle_bell Traffic_noise_and_roadway_noise
3a28e28a.wav,Motorcycle Accelerating_and_revving_and_vroom Mechanical_fan
3a2a4822.wav,Clapping Raindrop Marimba_and_xylophone
3a3e4b29.wav,Marimba_and_xylophone Acoustic_guitar Male_speech_and_man_speaking
3a49d5ed.wav,Gurgling Zipper_(clothing) Computer_keyboard
3a4cf709.wav,Harmonica Chirp_and_tweet Yell
3a5e6dde.wav,Hi-hat Bicycle_bell Marimba_and_xylophone
3a66e3df.wav,Stream Trickle_and_dribble Frying_(food)
3a87c628.wav,Frying_(food) Bathtub_(filling_or_washing) Scissors
3a885c38.wav,Buzz Knock Bass_drum
3a8b9afe.wav,Buzz Electric_guitar Bus
3aa5b432.wav,Bathtub_(filling_or_washing) Scissors Whispering
3ac609e1.wav,Mechanical_fan Car_passing_by Traffic_noise_and_roadway_noise
3acbee34.wav,Screaming Meow Traffic_noise_and_roadway_noise
3adfb8f0.wav,Frying_(food) Hiss Stream
3ae08e83.wav,Tick-tock Printer Whispering
3ae0ea8b.wav,Writing Keys_jangling Printer
3b0a3361.wav,Harmonica Stream Hiss
3b0b13f4.wav,Sneeze Child_speech_and_kid_speaking Female_singing
3b13f6a1.wav,Printer Tick-tock Shatter
3b23ed90.wav,Finger_snapping Tap Shatter
3b252939.wav,Microwave_oven Finger_snapping Bicycle_bell
3b277890.wav,Meow Child_speech_and_kid_speaking Zipper_(clothing)
3b382171.wav,Child_speech_and_kid_speaking Yell Bark
3b3c2c67.wav,Computer_keyboard Tap Chink_and_clink
3b75b456.wav,Traffic_noise_and_roadway_noise Car_passing_by Stream
3b7c7f94.wav,Chewing_and_mastication Run Computer_keyboard
3bb6024f.wav,Toilet_flush Stream Frying_(food)
3bb7c24d.wav,Writing Run Computer_keyboard
3bb9a722.wav,Motorcycle Purr Accelerating_and_revving_and_vroom
3bda5fb0.wav,Car_passing_by Gong Church_bell
3bfcab18.wav,Bass_guitar Bass_drum Electric_guitar
3c0370c8.wav,Walk_and_footsteps Run Microwave_oven
3c1b9399.wav,Bus Skateboard Car_passing_by
3c20c95f.wav,Purr Zipper_(clothing) Crackle
3c216393.wav,Writing Whispering Run
3c244ade.wav,Stream Trickle_and_dribble Toilet_flush
3c348e5c.wav,Bicycle_bell Tick-tock Hiss
3c35237b.wav,Motorcycle Car_passing_by Traffic_noise_and_roadway_noise
3c40f472.wav,Female_singing Male_singing Accordion
3c525c1f.wav,Frying_(food) Trickle_and_dribble Crackle
3c590143.wav,Walk_and_footsteps Drawer_open_or_close Writing
3c90b11b.wav,Frying_(food) Bathtub_(filling_or_washing) Keys_jangling
3c95067e.wav,Sigh Toilet_flush Whispering
3ca6b1a3.wav,Fill_(with_liquid) Trickle_and_dribble Crackle
3caf1f70.wav,Crackle Purr Chewing_and_mastication
3cc51361.wav,Marimba_and_xylophone Zipper_(clothing) Male_singing
3cd30520.wav,Writing Whispering Run
3ce0dcd0.wav,Chirp_and_tweet Cricket Waves_and_surf
3ce9fd74.wav,Harmonica Screaming Female_singing
3cfeb0cd.wav,Hiss Toilet_flush Bathtub_(filling_or_washing)
3d07c63a.wav,Gasp Tick-tock Whispering
3d0beb6f.wav,Writing Tick-tock Printer
3d0dca90.wav,Car_passing_by Traffic_noise_and_roadway_noise Gong
3d1d3f2b.wav,Toilet_flush Stream Waves_and_surf
3d27f415.wav,Glockenspiel Marimba_and_xylophone Bicycle_bell
3d287b47.wav,Drawer_open_or_close Run Cupboard_open_or_close
3d4e1dea.wav,Female_speech_and_woman_speaking Male_speech_and_man_speaking Male_singing
3d58d893.wav,Stream Toilet_flush Waves_and_surf
3d5f899d.wav,Gong Church_bell Electric_guitar
3d633399.wav,Traffic_noise_and_roadway_noise Harmonica Church_bell
3d7309d7.wav,Finger_snapping Crackle Shatter
3d921767.wav,Motorcycle Accelerating_and_revving_and_vroom Gong
3d9a715d.wav,Toilet_flush Stream Frying_(food)
3db04d3f.wav,Male_singing Female_singing Male_speech_and_man_speaking
3db44f6c.wav,Marimba_and_xylophone Glockenspiel Bicycle_bell
3ddb4122.wav,Keys_jangling Shatter Cutlery_and_silverware
3dedbba9.wav,Shatter Hiss Clapping
3df2fc0e.wav,Bus Microwave_oven Car_passing_by
3df5c540.wav,Scissors Bathtub_(filling_or_washing) Shatter
3e230352.wav,Toilet_flush Traffic_noise_and_roadway_noise Waves_and_surf
3e3a6910.wav,Cupboard_open_or_close Fart Burping_and_eructation
3e4755ba.wav,Bass_guitar Bass_drum Electric_guitar
3e52f857.wav,Keys_jangling Chewing_and_mastication Scissors
3e5ce660.wav,Gong Church_bell Traffic_noise_and_roadway_noise
3e656c6e.wav,Chink_and_clink Shatter Cutlery_and_silverware
3e65a00d.wav,Stream Hiss Toilet_flush
3e691b83.wav,Tap Knock Bass_drum
3e7889ed.wav,Zipper_(clothing) Chewing_and_mastication Crackle
3e83500f.wav,Tick-tock Printer Computer_keyboard
3e9967cf.wav,Child_speech_and_kid_speaking Female_singing Microwave_oven
3ebaff6d.wav,Male_singing Buzz Motorcycle
3ecc19c5.wav,Skateboard Purr Waves_and_surf
3ed6c2b5.wav,Child_speech_and_kid_speaking Bark Male_speech_and_man_speaking
3efc0912.wav,Harmonica Screaming Church_bell
3f0f92ff.wav,Clapping Tap Finger_snapping
3f15fd07.wav,Computer_keyboard Run Gurgling
3f16d9f3.wav,Church_bell Traffic_noise_and_roadway_noise Female_singing
3f19e53c.wav,Harmonica Church_bell Accordion
3f1ca1bb.wav,Toilet_flush Hiss Stream
3f29038e.wav,Female_speech_and_woman_speaking Male_speech_and_man_speaking Male_singing
3f2dbd00.wav,Child_speech_and_kid_speaking Sneeze Drawer_open_or_close
3f4f4808.wav,Tick-tock Printer Toilet_flush
3f53a02f.wav,Drawer_open_or_close Printer Toilet_flush
3f7043d9.wav,Cricket Mechanical_fan Hiss
3f80cc56.wav,Crackle Computer_keyboard Purr
3f96494a.wav,Clapping Drawer_open_or_close Slam
3faf10be.wav,Car_passing_by Traffic_noise_and_roadway_noise Skateboard
3fd4d55a.wav,Finger_snapping Marimba_and_xylophone Scissors
400ff09d.wav,Mechanical_fan Bus Microwave_oven
402e2d1b.wav,Fart Bass_drum Bass_guitar
4030a4f2.wav,Cupboard_open_or_close Computer_keyboard Slam
4034f327.wav,Drawer_open_or_close Whispering Toilet_flush
4037cd65.wav,Female_speech_and_woman_speaking Male_speech_and_man_speaking Male_singing
4040f015.wav,Bass_drum Drawer_open_or_close Microwave_oven
40449ca7.wav,Hi-hat Hiss Bicycle_bell
404b54c0.wav,Waves_and_surf Skateboard Bathtub_(filling_or_washing)
404fb677.wav,Bus Gong Race_car_and_auto_racing
4053b801.wav,Harmonica Meow Screaming
405c66af.wav,Hiss Scissors Shatter
406306b6.wav,Gong Harmonica Church_bell
406a1cc1.wav,Bark Sneeze Sigh
406ade5e.wav,Frying_(food) Stream Trickle_and_dribble
4093913f.wav,Toilet_flush Frying_(food) Stream
40957335.wav,Meow Screaming Zipper_(clothing)
4098028d.wav,Computer_keyboard Run Chewing_and_mastication
40afd1b3.wav,Whispering Meow Zipper_(clothing)
40c1ed87.wav,Computer_keyboard Chewing_and_mastication Keys_jangling
40c50046.wav,Computer_keyboard Run Chewing_and_mastication
40d0726d.wav,Acoustic_guitar Motorcycle Accelerating_and_revving_and_vroom
40dd1274.wav,Church_bell Traffic_noise_and_roadway_noise Clapping
40e25750.wav,Burping_and_eructation Screaming Whispering
410837eb.wav,Female_singing Child_speech_and_kid_speaking Male_singing
410c2138.wav,Toilet_flush Frying_(food) Stream
411993fd.wav,Hi-hat Gong Shatter
413b5427.wav,Harmonica Gong Bicycle_bell
41522a65.wav,Frying_(food) Keys_jangling Bathtub_(filling_or_washing)
415f4c8f.wav,Bicycle_bell Chirp_and_tweet Traffic_noise_and_roadway_noise
41759973.wav,Toilet_flush Stream Waves_and_surf
419271cc.wav,Bicycle_bell Meow Whispering
4195cb1a.wav,Bicycle_bell Marimba_and_xylophone Glockenspiel
41af688a.wav,Skateboard Raindrop Chink_and_clink
41c60bba.wav,Tick-tock Microwave_oven Cupboard_open_or_close
41cfee6d.wav,Hiss Bicycle_bell Meow
41f16193.wav,Clapping Gong Church_bell
41f1ea4a.wav,Gong Traffic_noise_and_roadway_noise Church_bell
41f86bc4.wav,Stream Toilet_flush Frying_(food)
4215309a.wav,Computer_keyboard Keys_jangling Bathtub_(filling_or_washing)
4248d196.wav,Waves_and_surf Bathtub_(filling_or_washing) Toilet_flush
42542036.wav,Female_singing Electric_guitar Buzz
