fname,label
000ccb97.wav,Cutlery_and_silverware Marimba_and_xylophone Bicycle_bell
0012633b.wav,Accordion Buzz Motorcycle
001ed5f1.wav,Run Shatter Writing
00294be0.wav,Purr Zipper_(clothing) Gurgling
003fde7a.wav,Bicycle_bell Chirp_and_tweet Glockenspiel
0040ccc9.wav,Marimba_and_xylophone Electric_guitar Bass_drum
0046b732.wav,Whispering Writing Zipper_(clothing)
004f3bbc.wav,Bass_guitar Gong Mechanical_fan
00526050.wav,Finger_snapping Tap Shatter
00559da4.wav,Writing Chewing_and_mastication Zipper_(clothing)
00582bbe.wav,Knock Tap Clapping
0064aedf.wav,Tap Knock Drawer_open_or_close
0065512b.wav,Zipper_(clothing) Chewing_and_mastication Drawer_open_or_close
006a91d2.wav,Waves_and_surf Stream Mechanical_fan
006ea9ee.wav,Church_bell Gong Acoustic_guitar
006f9dca.wav,Frying_(food) Crackle Bathtub_(filling_or_washing)
007450dc.wav,Screaming Yell Accelerating_and_revving_and_vroom
00979c8a.wav,Crackle Purr Zipper_(clothing)
00992464.wav,Trickle_and_dribble Bathtub_(filling_or_washing) Fill_(with_liquid)
00b44a8a.wav,Shatter Cutlery_and_silverware Writing
00bfaaaf.wav,Gasp Yell Screaming
00cf9680.wav,Bathtub_(filling_or_washing) Hiss Hi-hat
00eae94d.wav,Bicycle_bell Frying_(food) Bathtub_(filling_or_washing)
011ec5b8.wav,Slam Microwave_oven Drawer_open_or_close
013200dc.wav,Crackle Finger_snapping Chink_and_clink
01440c2e.wav,Accordion Harmonica Traffic_noise_and_roadway_noise
01567a3d.wav,Tick-tock Knock Drawer_open_or_close
0163d203.wav,Purr Accelerating_and_revving_and_vroom Waves_and_surf
017c24b2.wav,Meow Microwave_oven Screaming
01a992c5.wav,Cricket Bicycle_bell Chirp_and_tweet
01b1d976.wav,Finger_snapping Tap Shatter
01c1c371.wav,Whispering Scissors Child_speech_and_kid_speaking
01cf8354.wav,Skateboard Burping_and_eructation Gurgling
01d2c640.wav,Tick-tock Printer Scissors
01d69423.wav,Knock Run Tap
01e9170b.wav,Accordion Harmonica Meow
01f2901a.wav,Frying_(food) Crackle Trickle_and_dribble
020b1fdf.wav,Buzz Bus Microwave_oven
021457df.wav,Crackle Scissors Keys_jangling
02173589.wav,Gong Church_bell Race_car_and_auto_racing
021ac082.wav,Stream Waves_and_surf Traffic_noise_and_roadway_noise
02200884.wav,Scissors Keys_jangling Tick-tock
02213278.wav,Scissors Finger_snapping Shatter
022e3b2c.wav,Writing Run Chewing_and_mastication
023081f2.wav,Glockenspiel Marimba_and_xylophone Bicycle_bell
02596541.wav,Glockenspiel Marimba_and_xylophone Bicycle_bell
0289b79b.wav,Printer Scissors Walk_and_footsteps
028cf9db.wav,Bark Church_bell Chink_and_clink
028d26f7.wav,Cutlery_and_silverware Shatter Chink_and_clink
02ab2a72.wav,Waves_and_surf Toilet_flush Bus
02c02ec1.wav,Church_bell Electric_guitar Traffic_noise_and_roadway_noise
02ce28a1.wav,Car_passing_by Waves_and_surf Motorcycle
02d01f40.wav,Cutlery_and_silverware Keys_jangling Shatter
02da7457.wav,Frying_(food) Crackle Trickle_and_dribble
02e17633.wav,Slam Waves_and_surf Drawer_open_or_close
02e8059d.wav,Bass_guitar Purr Crackle
02f71319.wav,Hi-hat Gong Bicycle_bell
03090fb0.wav,Microwave_oven Marimba_and_xylophone Clapping
03162c23.wav,Bus Buzz Motorcycle
032f518c.wav,Sigh Buzz Child_speech_and_kid_speaking
03300fcb.wav,Marimba_and_xylophone Gong Bass_guitar
035dd895.wav,Waves_and_surf Bus Cricket
03754ab4.wav,Frying_(food) Printer Bathtub_(filling_or_washing)
037b47c4.wav,Bark Gasp Sneeze
03887635.wav,Computer_keyboard Raindrop Clapping
03931594.wav,Zipper_(clothing) Chewing_and_mastication Crackle
039d2821.wav,Male_singing Female_speech_and_woman_speaking Female_singing
03a47c4a.wav,Bicycle_bell Hiss Bathtub_(filling_or_washing)
03b80975.wav,Stream Waves_and_surf Mechanical_fan
03c5e8d0.wav,Electric_guitar Female_speech_and_woman_speaking Bass_drum
03fe2971.wav,Tap Clapping Tick-tock
04008bb5.wav,Bicycle_bell Shatter Cutlery_and_silverware
040c5c0c.wav,Whispering Chewing_and_mastication Female_speech_and_woman_speaking
041cff59.wav,Knock Tap Slam
042b07a4.wav,Church_bell Bark Accordion
042b542f.wav,Buzz Motorcycle Electric_guitar
04308d8d.wav,Burping_and_eructation Cutlery_and_silverware Skateboard
04355ea8.wav,Female_singing Child_speech_and_kid_speaking Female_speech_and_woman_speaking
0442a617.wav,Meow Child_speech_and_kid_speaking Screaming
0443f812.wav,Shatter Chink_and_clink Fart
04441d5b.wav,Drawer_open_or_close Slam Run
0453bb71.wav,Male_singing Church_bell Buzz
04702c1c.wav,Child_speech_and_kid_speaking Sigh Female_singing
047ba0e1.wav,Keys_jangling Scissors Chewing_and_mastication
04877d29.wav,Gong Church_bell Motorcycle
048c3418.wav,Run Walk_and_footsteps Skateboard
04a5c9eb.wav,Bus Buzz Race_car_and_auto_racing
04ad8e52.wav,Frying_(food) Stream Bathtub_(filling_or_washing)
04af82d9.wav,Shatter Chink_and_clink Cutlery_and_silverware
04b1558a.wav,Keys_jangling Trickle_and_dribble Chewing_and_mastication
04de7b9a.wav,Keys_jangling Chewing_and_mastication Crackle
04e8bf2a.wav,Drawer_open_or_close Walk_and_footsteps Slam
04f004fe.wav,Skateboard Run Walk_and_footsteps
04f48f10.wav,Knock Tap Run
0506eee8.wav,Gong Motorcycle Car_passing_by
050eb97f.wav,Female_singing Traffic_noise_and_roadway_noise Child_speech_and_kid_speaking
051bda9a.wav,Knock Cupboard_open_or_close Run
057a3c2e.wav,Run Drawer_open_or_close Walk_and_footsteps
057c13c8.wav,Race_car_and_auto_racing Gong Traffic_noise_and_roadway_noise
058a4a79.wav,Sneeze Male_singing Child_speech_and_kid_speaking
058ec864.wav,Glockenspiel Bicycle_bell Hi-hat
05af19b1.wav,Male_singing Accordion Harmonica
05c881c4.wav,Bicycle_bell Hi-hat Bathtub_(filling_or_washing)
05d775e9.wav,Stream Waves_and_surf Traffic_noise_and_roadway_noise
05dae80d.wav,Knock Marimba_and_xylophone Walk_and_footsteps
05e34a55.wav,Frying_(food) Bathtub_(filling_or_washing) Stream
05edaa47.wav,Child_speech_and_kid_speaking Zipper_(clothing) Sneeze
060b802f.wav,Yell Child_speech_and_kid_speaking Sneeze
060d2d47.wav,Run Computer_keyboard Walk_and_footsteps
062e94dd.wav,Church_bell Gong Marimba_and_xylophone
06345241.wav,Screaming Yell Meow
0648b115.wav,Gasp Sneeze Zipper_(clothing)
06526954.wav,Run Scissors Writing
065b49ec.wav,Sigh Buzz Female_singing
06604d51.wav,Female_speech_and_woman_speaking Male_speech_and_man_speaking Child_speech_and_kid_speaking
068b717f.wav,Writing Run Walk_and_footsteps
069b2f91.wav,Motorcycle Marimba_and_xylophone Zipper_(clothing)
069f3ce5.wav,Gurgling Buzz Child_speech_and_kid_speaking
06a23eb9.wav,Church_bell Sigh Traffic_noise_and_roadway_noise
06c34152.wav,Waves_and_surf Motorcycle Toilet_flush
06feb5cf.wav,Buzz Church_bell Motorcycle
0718ce8d.wav,Walk_and_footsteps Run Mechanical_fan
07295dd0.wav,Bass_drum Tap Knock
072ee4b2.wav,Chewing_and_mastication Fart Crackle
074cbe2b.wav,Meow Microwave_oven Chirp_and_tweet
07502956.wav,Finger_snapping Shatter Tap
07603ad3.wav,Car_passing_by Bus Traffic_noise_and_roadway_noise
07670752.wav,Crackle Frying_(food) Chewing_and_mastication
077f270d.wav,Marimba_and_xylophone Chink_and_clink Tap
0782d022.wav,Meow Screaming Yell
078464b8.wav,Bathtub_(filling_or_washing) Hiss Scissors
07a82fbe.wav,Knock Tap Run
07bca33c.wav,Shatter Finger_snapping Chink_and_clink
07da8ebf.wav,Child_speech_and_kid_speaking Harmonica Meow
07dff283.wav,Drawer_open_or_close Walk_and_footsteps Knock
07f965a0.wav,Stream Waves_and_surf Toilet_flush
07fa6e7e.wav,Burping_and_eructation Cutlery_and_silverware Skateboard
08087580.wav,Run Cupboard_open_or_close Gurgling
0814db2b.wav,Harmonica Gong Accordion
0815543c.wav,Fart Cutlery_and_silverware Skateboard
081d6520.wav,Cutlery_and_silverware Chirp_and_tweet Keys_jangling
081f2b5a.wav,Bass_guitar Zipper_(clothing) Fart
0824bbdb.wav,Shatter Cutlery_and_silverware Chink_and_clink
08272d1c.wav,Mechanical_fan Cricket Accelerating_and_revving_and_vroom
08278440.wav,Burping_and_eructation Skateboard Cutlery_and_silverware
0837e041.wav,Child_speech_and_kid_speaking Accordion Male_singing
08390e01.wav,Bicycle_bell Cricket Hiss
083cc652.wav,Female_singing Gasp Accordion
08458ab2.wav,Crackle Purr Zipper_(clothing)
0849057f.wav,Female_speech_and_woman_speaking Female_singing Child_speech_and_kid_speaking
084e5784.wav,Buzz Gasp Female_speech_and_woman_speaking
085f174a.wav,Chink_and_clink Tap Clapping
0865816c.wav,Tap Knock Run
086ce4a5.wav,Skateboard Waves_and_surf Bus
086ebb95.wav,Bus Microwave_oven Mechanical_fan
08810dd4.wav,Run Computer_keyboard Walk_and_footsteps
08b06642.wav,Screaming Harmonica Gasp
08b2d04c.wav,Child_speech_and_kid_speaking Female_singing Accordion
08bc3e2d.wav,Skateboard Knock Run
08d46566.wav,Keys_jangling Scissors Chewing_and_mastication
08d4acca.wav,Buzz Church_bell Bass_guitar
08d5d316.wav,Stream Mechanical_fan Traffic_noise_and_roadway_noise
08dfe75d.wav,Knock Run Cupboard_open_or_close
08eb3a69.wav,Run Zipper_(clothing) Gurgling
08f36895.wav,Skateboard Walk_and_footsteps Run
08facc12.wav,Tick-tock Scissors Keys_jangling
090cc523.wav,Trickle_and_dribble Stream Fill_(with_liquid)
091fa206.wav,Marimba_and_xylophone Gong Accordion
092d8e54.wav,Run Crackle Tap
094761b8.wav,Sigh Female_singing Child_speech_and_kid_speaking
0963270d.wav,Run Writing Scissors
0992b95a.wav,Purr Crackle Accelerating_and_revving_and_vroom
0997968e.wav,Stream Waves_and_surf Toilet_flush
09a67356.wav,Motorcycle Purr Zipper_(clothing)
09d085e3.wav,Bus Gong Race_car_and_auto_racing
0a31c905.wav,Stream Trickle_and_dribble Bathtub_(filling_or_washing)
0a3c2351.wav,Microwave_oven Meow Marimba_and_xylophone
0a4d3800.wav,Purr Crackle Zipper_(clothing)
0a4ff0fb.wav,Sneeze Hiss Zipper_(clothing)
0a56e261.wav,Marimba_and_xylophone Electric_guitar Gong
0a64010f.wav,Meow Child_speech_and_kid_speaking Harmonica
0a683136.wav,Bass_guitar Gong Accelerating_and_revving_and_vroom
0a6e6889.wav,Church_bell Chink_and_clink Gong
0a8e1630.wav,Crackle Frying_(food) Finger_snapping
0a950c32.wav,Church_bell Bark Gong
0aee7a2a.wav,Stream Hiss Frying_(food)
0af7446d.wav,Microwave_oven Chirp_and_tweet Meow
0b1503e8.wav,Bicycle_bell Hi-hat Chink_and_clink
0b33d746.wav,Car_passing_by Screaming Harmonica
0b4819f1.wav,Tick-tock Microwave_oven Printer
0b5c6535.wav,Scissors Keys_jangling Chewing_and_mastication
0b73077e.wav,Female_singing Accordion Bark
0b9e93e6.wav,Printer Tick-tock Crowd
0ba7fe6b.wav,Bass_drum Bass_guitar Cupboard_open_or_close
0bacb61b.wav,Harmonica Microwave_oven Electric_guitar
0bb86b6c.wav,Burping_and_eructation Cutlery_and_silverware Skateboard
0bbe8308.wav,Clapping Knock Fart
0bc36580.wav,Bark Gasp Sigh
0bc7822a.wav,Scissors Drawer_open_or_close Zipper_(clothing)
0bdcdfba.wav,Tick-tock Microwave_oven Printer
0bec3f54.wav,Bathtub_(filling_or_washing) Hiss Scissors
0c151ad3.wav,Car_passing_by Mechanical_fan Waves_and_surf
0c16f612.wav,Harmonica Female_speech_and_woman_speaking Child_speech_and_kid_speaking
0c32d940.wav,Female_singing Child_speech_and_kid_speaking Female_speech_and_woman_speaking
0c390f3c.wav,Fart Burping_and_eructation Gurgling
0c3b2573.wav,Tick-tock Printer Microwave_oven
0c5ba768.wav,Finger_snapping Scissors Shatter
0c698ef7.wav,Bathtub_(filling_or_washing) Hiss Scissors
0c8d9148.wav,Finger_snapping Shatter Tap
0c8def18.wav,Microwave_oven Bus Mechanical_fan
0c949702.wav,Printer Tick-tock Bicycle_bell
0cb33d03.wav,Hiss Shatter Bicycle_bell
0cb4cde3.wav,Writing Buzz Drawer_open_or_close
0cdddb37.wav,Printer Scissors Writing
0ce84f9b.wav,Bus Microwave_oven Mechanical_fan
0cfe3f96.wav,Skateboard Clapping Knock
0d000cd7.wav,Bark Sneeze Gasp
0d1b11e0.wav,Sigh Gasp Accordion
0d2230eb.wav,Chirp_and_tweet Cricket Bicycle_bell
0d2707f4.wav,Glockenspiel Marimba_and_xylophone Bicycle_bell
0d34341d.wav,Microwave_oven Motorcycle Buzz
0d3dc96c.wav,Electric_guitar Printer Cupboard_open_or_close
0d507c20.wav,Church_bell Traffic_noise_and_roadway_noise Harmonica
0d540ee1.wav,Computer_keyboard Chewing_and_mastication Run
0d5516ef.wav,Meow Chirp_and_tweet Microwave_oven
0d6564bb.wav,Female_singing Male_singing Child_speech_and_kid_speaking
0d673a8c.wav,Electric_guitar Gong Child_speech_and_kid_speaking
0d74277e.wav,Fill_(with_liquid) Stream Waves_and_surf
0d8d7af9.wav,Finger_snapping Tap Clapping
0d8e2166.wav,Keys_jangling Writing Run
0d8f3f54.wav,Bass_drum Cupboard_open_or_close Knock
0d9caeeb.wav,Accordion Sigh Waves_and_surf
0da3d582.wav,Gasp Hiss Chirp_and_tweet
0dc06757.wav,Child_speech_and_kid_speaking Meow Printer
0dc813d8.wav,Crackle Keys_jangling Chewing_and_mastication
0dce3e5f.wav,Computer_keyboard Run Keys_jangling
0dcf1534.wav,Mechanical_fan Bus Traffic_noise_and_roadway_noise
0dda644b.wav,Bathtub_(filling_or_washing) Trickle_and_dribble Fill_(with_liquid)
0ddd0393.wav,Slam Microwave_oven Cupboard_open_or_close
0de2a4b2.wav,Male_singing Female_speech_and_woman_speaking Male_speech_and_man_speaking
0de4fc92.wav,Church_bell Gong Chink_and_clink
0df1484c.wav,Bass_guitar Buzz Male_speech_and_man_speaking
0e18c7d2.wav,Harmonica Hiss Bathtub_(filling_or_washing)
0e3e2590.wav,Electric_guitar Printer Meow
0e4be6a4.wav,Male_singing Gong Bark
0e6552c7.wav,Crackle Finger_snapping Tap
0e70a285.wav,Bathtub_(filling_or_washing) Hiss Scissors
0e7f5c7e.wav,Drawer_open_or_close Zipper_(clothing) Gurgling
0e9e941b.wav,Run Skateboard Fill_(with_liquid)
0ea99bf4.wav,Gasp Screaming Sneeze
0eaf6d60.wav,Child_speech_and_kid_speaking Sigh Gasp
0ec7e315.wav,Bass_guitar Mechanical_fan Gong
0ed20fe2.wav,Skateboard Waves_and_surf Toilet_flush
0ee80cb7.wav,Female_singing Child_speech_and_kid_speaking Female_speech_and_woman_speaking
0ef6fb07.wav,Keys_jangling Shatter Cutlery_and_silverware
0f07f15f.wav,Crackle Finger_snapping Shatter
0f08a4c8.wav,Meow Child_speech_and_kid_speaking Microwave_oven
0f096853.wav,Mechanical_fan Bus Car_passing_by
0f1ab7b0.wav,Crackle Finger_snapping Tap
0f3fe29d.wav,Stream Waves_and_surf Toilet_flush
0f50ef2b.wav,Waves_and_surf Stream Hiss
0f61907d.wav,Buzz Female_singing Electric_guitar
0f663341.wav,Run Gurgling Skateboard
0f81d5bc.wav,Keys_jangling Cutlery_and_silverware Computer_keyboard
0faf5b2e.wav,Bass_guitar Marimba_and_xylophone Gong
0fc07a52.wav,Scissors Keys_jangling Chewing_and_mastication
0fc6a683.wav,Frying_(food) Stream Bathtub_(filling_or_washing)
0fccb2e5.wav,Hiss Bicycle_bell Shatter
0fd91890.wav,Cupboard_open_or_close Computer_keyboard Skateboard
0fdb30c1.wav,Run Knock Walk_and_footsteps
0fed6565.wav,Printer Sneeze Writing
0ff0e483.wav,Yell Sneeze Child_speech_and_kid_speaking
0fffc208.wav,Slam Microwave_oven Clapping
100e123a.wav,Church_bell Traffic_noise_and_roadway_noise Stream
100faf3f.wav,Chirp_and_tweet Cricket Microwave_oven
101b2011.wav,Finger_snapping Shatter Tap
10234fef.wav,Bass_drum Tap Knock
10236f0e.wav,Fart Burping_and_eructation Cupboard_open_or_close
102fb14f.wav,Bass_guitar Gong Marimba_and_xylophone
1052e52b.wav,Burping_and_eructation Cutlery_and_silverware Skateboard
105460cd.wav,Race_car_and_auto_racing Gong Skateboard
10678d21.wav,Keys_jangling Scissors Shatter
107f3deb.wav,Raindrop Computer_keyboard Run
10811159.wav,Knock Clapping Tap
10a1aa40.wav,Motorcycle Electric_guitar Gong
10a7b8f3.wav,Harmonica Microwave_oven Electric_guitar
10acf1b6.wav,Hiss Bathtub_(filling_or_washing) Stream
10c170b1.wav,Bus Whispering Buzz
10d026e9.wav,Knock Run Walk_and_footsteps
10d94568.wav,Child_speech_and_kid_speaking Zipper_(clothing) Meow
10e6a6ac.wav,Hi-hat Sigh Hiss
10e6db66.wav,Burping_and_eructation Cupboard_open_or_close Gurgling
10e92421.wav,Skateboard Marimba_and_xylophone Toilet_flush
10f58e51.wav,Buzz Male_singing Female_singing
11071bad.wav,Microwave_oven Marimba_and_xylophone Meow
111f9431.wav,Toilet_flush Bathtub_(filling_or_washing) Waves_and_surf
112bdb70.wav,Marimba_and_xylophone Glockenspiel Bicycle_bell
113290e8.wav,Writing Shatter Bicycle_bell
1142def0.wav,Bicycle_bell Chink_and_clink Shatter
1147c12b.wav,Microwave_oven Chirp_and_tweet Marimba_and_xylophone
1158e587.wav,Cutlery_and_silverware Shatter Keys_jangling
11641eb8.wav,Clapping Trickle_and_dribble Raindrop
1167b492.wav,Knock Run Tap
1172c5fb.wav,Church_bell Traffic_noise_and_roadway_noise Gong
117358df.wav,Crackle Finger_snapping Run
1175ac74.wav,Cupboard_open_or_close Keys_jangling Shatter
11b6c488.wav,Stream Frying_(food) Bathtub_(filling_or_washing)
11cc8bcb.wav,Run Chewing_and_mastication Gurgling
12264142.wav,Writing Whispering Male_speech_and_man_speaking
1226b0e0.wav,Run Knock Tap
1247b7e3.wav,Glockenspiel Bicycle_bell Marimba_and_xylophone
124a286f.wav,Tick-tock Scissors Cutlery_and_silverware
12600be5.wav,Drawer_open_or_close Zipper_(clothing) Waves_and_surf
12689530.wav,Gasp Accordion Sneeze
126b674b.wav,Trickle_and_dribble Fill_(with_liquid) Burping_and_eructation
127adb78.wav,Female_singing Child_speech_and_kid_speaking Female_speech_and_woman_speaking
12849e29.wav,Female_speech_and_woman_speaking Male_speech_and_man_speaking Sneeze
128a67de.wav,Finger_snapping Tap Crackle
12bcd3ec.wav,Run Writing Walk_and_footsteps
12d3e91f.wav,Fart Bass_guitar Male_speech_and_man_speaking
12d8c07f.wav,Accelerating_and_revving_and_vroom Bus Motorcycle
12ddf239.wav,Waves_and_surf Accelerating_and_revving_and_vroom Motorcycle
12df81e8.wav,Chewing_and_mastication Run Fill_(with_liquid)
12ee0010.wav,Run Bass_drum Walk_and_footsteps
12fe33b6.wav,Writing Keys_jangling Tick-tock
130e4d2f.wav,Skateboard Burping_and_eructation Cutlery_and_silverware
13237edd.wav,Bicycle_bell Chink_and_clink Hiss
134c3fea.wav,Finger_snapping Tap Scissors
134c95a2.wav,Finger_snapping Shatter Scissors
13694181.wav,Knock Cupboard_open_or_close Drawer_open_or_close
13728313.wav,Gong Race_car_and_auto_racing Traffic_noise_and_roadway_noise
13ae306e.wav,Cutlery_and_silverware Keys_jangling Shatter
13cfa025.wav,Bus Church_bell Gong
13e3453c.wav,Frying_(food) Bathtub_(filling_or_washing) Stream
13e84f69.wav,Shatter Cutlery_and_silverware Keys_jangling
14096fd8.wav,Motorcycle Waves_and_surf Trickle_and_dribble
142b9865.wav,Bass_drum Shatter Hiss
1438cfd0.wav,Knock Skateboard Run
143e6d96.wav,Bicycle_bell Glockenspiel Marimba_and_xylophone
14416af5.wav,Sigh Child_speech_and_kid_speaking Buzz
1451986d.wav,Printer Electric_guitar Meow
145a10e4.wav,Bicycle_bell Hi-hat Hiss
146c73a3.wav,Gasp Accordion Sneeze
14ab7f13.wav,Buzz Accelerating_and_revving_and_vroom Marimba_and_xylophone
14cbc626.wav,Writing Whispering Shatter
14d22f20.wav,Shatter Keys_jangling Writing
14e86cfb.wav,Finger_snapping Scissors Bicycle_bell
14fd704c.wav,Knock Microwave_oven Drawer_open_or_close
151ea709.wav,Computer_keyboard Clapping Knock
15288481.wav,Church_bell Traffic_noise_and_roadway_noise Buzz
152a4e09.wav,Buzz Female_singing Male_singing
153579d9.wav,Run Chewing_and_mastication Writing
1544427c.wav,Bicycle_bell Marimba_and_xylophone Chink_and_clink
154696fd.wav,Mechanical_fan Bus Motorcycle
156bf74f.wav,Frying_(food) Stream Bathtub_(filling_or_washing)
156c1736.wav,Traffic_noise_and_roadway_noise Church_bell Meow
15776b9c.wav,Tick-tock Computer_keyboard Raindrop
157dd023.wav,Bathtub_(filling_or_washing) Hiss Scissors
15849032.wav,Frying_(food) Bathtub_(filling_or_washing) Hiss
15868ee8.wav,Harmonica Chirp_and_tweet Meow
159b8b9b.wav,Scissors Chewing_and_mastication Run
159d2208.wav,Zipper_(clothing) Child_speech_and_kid_speaking Meow
15a78daf.wav,Burping_and_eructation Gurgling Walk_and_footsteps
15a98fd7.wav,Tap Knock Walk_and_footsteps
15b0d4ec.wav,Bathtub_(filling_or_washing) Hiss Harmonica
15bcf71d.wav,Bass_guitar Bass_drum Marimba_and_xylophone
15c34c4f.wav,Tap Crackle Finger_snapping
15e2bcaa.wav,Harmonica Accordion Printer
15e7bb78.wav,Keys_jangling Cutlery_and_silverware Scissors
160105ad.wav,Buzz Accordion Motorcycle
1604a3fa.wav,Chewing_and_mastication Zipper_(clothing) Run
1606f119.wav,Electric_guitar Buzz Printer
160acbb0.wav,Cricket Frying_(food) Chirp_and_tweet
165fd18a.wav,Microwave_oven Bus Race_car_and_auto_racing
166a05c0.wav,Run Computer_keyboard Skateboard
1670b964.wav,Buzz Microwave_oven Knock
167a4f00.wav,Female_speech_and_woman_speaking Buzz Male_speech_and_man_speaking
168be388.wav,Child_speech_and_kid_speaking Printer Sneeze
16b56d33.wav,Keys_jangling Shatter Cutlery_and_silverware
16bc3f60.wav,Keys_jangling Scissors Cutlery_and_silverware
16c7da35.wav,Hiss Stream Bathtub_(filling_or_washing)
16d80f68.wav,Child_speech_and_kid_speaking Printer Electric_guitar
16e17bed.wav,Gong Male_singing Church_bell
16f7ac14.wav,Walk_and_footsteps Run Drawer_open_or_close
16fd3589.wav,Writing Run Gurgling
17135192.wav,Bicycle_bell Hiss Bathtub_(filling_or_washing)
17140de5.wav,Drawer_open_or_close Scissors Sneeze
171aa36c.wav,Shatter Computer_keyboard Chink_and_clink
17361a5c.wav,Waves_and_surf Stream Toilet_flush
1751bb8a.wav,Scissors Run Tick-tock
1779b015.wav,Mechanical_fan Cricket Electric_guitar
17b6e84f.wav,Run Writing Walk_and_footsteps
17c4b25f.wav,Church_bell Bus Buzz
17dfb6db.wav,Drawer_open_or_close Slam Run
1802421a.wav,Stream Waves_and_surf Bathtub_(filling_or_washing)
18183321.wav,Buzz Mechanical_fan Bus
183948d1.wav,Skateboard Run Knock
183fb536.wav,Male_speech_and_man_speaking Electric_guitar Skateboard
1843680b.wav,Clapping Tap Knock
184aca02.wav,Frying_(food) Stream Bathtub_(filling_or_washing)
18551bc1.wav,Female_speech_and_woman_speaking Electric_guitar Male_speech_and_man_speaking
1859b7f7.wav,Scissors Keys_jangling Cutlery_and_silverware
1877623e.wav,Skateboard Knock Run
1889c58d.wav,Bark Sneeze Child_speech_and_kid_speaking
18929e41.wav,Accordion Harmonica Traffic_noise_and_roadway_noise
1899de05.wav,Knock Run Computer_keyboard
18ace84c.wav,Sneeze Female_speech_and_woman_speaking Cupboard_open_or_close
18be000d.wav,Run Drawer_open_or_close Walk_and_footsteps
18c94757.wav,Traffic_noise_and_roadway_noise Motorcycle Accelerating_and_revving_and_vroom
18ea2e9e.wav,Stream Frying_(food) Hiss
18fda5a4.wav,Bus Crowd Bark
1904f396.wav,Gurgling Bark Tick-tock
19135157.wav,Child_speech_and_kid_speaking Zipper_(clothing) Meow
191adc5f.wav,Female_speech_and_woman_speaking Male_speech_and_man_speaking Male_singing
19303d26.wav,Race_car_and_auto_racing Bus Motorcycle
193a6063.wav,Tick-tock Buzz Bathtub_(filling_or_washing)
1945b8ca.wav,Printer Scissors Skateboard
19508dc0.wav,Bus Microwave_oven Church_bell
1960e51e.wav,Bathtub_(filling_or_washing) Hiss Bicycle_bell
19754d94.wav,Sigh Accordion Female_singing
197ce5b2.wav,Yell Sneeze Harmonica
199d4d12.wav,Male_speech_and_man_speaking Female_speech_and_woman_speaking Male_singing
19a7dec3.wav,Chewing_and_mastication Trickle_and_dribble Skateboard
19bb5700.wav,Bus Race_car_and_auto_racing Buzz
19c7c900.wav,Screaming Meow Harmonica
19d9401d.wav,Knock Tap Walk_and_footsteps
19dcb315.wav,Chewing_and_mastication Male_speech_and_man_speaking Child_speech_and_kid_speaking
1a068a84.wav,Male_singing Electric_guitar Male_speech_and_man_speaking
1a0d1b78.wav,Mechanical_fan Traffic_noise_and_roadway_noise Stream
1a110901.wav,Bathtub_(filling_or_washing) Frying_(food) Raindrop
1a1de9b9.wav,Chink_and_clink Marimba_and_xylophone Glockenspiel
1a1def6e.wav,Car_passing_by Traffic_noise_and_roadway_noise Gong
1a1edda6.wav,Female_speech_and_woman_speaking Yell Harmonica
1a2580e1.wav,Fart Zipper_(clothing) Motorcycle
1a35ded5.wav,Frying_(food) Stream Bathtub_(filling_or_washing)
1a362723.wav,Screaming Meow Female_singing
1a44ace1.wav,Motorcycle Gong Accelerating_and_revving_and_vroom
1a51eefe.wav,Fill_(with_liquid) Trickle_and_dribble Burping_and_eructation
1a5c4e84.wav,Mechanical_fan Motorcycle Waves_and_surf
1a606ef2.wav,Trickle_and_dribble Cricket Crackle
1a6925fa.wav,Writing Walk_and_footsteps Bass_drum
1a884f9e.wav,Tick-tock Computer_keyboard Run
1abdac69.wav,Computer_keyboard Crackle Run
1ac6f6f3.wav,Sigh Gasp Harmonica
1acae695.wav,Car_passing_by Mechanical_fan Gong
1acb3d32.wav,Buzz Male_singing Church_bell
1ad7f703.wav,Crackle Purr Chewing_and_mastication
1ae3ca16.wav,Purr Zipper_(clothing) Crackle
1aec75a6.wav,Writing Bass_drum Run
1b0687b2.wav,Zipper_(clothing) Meow Child_speech_and_kid_speaking
1b086eb7.wav,Purr Crackle Zipper_(clothing)
1b0a3884.wav,Sigh Gasp Meow
1b1d1b2d.wav,Hiss Fart Zipper_(clothing)
1b3ecd82.wav,Buzz Harmonica Electric_guitar
1b5b6468.wav,Gasp Gong Fart
1b5daf72.wav,Sigh Harmonica Gasp
1b68d94a.wav,Zipper_(clothing) Child_speech_and_kid_speaking Sigh
1ba04ecc.wav,Chirp_and_tweet Writing Cutlery_and_silverware
1bc14732.wav,Church_bell Sigh Traffic_noise_and_roadway_noise
1bcfdfb5.wav,Bass_guitar Bass_drum Cupboard_open_or_close
1bd82417.wav,Church_bell Gong Marimba_and_xylophone
1be1c727.wav,Drawer_open_or_close Slam Run
1bfd4be2.wav,Skateboard Writing Gurgling
1c0e284a.wav,Stream Motorcycle Mechanical_fan
1c0fbe4b.wav,Meow Electric_guitar Microwave_oven
1c1dd720.wav,Child_speech_and_kid_speaking Electric_guitar Sneeze
1c3bd325.wav,Skateboard Burping_and_eructation Fill_(with_liquid)
1c699cb7.wav,Slam Drawer_open_or_close Microwave_oven
1c6d56db.wav,Stream Hiss Frying_(food)
1c77cedf.wav,Zipper_(clothing) Purr Squeak
1c785226.wav,Run Walk_and_footsteps Tap
1c79ca96.wav,Harmonica Hiss Bathtub_(filling_or_washing)
1c8369cf.wav,Purr Zipper_(clothing) Run
1c983e19.wav,Run Writing Chewing_and_mastication
1c9e3f10.wav,Bass_drum Tap Knock
1cc5b5f7.wav,Crackle Run Fart
1cd55ad6.wav,Mechanical_fan Waves_and_surf Stream
1cf8379b.wav,Frying_(food) Bathtub_(filling_or_washing) Bicycle_bell
1d11b910.wav,Frying_(food) Bathtub_(filling_or_washing) Stream
1d1778c4.wav,Bass_drum Bass_guitar Cupboard_open_or_close
1d1863a4.wav,Buzz Bus Church_bell
1d2459ce.wav,Yell Harmonica Child_speech_and_kid_speaking
1d279116.wav,Sigh Meow Traffic_noise_and_roadway_noise
1d33f8e1.wav,Shatter Finger_snapping Bicycle_bell
1d4ae8ab.wav,Crackle Shatter Finger_snapping
1d58040b.wav,Meow Child_speech_and_kid_speaking Microwave_oven
1d6f2b16.wav,Female_singing Child_speech_and_kid_speaking Female_speech_and_woman_speaking
1d7d2a17.wav,Buzz Electric_guitar Marimba_and_xylophone
1db41feb.wav,Harmonica Screaming Church_bell
1dbcd4ba.wav,Computer_keyboard Run Gurgling
1dc3166b.wav,Electric_guitar Fart Sneeze
1dc417cd.wav,Crackle Zipper_(clothing) Chewing_and_mastication
1dcc4dd4.wav,Electric_guitar Microwave_oven Meow
1de84153.wav,Mechanical_fan Microwave_oven Bus
1ded5864.wav,Buzz Whispering Knock
1def6435.wav,Shatter Writing Run
1dfa910d.wav,Harmonica Hiss Bathtub_(filling_or_washing)
1e0b81a9.wav,Electric_guitar Marimba_and_xylophone Male_singing
1e1a72d5.wav,Meow Child_speech_and_kid_speaking Harmonica
1e1e674a.wav,Frying_(food) Bathtub_(filling_or_washing) Hiss
1e3763ba.wav,Meow Harmonica Sigh
1e3cd2f0.wav,Female_speech_and_woman_speaking Male_speech_and_man_speaking Accordion
1e6572de.wav,Harmonica Traffic_noise_and_roadway_noise Accordion
1e6e9131.wav,Zipper_(clothing) Electric_guitar Male_speech_and_man_speaking
1e6fe316.wav,Car_passing_by Traffic_noise_and_roadway_noise Skateboard
1e7b59a7.wav,Gasp Child_speech_and_kid_speaking Female_speech_and_woman_speaking
1e8a965c.wav,Mechanical_fan Motorcycle Microwave_oven
1e8fe3d2.wav,Child_speech_and_kid_speaking Electric_guitar Female_speech_and_woman_speaking
1ea533ec.wav,Bass_guitar Gong Marimba_and_xylophone
1eac92a1.wav,Harmonica Glockenspiel Marimba_and_xylophone
1ec2f60d.wav,Run Writing Chewing_and_mastication
1eda3d26.wav,Female_singing Screaming Male_singing
1f27827e.wav,Harmonica Accordion Traffic_noise_and_roadway_noise
1f293888.wav,Bass_drum Cupboard_open_or_close Knock
1f3d2f22.wav,Traffic_noise_and_roadway_noise Toilet_flush Stream
1f52baf2.wav,Cutlery_and_silverware Shatter Hiss
1f58cc84.wav,Child_speech_and_kid_speaking Female_singing Female_speech_and_woman_speaking
1f63c45e.wav,Fart Zipper_(clothing) Squeak
1f85a5c7.wav,Gurgling Zipper_(clothing) Bark
1f9c1f3e.wav,Bass_guitar Acoustic_guitar Gong
1fc0282a.wav,Crackle Frying_(food) Chewing_and_mastication
1fc8f9a5.wav,Frying_(food) Bicycle_bell Bathtub_(filling_or_washing)
1fd74cc3.wav,Glockenspiel Marimba_and_xylophone Bicycle_bell
1fde2c61.wav,Bus Buzz Waves_and_surf
1fe639ee.wav,Writing Run Scissors
1fec2121.wav,Tick-tock Printer Toilet_flush
1ff215f3.wav,Tick-tock Drawer_open_or_close Printer
200b6920.wav,Drawer_open_or_close Printer Zipper_(clothing)
2012b2f4.wav,Knock Tap Cupboard_open_or_close
201c18ee.wav,Motorcycle Mechanical_fan Bus
20612e10.wav,Traffic_noise_and_roadway_noise Car_passing_by Gong
2069253a.wav,Male_speech_and_man_speaking Whispering Sneeze
206c0a24.wav,Scissors Keys_jangling Chewing_and_mastication
20801c98.wav,Screaming Yell Harmonica
2087f937.wav,Traffic_noise_and_roadway_noise Skateboard Car_passing_by
20898b89.wav,Stream Frying_(food) Bathtub_(filling_or_washing)
20b16812.wav,Glockenspiel Marimba_and_xylophone Bicycle_bell
20c3541c.wav,Scissors Shatter Finger_snapping
20d2ad1c.wav,Drawer_open_or_close Run Writing
20dc6392.wav,Computer_keyboard Accelerating_and_revving_and_vroom Motorcycle
20e285c7.wav,Skateboard Waves_and_surf Traffic_noise_and_roadway_noise
21102a3a.wav,Zipper_(clothing) Hiss Sneeze
2113043a.wav,Harmonica Buzz Accordion
2142adda.wav,Trickle_and_dribble Stream Bathtub_(filling_or_washing)
21447ea7.wav,Gasp Child_speech_and_kid_speaking Yell
21455882.wav,Bathtub_(filling_or_washing) Hiss Bicycle_bell
2157612c.wav,Screaming Car_passing_by Gasp
2159eea8.wav,Microwave_oven Electric_guitar Meow
2175b26d.wav,Bass_guitar Motorcycle Accelerating_and_revving_and_vroom
217b109a.wav,Accordion Gong Motorcycle
2189acc6.wav,Harmonica Traffic_noise_and_roadway_noise Meow
218b15dc.wav,Bark Child_speech_and_kid_speaking Female_speech_and_woman_speaking
218c8907.wav,Toilet_flush Crowd Stream
21b0c9cb.wav,Child_speech_and_kid_speaking Meow Chewing_and_mastication
21b24d69.wav,Knock Tap Clapping
21b601cd.wav,Church_bell Gong Male_singing
21d2eb4c.wav,Zipper_(clothing) Chewing_and_mastication Writing
21d49986.wav,Whispering Buzz Scissors
21e8d6a9.wav,Run Marimba_and_xylophone Walk_and_footsteps
21eb5d58.wav,Stream Mechanical_fan Waves_and_surf
21eca32f.wav,Computer_keyboard Drip Tick-tock
21fa3245.wav,Cutlery_and_silverware Shatter Keys_jangling
2210c997.wav,Child_speech_and_kid_speaking Sneeze Female_speech_and_woman_speaking
2216c947.wav,Motorcycle Zipper_(clothing) Accelerating_and_revving_and_vroom
223032ba.wav,Bicycle_bell Hiss Bathtub_(filling_or_washing)
2236c850.wav,Crackle Purr Zipper_(clothing)
223a5173.wav,Sneeze Yell Cupboard_open_or_close
22522048.wav,Buzz Church_bell Traffic_noise_and_roadway_noise
2263763d.wav,Run Tick-tock Microwave_oven
228a538c.wav,Scissors Chink_and_clink Computer_keyboard
22a7e375.wav,Bathtub_(filling_or_washing) Toilet_flush Hiss
22b07889.wav,Burping_and_eructation Skateboard Cutlery_and_silverware
22b6b9aa.wav,Hi-hat Gong Tap
22c5ea2f.wav,Church_bell Traffic_noise_and_roadway_noise Bus
22c78043.wav,Female_speech_and_woman_speaking Marimba_and_xylophone Male_speech_and_man_speaking
22c98028.wav,Drawer_open_or_close Skateboard Walk_and_footsteps
22c9b301.wav,Motorcycle Mechanical_fan Gong
22cd860e.wav,Run Chewing_and_mastication Writing
22f22fc9.wav,Knock Run Tap
22f2d98a.wav,Run Computer_keyboard Writing
2303e210.wav,Computer_keyboard Scissors Keys_jangling
23244f49.wav,Chirp_and_tweet Whispering Sneeze
2327b6de.wav,Bass_drum Knock Tap
2343daa5.wav,Bus Buzz Printer
235213ce.wav,Keys_jangling Computer_keyboard Cutlery_and_silverware
235f959c.wav,Meow Electric_guitar Printer
236e7ce1.wav,Hi-hat Bathtub_(filling_or_washing) Hiss
23726888.wav,Glockenspiel Marimba_and_xylophone Chink_and_clink
23756062.wav,Microwave_oven Gong Church_bell
238b11f0.wav,Knock Bass_drum Buzz
23a07927.wav,Accordion Electric_guitar Cupboard_open_or_close
23a2669b.wav,Buzz Printer Toilet_flush
23c4613e.wav,Knock Clapping Tap
23c714b5.wav,Cupboard_open_or_close Buzz Bass_drum
23d35eea.wav,Drawer_open_or_close Zipper_(clothing) Accelerating_and_revving_and_vroom
23fabbb4.wav,Run Toilet_flush Scissors
23fe505d.wav,Scissors Keys_jangling Computer_keyboard
2406d1de.wav,Motorcycle Accelerating_and_revving_and_vroom Mechanical_fan
240e9caa.wav,Female_singing Buzz Marimba_and_xylophone
24456657.wav,Stream Toilet_flush Traffic_noise_and_roadway_noise
244a60cd.wav,Fart Crackle Finger_snapping
2451cad9.wav,Meow Harmonica Screaming
2451d17b.wav,Sigh Female_singing Gong
245c01e6.wav,Bus Church_bell Buzz
2462f236.wav,Accordion Buzz Electric_guitar
24ae5bef.wav,Female_singing Male_singing Sigh
24ce9114.wav,Writing Buzz Printer
24dda4ed.wav,Bathtub_(filling_or_washing) Hiss Bicycle_bell
24ecb25d.wav,Screaming Chirp_and_tweet Meow
24f04ba5.wav,Walk_and_footsteps Run Knock
2548960b.wav,Church_bell Run Traffic_noise_and_roadway_noise
256d567f.wav,Scissors Chewing_and_mastication Keys_jangling
2583a54d.wav,Walk_and_footsteps Writing Drawer_open_or_close
2599ff86.wav,Meow Screaming Child_speech_and_kid_speaking
259e3fa7.wav,Chewing_and_mastication Scissors Keys_jangling
25a8ef58.wav,Tap Bass_drum Knock
25a991a1.wav,Harmonica Hiss Bathtub_(filling_or_washing)
25beac1d.wav,Hiss Cutlery_and_silverware Chirp_and_tweet
25c32640.wav,Buzz Motorcycle Female_singing
25c8686f.wav,Writing Walk_and_footsteps Gurgling
25d481d6.wav,Bass_drum Cupboard_open_or_close Knock
25e059d3.wav,Bus Microwave_oven Mechanical_fan
25e23528.wav,Harmonica Screaming Electric_guitar
25e75fa8.wav,Hiss Frying_(food) Chirp_and_tweet
261cdf15.wav,Mechanical_fan Stream Traffic_noise_and_roadway_noise
262131af.wav,Motorcycle Accelerating_and_revving_and_vroom Mechanical_fan
2624e8ff.wav,Writing Drawer_open_or_close Run
26263cf0.wav,Marimba_and_xylophone Clapping Chink_and_clink
262a7108.wav,Bus Run Microwave_oven
262d4cca.wav,Harmonica Screaming Church_bell
2655ac2c.wav,Gasp Child_speech_and_kid_speaking Accordion
26a25f5d.wav,Clapping Tap Knock
26a4977c.wav,Purr Zipper_(clothing) Crackle
26a6c2f3.wav,Crackle Chewing_and_mastication Purr
26abfa32.wav,Chewing_and_mastication Crackle Keys_jangling
26c001b7.wav,Frying_(food) Crackle Stream
26c01e3f.wav,Female_singing Child_speech_and_kid_speaking Male_singing
26f921e3.wav,Finger_snapping Tap Clapping
2707f8b0.wav,Race_car_and_auto_racing Accordion Female_singing
27080c56.wav,Skateboard Knock Run
271ade69.wav,Bass_guitar Gong Acoustic_guitar
272d95c7.wav,Waves_and_surf Stream Traffic_noise_and_roadway_noise
2733bb3f.wav,Harmonica Accordion Electric_guitar
27446bcd.wav,Bass_guitar Bass_drum Cupboard_open_or_close
2756ca54.wav,Zipper_(clothing) Male_singing Male_speech_and_man_speaking
2758a116.wav,Female_singing Female_speech_and_woman_speaking Child_speech_and_kid_speaking
275e1bb6.wav,Female_speech_and_woman_speaking Female_singing Male_singing
278a19ee.wav,Accordion Meow Child_speech_and_kid_speaking
27903ab8.wav,Bathtub_(filling_or_washing) Fill_(with_liquid) Trickle_and_dribble
27924331.wav,Whispering Sigh Skateboard
279d4550.wav,Writing Run Walk_and_footsteps
27a4f4a8.wav,Church_bell Female_singing Buzz
27a8cf7f.wav,Knock Tap Run
27b8db15.wav,Mechanical_fan Motorcycle Traffic_noise_and_roadway_noise
27c8eacc.wav,Bass_drum Run Writing
27ce0e90.wav,Computer_keyboard Scissors Drip
27d07e83.wav,Cricket Hiss Chirp_and_tweet
27d43eba.wav,Stream Mechanical_fan Bathtub_(filling_or_washing)
27df10d1.wav,Child_speech_and_kid_speaking Sneeze Male_speech_and_man_speaking
27e085c0.wav,Drawer_open_or_close Knock Run
280c07e4.wav,Harmonica Chirp_and_tweet Meow
2810d717.wav,Motorcycle Waves_and_surf Accelerating_and_revving_and_vroom
28142c7d.wav,Hiss Bathtub_(filling_or_washing) Harmonica
28199c01.wav,Knock Drawer_open_or_close Run
2833e567.wav,Trickle_and_dribble Fill_(with_liquid) Stream
28383990.wav,Bicycle_bell Marimba_and_xylophone Shatter
283bc0ea.wav,Writing Run Keys_jangling
2842be8c.wav,Run Skateboard Computer_keyboard
28849a80.wav,Frying_(food) Bathtub_(filling_or_washing) Hiss
288a89c1.wav,Car_passing_by Gong Church_bell
2894416d.wav,Crackle Run Chink_and_clink
289fb0b8.wav,Race_car_and_auto_racing Church_bell Gong
28a2ff49.wav,Printer Bus Waves_and_surf
28a9213d.wav,Computer_keyboard Run Chewing_and_mastication
28d22d2e.wav,Printer Electric_guitar Cupboard_open_or_close
28d2f36f.wav,Gasp Accordion Child_speech_and_kid_speaking
28e13187.wav,Knock Run Tap
28e32693.wav,Accelerating_and_revving_and_vroom Motorcycle Gong
28f49053.wav,Run Microwave_oven Tick-tock
28ff0651.wav,Male_singing Church_bell Bus
290e30df.wav,Fart Zipper_(clothing) Squeak
292ef00f.wav,Scissors Buzz Whispering
2934735d.wav,Zipper_(clothing) Child_speech_and_kid_speaking Sneeze
2934d413.wav,Run Knock Tap
29365227.wav,Tick-tock Cupboard_open_or_close Scissors
295268ea.wav,Sneeze Drawer_open_or_close Sigh
29699f09.wav,Motorcycle Mechanical_fan Purr
297219cc.wav,Finger_snapping Bicycle_bell Shatter
2980d500.wav,Drawer_open_or_close Sneeze Child_speech_and_kid_speaking
29826356.wav,Child_speech_and_kid_speaking Meow Sneeze
29b0574f.wav,Run Writing Drawer_open_or_close
29d72dfb.wav,Traffic_noise_and_roadway_noise Waves_and_surf Bus
29dd29fb.wav,Drawer_open_or_close Slam Printer
29e4880e.wav,Scissors Drawer_open_or_close Chewing_and_mastication
2a0893c6.wav,Bass_guitar Motorcycle Gong
2a0a3828.wav,Knock Tap Run
2a484593.wav,Run Clapping Knock
2a557637.wav,Computer_keyboard Keys_jangling Run
2a79d0a8.wav,Bass_guitar Buzz Gong
2a9c7202.wav,Frying_(food) Crackle Bicycle_bell
2aa1e0b8.wav,Sneeze Child_speech_and_kid_speaking Female_speech_and_woman_speaking
2ac8607d.wav,Child_speech_and_kid_speaking Yell Bark
2ad174b4.wav,Keys_jangling Run Computer_keyboard
2ae04dd7.wav,Mechanical_fan Microwave_oven Bus
2aedff46.wav,Writing Shatter Chink_and_clink
2af10e99.wav,Hiss Hi-hat Bathtub_(filling_or_washing)
2af77e7f.wav,Bus Buzz Motorcycle
2b160bb2.wav,Crackle Shatter Computer_keyboard
2b2613d8.wav,Scissors Printer Shatter
2b6ee441.wav,Chewing_and_mastication Run Writing
2b95327b.wav,Waves_and_surf Motorcycle Mechanical_fan
2b9ca464.wav,Knock Cupboard_open_or_close Bass_drum
2bab5b09.wav,Gurgling Keys_jangling Chewing_and_mastication
2bb1503c.wav,Accordion Printer Sneeze
2bbf558e.wav,Tap Knock Bass_drum
2be779a7.wav,Drawer_open_or_close Cupboard_open_or_close Run
2c010e00.wav,Microwave_oven Mechanical_fan Bus
2c2a3c77.wav,Printer Tick-tock Writing
2c2d400b.wav,Tick-tock Scissors Printer
2c39bb30.wav,Church_bell Marimba_and_xylophone Run
2c3a44f2.wav,Bathtub_(filling_or_washing) Scissors Frying_(food)
2c7a5078.wav,Accordion Buzz Female_singing
2c809d4f.wav,Writing Run Walk_and_footsteps
2c8b8812.wav,Run Chewing_and_mastication Computer_keyboard
2c924848.wav,Child_speech_and_kid_speaking Sigh Female_singing
2cc7f972.wav,Gurgling Run Walk_and_footsteps
2cd526f7.wav,Electric_guitar Buzz Printer
2cdfa8c1.wav,Waves_and_surf Toilet_flush Accelerating_and_revving_and_vroom
2cf4955c.wav,Bus Mechanical_fan Stream
2cfdaecd.wav,Trickle_and_dribble Frying_(food) Stream
2d0863b7.wav,Walk_and_footsteps Run Tap
2d09c7ca.wav,Microwave_oven Chirp_and_tweet Bicycle_bell
2d15ca77.wav,Tick-tock Drawer_open_or_close Scissors
2d209c25.wav,Knock Tap Run
2d21dbf4.wav,Zipper_(clothing) Purr Bass_guitar
2d455ed9.wav,Chewing_and_mastication Crackle Keys_jangling
2d4961a8.wav,Run Walk_and_footsteps Fart
2d4a0250.wav,Skateboard Whispering Run
2d56c2ae.wav,Scissors Keys_jangling Cutlery_and_silverware
2d5dcc5d.wav,Knock Drawer_open_or_close Walk_and_footsteps
2d666c1d.wav,Harmonica Printer Church_bell
2d6d99d4.wav,Cupboard_open_or_close Sneeze Accordion
2d7218f8.wav,Bark Tick-tock Sneeze
2d7ae271.wav,Gong Marimba_and_xylophone Church_bell
2d8135cc.wav,Skateboard Stream Waves_and_surf
2d88fa59.wav,Clapping Tap Chink_and_clink
2da4c729.wav,Mechanical_fan Motorcycle Accelerating_and_revving_and_vroom
2db579cb.wav,Knock Sigh Marimba_and_xylophone
2db63f0d.wav,Writing Run Whispering
2dd2a6bf.wav,Stream Waves_and_surf Toilet_flush
2df0cf1f.wav,Gurgling Burping_and_eructation Zipper_(clothing)
2df1f901.wav,Scissors Skateboard Bathtub_(filling_or_washing)
2dfd32a3.wav,Bus Buzz Male_singing
2e61e614.wav,Zipper_(clothing) Meow Squeak
2e820b05.wav,Screaming Meow Chirp_and_tweet
2e8b4709.wav,Bass_guitar Electric_guitar Female_speech_and_woman_speaking
2e9ced66.wav,Run Walk_and_footsteps Drawer_open_or_close
2ea33689.wav,Traffic_noise_and_roadway_noise Accordion Printer
2eade3e1.wav,Church_bell Traffic_noise_and_roadway_noise Bark
2eb3002c.wav,Meow Harmonica Child_speech_and_kid_speaking
2eb51f57.wav,Glockenspiel Harmonica Gong
2ed9ce69.wav,Harmonica Church_bell Gong
2edb4142.wav,Accelerating_and_revving_and_vroom Bus Motorcycle
2ee3ef28.wav,Male_singing Buzz Female_singing
2ee9f139.wav,Burping_and_eructation Fart Female_speech_and_woman_speaking
2eeb7f35.wav,Meow Child_speech_and_kid_speaking Female_singing
2eec6eda.wav,Microwave_oven Marimba_and_xylophone Bicycle_bell
2f00863c.wav,Harmonica Accordion Gong
2f14d3b3.wav,Bass_drum Hi-hat Run
2f2ab304.wav,Gong Traffic_noise_and_roadway_noise Race_car_and_auto_racing
2f41afe1.wav,Bass_guitar Marimba_and_xylophone Gong
2f529eb8.wav,Frying_(food) Stream Crackle
2f5cbf20.wav,Printer Sneeze Drawer_open_or_close
2f6331aa.wav,Sneeze Female_speech_and_woman_speaking Male_singing
2f643c50.wav,Sneeze Writing Printer
2f785877.wav,Bass_drum Knock Marimba_and_xylophone
2f84c8e9.wav,Buzz Bus Cricket
2f8dd247.wav,Bus Buzz Microwave_oven
2f94fca3.wav,Burping_and_eructation Trickle_and_dribble Skateboard
2fa1cc09.wav,Finger_snapping Tap Crackle
2fc6ede8.wav,Knock Run Tap
2fe3ae63.wav,Computer_keyboard Shatter Drip
2ffd2145.wav,Female_singing Electric_guitar Female_speech_and_woman_speaking
3011c55b.wav,Accordion Buzz Female_singing
3012731a.wav,Skateboard Mechanical_fan Run
302f4eb8.wav,Church_bell Traffic_noise_and_roadway_noise Gong
303d4668.wav,Keys_jangling Chirp_and_tweet Cutlery_and_silverware
304d8a8e.wav,Glockenspiel Marimba_and_xylophone Church_bell
304f25f4.wav,Tick-tock Microwave_oven Toilet_flush
3052fe86.wav,Church_bell Cricket Traffic_noise_and_roadway_noise
3061e8d1.wav,Screaming Yell Cupboard_open_or_close
309169fa.wav,Male_singing Female_singing Female_speech_and_woman_speaking
30960f70.wav,Church_bell Traffic_noise_and_roadway_noise Harmonica
309eea85.wav,Accordion Harmonica Traffic_noise_and_roadway_noise
30ac78a6.wav,Glockenspiel Marimba_and_xylophone Chink_and_clink
30d1840b.wav,Scissors Chewing_and_mastication Crackle
30dc07a7.wav,Bass_drum Knock Male_speech_and_man_speaking
30e1162a.wav,Child_speech_and_kid_speaking Meow Female_singing
30e40cc3.wav,Child_speech_and_kid_speaking Drawer_open_or_close Printer
30f7577e.wav,Toilet_flush Stream Traffic_noise_and_roadway_noise
30f8ba51.wav,Bass_drum Bass_guitar Purr
3102ff8d.wav,Crackle Run Walk_and_footsteps
311fcc0d.wav,Chirp_and_tweet Bicycle_bell Hiss
3129e5b4.wav,Bass_drum Tap Knock
312c730c.wav,Hiss Bathtub_(filling_or_washing) Hi-hat
312e1179.wav,Bass_drum Shatter Slam
312e698e.wav,Bass_guitar Mechanical_fan Buzz
31312cda.wav,Sigh Buzz Electric_guitar
3134c1f5.wav,Chewing_and_mastication Keys_jangling Crackle
31452d93.wav,Mechanical_fan Traffic_noise_and_roadway_noise Microwave_oven
314a8107.wav,Sigh Gasp Screaming
3174521f.wav,Microwave_oven Slam Drawer_open_or_close
3177529f.wav,Zipper_(clothing) Chewing_and_mastication Scissors
317e5fda.wav,Scissors Run Whispering
3190ca46.wav,Bathtub_(filling_or_washing) Cricket Frying_(food)
31ab1bc4.wav,Burping_and_eructation Whispering Fart
31b883cb.wav,Burping_and_eructation Cutlery_and_silverware Skateboard
31bf8f6c.wav,Chink_and_clink Bark Female_singing
31c60809.wav,Finger_snapping Tap Scissors
31c7a683.wav,Chirp_and_tweet Traffic_noise_and_roadway_noise Bicycle_bell
31cfaf7c.wav,Sneeze Writing Run
31ea3391.wav,Motorcycle Accelerating_and_revving_and_vroom Gong
31f4d839.wav,Run Knock Walk_and_footsteps
31fe4058.wav,Knock Tap Run
31ff4a9f.wav,Tick-tock Cutlery_and_silverware Scissors
320adc8a.wav,Frying_(food) Bathtub_(filling_or_washing) Bicycle_bell
320b9457.wav,Bathtub_(filling_or_washing) Mechanical_fan Hiss
320cb73f.wav,Stream Toilet_flush Traffic_noise_and_roadway_noise
321c61dd.wav,Finger_snapping Tap Crackle
321d7624.wav,Bass_guitar Motorcycle Gong
322c634e.wav,Male_singing Chink_and_clink Buzz
3246e22c.wav,Motorcycle Electric_guitar Gong
32663622.wav,Tick-tock Microwave_oven Keys_jangling
3273193a.wav,Meow Microwave_oven Chirp_and_tweet
327ff97c.wav,Scissors Chewing_and_mastication Tick-tock
3288c908.wav,Female_singing Buzz Traffic_noise_and_roadway_noise
329d5f81.wav,Keys_jangling Computer_keyboard Cutlery_and_silverware
32aaacf1.wav,Keys_jangling Shatter Chewing_and_mastication
32ad561a.wav,Traffic_noise_and_roadway_noise Church_bell Car_passing_by
32b66826.wav,Bark Male_speech_and_man_speaking Sneeze
32bf8f9d.wav,Writing Walk_and_footsteps Burping_and_eructation
32cce167.wav,Scissors Finger_snapping Shatter
32d21079.wav,Bicycle_bell Glockenspiel Hiss
32e0e55a.wav,Bass_guitar Gong Mechanical_fan
32f26b94.wav,Drawer_open_or_close Slam Run
330b1461.wav,Bus Buzz Mechanical_fan
3313662e.wav,Tap Tick-tock Clapping
33139052.wav,Hi-hat Gong Bicycle_bell
33170581.wav,Microwave_oven Chirp_and_tweet Marimba_and_xylophone
332246f6.wav,Squeak Yell Chirp_and_tweet
33355c50.wav,Church_bell Traffic_noise_and_roadway_noise Car_passing_by
3347121c.wav,Bus Waves_and_surf Buzz
3353d705.wav,Mechanical_fan Bass_guitar Fill_(with_liquid)
335d2ea3.wav,Harmonica Screaming Church_bell
336a88c3.wav,Hi-hat Bicycle_bell Shatter
338669d9.wav,Chewing_and_mastication Hiss Scissors
33a61f8d.wav,Tick-tock Hi-hat Tap
33bc9deb.wav,Cutlery_and_silverware Keys_jangling Shatter
33c82ad4.wav,Female_speech_and_woman_speaking Female_singing Child_speech_and_kid_speaking
33ef8393.wav,Bicycle_bell Shatter Hiss
33fbfca7.wav,Frying_(food) Bathtub_(filling_or_washing) Hiss
34035cf8.wav,Gurgling Buzz Drawer_open_or_close
340d5db4.wav,Accelerating_and_revving_and_vroom Buzz Motorcycle
340da762.wav,Crackle Purr Zipper_(clothing)
34120253.wav,Harmonica Screaming Accordion
341efc4b.wav,Church_bell Accordion Gong
342cc3ae.wav,Female_singing Male_singing Accordion
34486c7f.wav,Marimba_and_xylophone Buzz Bass_guitar
34510c7a.wav,Cupboard_open_or_close Keys_jangling Run
34512413.wav,Shatter Cutlery_and_silverware Keys_jangling
346fc59c.wav,Run Writing Chewing_and_mastication
3474d7cd.wav,Scissors Chewing_and_mastication Keys_jangling
348aaf17.wav,Shatter Finger_snapping Scissors
349e5ea7.wav,Run Knock Fart
34aac2b5.wav,Accordion Female_singing Cupboard_open_or_close
34c53320.wav,Burping_and_eructation Cutlery_and_silverware Marimba_and_xylophone
34cca3b3.wav,Bus Buzz Church_bell
34d0b2ca.wav,Sneeze Yell Gasp
34d4cfda.wav,Church_bell Electric_guitar Run
34dc323b.wav,Bark Child_speech_and_kid_speaking Gasp
34e6a0de.wav,Cricket Chirp_and_tweet Keys_jangling
34f2c99d.wav,Fart Crackle Zipper_(clothing)
34fbb318.wav,Computer_keyboard Run Crackle
3500ed9d.wav,Knock Marimba_and_xylophone Tap
350942d1.wav,Hiss Stream Waves_and_surf
351a8abe.wav,Bus Microwave_oven Buzz
352ce267.wav,Knock Bass_drum Tap
3544797d.wav,Writing Drawer_open_or_close Whispering
354d467a.wav,Gurgling Buzz Writing
355ddeda.wav,Stream Trickle_and_dribble Frying_(food)
356adc0d.wav,Tick-tock Printer Drawer_open_or_close
356b99de.wav,Microwave_oven Chirp_and_tweet Marimba_and_xylophone
35930583.wav,Female_singing Bark Crackle
359a6e84.wav,Screaming Yell Meow
35a7edad.wav,Hi-hat Bass_drum Tap
35a8a688.wav,Keys_jangling Cutlery_and_silverware Scissors
35d5aca3.wav,Buzz Bus Waves_and_surf
35dbfd81.wav,Accordion Female_singing Male_singing
36027dca.wav,Bass_drum Knock Cupboard_open_or_close
361237d6.wav,Male_singing Bus Chewing_and_mastication
361c9c0e.wav,Bicycle_bell Finger_snapping Shatter
3623b13a.wav,Female_singing Male_singing Child_speech_and_kid_speaking
3626ac5a.wav,Bicycle_bell Hiss Bathtub_(filling_or_washing)
362f92f4.wav,Female_singing Female_speech_and_woman_speaking Male_singing
366d25a7.wav,Accordion Harmonica Printer
366d6820.wav,Waves_and_surf Skateboard Car_passing_by
367ef5a8.wav,Gong Bass_guitar Microwave_oven
36896b31.wav,Buzz Bus Waves_and_surf
368e3f09.wav,Frying_(food) Stream Trickle_and_dribble
36b92bec.wav,Hi-hat Gong Cupboard_open_or_close
36beb3fd.wav,Child_speech_and_kid_speaking Yell Sneeze
36c459de.wav,Harmonica Screaming Squeak
36dfae4f.wav,Run Knock Skateboard
36fe695f.wav,Drawer_open_or_close Scissors Keys_jangling
37053a90.wav,Mechanical_fan Bass_guitar Buzz
370eaa84.wav,Church_bell Bus Buzz
37155f3a.wav,Gong Traffic_noise_and_roadway_noise Car_passing_by
37790f99.wav,Frying_(food) Stream Bathtub_(filling_or_washing)
378216b2.wav,Car_passing_by Mechanical_fan Traffic_noise_and_roadway_noise
37856035.wav,Clapping Trickle_and_dribble Stream
3792237d.wav,Toilet_flush Drawer_open_or_close Zipper_(clothing)
37941050.wav,Mechanical_fan Traffic_noise_and_roadway_noise Car_passing_by
379ae4e1.wav,Frying_(food) Stream Trickle_and_dribble
379b7e21.wav,Skateboard Chewing_and_mastication Run
379c063d.wav,Skateboard Whispering Burping_and_eructation
37a1946c.wav,Mechanical_fan Microwave_oven Bus
37a7927f.wav,Knock Run Tap
37c95c1c.wav,Female_speech_and_woman_speaking Yell Child_speech_and_kid_speaking
37ccc1ea.wav,Hiss Bathtub_(filling_or_washing) Meow
37d609aa.wav,Run Chewing_and_mastication Scissors
37dc178a.wav,Bathtub_(filling_or_washing) Hi-hat Hiss
37f5f0d8.wav,Waves_and_surf Motorcycle Bus
382587b8.wav,Bathtub_(filling_or_washing) Hiss Scissors
382cd8c5.wav,Drawer_open_or_close Slam Microwave_oven
38368c9b.wav,Knock Microwave_oven Slam
384b0ff2.wav,Marimba_and_xylophone Electric_guitar Bass_drum
38544190.wav,Run Gurgling Knock
38558ab1.wav,Burping_and_eructation Gurgling Walk_and_footsteps
3858d281.wav,Bass_drum Cupboard_open_or_close Marimba_and_xylophone
385e8b0f.wav,Knock Tap Run
38636d71.wav,Yell Screaming Harmonica
38669440.wav,Tick-tock Computer_keyboard Clapping
387014ab.wav,Mechanical_fan Cricket Microwave_oven
3876c193.wav,Accordion Child_speech_and_kid_speaking Sigh
388f70a5.wav,Bus Mechanical_fan Traffic_noise_and_roadway_noise
38b9ff18.wav,Female_speech_and_woman_speaking Electric_guitar Child_speech_and_kid_speaking
38d29a00.wav,Run Writing Tap
38d378d8.wav,Bus Race_car_and_auto_racing Microwave_oven
38d50e59.wav,Keys_jangling Scissors Cutlery_and_silverware
38d5d026.wav,Child_speech_and_kid_speaking Female_singing Buzz
38e43355.wav,Yell Screaming Child_speech_and_kid_speaking
38ea5df2.wav,Bicycle_bell Frying_(food) Hiss
38f6aa5e.wav,Traffic_noise_and_roadway_noise Church_bell Harmonica
38fea590.wav,Bus Church_bell Buzz
390789a8.wav,Run Crackle Walk_and_footsteps
390995ef.wav,Bicycle_bell Cutlery_and_silverware Shatter
39189c31.wav,Race_car_and_auto_racing Computer_keyboard Bus
391fbd47.wav,Tap Tick-tock Clapping
392e88d7.wav,Mechanical_fan Cricket Bicycle_bell
3939b821.wav,Tap Clapping Tick-tock
39467410.wav,Church_bell Traffic_noise_and_roadway_noise Harmonica
394b8ce2.wav,Run Writing Computer_keyboard
395de76a.wav,Gong Bicycle_bell Marimba_and_xylophone
395df625.wav,Fart Burping_and_eructation Gurgling
396d793f.wav,Run Tick-tock Computer_keyboard
39723c0e.wav,Church_bell Accordion Electric_guitar
39768e2a.wav,Female_speech_and_woman_speaking Male_singing Male_speech_and_man_speaking
3987fc79.wav,Bass_guitar Motorcycle Zipper_(clothing)
398b6fa6.wav,Tap Knock Run
399732ec.wav,Harmonica Screaming Gasp
39a8ac5c.wav,Crackle Chewing_and_mastication Keys_jangling
39b6cc75.wav,Bathtub_(filling_or_washing) Hiss Hi-hat
39bbcabd.wav,Chink_and_clink Clapping Microwave_oven
39c1f2fd.wav,Writing Chewing_and_mastication Run
39d1b554.wav,Scissors Chewing_and_mastication Writing
39e1b8cc.wav,Computer_keyboard Run Gurgling
39e2f767.wav,Yell Sneeze Female_speech_and_woman_speaking
39e35f03.wav,Traffic_noise_and_roadway_noise Church_bell Harmonica
39eb6dd5.wav,Knock Tap Run
39f19344.wav,Church_bell Gong Car_passing_by
3a2353bb.wav,Meow Zipper_(clothing) Printer
3a28e28a.wav,Accelerating_and_revving_and_vroom Motorcycle Buzz
3a2a4822.wav,Clapping Tap Tick-tock
3a3e4b29.wav,Bus Female_singing Electric_guitar
3a49d5ed.wav,Computer_keyboard Gurgling Run
3a4cf709.wav,Screaming Harmonica Chirp_and_tweet
3a5e6dde.wav,Marimba_and_xylophone Bicycle_bell Frying_(food)
3a66e3df.wav,Bathtub_(filling_or_washing) Computer_keyboard Keys_jangling
3a87c628.wav,Bicycle_bell Frying_(food) Marimba_and_xylophone
3a885c38.wav,Bass_drum Mechanical_fan Accelerating_and_revving_and_vroom
3a8b9afe.wav,Buzz Male_singing Female_singing
3aa5b432.wav,Skateboard Chewing_and_mastication Run
3ac609e1.wav,Car_passing_by Mechanical_fan Traffic_noise_and_roadway_noise
3acbee34.wav,Screaming Microwave_oven Meow
3adfb8f0.wav,Frying_(food) Stream Hiss
3ae08e83.wav,Toilet_flush Printer Motorcycle
3ae0ea8b.wav,Shatter Keys_jangling Cupboard_open_or_close
3b0a3361.wav,Stream Bathtub_(filling_or_washing) Waves_and_surf
3b0b13f4.wav,Sneeze Chewing_and_mastication Writing
3b13f6a1.wav,Tick-tock Printer Microwave_oven
3b23ed90.wav,Shatter Chink_and_clink Finger_snapping
3b252939.wav,Accordion Sigh Traffic_noise_and_roadway_noise
3b277890.wav,Zipper_(clothing) Child_speech_and_kid_speaking Meow
3b382171.wav,Bark Gasp Accordion
3b3c2c67.wav,Computer_keyboard Drip Raindrop
3b75b456.wav,Gong Traffic_noise_and_roadway_noise Car_passing_by
3b7c7f94.wav,Chewing_and_mastication Run Walk_and_footsteps
3bb6024f.wav,Stream Trickle_and_dribble Toilet_flush
3bb7c24d.wav,Run Knock Tap
3bb9a722.wav,Motorcycle Purr Zipper_(clothing)
3bda5fb0.wav,Car_passing_by Gong Church_bell
3bfcab18.wav,Electric_guitar Bass_drum Marimba_and_xylophone
3c0370c8.wav,Drawer_open_or_close Skateboard Tick-tock
3c1b9399.wav,Microwave_oven Bus Mechanical_fan
3c20c95f.wav,Fart Bass_guitar Zipper_(clothing)
3c216393.wav,Buzz Writing Run
3c244ade.wav,Stream Frying_(food) Trickle_and_dribble
3c348e5c.wav,Chink_and_clink Microwave_oven Bicycle_bell
3c35237b.wav,Buzz Female_singing Male_singing
3c40f472.wav,Accordion Female_singing Male_singing
3c525c1f.wav,Run Keys_jangling Computer_keyboard
3c590143.wav,Run Walk_and_footsteps Knock
3c90b11b.wav,Frying_(food) Bathtub_(filling_or_washing) Keys_jangling
3c95067e.wav,Stream Waves_and_surf Hiss
3ca6b1a3.wav,Fill_(with_liquid) Trickle_and_dribble Stream
3caf1f70.wav,Crackle Cricket Frying_(food)
3cc51361.wav,Male_singing Sigh Harmonica
3cd30520.wav,Run Writing Walk_and_footsteps
3ce0dcd0.wav,Crackle Chewing_and_mastication Zipper_(clothing)
3ce9fd74.wav,Harmonica Traffic_noise_and_roadway_noise Screaming
3cfeb0cd.wav,Hiss Stream Bathtub_(filling_or_washing)
3d07c63a.wav,Zipper_(clothing) Writing Gurgling
3d0beb6f.wav,Writing Printer Scissors
3d0dca90.wav,Gong Car_passing_by Traffic_noise_and_roadway_noise
3d1d3f2b.wav,Accordion Female_singing Traffic_noise_and_roadway_noise
3d27f415.wav,Glockenspiel Marimba_and_xylophone Chink_and_clink
3d287b47.wav,Drawer_open_or_close Slam Toilet_flush
3d4e1dea.wav,Male_singing Male_speech_and_man_speaking Female_singing
3d58d893.wav,Stream Waves_and_surf Bathtub_(filling_or_washing)
3d5f899d.wav,Bass_guitar Gong Church_bell
3d633399.wav,Traffic_noise_and_roadway_noise Accordion Church_bell
3d7309d7.wav,Finger_snapping Shatter Bicycle_bell
3d921767.wav,Gong Motorcycle Bass_guitar
3d9a715d.wav,Hiss Bathtub_(filling_or_washing) Stream
3db04d3f.wav,Male_singing Bass_guitar Male_speech_and_man_speaking
3db44f6c.wav,Glockenspiel Marimba_and_xylophone Harmonica
3ddb4122.wav,Keys_jangling Crackle Chewing_and_mastication
3dedbba9.wav,Shatter Chink_and_clink Bicycle_bell
3df2fc0e.wav,Microwave_oven Chirp_and_tweet Marimba_and_xylophone
3df5c540.wav,Skateboard Run Walk_and_footsteps
3e230352.wav,Waves_and_surf Car_passing_by Traffic_noise_and_roadway_noise
3e3a6910.wav,Cupboard_open_or_close Fart Burping_and_eructation
3e4755ba.wav,Bass_guitar Electric_guitar Bass_drum
3e52f857.wav,Keys_jangling Scissors Chewing_and_mastication
3e5ce660.wav,Mechanical_fan Bathtub_(filling_or_washing) Hiss
3e656c6e.wav,Bicycle_bell Glockenspiel Marimba_and_xylophone
3e65a00d.wav,Stream Bathtub_(filling_or_washing) Waves_and_surf
3e691b83.wav,Knock Tap Run
3e7889ed.wav,Fart Bass_guitar Female_speech_and_woman_speaking
3e83500f.wav,Tick-tock Printer Microwave_oven
3e9967cf.wav,Buzz Accelerating_and_revving_and_vroom Zipper_(clothing)
3ebaff6d.wav,Buzz Motorcycle Electric_guitar
3ecc19c5.wav,Run Skateboard Walk_and_footsteps
3ed6c2b5.wav,Female_speech_and_woman_speaking Buzz Male_speech_and_man_speaking
3efc0912.wav,Harmonica Screaming Church_bell
3f0f92ff.wav,Clapping Tap Finger_snapping
3f15fd07.wav,Run Computer_keyboard Walk_and_footsteps
3f16d9f3.wav,Harmonica Accordion Church_bell
3f19e53c.wav,Stream Waves_and_surf Bathtub_(filling_or_washing)
3f1ca1bb.wav,Gong Hi-hat Accelerating_and_revving_and_vroom
3f29038e.wav,Female_speech_and_woman_speaking Female_singing Male_speech_and_man_speaking
3f2dbd00.wav,Child_speech_and_kid_speaking Male_speech_and_man_speaking Drawer_open_or_close
3f4f4808.wav,Bus Waves_and_surf Printer
3f53a02f.wav,Drawer_open_or_close Slam Microwave_oven
3f7043d9.wav,Chirp_and_tweet Buzz Hiss
3f80cc56.wav,Scissors Crackle Chewing_and_mastication
3f96494a.wav,Slam Hi-hat Whispering
3faf10be.wav,Waves_and_surf Mechanical_fan Traffic_noise_and_roadway_noise
3fd4d55a.wav,Bass_drum Finger_snapping Knock
400ff09d.wav,Fill_(with_liquid) Trickle_and_dribble Skateboard
402e2d1b.wav,Fart Burping_and_eructation Female_speech_and_woman_speaking
4030a4f2.wav,Buzz Toilet_flush Cricket
4034f327.wav,Toilet_flush Crowd Clapping
4037cd65.wav,Sigh Male_singing Toilet_flush
4040f015.wav,Bass_drum Marimba_and_xylophone Electric_guitar
40449ca7.wav,Chirp_and_tweet Bus Hiss
404b54c0.wav,Run Walk_and_footsteps Chewing_and_mastication
404fb677.wav,Gong Traffic_noise_and_roadway_noise Car_passing_by
4053b801.wav,Sigh Gasp Buzz
405c66af.wav,Chink_and_clink Shatter Cutlery_and_silverware
406306b6.wav,Gong Church_bell Harmonica
406a1cc1.wav,Bark Printer Accordion
406ade5e.wav,Frying_(food) Stream Hiss
4093913f.wav,Printer Buzz Hiss
40957335.wav,Sigh Gasp Screaming
4098028d.wav,Run Computer_keyboard Chewing_and_mastication
40afd1b3.wav,Whispering Scissors Run
40c1ed87.wav,Crackle Keys_jangling Chewing_and_mastication
40c50046.wav,Computer_keyboard Run Chewing_and_mastication
40d0726d.wav,Motorcycle Mechanical_fan Accelerating_and_revving_and_vroom
40dd1274.wav,Female_singing Bark Chink_and_clink
40e25750.wav,Cupboard_open_or_close Burping_and_eructation Male_speech_and_man_speaking
410837eb.wav,Gasp Electric_guitar Sneeze
410c2138.wav,Stream Frying_(food) Toilet_flush
411993fd.wav,Hi-hat Cutlery_and_silverware Tap
413b5427.wav,Harmonica Glockenspiel Marimba_and_xylophone
41522a65.wav,Keys_jangling Scissors Frying_(food)
415f4c8f.wav,Bicycle_bell Chirp_and_tweet Hiss
41759973.wav,Stream Waves_and_surf Mechanical_fan
419271cc.wav,Bicycle_bell Hiss Chirp_and_tweet
4195cb1a.wav,Bicycle_bell Marimba_and_xylophone Hiss
41af688a.wav,Fart Bass_guitar Male_speech_and_man_speaking
41c60bba.wav,Drawer_open_or_close Run Writing
41cfee6d.wav,Hiss Bicycle_bell Bathtub_(filling_or_washing)
41f16193.wav,Slam Clapping Drawer_open_or_close
41f1ea4a.wav,Accordion Traffic_noise_and_roadway_noise Harmonica
41f86bc4.wav,Stream Frying_(food) Toilet_flush
4215309a.wav,Tick-tock Computer_keyboard Scissors
4248d196.wav,Stream Toilet_flush Waves_and_surf
42542036.wav,Bus Printer Traffic_noise_and_roadway_noise
