fname,label
000ccb97.wav,Bicycle_bell Cutlery_and_silverware Shatter
0012633b.wav,Buzz Knock Accelerating_and_revving_and_vroom
001ed5f1.wav,Microwave_oven Chink_and_clink Shatter
00294be0.wav,Purr Zipper_(clothing) Motorcycle
003fde7a.wav,Bicycle_bell Chirp_and_tweet Squeak
0040ccc9.wav,Electric_guitar Gong Printer
0046b732.wav,Meow Whispering Electric_guitar
004f3bbc.wav,Bass_guitar Accelerating_and_revving_and_vroom Motorcycle
00526050.wav,Finger_snapping Tap Bass_drum
00559da4.wav,Writing Zipper_(clothing) Whispering
00582bbe.wav,Knock Tap Marimba_and_xylophone
0064aedf.wav,Cupboard_open_or_close Drawer_open_or_close Knock
0065512b.wav,Drawer_open_or_close Slam Zipper_(clothing)
006a91d2.wav,Waves_and_surf Stream Car_passing_by
006ea9ee.wav,Gong Church_bell Accelerating_and_revving_and_vroom
006f9dca.wav,Frying_(food) Stream Bathtub_(filling_or_washing)
007450dc.wav,Meow Screaming Clapping
00979c8a.wav,Purr Chewing_and_mastication Crackle
00992464.wav,Bathtub_(filling_or_washing) Trickle_and_dribble Skateboard
00b44a8a.wav,Shatter Cutlery_and_silverware Writing
00bfaaaf.wav,Screaming Meow Gasp
00cf9680.wav,Hiss Bathtub_(filling_or_washing) Scissors
00eae94d.wav,Shatter Frying_(food) Bicycle_bell
011ec5b8.wav,Drawer_open_or_close Knock Slam
013200dc.wav,Crackle Finger_snapping Shatter
01440c2e.wav,Meow Harmonica Accordion
01567a3d.wav,Microwave_oven Slam Tick-tock
0163d203.wav,Purr Buzz Knock
017c24b2.wav,Meow Microwave_oven Harmonica
01a992c5.wav,Bicycle_bell Cricket Hiss
01b1d976.wav,Finger_snapping Scissors Shatter
01c1c371.wav,Printer Electric_guitar Whispering
01cf8354.wav,Burping_and_eructation Skateboard Gurgling
01d2c640.wav,Buzz Cricket Chirp_and_tweet
01d69423.wav,Knock Run Tap
01e9170b.wav,Meow Child_speech_and_kid_speaking Harmonica
01f2901a.wav,Frying_(food) Stream Bathtub_(filling_or_washing)
020b1fdf.wav,Gong Car_passing_by Bus
021457df.wav,Finger_snapping Crackle Shatter
02173589.wav,Race_car_and_auto_racing Female_singing Screaming
021ac082.wav,Car_passing_by Screaming Traffic_noise_and_roadway_noise
02200884.wav,Scissors Raindrop Keys_jangling
02213278.wav,Scissors Raindrop Keys_jangling
022e3b2c.wav,Chewing_and_mastication Zipper_(clothing) Gurgling
023081f2.wav,Glockenspiel Marimba_and_xylophone Bicycle_bell
02596541.wav,Glockenspiel Gong Marimba_and_xylophone
0289b79b.wav,Shatter Marimba_and_xylophone Hiss
028cf9db.wav,Female_singing Bark Accordion
028d26f7.wav,Chink_and_clink Shatter Cutlery_and_silverware
02ab2a72.wav,Toilet_flush Printer Bark
02c02ec1.wav,Church_bell Electric_guitar Traffic_noise_and_roadway_noise
02ce28a1.wav,Car_passing_by Run Motorcycle
02d01f40.wav,Chirp_and_tweet Scissors Keys_jangling
02da7457.wav,Frying_(food) Bathtub_(filling_or_washing) Hiss
02e17633.wav,Skateboard Walk_and_footsteps Gurgling
02e8059d.wav,Bass_guitar Bass_drum Cupboard_open_or_close
02f71319.wav,Hi-hat Gong Bicycle_bell
03090fb0.wav,Meow Electric_guitar Tick-tock
03162c23.wav,Church_bell Gong Chink_and_clink
032f518c.wav,Sigh Gasp Electric_guitar
03300fcb.wav,Marimba_and_xylophone Gong Sigh
035dd895.wav,Toilet_flush Waves_and_surf Stream
03754ab4.wav,Church_bell Buzz Marimba_and_xylophone
037b47c4.wav,Bark Screaming Child_speech_and_kid_speaking
03887635.wav,Raindrop Clapping Marimba_and_xylophone
03931594.wav,Zipper_(clothing) Male_speech_and_man_speaking Writing
039d2821.wav,Male_speech_and_man_speaking Male_singing Female_speech_and_woman_speaking
03a47c4a.wav,Bicycle_bell Cricket Hiss
03b80975.wav,Toilet_flush Clapping Screaming
03c5e8d0.wav,Bass_drum Bass_guitar Electric_guitar
03fe2971.wav,Tap Marimba_and_xylophone Clapping
04008bb5.wav,Bicycle_bell Shatter Chink_and_clink
040c5c0c.wav,Writing Zipper_(clothing) Printer
041cff59.wav,Drawer_open_or_close Microwave_oven Slam
042b07a4.wav,Female_singing Bark Accordion
042b542f.wav,Microwave_oven Bus Run
04308d8d.wav,Burping_and_eructation Skateboard Gurgling
04355ea8.wav,Child_speech_and_kid_speaking Male_speech_and_man_speaking Female_speech_and_woman_speaking
0442a617.wav,Harmonica Meow Screaming
0443f812.wav,Clapping Shatter Hi-hat
04441d5b.wav,Drawer_open_or_close Microwave_oven Slam
0453bb71.wav,Whispering Bicycle_bell Chirp_and_tweet
04702c1c.wav,Sigh Gasp Child_speech_and_kid_speaking
047ba0e1.wav,Keys_jangling Scissors Chirp_and_tweet
04877d29.wav,Gong Car_passing_by Church_bell
048c3418.wav,Skateboard Burping_and_eructation Run
04a5c9eb.wav,Church_bell Bus Race_car_and_auto_racing
04ad8e52.wav,Bark Burping_and_eructation Gurgling
04af82d9.wav,Shatter Chink_and_clink Bicycle_bell
04b1558a.wav,Trickle_and_dribble Chewing_and_mastication Shatter
04de7b9a.wav,Keys_jangling Chewing_and_mastication Crackle
04e8bf2a.wav,Drawer_open_or_close Microwave_oven Slam
04f004fe.wav,Run Walk_and_footsteps Computer_keyboard
04f48f10.wav,Knock Marimba_and_xylophone Skateboard
0506eee8.wav,Gong Church_bell Race_car_and_auto_racing
050eb97f.wav,Gasp Bark Screaming
051bda9a.wav,Knock Cupboard_open_or_close Tap
057a3c2e.wav,Toilet_flush Skateboard Gurgling
057c13c8.wav,Race_car_and_auto_racing Church_bell Crowd
058a4a79.wav,Gasp Child_speech_and_kid_speaking Male_singing
058ec864.wav,Bicycle_bell Glockenspiel Marimba_and_xylophone
05af19b1.wav,Church_bell Gong Bark
05c881c4.wav,Bathtub_(filling_or_washing) Frying_(food) Hiss
05d775e9.wav,Church_bell Gong Accelerating_and_revving_and_vroom
05dae80d.wav,Drawer_open_or_close Cupboard_open_or_close Knock
05e34a55.wav,Frying_(food) Bathtub_(filling_or_washing) Stream
05edaa47.wav,Scissors Keys_jangling Cutlery_and_silverware
060b802f.wav,Yell Child_speech_and_kid_speaking Sneeze
060d2d47.wav,Raindrop Cutlery_and_silverware Tick-tock
062e94dd.wav,Glockenspiel Marimba_and_xylophone Gong
06345241.wav,Meow Screaming Yell
0648b115.wav,Sigh Gasp Whispering
06526954.wav,Gurgling Microwave_oven Burping_and_eructation
065b49ec.wav,Gasp Meow Sigh
06604d51.wav,Whispering Chirp_and_tweet Bus
068b717f.wav,Whispering Drawer_open_or_close Clapping
069b2f91.wav,Motorcycle Burping_and_eructation Male_singing
069f3ce5.wav,Meow Child_speech_and_kid_speaking Female_singing
06a23eb9.wav,Sigh Whispering Gasp
06c34152.wav,Hi-hat Waves_and_surf Marimba_and_xylophone
06feb5cf.wav,Gasp Sigh Screaming
0718ce8d.wav,Car_passing_by Motorcycle Traffic_noise_and_roadway_noise
07295dd0.wav,Bass_drum Cupboard_open_or_close Bass_guitar
072ee4b2.wav,Drawer_open_or_close Zipper_(clothing) Microwave_oven
074cbe2b.wav,Meow Microwave_oven Screaming
07502956.wav,Finger_snapping Crackle Shatter
07603ad3.wav,Bus Car_passing_by Motorcycle
07670752.wav,Frying_(food) Crackle Stream
077f270d.wav,Marimba_and_xylophone Chink_and_clink Glockenspiel
0782d022.wav,Screaming Meow Gasp
078464b8.wav,Bathtub_(filling_or_washing) Hiss Frying_(food)
07a82fbe.wav,Knock Tap Cupboard_open_or_close
07bca33c.wav,Hi-hat Marimba_and_xylophone Chink_and_clink
07da8ebf.wav,Meow Child_speech_and_kid_speaking Harmonica
07dff283.wav,Walk_and_footsteps Drawer_open_or_close Run
07f965a0.wav,Toilet_flush Stream Waves_and_surf
07fa6e7e.wav,Burping_and_eructation Cutlery_and_silverware Skateboard
08087580.wav,Stream Fill_(with_liquid) Trickle_and_dribble
0814db2b.wav,Accordion Female_singing Traffic_noise_and_roadway_noise
0815543c.wav,Burping_and_eructation Cutlery_and_silverware Fart
081d6520.wav,Keys_jangling Chirp_and_tweet Hiss
081f2b5a.wav,Purr Motorcycle Zipper_(clothing)
0824bbdb.wav,Shatter Cutlery_and_silverware Chink_and_clink
08272d1c.wav,Frying_(food) Bathtub_(filling_or_washing) Cricket
08278440.wav,Burping_and_eructation Skateboard Cutlery_and_silverware
0837e041.wav,Gasp Sigh Zipper_(clothing)
08390e01.wav,Bicycle_bell Cricket Hiss
083cc652.wav,Female_singing Gasp Male_singing
08458ab2.wav,Crackle Purr Zipper_(clothing)
0849057f.wav,Female_speech_and_woman_speaking Buzz Male_speech_and_man_speaking
084e5784.wav,Male_speech_and_man_speaking Electric_guitar Sigh
085f174a.wav,Sigh Gong Harmonica
0865816c.wav,Knock Tap Cupboard_open_or_close
086ce4a5.wav,Bark Female_singing Gong
086ebb95.wav,Mechanical_fan Microwave_oven Bus
08810dd4.wav,Computer_keyboard Cupboard_open_or_close Run
08b06642.wav,Screaming Gasp Bark
08b2d04c.wav,Gasp Race_car_and_auto_racing Bark
08bc3e2d.wav,Knock Finger_snapping Marimba_and_xylophone
08d46566.wav,Keys_jangling Scissors Chirp_and_tweet
08d4acca.wav,Gong Church_bell Accelerating_and_revving_and_vroom
08d5d316.wav,Car_passing_by Waves_and_surf Skateboard
08dfe75d.wav,Knock Cupboard_open_or_close Slam
08eb3a69.wav,Gurgling Zipper_(clothing) Burping_and_eructation
08f36895.wav,Skateboard Walk_and_footsteps Gurgling
08facc12.wav,Tick-tock Microwave_oven Raindrop
090cc523.wav,Trickle_and_dribble Chewing_and_mastication Burping_and_eructation
091fa206.wav,Burping_and_eructation Purr Skateboard
092d8e54.wav,Run Crackle Walk_and_footsteps
094761b8.wav,Race_car_and_auto_racing Gong Gasp
0963270d.wav,Computer_keyboard Run Gurgling
0992b95a.wav,Purr Crackle Zipper_(clothing)
0997968e.wav,Waves_and_surf Stream Toilet_flush
09a67356.wav,Car_passing_by Motorcycle Gong
09d085e3.wav,Traffic_noise_and_roadway_noise Male_singing Bus
0a31c905.wav,Stream Toilet_flush Waves_and_surf
0a3c2351.wav,Microwave_oven Meow Marimba_and_xylophone
0a4d3800.wav,Purr Crackle Accelerating_and_revving_and_vroom
0a4ff0fb.wav,Hiss Sneeze Writing
0a56e261.wav,Marimba_and_xylophone Microwave_oven Chink_and_clink
0a64010f.wav,Meow Female_singing Child_speech_and_kid_speaking
0a683136.wav,Motorcycle Accelerating_and_revving_and_vroom Bass_guitar
0a6e6889.wav,Gong Chink_and_clink Church_bell
0a8e1630.wav,Crackle Tap Run
0a950c32.wav,Church_bell Race_car_and_auto_racing Bus
0aee7a2a.wav,Stream Toilet_flush Waves_and_surf
0af7446d.wav,Microwave_oven Bicycle_bell Marimba_and_xylophone
0b1503e8.wav,Chink_and_clink Shatter Bicycle_bell
0b33d746.wav,Church_bell Race_car_and_auto_racing Car_passing_by
0b4819f1.wav,Tick-tock Microwave_oven Drawer_open_or_close
0b5c6535.wav,Shatter Keys_jangling Hiss
0b73077e.wav,Female_singing Bark Accordion
0b9e93e6.wav,Toilet_flush Waves_and_surf Printer
0ba7fe6b.wav,Bass_guitar Bass_drum Cupboard_open_or_close
0bacb61b.wav,Glockenspiel Marimba_and_xylophone Bicycle_bell
0bb86b6c.wav,Burping_and_eructation Skateboard Fill_(with_liquid)
0bbe8308.wav,Clapping Tap Knock
0bc36580.wav,Screaming Skateboard Meow
0bc7822a.wav,Chewing_and_mastication Keys_jangling Cutlery_and_silverware
0bdcdfba.wav,Tick-tock Microwave_oven Raindrop
0bec3f54.wav,Marimba_and_xylophone Bass_drum Gong
0c151ad3.wav,Car_passing_by Gong Traffic_noise_and_roadway_noise
0c16f612.wav,Accordion Harmonica Female_singing
0c32d940.wav,Female_singing Bark Child_speech_and_kid_speaking
0c390f3c.wav,Burping_and_eructation Cutlery_and_silverware Fart
0c3b2573.wav,Run Walk_and_footsteps Microwave_oven
0c5ba768.wav,Finger_snapping Scissors Marimba_and_xylophone
0c698ef7.wav,Hiss Bathtub_(filling_or_washing) Finger_snapping
0c8d9148.wav,Finger_snapping Scissors Shatter
0c8def18.wav,Gong Car_passing_by Traffic_noise_and_roadway_noise
0c949702.wav,Whispering Hiss Sigh
0cb33d03.wav,Chirp_and_tweet Bicycle_bell Hiss
0cb4cde3.wav,Tick-tock Drawer_open_or_close Printer
0cdddb37.wav,Motorcycle Hi-hat Printer
0ce84f9b.wav,Mechanical_fan Gong Bus
0cfe3f96.wav,Skateboard Tick-tock Burping_and_eructation
0d000cd7.wav,Bark Screaming Gasp
0d1b11e0.wav,Gasp Sigh Child_speech_and_kid_speaking
0d2230eb.wav,Bicycle_bell Chirp_and_tweet Hiss
0d2707f4.wav,Glockenspiel Marimba_and_xylophone Chink_and_clink
0d34341d.wav,Mechanical_fan Microwave_oven Bus
0d3dc96c.wav,Printer Whispering Cupboard_open_or_close
0d507c20.wav,Hi-hat Harmonica Hiss
0d540ee1.wav,Chewing_and_mastication Raindrop Computer_keyboard
0d5516ef.wav,Marimba_and_xylophone Meow Hi-hat
0d6564bb.wav,Female_singing Bark Child_speech_and_kid_speaking
0d673a8c.wav,Sigh Electric_guitar Gong
0d74277e.wav,Drawer_open_or_close Microwave_oven Run
0d8d7af9.wav,Clapping Tap Computer_keyboard
0d8e2166.wav,Raindrop Bathtub_(filling_or_washing) Shatter
0d8f3f54.wav,Bass_drum Cupboard_open_or_close Knock
0d9caeeb.wav,Waves_and_surf Car_passing_by Mechanical_fan
0da3d582.wav,Whispering Sneeze Writing
0dc06757.wav,Meow Child_speech_and_kid_speaking Female_singing
0dc813d8.wav,Keys_jangling Chewing_and_mastication Scissors
0dce3e5f.wav,Computer_keyboard Trickle_and_dribble Raindrop
0dcf1534.wav,Mechanical_fan Car_passing_by Microwave_oven
0dda644b.wav,Run Crackle Writing
0ddd0393.wav,Slam Clapping Burping_and_eructation
0de2a4b2.wav,Male_speech_and_man_speaking Male_singing Female_speech_and_woman_speaking
0de4fc92.wav,Gong Church_bell Race_car_and_auto_racing
0df1484c.wav,Male_speech_and_man_speaking Marimba_and_xylophone Bass_guitar
0e18c7d2.wav,Hiss Scissors Finger_snapping
0e3e2590.wav,Buzz Bus Printer
0e4be6a4.wav,Gong Race_car_and_auto_racing Accelerating_and_revving_and_vroom
0e6552c7.wav,Crackle Finger_snapping Shatter
0e70a285.wav,Hiss Bathtub_(filling_or_washing) Finger_snapping
0e7f5c7e.wav,Stream Chewing_and_mastication Toilet_flush
0e9e941b.wav,Skateboard Fill_(with_liquid) Gurgling
0ea99bf4.wav,Screaming Bark Sneeze
0eaf6d60.wav,Gasp Sigh Zipper_(clothing)
0ec7e315.wav,Mechanical_fan Bass_guitar Gong
0ed20fe2.wav,Waves_and_surf Toilet_flush Skateboard
0ee80cb7.wav,Female_speech_and_woman_speaking Child_speech_and_kid_speaking Female_singing
0ef6fb07.wav,Shatter Cutlery_and_silverware Chink_and_clink
0f07f15f.wav,Finger_snapping Crackle Shatter
0f08a4c8.wav,Purr Bass_drum Knock
0f096853.wav,Sigh Drawer_open_or_close Marimba_and_xylophone
0f1ab7b0.wav,Crackle Finger_snapping Tap
0f3fe29d.wav,Toilet_flush Stream Waves_and_surf
0f50ef2b.wav,Drawer_open_or_close Walk_and_footsteps Toilet_flush
0f61907d.wav,Accelerating_and_revving_and_vroom Race_car_and_auto_racing Gong
0f663341.wav,Knock Tap Run
0f81d5bc.wav,Shatter Cutlery_and_silverware Keys_jangling
0faf5b2e.wav,Gong Accelerating_and_revving_and_vroom Acoustic_guitar
0fc07a52.wav,Keys_jangling Scissors Chewing_and_mastication
0fc6a683.wav,Frying_(food) Hiss Bathtub_(filling_or_washing)
0fccb2e5.wav,Chirp_and_tweet Bicycle_bell Hiss
0fd91890.wav,Computer_keyboard Raindrop Skateboard
0fdb30c1.wav,Slam Knock Drawer_open_or_close
0fed6565.wav,Toilet_flush Clapping Waves_and_surf
0ff0e483.wav,Child_speech_and_kid_speaking Sneeze Male_speech_and_man_speaking
0fffc208.wav,Clapping Slam Knock
100e123a.wav,Church_bell Gong Screaming
100faf3f.wav,Chirp_and_tweet Printer Electric_guitar
101b2011.wav,Finger_snapping Tap Shatter
10234fef.wav,Bass_drum Cupboard_open_or_close Knock
10236f0e.wav,Fart Zipper_(clothing) Male_speech_and_man_speaking
102fb14f.wav,Bass_guitar Gong Accelerating_and_revving_and_vroom
1052e52b.wav,Burping_and_eructation Fart Cutlery_and_silverware
105460cd.wav,Race_car_and_auto_racing Skateboard Screaming
10678d21.wav,Keys_jangling Scissors Chewing_and_mastication
107f3deb.wav,Computer_keyboard Raindrop Slam
10811159.wav,Clapping Tap Knock
10a1aa40.wav,Zipper_(clothing) Squeak Motorcycle
10a7b8f3.wav,Glockenspiel Microwave_oven Marimba_and_xylophone
10acf1b6.wav,Bathtub_(filling_or_washing) Hiss Stream
10c170b1.wav,Whispering Chirp_and_tweet Bicycle_bell
10d026e9.wav,Knock Cupboard_open_or_close Slam
10d94568.wav,Zipper_(clothing) Male_speech_and_man_speaking Squeak
10e6a6ac.wav,Bicycle_bell Chirp_and_tweet Knock
10e6db66.wav,Burping_and_eructation Cutlery_and_silverware Fart
10e92421.wav,Marimba_and_xylophone Walk_and_footsteps Run
10f58e51.wav,Bus Buzz Gong
11071bad.wav,Microwave_oven Marimba_and_xylophone Chink_and_clink
111f9431.wav,Skateboard Walk_and_footsteps Waves_and_surf
112bdb70.wav,Marimba_and_xylophone Glockenspiel Microwave_oven
113290e8.wav,Writing Shatter Cutlery_and_silverware
1142def0.wav,Shatter Chink_and_clink Cutlery_and_silverware
1147c12b.wav,Microwave_oven Meow Screaming
1158e587.wav,Keys_jangling Shatter Cutlery_and_silverware
11641eb8.wav,Skateboard Clapping Run
1167b492.wav,Knock Cupboard_open_or_close Drawer_open_or_close
1172c5fb.wav,Church_bell Bus Bark
117358df.wav,Crackle Finger_snapping Shatter
1175ac74.wav,Cupboard_open_or_close Skateboard Clapping
11b6c488.wav,Frying_(food) Stream Hiss
11cc8bcb.wav,Chewing_and_mastication Run Gurgling
12264142.wav,Male_speech_and_man_speaking Female_speech_and_woman_speaking Sneeze
1226b0e0.wav,Clapping Tap Finger_snapping
1247b7e3.wav,Glockenspiel Bicycle_bell Marimba_and_xylophone
124a286f.wav,Tick-tock Scissors Cutlery_and_silverware
12600be5.wav,Drawer_open_or_close Walk_and_footsteps Zipper_(clothing)
12689530.wav,Gasp Sigh Child_speech_and_kid_speaking
126b674b.wav,Fill_(with_liquid) Burping_and_eructation Trickle_and_dribble
127adb78.wav,Female_singing Bark Male_singing
12849e29.wav,Squeak Zipper_(clothing) Motorcycle
128a67de.wav,Finger_snapping Crackle Shatter
12bcd3ec.wav,Drawer_open_or_close Bass_drum Microwave_oven
12d3e91f.wav,Fart Burping_and_eructation Marimba_and_xylophone
12d8c07f.wav,Bus Motorcycle Race_car_and_auto_racing
12ddf239.wav,Waves_and_surf Car_passing_by Motorcycle
12df81e8.wav,Chewing_and_mastication Trickle_and_dribble Bathtub_(filling_or_washing)
12ee0010.wav,Bathtub_(filling_or_washing) Scissors Shatter
12fe33b6.wav,Writing Scissors Chewing_and_mastication
130e4d2f.wav,Burping_and_eructation Skateboard Fill_(with_liquid)
13237edd.wav,Bicycle_bell Chink_and_clink Marimba_and_xylophone
134c3fea.wav,Finger_snapping Scissors Shatter
134c95a2.wav,Finger_snapping Shatter Scissors
13694181.wav,Cupboard_open_or_close Knock Drawer_open_or_close
13728313.wav,Gong Race_car_and_auto_racing Car_passing_by
13ae306e.wav,Shatter Keys_jangling Cutlery_and_silverware
13cfa025.wav,Car_passing_by Gong Traffic_noise_and_roadway_noise
13e3453c.wav,Frying_(food) Bathtub_(filling_or_washing) Hiss
13e84f69.wav,Bicycle_bell Chirp_and_tweet Squeak
14096fd8.wav,Motorcycle Car_passing_by Waves_and_surf
142b9865.wav,Bass_drum Bass_guitar Hi-hat
1438cfd0.wav,Skateboard Marimba_and_xylophone Knock
143e6d96.wav,Bicycle_bell Microwave_oven Glockenspiel
14416af5.wav,Sigh Drawer_open_or_close Buzz
1451986d.wav,Male_singing Female_singing Electric_guitar
145a10e4.wav,Bicycle_bell Shatter Whispering
146c73a3.wav,Accordion Meow Harmonica
14ab7f13.wav,Car_passing_by Motorcycle Gong
14cbc626.wav,Whispering Bicycle_bell Squeak
14d22f20.wav,Shatter Microwave_oven Cutlery_and_silverware
14e86cfb.wav,Finger_snapping Shatter Chink_and_clink
14fd704c.wav,Bark Child_speech_and_kid_speaking Male_speech_and_man_speaking
151ea709.wav,Raindrop Clapping Trickle_and_dribble
15288481.wav,Church_bell Gong Buzz
152a4e09.wav,Bus Buzz Female_singing
153579d9.wav,Chewing_and_mastication Run Writing
1544427c.wav,Scissors Bicycle_bell Shatter
154696fd.wav,Car_passing_by Gong Mechanical_fan
156bf74f.wav,Sigh Hiss Shatter
156c1736.wav,Church_bell Gong Accordion
15776b9c.wav,Chewing_and_mastication Run Walk_and_footsteps
157dd023.wav,Hi-hat Chink_and_clink Cutlery_and_silverware
15849032.wav,Frying_(food) Scissors Keys_jangling
15868ee8.wav,Bicycle_bell Tick-tock Microwave_oven
159b8b9b.wav,Toilet_flush Stream Waves_and_surf
159d2208.wav,Zipper_(clothing) Child_speech_and_kid_speaking Meow
15a78daf.wav,Burping_and_eructation Gurgling Male_speech_and_man_speaking
15a98fd7.wav,Bass_drum Cupboard_open_or_close Knock
15b0d4ec.wav,Hiss Hi-hat Bathtub_(filling_or_washing)
15bcf71d.wav,Bass_guitar Accelerating_and_revving_and_vroom Gong
15c34c4f.wav,Crackle Frying_(food) Scissors
15e2bcaa.wav,Harmonica Accordion Electric_guitar
15e7bb78.wav,Keys_jangling Chirp_and_tweet Scissors
160105ad.wav,Church_bell Gong Bark
1604a3fa.wav,Crackle Tap Clapping
1606f119.wav,Electric_guitar Burping_and_eructation Microwave_oven
160acbb0.wav,Cricket Bicycle_bell Mechanical_fan
165fd18a.wav,Zipper_(clothing) Crackle Chewing_and_mastication
166a05c0.wav,Computer_keyboard Run Gurgling
1670b964.wav,Zipper_(clothing) Walk_and_footsteps Male_speech_and_man_speaking
167a4f00.wav,Bicycle_bell Cricket Hiss
168be388.wav,Child_speech_and_kid_speaking Female_singing Gasp
16b56d33.wav,Raindrop Keys_jangling Cutlery_and_silverware
16bc3f60.wav,Shatter Chink_and_clink Cutlery_and_silverware
16c7da35.wav,Stream Toilet_flush Waves_and_surf
16d80f68.wav,Child_speech_and_kid_speaking Electric_guitar Printer
16e17bed.wav,Gong Race_car_and_auto_racing Car_passing_by
16f7ac14.wav,Drawer_open_or_close Walk_and_footsteps Toilet_flush
16fd3589.wav,Writing Chewing_and_mastication Gurgling
17135192.wav,Bicycle_bell Glockenspiel Marimba_and_xylophone
17140de5.wav,Toilet_flush Stream Printer
171aa36c.wav,Shatter Cutlery_and_silverware Chink_and_clink
17361a5c.wav,Stream Toilet_flush Burping_and_eructation
1751bb8a.wav,Frying_(food) Shatter Hiss
1779b015.wav,Mechanical_fan Bus Accelerating_and_revving_and_vroom
17b6e84f.wav,Drawer_open_or_close Writing Zipper_(clothing)
17c4b25f.wav,Church_bell Race_car_and_auto_racing Bus
17dfb6db.wav,Drawer_open_or_close Microwave_oven Slam
1802421a.wav,Gong Car_passing_by Stream
18183321.wav,Car_passing_by Traffic_noise_and_roadway_noise Gong
183948d1.wav,Skateboard Fill_(with_liquid) Gurgling
183fb536.wav,Male_speech_and_man_speaking Sneeze Whispering
1843680b.wav,Clapping Tap Raindrop
184aca02.wav,Frying_(food) Stream Toilet_flush
18551bc1.wav,Fart Cupboard_open_or_close Burping_and_eructation
1859b7f7.wav,Scissors Keys_jangling Raindrop
1877623e.wav,Knock Skateboard Burping_and_eructation
1889c58d.wav,Bark Sneeze Electric_guitar
18929e41.wav,Female_singing Meow Traffic_noise_and_roadway_noise
1899de05.wav,Cupboard_open_or_close Slam Knock
18ace84c.wav,Child_speech_and_kid_speaking Sneeze Female_speech_and_woman_speaking
18be000d.wav,Marimba_and_xylophone Run Walk_and_footsteps
18c94757.wav,Car_passing_by Waves_and_surf Skateboard
18ea2e9e.wav,Drawer_open_or_close Sigh Toilet_flush
18fda5a4.wav,Church_bell Gong Bark
1904f396.wav,Knock Bass_drum Marimba_and_xylophone
19135157.wav,Burping_and_eructation Gurgling Drawer_open_or_close
191adc5f.wav,Child_speech_and_kid_speaking Female_speech_and_woman_speaking Male_speech_and_man_speaking
19303d26.wav,Race_car_and_auto_racing Gong Bus
193a6063.wav,Buzz Knock Chirp_and_tweet
1945b8ca.wav,Cupboard_open_or_close Skateboard Printer
19508dc0.wav,Race_car_and_auto_racing Gong Car_passing_by
1960e51e.wav,Burping_and_eructation Gurgling Skateboard
19754d94.wav,Sigh Gasp Child_speech_and_kid_speaking
197ce5b2.wav,Yell Child_speech_and_kid_speaking Sneeze
199d4d12.wav,Male_speech_and_man_speaking Female_speech_and_woman_speaking Male_singing
19a7dec3.wav,Skateboard Fill_(with_liquid) Toilet_flush
19bb5700.wav,Race_car_and_auto_racing Church_bell Gong
19c7c900.wav,Glockenspiel Bicycle_bell Microwave_oven
19d9401d.wav,Knock Walk_and_footsteps Run
19dcb315.wav,Male_speech_and_man_speaking Child_speech_and_kid_speaking Female_speech_and_woman_speaking
1a068a84.wav,Male_singing Male_speech_and_man_speaking Electric_guitar
1a0d1b78.wav,Car_passing_by Traffic_noise_and_roadway_noise Gong
1a110901.wav,Stream Toilet_flush Waves_and_surf
1a1de9b9.wav,Marimba_and_xylophone Glockenspiel Chink_and_clink
1a1def6e.wav,Car_passing_by Race_car_and_auto_racing Traffic_noise_and_roadway_noise
1a1edda6.wav,Child_speech_and_kid_speaking Yell Female_singing
1a2580e1.wav,Fart Zipper_(clothing) Squeak
1a35ded5.wav,Bathtub_(filling_or_washing) Bicycle_bell Hiss
1a362723.wav,Female_singing Meow Microwave_oven
1a44ace1.wav,Gong Bass_guitar Marimba_and_xylophone
1a51eefe.wav,Fill_(with_liquid) Trickle_and_dribble Stream
1a5c4e84.wav,Waves_and_surf Motorcycle Mechanical_fan
1a606ef2.wav,Frying_(food) Cricket Chirp_and_tweet
1a6925fa.wav,Keys_jangling Shatter Cutlery_and_silverware
1a884f9e.wav,Tick-tock Raindrop Computer_keyboard
1abdac69.wav,Computer_keyboard Drip Raindrop
1ac6f6f3.wav,Gasp Sigh Bark
1acae695.wav,Car_passing_by Gong Motorcycle
1acb3d32.wav,Gasp Electric_guitar Sigh
1ad7f703.wav,Purr Zipper_(clothing) Crackle
1ae3ca16.wav,Purr Crackle Zipper_(clothing)
1aec75a6.wav,Bass_drum Cupboard_open_or_close Hi-hat
1b0687b2.wav,Zipper_(clothing) Squeak Hiss
1b086eb7.wav,Purr Crackle Zipper_(clothing)
1b0a3884.wav,Sigh Gasp Whispering
1b1d1b2d.wav,Hiss Fart Sigh
1b3ecd82.wav,Gong Church_bell Bus
1b5b6468.wav,Gasp Gong Sigh
1b5daf72.wav,Mechanical_fan Cricket Knock
1b68d94a.wav,Writing Computer_keyboard Cupboard_open_or_close
1ba04ecc.wav,Keys_jangling Chirp_and_tweet Shatter
1bc14732.wav,Meow Gong Harmonica
1bcfdfb5.wav,Bass_guitar Purr Knock
1bd82417.wav,Gong Church_bell Chink_and_clink
1be1c727.wav,Drawer_open_or_close Microwave_oven Slam
1bfd4be2.wav,Burping_and_eructation Skateboard Gurgling
1c0e284a.wav,Stream Waves_and_surf Frying_(food)
1c0fbe4b.wav,Microwave_oven Meow Marimba_and_xylophone
1c1dd720.wav,Child_speech_and_kid_speaking Male_speech_and_man_speaking Sneeze
1c3bd325.wav,Toilet_flush Fill_(with_liquid) Skateboard
1c699cb7.wav,Gong Bus Car_passing_by
1c6d56db.wav,Glockenspiel Microwave_oven Meow
1c77cedf.wav,Burping_and_eructation Zipper_(clothing) Gurgling
1c785226.wav,Drawer_open_or_close Walk_and_footsteps Writing
1c79ca96.wav,Hiss Bathtub_(filling_or_washing) Finger_snapping
1c8369cf.wav,Zipper_(clothing) Male_speech_and_man_speaking Burping_and_eructation
1c983e19.wav,Scissors Drawer_open_or_close Tick-tock
1c9e3f10.wav,Cupboard_open_or_close Bass_drum Slam
1cc5b5f7.wav,Finger_snapping Crackle Clapping
1cd55ad6.wav,Car_passing_by Gong Traffic_noise_and_roadway_noise
1cf8379b.wav,Bicycle_bell Chirp_and_tweet Keys_jangling
1d11b910.wav,Frying_(food) Scissors Keys_jangling
1d1778c4.wav,Bass_drum Bass_guitar Cupboard_open_or_close
1d1863a4.wav,Gong Bus Mechanical_fan
1d2459ce.wav,Gasp Harmonica Child_speech_and_kid_speaking
1d279116.wav,Sneeze Microwave_oven Printer
1d33f8e1.wav,Finger_snapping Bicycle_bell Shatter
1d4ae8ab.wav,Finger_snapping Shatter Crackle
1d58040b.wav,Meow Microwave_oven Child_speech_and_kid_speaking
1d6f2b16.wav,Child_speech_and_kid_speaking Male_speech_and_man_speaking Female_singing
1d7d2a17.wav,Bus Run Printer
1db41feb.wav,Gong Accordion Glockenspiel
1dbcd4ba.wav,Trickle_and_dribble Skateboard Fill_(with_liquid)
1dc3166b.wav,Fart Burping_and_eructation Electric_guitar
1dc417cd.wav,Zipper_(clothing) Crackle Walk_and_footsteps
1dcc4dd4.wav,Gong Mechanical_fan Accelerating_and_revving_and_vroom
1de84153.wav,Gong Accelerating_and_revving_and_vroom Mechanical_fan
1ded5864.wav,Bass_drum Knock Buzz
1def6435.wav,Male_speech_and_man_speaking Fart Zipper_(clothing)
1dfa910d.wav,Hiss Bathtub_(filling_or_washing) Finger_snapping
1e0b81a9.wav,Electric_guitar Child_speech_and_kid_speaking Marimba_and_xylophone
1e1a72d5.wav,Car_passing_by Mechanical_fan Cricket
1e1e674a.wav,Frying_(food) Bicycle_bell Bathtub_(filling_or_washing)
1e3763ba.wav,Meow Glockenspiel Microwave_oven
1e3cd2f0.wav,Male_speech_and_man_speaking Child_speech_and_kid_speaking Female_speech_and_woman_speaking
1e6572de.wav,Gasp Accordion Meow
1e6e9131.wav,Electric_guitar Male_singing Fart
1e6fe316.wav,Skateboard Waves_and_surf Car_passing_by
1e7b59a7.wav,Gasp Child_speech_and_kid_speaking Sigh
1e8a965c.wav,Waves_and_surf Mechanical_fan Motorcycle
1e8fe3d2.wav,Child_speech_and_kid_speaking Male_speech_and_man_speaking Female_speech_and_woman_speaking
1ea533ec.wav,Microwave_oven Marimba_and_xylophone Buzz
1eac92a1.wav,Glockenspiel Harmonica Screaming
1ec2f60d.wav,Whispering Marimba_and_xylophone Bicycle_bell
1eda3d26.wav,Race_car_and_auto_racing Screaming Church_bell
1f27827e.wav,Accordion Harmonica Female_singing
1f293888.wav,Bass_drum Cupboard_open_or_close Knock
1f3d2f22.wav,Toilet_flush Stream Waves_and_surf
1f52baf2.wav,Hi-hat Shatter Cutlery_and_silverware
1f58cc84.wav,Child_speech_and_kid_speaking Female_singing Male_singing
1f63c45e.wav,Fart Zipper_(clothing) Squeak
1f85a5c7.wav,Bark Male_speech_and_man_speaking Sneeze
1f9c1f3e.wav,Gong Church_bell Race_car_and_auto_racing
1fc0282a.wav,Crackle Scissors Frying_(food)
1fc8f9a5.wav,Drawer_open_or_close Whispering Meow
1fd74cc3.wav,Glockenspiel Bicycle_bell Marimba_and_xylophone
1fde2c61.wav,Car_passing_by Gong Traffic_noise_and_roadway_noise
1fe639ee.wav,Writing Printer Drawer_open_or_close
1fec2121.wav,Waves_and_surf Car_passing_by Toilet_flush
1ff215f3.wav,Drawer_open_or_close Skateboard Microwave_oven
200b6920.wav,Waves_and_surf Car_passing_by Drawer_open_or_close
2012b2f4.wav,Slam Microwave_oven Cupboard_open_or_close
201c18ee.wav,Motorcycle Purr Car_passing_by
20612e10.wav,Race_car_and_auto_racing Screaming Car_passing_by
2069253a.wav,Bark Screaming Burping_and_eructation
206c0a24.wav,Microwave_oven Slam Chewing_and_mastication
20801c98.wav,Screaming Church_bell Accelerating_and_revving_and_vroom
2087f937.wav,Toilet_flush Skateboard Fill_(with_liquid)
20898b89.wav,Stream Frying_(food) Toilet_flush
20b16812.wav,Bicycle_bell Glockenspiel Chink_and_clink
20c3541c.wav,Scissors Finger_snapping Raindrop
20d2ad1c.wav,Microwave_oven Drawer_open_or_close Meow
20dc6392.wav,Computer_keyboard Crackle Chewing_and_mastication
20e285c7.wav,Toilet_flush Stream Waves_and_surf
21102a3a.wav,Sigh Waves_and_surf Hiss
2113043a.wav,Gong Chink_and_clink Marimba_and_xylophone
2142adda.wav,Fill_(with_liquid) Trickle_and_dribble Burping_and_eructation
21447ea7.wav,Gasp Female_singing Child_speech_and_kid_speaking
21455882.wav,Bathtub_(filling_or_washing) Hiss Stream
2157612c.wav,Race_car_and_auto_racing Car_passing_by Gong
2159eea8.wav,Microwave_oven Meow Accordion
2175b26d.wav,Gong Accelerating_and_revving_and_vroom Motorcycle
217b109a.wav,Car_passing_by Traffic_noise_and_roadway_noise Waves_and_surf
2189acc6.wav,Gong Church_bell Marimba_and_xylophone
218b15dc.wav,Bark Screaming Child_speech_and_kid_speaking
218c8907.wav,Crowd Race_car_and_auto_racing Toilet_flush
21b0c9cb.wav,Skateboard Run Gurgling
21b24d69.wav,Tap Knock Clapping
21b601cd.wav,Church_bell Electric_guitar Bus
21d2eb4c.wav,Burping_and_eructation Zipper_(clothing) Skateboard
21d49986.wav,Bass_drum Knock Buzz
21e8d6a9.wav,Slam Hi-hat Microwave_oven
21eb5d58.wav,Toilet_flush Waves_and_surf Run
21eca32f.wav,Raindrop Tick-tock Computer_keyboard
21fa3245.wav,Writing Shatter Computer_keyboard
2210c997.wav,Printer Child_speech_and_kid_speaking Electric_guitar
2216c947.wav,Motorcycle Accelerating_and_revving_and_vroom Purr
223032ba.wav,Hiss Harmonica Electric_guitar
2236c850.wav,Purr Crackle Accelerating_and_revving_and_vroom
223a5173.wav,Bark Harmonica Sneeze
22522048.wav,Motorcycle Waves_and_surf Car_passing_by
2263763d.wav,Printer Toilet_flush Walk_and_footsteps
228a538c.wav,Raindrop Shatter Scissors
22a7e375.wav,Sigh Toilet_flush Bathtub_(filling_or_washing)
22b07889.wav,Burping_and_eructation Skateboard Bark
22b6b9aa.wav,Hi-hat Chink_and_clink Shatter
22c5ea2f.wav,Church_bell Race_car_and_auto_racing Crowd
22c78043.wav,Fart Male_speech_and_man_speaking Zipper_(clothing)
22c98028.wav,Drawer_open_or_close Toilet_flush Walk_and_footsteps
22c9b301.wav,Gong Car_passing_by Church_bell
22cd860e.wav,Chewing_and_mastication Gurgling Run
22f22fc9.wav,Knock Tap Marimba_and_xylophone
22f2d98a.wav,Keys_jangling Scissors Chewing_and_mastication
2303e210.wav,Trickle_and_dribble Chewing_and_mastication Raindrop
23244f49.wav,Whispering Meow Chirp_and_tweet
2327b6de.wav,Bass_drum Cupboard_open_or_close Knock
2343daa5.wav,Microwave_oven Drawer_open_or_close Slam
235213ce.wav,Raindrop Computer_keyboard Drip
235f959c.wav,Marimba_and_xylophone Meow Microwave_oven
236e7ce1.wav,Shatter Hiss Sigh
23726888.wav,Marimba_and_xylophone Glockenspiel Chink_and_clink
23756062.wav,Gong Race_car_and_auto_racing Bus
238b11f0.wav,Bass_drum Knock Male_speech_and_man_speaking
23a07927.wav,Hiss Bicycle_bell Bathtub_(filling_or_washing)
23a2669b.wav,Printer Drawer_open_or_close Buzz
23c4613e.wav,Knock Tap Clapping
23c714b5.wav,Purr Bass_guitar Bass_drum
23d35eea.wav,Drawer_open_or_close Toilet_flush Microwave_oven
23fabbb4.wav,Toilet_flush Bathtub_(filling_or_washing) Whispering
23fe505d.wav,Shatter Cutlery_and_silverware Bicycle_bell
2406d1de.wav,Motorcycle Car_passing_by Gong
240e9caa.wav,Sigh Gong Male_speech_and_man_speaking
24456657.wav,Toilet_flush Stream Waves_and_surf
244a60cd.wav,Finger_snapping Crackle Clapping
2451cad9.wav,Microwave_oven Accordion Harmonica
2451d17b.wav,Gong Marimba_and_xylophone Church_bell
245c01e6.wav,Race_car_and_auto_racing Bus Skateboard
2462f236.wav,Gong Marimba_and_xylophone Buzz
24ae5bef.wav,Bark Male_speech_and_man_speaking Male_singing
24ce9114.wav,Female_speech_and_woman_speaking Male_speech_and_man_speaking Buzz
24dda4ed.wav,Bicycle_bell Hiss Bathtub_(filling_or_washing)
24ecb25d.wav,Bicycle_bell Glockenspiel Squeak
24f04ba5.wav,Walk_and_footsteps Drawer_open_or_close Run
2548960b.wav,Gong Electric_guitar Church_bell
256d567f.wav,Keys_jangling Chewing_and_mastication Scissors
2583a54d.wav,Hiss Bathtub_(filling_or_washing) Finger_snapping
2599ff86.wav,Screaming Gasp Meow
259e3fa7.wav,Trickle_and_dribble Burping_and_eructation Cutlery_and_silverware
25a8ef58.wav,Knock Bass_drum Buzz
25a991a1.wav,Hiss Bathtub_(filling_or_washing) Finger_snapping
25beac1d.wav,Keys_jangling Shatter Chirp_and_tweet
25c32640.wav,Drawer_open_or_close Microwave_oven Sneeze
25c8686f.wav,Burping_and_eructation Gurgling Walk_and_footsteps
25d481d6.wav,Bass_drum Cupboard_open_or_close Knock
25e059d3.wav,Bus Church_bell Microwave_oven
25e23528.wav,Screaming Harmonica Accordion
25e75fa8.wav,Waves_and_surf Toilet_flush Bus
261cdf15.wav,Car_passing_by Gong Traffic_noise_and_roadway_noise
262131af.wav,Gong Motorcycle Accelerating_and_revving_and_vroom
2624e8ff.wav,Bark Male_speech_and_man_speaking Electric_guitar
26263cf0.wav,Marimba_and_xylophone Clapping Tap
262a7108.wav,Skateboard Waves_and_surf Toilet_flush
262d4cca.wav,Harmonica Traffic_noise_and_roadway_noise Accordion
2655ac2c.wav,Gong Church_bell Male_singing
26a25f5d.wav,Tap Clapping Finger_snapping
26a4977c.wav,Purr Zipper_(clothing) Crackle
26a6c2f3.wav,Finger_snapping Tap Shatter
26abfa32.wav,Frying_(food) Stream Chewing_and_mastication
26c001b7.wav,Stream Toilet_flush Waves_and_surf
26c01e3f.wav,Female_singing Male_singing Male_speech_and_man_speaking
26f921e3.wav,Finger_snapping Scissors Shatter
2707f8b0.wav,Female_singing Child_speech_and_kid_speaking Male_speech_and_man_speaking
27080c56.wav,Skateboard Burping_and_eructation Trickle_and_dribble
271ade69.wav,Mechanical_fan Gong Accelerating_and_revving_and_vroom
272d95c7.wav,Church_bell Screaming Traffic_noise_and_roadway_noise
2733bb3f.wav,Female_singing Accordion Buzz
27446bcd.wav,Bass_drum Bass_guitar Buzz
2756ca54.wav,Zipper_(clothing) Gasp Fart
2758a116.wav,Female_singing Child_speech_and_kid_speaking Male_singing
275e1bb6.wav,Female_speech_and_woman_speaking Child_speech_and_kid_speaking Female_singing
278a19ee.wav,Meow Gasp Child_speech_and_kid_speaking
27903ab8.wav,Toilet_flush Stream Waves_and_surf
27924331.wav,Drawer_open_or_close Walk_and_footsteps Skateboard
279d4550.wav,Writing Run Walk_and_footsteps
27a4f4a8.wav,Female_singing Bark Accordion
27a8cf7f.wav,Knock Tap Cupboard_open_or_close
27b8db15.wav,Car_passing_by Traffic_noise_and_roadway_noise Gong
27c8eacc.wav,Bass_drum Writing Drawer_open_or_close
27ce0e90.wav,Raindrop Scissors Drip
27d07e83.wav,Hi-hat Bicycle_bell Marimba_and_xylophone
27d43eba.wav,Bus Female_singing Male_singing
27df10d1.wav,Child_speech_and_kid_speaking Sneeze Yell
27e085c0.wav,Drawer_open_or_close Cupboard_open_or_close Knock
280c07e4.wav,Hi-hat Gong Hiss
2810d717.wav,Clapping Raindrop Drawer_open_or_close
28142c7d.wav,Hiss Bathtub_(filling_or_washing) Finger_snapping
28199c01.wav,Microwave_oven Slam Cupboard_open_or_close
2833e567.wav,Burping_and_eructation Fill_(with_liquid) Trickle_and_dribble
28383990.wav,Bicycle_bell Chink_and_clink Shatter
283bc0ea.wav,Raindrop Cutlery_and_silverware Scissors
2842be8c.wav,Skateboard Bathtub_(filling_or_washing) Trickle_and_dribble
28849a80.wav,Scissors Frying_(food) Keys_jangling
288a89c1.wav,Gong Car_passing_by Church_bell
2894416d.wav,Computer_keyboard Raindrop Scissors
289fb0b8.wav,Gong Car_passing_by Race_car_and_auto_racing
28a2ff49.wav,Knock Drawer_open_or_close Run
28a9213d.wav,Computer_keyboard Raindrop Tick-tock
28d22d2e.wav,Burping_and_eructation Electric_guitar Male_speech_and_man_speaking
28d2f36f.wav,Accordion Gasp Child_speech_and_kid_speaking
28e13187.wav,Knock Tap Cupboard_open_or_close
28e32693.wav,Gong Accelerating_and_revving_and_vroom Motorcycle
28f49053.wav,Toilet_flush Skateboard Bathtub_(filling_or_washing)
28ff0651.wav,Church_bell Bark Gong
290e30df.wav,Fart Zipper_(clothing) Male_speech_and_man_speaking
292ef00f.wav,Sigh Gasp Whispering
2934735d.wav,Zipper_(clothing) Purr Crackle
2934d413.wav,Knock Clapping Tap
29365227.wav,Slam Cupboard_open_or_close Microwave_oven
295268ea.wav,Car_passing_by Gong Church_bell
29699f09.wav,Printer Chirp_and_tweet Yell
297219cc.wav,Shatter Finger_snapping Bicycle_bell
2980d500.wav,Bark Gasp Child_speech_and_kid_speaking
29826356.wav,Gong Electric_guitar Printer
29b0574f.wav,Drawer_open_or_close Walk_and_footsteps Run
29d72dfb.wav,Waves_and_surf Car_passing_by Bus
29dd29fb.wav,Drawer_open_or_close Knock Cupboard_open_or_close
29e4880e.wav,Drawer_open_or_close Buzz Cupboard_open_or_close
2a0893c6.wav,Bass_guitar Mechanical_fan Gong
2a0a3828.wav,Slam Gurgling Knock
2a484593.wav,Finger_snapping Tap Crackle
2a557637.wav,Keys_jangling Raindrop Chewing_and_mastication
2a79d0a8.wav,Gong Church_bell Chink_and_clink
2a9c7202.wav,Shatter Crackle Frying_(food)
2aa1e0b8.wav,Child_speech_and_kid_speaking Sneeze Female_speech_and_woman_speaking
2ac8607d.wav,Meow Screaming Sneeze
2ad174b4.wav,Shatter Cutlery_and_silverware Keys_jangling
2ae04dd7.wav,Bus Car_passing_by Gong
2aedff46.wav,Microwave_oven Bicycle_bell Chink_and_clink
2af10e99.wav,Chink_and_clink Bicycle_bell Marimba_and_xylophone
2af77e7f.wav,Bus Car_passing_by Motorcycle
2b160bb2.wav,Finger_snapping Crackle Shatter
2b2613d8.wav,Drawer_open_or_close Toilet_flush Waves_and_surf
2b6ee441.wav,Shatter Writing Chewing_and_mastication
2b95327b.wav,Car_passing_by Gong Mechanical_fan
2b9ca464.wav,Knock Gurgling Walk_and_footsteps
2bab5b09.wav,Gurgling Walk_and_footsteps Drawer_open_or_close
2bb1503c.wav,Accordion Gasp Microwave_oven
2bbf558e.wav,Finger_snapping Shatter Scissors
2be779a7.wav,Printer Drawer_open_or_close Cupboard_open_or_close
2c010e00.wav,Knock Buzz Bass_drum
2c2a3c77.wav,Tick-tock Printer Toilet_flush
2c2d400b.wav,Shatter Cutlery_and_silverware Keys_jangling
2c39bb30.wav,Church_bell Gong Chink_and_clink
2c3a44f2.wav,Bathtub_(filling_or_washing) Toilet_flush Trickle_and_dribble
2c7a5078.wav,Bus Church_bell Bark
2c809d4f.wav,Writing Drawer_open_or_close Run
2c8b8812.wav,Run Chewing_and_mastication Computer_keyboard
2c924848.wav,Microwave_oven Accelerating_and_revving_and_vroom Bus
2cc7f972.wav,Bass_guitar Bass_drum Knock
2cd526f7.wav,Slam Microwave_oven Cupboard_open_or_close
2cdfa8c1.wav,Drawer_open_or_close Waves_and_surf Toilet_flush
2cf4955c.wav,Waves_and_surf Toilet_flush Printer
2cfdaecd.wav,Frying_(food) Shatter Hiss
2d0863b7.wav,Toilet_flush Bus Skateboard
2d09c7ca.wav,Microwave_oven Printer Meow
2d15ca77.wav,Drawer_open_or_close Microwave_oven Raindrop
2d209c25.wav,Knock Tap Run
2d21dbf4.wav,Purr Motorcycle Accelerating_and_revving_and_vroom
2d455ed9.wav,Shatter Chewing_and_mastication Scissors
2d4961a8.wav,Buzz Toilet_flush Drawer_open_or_close
2d4a0250.wav,Burping_and_eructation Male_speech_and_man_speaking Fart
2d56c2ae.wav,Shatter Cutlery_and_silverware Microwave_oven
2d5dcc5d.wav,Knock Burping_and_eructation Cupboard_open_or_close
2d666c1d.wav,Glockenspiel Gong Church_bell
2d6d99d4.wav,Gasp Sneeze Bark
2d7218f8.wav,Bark Screaming Skateboard
2d7ae271.wav,Male_singing Male_speech_and_man_speaking Motorcycle
2d8135cc.wav,Skateboard Waves_and_surf Toilet_flush
2d88fa59.wav,Clapping Tap Chink_and_clink
2da4c729.wav,Mechanical_fan Cricket Gong
2db579cb.wav,Tap Clapping Finger_snapping
2db63f0d.wav,Writing Whispering Walk_and_footsteps
2dd2a6bf.wav,Waves_and_surf Car_passing_by Stream
2df0cf1f.wav,Burping_and_eructation Zipper_(clothing) Gurgling
2df1f901.wav,Walk_and_footsteps Run Skateboard
2dfd32a3.wav,Run Zipper_(clothing) Motorcycle
2e61e614.wav,Zipper_(clothing) Child_speech_and_kid_speaking Male_singing
2e820b05.wav,Meow Microwave_oven Squeak
2e8b4709.wav,Female_speech_and_woman_speaking Electric_guitar Male_speech_and_man_speaking
2e9ced66.wav,Raindrop Tick-tock Skateboard
2ea33689.wav,Harmonica Traffic_noise_and_roadway_noise Accordion
2eade3e1.wav,Church_bell Female_singing Traffic_noise_and_roadway_noise
2eb3002c.wav,Meow Glockenspiel Harmonica
2eb51f57.wav,Glockenspiel Marimba_and_xylophone Chink_and_clink
2ed9ce69.wav,Gasp Bark Gong
2edb4142.wav,Toilet_flush Stream Frying_(food)
2ee3ef28.wav,Male_speech_and_man_speaking Female_speech_and_woman_speaking Sigh
2ee9f139.wav,Male_speech_and_man_speaking Burping_and_eructation Electric_guitar
2eeb7f35.wav,Meow Female_singing Screaming
2eec6eda.wav,Chink_and_clink Gong Marimba_and_xylophone
2f00863c.wav,Marimba_and_xylophone Gong Bass_drum
2f14d3b3.wav,Bass_drum Drawer_open_or_close Hi-hat
2f2ab304.wav,Race_car_and_auto_racing Gong Screaming
2f41afe1.wav,Motorcycle Bass_guitar Marimba_and_xylophone
2f529eb8.wav,Frying_(food) Stream Bathtub_(filling_or_washing)
2f5cbf20.wav,Microwave_oven Slam Drawer_open_or_close
2f6331aa.wav,Sneeze Gasp Female_speech_and_woman_speaking
2f643c50.wav,Gasp Writing Scissors
2f785877.wav,Bass_drum Knock Buzz
2f84c8e9.wav,Mechanical_fan Cricket Buzz
2f8dd247.wav,Bus Car_passing_by Traffic_noise_and_roadway_noise
2f94fca3.wav,Burping_and_eructation Trickle_and_dribble Cutlery_and_silverware
2fa1cc09.wav,Finger_snapping Tap Shatter
2fc6ede8.wav,Knock Tap Cupboard_open_or_close
2fe3ae63.wav,Computer_keyboard Raindrop Shatter
2ffd2145.wav,Child_speech_and_kid_speaking Electric_guitar Female_speech_and_woman_speaking
3011c55b.wav,Accordion Female_singing Buzz
3012731a.wav,Skateboard Slam Drawer_open_or_close
302f4eb8.wav,Glockenspiel Marimba_and_xylophone Harmonica
303d4668.wav,Bicycle_bell Chirp_and_tweet Cricket
304d8a8e.wav,Church_bell Electric_guitar Traffic_noise_and_roadway_noise
304f25f4.wav,Tick-tock Printer Toilet_flush
3052fe86.wav,Buzz Church_bell Gong
3061e8d1.wav,Screaming Meow Accelerating_and_revving_and_vroom
309169fa.wav,Female_speech_and_woman_speaking Male_speech_and_man_speaking Child_speech_and_kid_speaking
30960f70.wav,Gong Church_bell Harmonica
309eea85.wav,Female_singing Traffic_noise_and_roadway_noise Accordion
30ac78a6.wav,Glockenspiel Marimba_and_xylophone Chink_and_clink
30d1840b.wav,Keys_jangling Chewing_and_mastication Shatter
30dc07a7.wav,Bass_drum Buzz Knock
30e1162a.wav,Female_singing Meow Child_speech_and_kid_speaking
30e40cc3.wav,Gasp Child_speech_and_kid_speaking Female_singing
30f7577e.wav,Car_passing_by Waves_and_surf Gong
30f8ba51.wav,Purr Bass_guitar Bass_drum
3102ff8d.wav,Crackle Chewing_and_mastication Purr
311fcc0d.wav,Chirp_and_tweet Squeak Bicycle_bell
3129e5b4.wav,Bass_drum Cupboard_open_or_close Knock
312c730c.wav,Hiss Bathtub_(filling_or_washing) Toilet_flush
312e1179.wav,Bathtub_(filling_or_washing) Bicycle_bell Hiss
312e698e.wav,Mechanical_fan Bass_guitar Microwave_oven
31312cda.wav,Sigh Gasp Microwave_oven
3134c1f5.wav,Chewing_and_mastication Keys_jangling Crackle
31452d93.wav,Bus Car_passing_by Traffic_noise_and_roadway_noise
314a8107.wav,Sigh Gasp Whispering
3174521f.wav,Microwave_oven Slam Drawer_open_or_close
3177529f.wav,Zipper_(clothing) Chewing_and_mastication Writing
317e5fda.wav,Toilet_flush Whispering Waves_and_surf
3190ca46.wav,Cricket Bicycle_bell Bathtub_(filling_or_washing)
31ab1bc4.wav,Burping_and_eructation Bark Whispering
31b883cb.wav,Burping_and_eructation Skateboard Cutlery_and_silverware
31bf8f6c.wav,Bark Female_singing Church_bell
31c60809.wav,Finger_snapping Scissors Shatter
31c7a683.wav,Chirp_and_tweet Bicycle_bell Hiss
31cfaf7c.wav,Sneeze Whispering Printer
31ea3391.wav,Gong Accelerating_and_revving_and_vroom Race_car_and_auto_racing
31f4d839.wav,Knock Run Drawer_open_or_close
31fe4058.wav,Knock Tap Cupboard_open_or_close
31ff4a9f.wav,Scissors Keys_jangling Cutlery_and_silverware
320adc8a.wav,Frying_(food) Bathtub_(filling_or_washing) Bicycle_bell
320b9457.wav,Bicycle_bell Chirp_and_tweet Marimba_and_xylophone
320cb73f.wav,Toilet_flush Stream Waves_and_surf
321c61dd.wav,Finger_snapping Tap Shatter
321d7624.wav,Bass_guitar Gong Accelerating_and_revving_and_vroom
322c634e.wav,Male_singing Gasp Harmonica
3246e22c.wav,Motorcycle Zipper_(clothing) Squeak
32663622.wav,Microwave_oven Drawer_open_or_close Raindrop
3273193a.wav,Glockenspiel Meow Marimba_and_xylophone
327ff97c.wav,Scissors Keys_jangling Tick-tock
3288c908.wav,Car_passing_by Bus Church_bell
329d5f81.wav,Microwave_oven Chink_and_clink Shatter
32aaacf1.wav,Shatter Chewing_and_mastication Cutlery_and_silverware
32ad561a.wav,Church_bell Screaming Female_singing
32b66826.wav,Bark Male_speech_and_man_speaking Burping_and_eructation
32bf8f9d.wav,Skateboard Burping_and_eructation Whispering
32cce167.wav,Hiss Shatter Cutlery_and_silverware
32d21079.wav,Bicycle_bell Cutlery_and_silverware Chink_and_clink
32e0e55a.wav,Gong Bass_guitar Accelerating_and_revving_and_vroom
32f26b94.wav,Zipper_(clothing) Toilet_flush Drawer_open_or_close
330b1461.wav,Microwave_oven Drawer_open_or_close Tick-tock
3313662e.wav,Tap Finger_snapping Tick-tock
33139052.wav,Squeak Bicycle_bell Chink_and_clink
33170581.wav,Microwave_oven Meow Marimba_and_xylophone
332246f6.wav,Sigh Meow Whispering
33355c50.wav,Cricket Accelerating_and_revving_and_vroom Motorcycle
3347121c.wav,Race_car_and_auto_racing Bus Church_bell
3353d705.wav,Mechanical_fan Bus Cricket
335d2ea3.wav,Accordion Gong Female_singing
336a88c3.wav,Shatter Hi-hat Hiss
338669d9.wav,Scissors Keys_jangling Cutlery_and_silverware
33a61f8d.wav,Bass_drum Hi-hat Cupboard_open_or_close
33bc9deb.wav,Keys_jangling Cutlery_and_silverware Shatter
33c82ad4.wav,Child_speech_and_kid_speaking Bark Female_singing
33ef8393.wav,Bicycle_bell Marimba_and_xylophone Glockenspiel
33fbfca7.wav,Bicycle_bell Frying_(food) Shatter
34035cf8.wav,Bark Electric_guitar Male_speech_and_man_speaking
340d5db4.wav,Gong Buzz Marimba_and_xylophone
340da762.wav,Purr Accelerating_and_revving_and_vroom Crackle
34120253.wav,Harmonica Traffic_noise_and_roadway_noise Accordion
341efc4b.wav,Burping_and_eructation Fill_(with_liquid) Skateboard
342cc3ae.wav,Bark Female_singing Screaming
34486c7f.wav,Marimba_and_xylophone Gong Electric_guitar
34510c7a.wav,Bathtub_(filling_or_washing) Shatter Drawer_open_or_close
34512413.wav,Cutlery_and_silverware Keys_jangling Shatter
346fc59c.wav,Whispering Printer Skateboard
3474d7cd.wav,Keys_jangling Scissors Shatter
348aaf17.wav,Raindrop Keys_jangling Shatter
349e5ea7.wav,Run Clapping Skateboard
34aac2b5.wav,Female_singing Accordion Traffic_noise_and_roadway_noise
34c53320.wav,Burping_and_eructation Cutlery_and_silverware Bark
34cca3b3.wav,Bus Church_bell Race_car_and_auto_racing
34d0b2ca.wav,Yell Sneeze Child_speech_and_kid_speaking
34d4cfda.wav,Female_singing Accordion Church_bell
34dc323b.wav,Bark Male_speech_and_man_speaking Child_speech_and_kid_speaking
34e6a0de.wav,Cricket Chirp_and_tweet Keys_jangling
34f2c99d.wav,Fart Zipper_(clothing) Male_speech_and_man_speaking
34fbb318.wav,Computer_keyboard Cutlery_and_silverware Raindrop
3500ed9d.wav,Marimba_and_xylophone Knock Electric_guitar
350942d1.wav,Toilet_flush Stream Hiss
351a8abe.wav,Bus Run Church_bell
352ce267.wav,Bass_drum Cupboard_open_or_close Bass_guitar
3544797d.wav,Drawer_open_or_close Printer Walk_and_footsteps
354d467a.wav,Male_speech_and_man_speaking Child_speech_and_kid_speaking Electric_guitar
355ddeda.wav,Stream Toilet_flush Waves_and_surf
356adc0d.wav,Tick-tock Raindrop Slam
356b99de.wav,Microwave_oven Chink_and_clink Squeak
35930583.wav,Male_speech_and_man_speaking Child_speech_and_kid_speaking Female_speech_and_woman_speaking
359a6e84.wav,Accelerating_and_revving_and_vroom Clapping Screaming
35a7edad.wav,Knock Bass_drum Buzz
35a8a688.wav,Keys_jangling Chewing_and_mastication Shatter
35d5aca3.wav,Buzz Church_bell Drawer_open_or_close
35dbfd81.wav,Church_bell Race_car_and_auto_racing Bark
36027dca.wav,Bass_drum Bass_guitar Cupboard_open_or_close
361237d6.wav,Bus Female_singing Male_singing
361c9c0e.wav,Bicycle_bell Shatter Cutlery_and_silverware
3623b13a.wav,Bark Female_singing Church_bell
3626ac5a.wav,Bicycle_bell Cricket Hiss
362f92f4.wav,Female_singing Child_speech_and_kid_speaking Male_singing
366d25a7.wav,Harmonica Accordion Electric_guitar
366d6820.wav,Skateboard Toilet_flush Waves_and_surf
367ef5a8.wav,Gong Accelerating_and_revving_and_vroom Mechanical_fan
36896b31.wav,Sneeze Tick-tock Printer
368e3f09.wav,Bathtub_(filling_or_washing) Toilet_flush Shatter
36b92bec.wav,Hi-hat Shatter Chink_and_clink
36beb3fd.wav,Child_speech_and_kid_speaking Yell Sneeze
36c459de.wav,Screaming Church_bell Accelerating_and_revving_and_vroom
36dfae4f.wav,Knock Skateboard Walk_and_footsteps
36fe695f.wav,Drawer_open_or_close Slam Microwave_oven
37053a90.wav,Mechanical_fan Bass_guitar Buzz
370eaa84.wav,Church_bell Female_singing Bark
37155f3a.wav,Race_car_and_auto_racing Screaming Gong
37790f99.wav,Frying_(food) Stream Bathtub_(filling_or_washing)
378216b2.wav,Car_passing_by Mechanical_fan Traffic_noise_and_roadway_noise
37856035.wav,Skateboard Clapping Toilet_flush
3792237d.wav,Motorcycle Zipper_(clothing) Car_passing_by
37941050.wav,Waves_and_surf Motorcycle Car_passing_by
379ae4e1.wav,Stream Frying_(food) Trickle_and_dribble
379b7e21.wav,Burping_and_eructation Skateboard Fill_(with_liquid)
379c063d.wav,Skateboard Burping_and_eructation Whispering
37a1946c.wav,Run Walk_and_footsteps Knock
37a7927f.wav,Knock Cupboard_open_or_close Tap
37c95c1c.wav,Child_speech_and_kid_speaking Female_singing Yell
37ccc1ea.wav,Hiss Bicycle_bell Bathtub_(filling_or_washing)
37d609aa.wav,Trickle_and_dribble Chewing_and_mastication Bathtub_(filling_or_washing)
37dc178a.wav,Hiss Scissors Bathtub_(filling_or_washing)
37f5f0d8.wav,Buzz Church_bell Cricket
382587b8.wav,Hiss Bathtub_(filling_or_washing) Finger_snapping
382cd8c5.wav,Drawer_open_or_close Slam Microwave_oven
38368c9b.wav,Knock Clapping Marimba_and_xylophone
384b0ff2.wav,Marimba_and_xylophone Electric_guitar Gong
38544190.wav,Knock Run Computer_keyboard
38558ab1.wav,Burping_and_eructation Fart Male_speech_and_man_speaking
3858d281.wav,Electric_guitar Burping_and_eructation Printer
385e8b0f.wav,Knock Tap Computer_keyboard
38636d71.wav,Yell Screaming Harmonica
38669440.wav,Tick-tock Raindrop Computer_keyboard
387014ab.wav,Toilet_flush Stream Waves_and_surf
3876c193.wav,Gasp Child_speech_and_kid_speaking Sneeze
388f70a5.wav,Gong Car_passing_by Race_car_and_auto_racing
38b9ff18.wav,Child_speech_and_kid_speaking Electric_guitar Printer
38d29a00.wav,Run Computer_keyboard Knock
38d378d8.wav,Bus Car_passing_by Race_car_and_auto_racing
38d50e59.wav,Cutlery_and_silverware Keys_jangling Shatter
38d5d026.wav,Meow Child_speech_and_kid_speaking Zipper_(clothing)
38e43355.wav,Harmonica Female_singing Gasp
38ea5df2.wav,Buzz Hi-hat Whispering
38f6aa5e.wav,Screaming Church_bell Clapping
38fea590.wav,Female_singing Church_bell Bark
390789a8.wav,Skateboard Burping_and_eructation Toilet_flush
390995ef.wav,Shatter Bicycle_bell Cutlery_and_silverware
39189c31.wav,Bark Race_car_and_auto_racing Bus
391fbd47.wav,Tap Tick-tock Microwave_oven
392e88d7.wav,Mechanical_fan Cricket Bus
3939b821.wav,Tap Tick-tock Marimba_and_xylophone
39467410.wav,Church_bell Female_singing Bark
394b8ce2.wav,Run Computer_keyboard Drawer_open_or_close
395de76a.wav,Hiss Bicycle_bell Chirp_and_tweet
395df625.wav,Burping_and_eructation Fart Cutlery_and_silverware
396d793f.wav,Writing Whispering Cricket
39723c0e.wav,Bark Female_singing Gong
39768e2a.wav,Male_speech_and_man_speaking Female_speech_and_woman_speaking Male_singing
3987fc79.wav,Purr Motorcycle Crackle
398b6fa6.wav,Tap Knock Clapping
399732ec.wav,Clapping Skateboard Gong
39a8ac5c.wav,Chewing_and_mastication Keys_jangling Run
39b6cc75.wav,Hiss Bathtub_(filling_or_washing) Finger_snapping
39bbcabd.wav,Printer Tick-tock Chink_and_clink
39c1f2fd.wav,Writing Run Whispering
39d1b554.wav,Whispering Drawer_open_or_close Shatter
39e1b8cc.wav,Computer_keyboard Gurgling Trickle_and_dribble
39e2f767.wav,Child_speech_and_kid_speaking Sneeze Female_singing
39e35f03.wav,Church_bell Accelerating_and_revving_and_vroom Screaming
39eb6dd5.wav,Knock Marimba_and_xylophone Tap
39f19344.wav,Gong Church_bell Car_passing_by
3a2353bb.wav,Microwave_oven Meow Bicycle_bell
3a28e28a.wav,Accelerating_and_revving_and_vroom Gong Mechanical_fan
3a2a4822.wav,Tap Clapping Knock
3a3e4b29.wav,Female_singing Church_bell Male_singing
3a49d5ed.wav,Computer_keyboard Gurgling Run
3a4cf709.wav,Harmonica Yell Screaming
3a5e6dde.wav,Drawer_open_or_close Buzz Whispering
3a66e3df.wav,Stream Frying_(food) Trickle_and_dribble
3a87c628.wav,Bicycle_bell Shatter Frying_(food)
3a885c38.wav,Knock Bass_drum Accelerating_and_revving_and_vroom
3a8b9afe.wav,Bus Waves_and_surf Mechanical_fan
3aa5b432.wav,Walk_and_footsteps Meow Whispering
3ac609e1.wav,Gong Car_passing_by Church_bell
3acbee34.wav,Meow Microwave_oven Screaming
3adfb8f0.wav,Stream Frying_(food) Toilet_flush
3ae08e83.wav,Toilet_flush Waves_and_surf Stream
3ae0ea8b.wav,Drawer_open_or_close Microwave_oven Printer
3b0a3361.wav,Car_passing_by Traffic_noise_and_roadway_noise Screaming
3b0b13f4.wav,Sneeze Printer Child_speech_and_kid_speaking
3b13f6a1.wav,Car_passing_by Skateboard Waves_and_surf
3b23ed90.wav,Finger_snapping Marimba_and_xylophone Tap
3b252939.wav,Gasp Sigh Waves_and_surf
3b277890.wav,Meow Child_speech_and_kid_speaking Zipper_(clothing)
3b382171.wav,Bark Child_speech_and_kid_speaking Male_speech_and_man_speaking
3b3c2c67.wav,Tap Clapping Finger_snapping
3b75b456.wav,Race_car_and_auto_racing Gong Car_passing_by
3b7c7f94.wav,Knock Skateboard Clapping
3bb6024f.wav,Toilet_flush Waves_and_surf Stream
3bb7c24d.wav,Slam Knock Drawer_open_or_close
3bb9a722.wav,Motorcycle Purr Accelerating_and_revving_and_vroom
3bda5fb0.wav,Gong Car_passing_by Church_bell
3bfcab18.wav,Bass_guitar Bass_drum Marimba_and_xylophone
3c0370c8.wav,Drawer_open_or_close Run Waves_and_surf
3c1b9399.wav,Car_passing_by Race_car_and_auto_racing Gong
3c20c95f.wav,Zipper_(clothing) Burping_and_eructation Fart
3c216393.wav,Buzz Drawer_open_or_close Knock
3c244ade.wav,Toilet_flush Stream Frying_(food)
3c348e5c.wav,Microwave_oven Drawer_open_or_close Bass_drum
3c35237b.wav,Bus Race_car_and_auto_racing Motorcycle
3c40f472.wav,Female_singing Bark Accordion
3c525c1f.wav,Frying_(food) Crackle Hiss
3c590143.wav,Drawer_open_or_close Walk_and_footsteps Run
3c90b11b.wav,Scissors Keys_jangling Shatter
3c95067e.wav,Toilet_flush Stream Hiss
3ca6b1a3.wav,Fill_(with_liquid) Trickle_and_dribble Stream
3caf1f70.wav,Crackle Frying_(food) Keys_jangling
3cc51361.wav,Male_speech_and_man_speaking Burping_and_eructation Electric_guitar
3cd30520.wav,Writing Whispering Drawer_open_or_close
3ce0dcd0.wav,Bicycle_bell Knock Cricket
3ce9fd74.wav,Female_singing Accordion Gasp
3cfeb0cd.wav,Stream Toilet_flush Hiss
3d07c63a.wav,Burping_and_eructation Tick-tock Bark
3d0beb6f.wav,Writing Tick-tock Printer
3d0dca90.wav,Gong Car_passing_by Church_bell
3d1d3f2b.wav,Race_car_and_auto_racing Church_bell Gong
3d27f415.wav,Glockenspiel Marimba_and_xylophone Chink_and_clink
3d287b47.wav,Drawer_open_or_close Microwave_oven Printer
3d4e1dea.wav,Male_speech_and_man_speaking Female_speech_and_woman_speaking Male_singing
3d58d893.wav,Stream Toilet_flush Waves_and_surf
3d5f899d.wav,Gong Race_car_and_auto_racing Church_bell
3d633399.wav,Bus Bark Buzz
3d7309d7.wav,Shatter Bicycle_bell Finger_snapping
3d921767.wav,Motorcycle Accelerating_and_revving_and_vroom Gong
3d9a715d.wav,Toilet_flush Stream Hiss
3db04d3f.wav,Male_speech_and_man_speaking Male_singing Electric_guitar
3db44f6c.wav,Glockenspiel Gong Chink_and_clink
3ddb4122.wav,Keys_jangling Shatter Chirp_and_tweet
3dedbba9.wav,Shatter Clapping Chink_and_clink
3df2fc0e.wav,Microwave_oven Electric_guitar Traffic_noise_and_roadway_noise
3df5c540.wav,Skateboard Tick-tock Whispering
3e230352.wav,Church_bell Race_car_and_auto_racing Screaming
3e3a6910.wav,Burping_and_eructation Fart Male_speech_and_man_speaking
3e4755ba.wav,Bass_guitar Bass_drum Electric_guitar
3e52f857.wav,Keys_jangling Scissors Shatter
3e5ce660.wav,Mechanical_fan Car_passing_by Waves_and_surf
3e656c6e.wav,Bicycle_bell Chink_and_clink Chirp_and_tweet
3e65a00d.wav,Waves_and_surf Stream Toilet_flush
3e691b83.wav,Knock Cupboard_open_or_close Tap
3e7889ed.wav,Zipper_(clothing) Male_speech_and_man_speaking Cutlery_and_silverware
3e83500f.wav,Tick-tock Printer Electric_guitar
3e9967cf.wav,Sigh Buzz Electric_guitar
3ebaff6d.wav,Motorcycle Accordion Microwave_oven
3ecc19c5.wav,Burping_and_eructation Skateboard Zipper_(clothing)
3ed6c2b5.wav,Male_speech_and_man_speaking Child_speech_and_kid_speaking Female_singing
3efc0912.wav,Screaming Church_bell Meow
3f0f92ff.wav,Clapping Tap Finger_snapping
3f15fd07.wav,Run Computer_keyboard Gurgling
3f16d9f3.wav,Gong Church_bell Accordion
3f19e53c.wav,Car_passing_by Traffic_noise_and_roadway_noise Race_car_and_auto_racing
3f1ca1bb.wav,Sigh Gasp Meow
3f29038e.wav,Male_speech_and_man_speaking Male_singing Female_speech_and_woman_speaking
3f2dbd00.wav,Drawer_open_or_close Microwave_oven Gasp
3f4f4808.wav,Waves_and_surf Run Bus
3f53a02f.wav,Drawer_open_or_close Microwave_oven Slam
3f7043d9.wav,Waves_and_surf Mechanical_fan Motorcycle
3f80cc56.wav,Buzz Church_bell Bus
3f96494a.wav,Microwave_oven Slam Clapping
3faf10be.wav,Gong Church_bell Car_passing_by
3fd4d55a.wav,Finger_snapping Marimba_and_xylophone Bass_drum
400ff09d.wav,Trickle_and_dribble Fill_(with_liquid) Stream
402e2d1b.wav,Burping_and_eructation Fart Cutlery_and_silverware
4030a4f2.wav,Buzz Waves_and_surf Whispering
4034f327.wav,Meow Screaming Printer
4037cd65.wav,Male_speech_and_man_speaking Female_speech_and_woman_speaking Child_speech_and_kid_speaking
4040f015.wav,Bass_drum Electric_guitar Drawer_open_or_close
40449ca7.wav,Chirp_and_tweet Hiss Bicycle_bell
404b54c0.wav,Run Microwave_oven Waves_and_surf
404fb677.wav,Race_car_and_auto_racing Church_bell Gong
4053b801.wav,Chirp_and_tweet Squeak Hiss
405c66af.wav,Tap Clapping Shatter
406306b6.wav,Gong Church_bell Gasp
406a1cc1.wav,Bark Gong Whispering
406ade5e.wav,Stream Toilet_flush Frying_(food)
4093913f.wav,Toilet_flush Stream Waves_and_surf
40957335.wav,Sigh Zipper_(clothing) Burping_and_eructation
4098028d.wav,Run Skateboard Chewing_and_mastication
40afd1b3.wav,Whispering Chirp_and_tweet Meow
40c1ed87.wav,Keys_jangling Chewing_and_mastication Computer_keyboard
40c50046.wav,Computer_keyboard Run Chewing_and_mastication
40d0726d.wav,Car_passing_by Motorcycle Race_car_and_auto_racing
40dd1274.wav,Church_bell Bus Traffic_noise_and_roadway_noise
40e25750.wav,Burping_and_eructation Skateboard Screaming
410837eb.wav,Male_speech_and_man_speaking Female_singing Child_speech_and_kid_speaking
410c2138.wav,Bathtub_(filling_or_washing) Hiss Frying_(food)
411993fd.wav,Hi-hat Chink_and_clink Cutlery_and_silverware
413b5427.wav,Microwave_oven Glockenspiel Screaming
41522a65.wav,Raindrop Scissors Keys_jangling
415f4c8f.wav,Chirp_and_tweet Bicycle_bell Squeak
41759973.wav,Waves_and_surf Stream Toilet_flush
419271cc.wav,Bicycle_bell Shatter Glockenspiel
4195cb1a.wav,Bicycle_bell Chink_and_clink Glockenspiel
41af688a.wav,Fart Male_speech_and_man_speaking Burping_and_eructation
41c60bba.wav,Microwave_oven Slam Cupboard_open_or_close
41cfee6d.wav,Bicycle_bell Hiss Meow
41f16193.wav,Clapping Gong Chink_and_clink
41f1ea4a.wav,Church_bell Gong Bark
41f86bc4.wav,Stream Toilet_flush Frying_(food)
4215309a.wav,Tick-tock Scissors Run
4248d196.wav,Waves_and_surf Toilet_flush Car_passing_by
42542036.wav,Traffic_noise_and_roadway_noise Microwave_oven Bus
