fname,label
000ccb97.wav,Hi-hat Cutlery_and_silverware Shatter
0012633b.wav,Motorcycle Buzz Accelerating_and_revving_and_vroom
001ed5f1.wav,Microwave_oven Slam Drawer_open_or_close
00294be0.wav,Purr Zipper_(clothing) Crackle
003fde7a.wav,Bicycle_bell Hi-hat Marimba_and_xylophone
0040ccc9.wav,Buzz Microwave_oven Knock
0046b732.wav,Whispering Meow Zipper_(clothing)
004f3bbc.wav,Bass_guitar Accelerating_and_revving_and_vroom Motorcycle
00526050.wav,Bass_drum Tap Knock
00559da4.wav,Writing Zipper_(clothing) Whispering
00582bbe.wav,Knock Tap Run
0064aedf.wav,Tick-tock Keys_jangling Microwave_oven
0065512b.wav,Sigh Car_passing_by Waves_and_surf
006a91d2.wav,Stream Waves_and_surf Toilet_flush
006ea9ee.wav,Acoustic_guitar Gong Bass_guitar
006f9dca.wav,Frying_(food) Bathtub_(filling_or_washing) Trickle_and_dribble
007450dc.wav,Screaming Harmonica Accordion
00979c8a.wav,Purr Zipper_(clothing) Motorcycle
00992464.wav,Bathtub_(filling_or_washing) Raindrop Gurgling
00b44a8a.wav,Keys_jangling Writing Cutlery_and_silverware
00bfaaaf.wav,Screaming Harmonica Gasp
00cf9680.wav,Hiss Bathtub_(filling_or_washing) Scissors
00eae94d.wav,Shatter Keys_jangling Cutlery_and_silverware
011ec5b8.wav,Microwave_oven Drawer_open_or_close Slam
013200dc.wav,Fart Crackle Chewing_and_mastication
01440c2e.wav,Meow Accordion Harmonica
01567a3d.wav,Microwave_oven Slam Tick-tock
0163d203.wav,Knock Purr Accelerating_and_revving_and_vroom
017c24b2.wav,Meow Screaming Marimba_and_xylophone
01a992c5.wav,Cricket Stream Chirp_and_tweet
01b1d976.wav,Finger_snapping Scissors Tap
01c1c371.wav,Whispering Writing Zipper_(clothing)
01cf8354.wav,Child_speech_and_kid_speaking Bark Burping_and_eructation
01d2c640.wav,Writing Keys_jangling Chewing_and_mastication
01d69423.wav,Run Knock Walk_and_footsteps
01e9170b.wav,Harmonica Accordion Traffic_noise_and_roadway_noise
01f2901a.wav,Frying_(food) Crackle Trickle_and_dribble
020b1fdf.wav,Microwave_oven Church_bell Car_passing_by
021457df.wav,Scissors Crackle Raindrop
02173589.wav,Church_bell Gong Harmonica
021ac082.wav,Stream Toilet_flush Frying_(food)
02200884.wav,Scissors Keys_jangling Raindrop
02213278.wav,Scissors Crackle Chink_and_clink
022e3b2c.wav,Zipper_(clothing) Crackle Gurgling
023081f2.wav,Glockenspiel Marimba_and_xylophone Bicycle_bell
02596541.wav,Glockenspiel Marimba_and_xylophone Drawer_open_or_close
0289b79b.wav,Zipper_(clothing) Sigh Chewing_and_mastication
028cf9db.wav,Female_singing Bark Chink_and_clink
028d26f7.wav,Cutlery_and_silverware Shatter Keys_jangling
02ab2a72.wav,Bark Bus Toilet_flush
02c02ec1.wav,Church_bell Traffic_noise_and_roadway_noise Harmonica
02ce28a1.wav,Car_passing_by Mechanical_fan Bus
02d01f40.wav,Keys_jangling Cutlery_and_silverware Scissors
02da7457.wav,Frying_(food) Crackle Trickle_and_dribble
02e17633.wav,Drawer_open_or_close Printer Slam
02e8059d.wav,Bass_guitar Zipper_(clothing) Crackle
02f71319.wav,Hi-hat Marimba_and_xylophone Gong
03090fb0.wav,Marimba_and_xylophone Microwave_oven Stream
03162c23.wav,Bus Mechanical_fan Waves_and_surf
032f518c.wav,Sigh Electric_guitar Buzz
03300fcb.wav,Marimba_and_xylophone Gong Sigh
035dd895.wav,Waves_and_surf Skateboard Toilet_flush
03754ab4.wav,Bathtub_(filling_or_washing) Toilet_flush Frying_(food)
037b47c4.wav,Bark Gasp Child_speech_and_kid_speaking
03887635.wav,Raindrop Tick-tock Hi-hat
03931594.wav,Male_speech_and_man_speaking Zipper_(clothing) Whispering
039d2821.wav,Male_speech_and_man_speaking Female_speech_and_woman_speaking Male_singing
03a47c4a.wav,Shatter Bicycle_bell Hi-hat
03b80975.wav,Waves_and_surf Stream Toilet_flush
03c5e8d0.wav,Female_speech_and_woman_speaking Bass_drum Marimba_and_xylophone
03fe2971.wav,Tap Marimba_and_xylophone Tick-tock
04008bb5.wav,Cutlery_and_silverware Hi-hat Shatter
040c5c0c.wav,Male_speech_and_man_speaking Printer Whispering
041cff59.wav,Printer Child_speech_and_kid_speaking Marimba_and_xylophone
042b07a4.wav,Church_bell Gong Bark
042b542f.wav,Bus Mechanical_fan Microwave_oven
04308d8d.wav,Burping_and_eructation Skateboard Gurgling
04355ea8.wav,Female_speech_and_woman_speaking Male_speech_and_man_speaking Child_speech_and_kid_speaking
0442a617.wav,Harmonica Meow Screaming
0443f812.wav,Shatter Cupboard_open_or_close Sneeze
04441d5b.wav,Cupboard_open_or_close Drawer_open_or_close Sneeze
0453bb71.wav,Bark Buzz Bus
04702c1c.wav,Sigh Gasp Harmonica
047ba0e1.wav,Scissors Keys_jangling Chewing_and_mastication
04877d29.wav,Gong Microwave_oven Car_passing_by
048c3418.wav,Skateboard Waves_and_surf Walk_and_footsteps
04a5c9eb.wav,Bus Bark Buzz
04ad8e52.wav,Frying_(food) Stream Bathtub_(filling_or_washing)
04af82d9.wav,Shatter Cutlery_and_silverware Chink_and_clink
04b1558a.wav,Trickle_and_dribble Chewing_and_mastication Gurgling
04de7b9a.wav,Keys_jangling Trickle_and_dribble Chewing_and_mastication
04e8bf2a.wav,Drawer_open_or_close Slam Printer
04f004fe.wav,Marimba_and_xylophone Walk_and_footsteps Knock
04f48f10.wav,Marimba_and_xylophone Raindrop Knock
0506eee8.wav,Gong Microwave_oven Church_bell
050eb97f.wav,Female_singing Bark Bus
051bda9a.wav,Bus Waves_and_surf Printer
057a3c2e.wav,Zipper_(clothing) Printer Meow
057c13c8.wav,Female_singing Bus Toilet_flush
058a4a79.wav,Accordion Male_singing Child_speech_and_kid_speaking
058ec864.wav,Hi-hat Bicycle_bell Hiss
05af19b1.wav,Bark Church_bell Male_singing
05c881c4.wav,Frying_(food) Stream Bathtub_(filling_or_washing)
05d775e9.wav,Stream Hiss Bathtub_(filling_or_washing)
05dae80d.wav,Printer Electric_guitar Child_speech_and_kid_speaking
05e34a55.wav,Frying_(food) Bathtub_(filling_or_washing) Stream
05edaa47.wav,Child_speech_and_kid_speaking Zipper_(clothing) Sneeze
060b802f.wav,Harmonica Yell Traffic_noise_and_roadway_noise
060d2d47.wav,Slam Cupboard_open_or_close Microwave_oven
062e94dd.wav,Marimba_and_xylophone Chink_and_clink Glockenspiel
06345241.wav,Screaming Meow Harmonica
0648b115.wav,Sigh Hi-hat Gong
06526954.wav,Scissors Chewing_and_mastication Microwave_oven
065b49ec.wav,Meow Sigh Whispering
06604d51.wav,Sneeze Yell Child_speech_and_kid_speaking
068b717f.wav,Bark Gasp Child_speech_and_kid_speaking
069b2f91.wav,Burping_and_eructation Motorcycle Male_singing
069f3ce5.wav,Yell Child_speech_and_kid_speaking Male_speech_and_man_speaking
06a23eb9.wav,Sigh Gasp Harmonica
06c34152.wav,Motorcycle Waves_and_surf Hiss
06feb5cf.wav,Accordion Motorcycle Bark
0718ce8d.wav,Waves_and_surf Skateboard Run
07295dd0.wav,Bass_drum Cupboard_open_or_close Knock
072ee4b2.wav,Scissors Bathtub_(filling_or_washing) Chewing_and_mastication
074cbe2b.wav,Meow Chirp_and_tweet Bicycle_bell
07502956.wav,Finger_snapping Scissors Tap
07603ad3.wav,Bus Church_bell Car_passing_by
07670752.wav,Frying_(food) Crackle Chewing_and_mastication
077f270d.wav,Hi-hat Tap Chink_and_clink
0782d022.wav,Meow Screaming Yell
078464b8.wav,Bathtub_(filling_or_washing) Stream Hiss
07a82fbe.wav,Knock Tap Marimba_and_xylophone
07bca33c.wav,Hi-hat Tap Cutlery_and_silverware
07da8ebf.wav,Harmonica Bus Yell
07dff283.wav,Drawer_open_or_close Skateboard Walk_and_footsteps
07f965a0.wav,Stream Toilet_flush Waves_and_surf
07fa6e7e.wav,Burping_and_eructation Fart Skateboard
08087580.wav,Stream Waves_and_surf Toilet_flush
0814db2b.wav,Harmonica Meow Accordion
0815543c.wav,Burping_and_eructation Fart Cutlery_and_silverware
081d6520.wav,Keys_jangling Shatter Cutlery_and_silverware
081f2b5a.wav,Bass_guitar Bass_drum Zipper_(clothing)
0824bbdb.wav,Shatter Cutlery_and_silverware Bicycle_bell
08272d1c.wav,Cricket Buzz Motorcycle
08278440.wav,Burping_and_eructation Fart Sigh
0837e041.wav,Gurgling Chewing_and_mastication Meow
08390e01.wav,Frying_(food) Bathtub_(filling_or_washing) Cricket
083cc652.wav,Female_singing Gasp Child_speech_and_kid_speaking
08458ab2.wav,Purr Crackle Zipper_(clothing)
0849057f.wav,Female_speech_and_woman_speaking Male_speech_and_man_speaking Child_speech_and_kid_speaking
084e5784.wav,Child_speech_and_kid_speaking Gong Electric_guitar
085f174a.wav,Hiss Accelerating_and_revving_and_vroom Sigh
0865816c.wav,Knock Tap Cupboard_open_or_close
086ce4a5.wav,Electric_guitar Harmonica Church_bell
086ebb95.wav,Microwave_oven Bus Car_passing_by
08810dd4.wav,Writing Computer_keyboard Run
08b06642.wav,Screaming Gasp Harmonica
08b2d04c.wav,Accordion Gasp Sigh
08bc3e2d.wav,Bus Car_passing_by Church_bell
08d46566.wav,Keys_jangling Scissors Chewing_and_mastication
08d4acca.wav,Bass_guitar Marimba_and_xylophone Gong
08d5d316.wav,Car_passing_by Waves_and_surf Traffic_noise_and_roadway_noise
08dfe75d.wav,Crackle Purr Bass_drum
08eb3a69.wav,Zipper_(clothing) Gurgling Writing
08f36895.wav,Drawer_open_or_close Walk_and_footsteps Skateboard
08facc12.wav,Tick-tock Raindrop Microwave_oven
090cc523.wav,Trickle_and_dribble Fill_(with_liquid) Keys_jangling
091fa206.wav,Burping_and_eructation Waves_and_surf Gurgling
092d8e54.wav,Crackle Tap Run
094761b8.wav,Female_singing Bark Electric_guitar
0963270d.wav,Tick-tock Keys_jangling Bass_drum
0992b95a.wav,Crackle Purr Zipper_(clothing)
0997968e.wav,Stream Waves_and_surf Toilet_flush
09a67356.wav,Purr Motorcycle Zipper_(clothing)
09d085e3.wav,Bus Car_passing_by Church_bell
0a31c905.wav,Stream Frying_(food) Toilet_flush
0a3c2351.wav,Microwave_oven Meow Chirp_and_tweet
0a4d3800.wav,Purr Crackle Zipper_(clothing)
0a4ff0fb.wav,Sneeze Writing Zipper_(clothing)
0a56e261.wav,Marimba_and_xylophone Tap Glockenspiel
0a64010f.wav,Meow Yell Child_speech_and_kid_speaking
0a683136.wav,Bass_guitar Gong Microwave_oven
0a6e6889.wav,Gong Marimba_and_xylophone Buzz
0a8e1630.wav,Tap Crackle Bass_drum
0a950c32.wav,Race_car_and_auto_racing Motorcycle Gong
0aee7a2a.wav,Stream Hiss Waves_and_surf
0af7446d.wav,Bicycle_bell Meow Glockenspiel
0b1503e8.wav,Shatter Cupboard_open_or_close Hiss
0b33d746.wav,Church_bell Traffic_noise_and_roadway_noise Meow
0b4819f1.wav,Tick-tock Microwave_oven Tap
0b5c6535.wav,Whispering Zipper_(clothing) Scissors
0b73077e.wav,Female_singing Bark Bus
0b9e93e6.wav,Waves_and_surf Writing Chewing_and_mastication
0ba7fe6b.wav,Bass_drum Cupboard_open_or_close Bass_guitar
0bacb61b.wav,Glockenspiel Bicycle_bell Marimba_and_xylophone
0bb86b6c.wav,Burping_and_eructation Cupboard_open_or_close Cutlery_and_silverware
0bbe8308.wav,Knock Clapping Tap
0bc36580.wav,Bark Gasp Sigh
0bc7822a.wav,Cutlery_and_silverware Scissors Keys_jangling
0bdcdfba.wav,Tick-tock Microwave_oven Printer
0bec3f54.wav,Marimba_and_xylophone Bass_drum Buzz
0c151ad3.wav,Car_passing_by Gong Church_bell
0c16f612.wav,Harmonica Bus Meow
0c32d940.wav,Child_speech_and_kid_speaking Female_singing Female_speech_and_woman_speaking
0c390f3c.wav,Burping_and_eructation Fart Cutlery_and_silverware
0c3b2573.wav,Drawer_open_or_close Toilet_flush Printer
0c5ba768.wav,Finger_snapping Tap Whispering
0c698ef7.wav,Hiss Bathtub_(filling_or_washing) Scissors
0c8d9148.wav,Finger_snapping Scissors Shatter
0c8def18.wav,Microwave_oven Bus Car_passing_by
0c949702.wav,Tick-tock Bus Printer
0cb33d03.wav,Whispering Shatter Hiss
0cb4cde3.wav,Tick-tock Printer Drawer_open_or_close
0cdddb37.wav,Buzz Knock Microwave_oven
0ce84f9b.wav,Microwave_oven Mechanical_fan Bus
0cfe3f96.wav,Raindrop Marimba_and_xylophone Tick-tock
0d000cd7.wav,Gasp Child_speech_and_kid_speaking Meow
0d1b11e0.wav,Gasp Sigh Zipper_(clothing)
0d2230eb.wav,Cricket Whispering Toilet_flush
0d2707f4.wav,Glockenspiel Marimba_and_xylophone Bicycle_bell
0d34341d.wav,Bus Microwave_oven Mechanical_fan
0d3dc96c.wav,Printer Whispering Cupboard_open_or_close
0d507c20.wav,Church_bell Hiss Harmonica
0d540ee1.wav,Chewing_and_mastication Keys_jangling Scissors
0d5516ef.wav,Bicycle_bell Meow Electric_guitar
0d6564bb.wav,Female_singing Yell Child_speech_and_kid_speaking
0d673a8c.wav,Sigh Child_speech_and_kid_speaking Electric_guitar
0d74277e.wav,Bus Mechanical_fan Waves_and_surf
0d8d7af9.wav,Computer_keyboard Tap Clapping
0d8e2166.wav,Bathtub_(filling_or_washing) Scissors Tick-tock
0d8f3f54.wav,Cupboard_open_or_close Bass_drum Knock
0d9caeeb.wav,Male_singing Waves_and_surf Buzz
0da3d582.wav,Writing Whispering Sneeze
0dc06757.wav,Chewing_and_mastication Female_singing Gurgling
0dc813d8.wav,Keys_jangling Crackle Chewing_and_mastication
0dce3e5f.wav,Trickle_and_dribble Computer_keyboard Fill_(with_liquid)
0dcf1534.wav,Car_passing_by Bus Waves_and_surf
0dda644b.wav,Bathtub_(filling_or_washing) Toilet_flush Fill_(with_liquid)
0ddd0393.wav,Slam Drawer_open_or_close Microwave_oven
0de2a4b2.wav,Male_speech_and_man_speaking Female_speech_and_woman_speaking Male_singing
0de4fc92.wav,Gong Church_bell Marimba_and_xylophone
0df1484c.wav,Purr Zipper_(clothing) Motorcycle
0e18c7d2.wav,Hiss Bathtub_(filling_or_washing) Scissors
0e3e2590.wav,Electric_guitar Church_bell Bus
0e4be6a4.wav,Church_bell Gong Car_passing_by
0e6552c7.wav,Crackle Scissors Tap
0e70a285.wav,Bathtub_(filling_or_washing) Hiss Scissors
0e7f5c7e.wav,Waves_and_surf Toilet_flush Zipper_(clothing)
0e9e941b.wav,Gurgling Waves_and_surf Toilet_flush
0ea99bf4.wav,Harmonica Sneeze Screaming
0eaf6d60.wav,Gasp Child_speech_and_kid_speaking Screaming
0ec7e315.wav,Bass_guitar Mechanical_fan Gong
0ed20fe2.wav,Waves_and_surf Toilet_flush Stream
0ee80cb7.wav,Female_singing Female_speech_and_woman_speaking Yell
0ef6fb07.wav,Keys_jangling Cutlery_and_silverware Shatter
0f07f15f.wav,Crackle Zipper_(clothing) Tap
0f08a4c8.wav,Knock Purr Bass_drum
0f096853.wav,Buzz Microwave_oven Bus
0f1ab7b0.wav,Tap Crackle Finger_snapping
0f3fe29d.wav,Stream Toilet_flush Waves_and_surf
0f50ef2b.wav,Waves_and_surf Hiss Toilet_flush
0f61907d.wav,Marimba_and_xylophone Bass_guitar Electric_guitar
0f663341.wav,Buzz Waves_and_surf Printer
0f81d5bc.wav,Run Keys_jangling Shatter
0faf5b2e.wav,Microwave_oven Bus Church_bell
0fc07a52.wav,Keys_jangling Chewing_and_mastication Scissors
0fc6a683.wav,Stream Frying_(food) Toilet_flush
0fccb2e5.wav,Shatter Hiss Cutlery_and_silverware
0fd91890.wav,Tick-tock Computer_keyboard Tap
0fdb30c1.wav,Knock Run Cupboard_open_or_close
0fed6565.wav,Whispering Chirp_and_tweet Meow
0ff0e483.wav,Yell Child_speech_and_kid_speaking Female_speech_and_woman_speaking
0fffc208.wav,Sigh Sneeze Clapping
100e123a.wav,Harmonica Traffic_noise_and_roadway_noise Toilet_flush
100faf3f.wav,Cricket Chirp_and_tweet Printer
101b2011.wav,Finger_snapping Scissors Marimba_and_xylophone
10234fef.wav,Bass_drum Cupboard_open_or_close Knock
10236f0e.wav,Fart Zipper_(clothing) Male_speech_and_man_speaking
102fb14f.wav,Bass_guitar Gong Marimba_and_xylophone
1052e52b.wav,Burping_and_eructation Fill_(with_liquid) Cupboard_open_or_close
105460cd.wav,Race_car_and_auto_racing Bus Church_bell
10678d21.wav,Shatter Cutlery_and_silverware Keys_jangling
107f3deb.wav,Drawer_open_or_close Microwave_oven Slam
10811159.wav,Clapping Run Computer_keyboard
10a1aa40.wav,Zipper_(clothing) Meow Squeak
10a7b8f3.wav,Glockenspiel Microwave_oven Marimba_and_xylophone
10acf1b6.wav,Hiss Cricket Frying_(food)
10c170b1.wav,Bicycle_bell Whispering Chirp_and_tweet
10d026e9.wav,Knock Cupboard_open_or_close Bass_drum
10d94568.wav,Child_speech_and_kid_speaking Male_singing Meow
10e6a6ac.wav,Hiss Shatter Hi-hat
10e6db66.wav,Burping_and_eructation Cupboard_open_or_close Fart
10e92421.wav,Hiss Hi-hat Motorcycle
10f58e51.wav,Bus Electric_guitar Mechanical_fan
11071bad.wav,Microwave_oven Marimba_and_xylophone Tap
111f9431.wav,Printer Waves_and_surf Toilet_flush
112bdb70.wav,Bicycle_bell Glockenspiel Marimba_and_xylophone
113290e8.wav,Writing Shatter Walk_and_footsteps
1142def0.wav,Bathtub_(filling_or_washing) Shatter Frying_(food)
1147c12b.wav,Microwave_oven Chirp_and_tweet Marimba_and_xylophone
1158e587.wav,Keys_jangling Cutlery_and_silverware Scissors
11641eb8.wav,Trickle_and_dribble Stream Skateboard
1167b492.wav,Knock Tap Run
1172c5fb.wav,Female_singing Bus Church_bell
117358df.wav,Crackle Shatter Zipper_(clothing)
1175ac74.wav,Shatter Cupboard_open_or_close Keys_jangling
11b6c488.wav,Frying_(food) Trickle_and_dribble Bathtub_(filling_or_washing)
11cc8bcb.wav,Run Chewing_and_mastication Gurgling
12264142.wav,Male_speech_and_man_speaking Female_speech_and_woman_speaking Whispering
1226b0e0.wav,Clapping Run Tap
1247b7e3.wav,Glockenspiel Marimba_and_xylophone Bicycle_bell
124a286f.wav,Tick-tock Raindrop Scissors
12600be5.wav,Zipper_(clothing) Waves_and_surf Burping_and_eructation
12689530.wav,Accordion Harmonica Male_singing
126b674b.wav,Fill_(with_liquid) Trickle_and_dribble Stream
127adb78.wav,Child_speech_and_kid_speaking Female_singing Gasp
12849e29.wav,Fart Male_speech_and_man_speaking Female_speech_and_woman_speaking
128a67de.wav,Finger_snapping Marimba_and_xylophone Clapping
12bcd3ec.wav,Run Walk_and_footsteps Writing
12d3e91f.wav,Zipper_(clothing) Burping_and_eructation Male_speech_and_man_speaking
12d8c07f.wav,Gong Bus Accelerating_and_revving_and_vroom
12ddf239.wav,Car_passing_by Mechanical_fan Bus
12df81e8.wav,Chewing_and_mastication Scissors Crackle
12ee0010.wav,Bass_drum Hi-hat Slam
12fe33b6.wav,Whispering Writing Bathtub_(filling_or_washing)
130e4d2f.wav,Burping_and_eructation Skateboard Fill_(with_liquid)
13237edd.wav,Bicycle_bell Cutlery_and_silverware Chink_and_clink
134c3fea.wav,Finger_snapping Tap Scissors
134c95a2.wav,Scissors Crackle Raindrop
13694181.wav,Cupboard_open_or_close Knock Slam
13728313.wav,Church_bell Gong Car_passing_by
13ae306e.wav,Cutlery_and_silverware Keys_jangling Shatter
13cfa025.wav,Bus Church_bell Microwave_oven
13e3453c.wav,Frying_(food) Bathtub_(filling_or_washing) Stream
13e84f69.wav,Bicycle_bell Glockenspiel Marimba_and_xylophone
14096fd8.wav,Crackle Waves_and_surf Purr
142b9865.wav,Bass_guitar Bass_drum Female_speech_and_woman_speaking
1438cfd0.wav,Child_speech_and_kid_speaking Marimba_and_xylophone Bark
143e6d96.wav,Bicycle_bell Glockenspiel Meow
14416af5.wav,Sigh Whispering Sneeze
1451986d.wav,Electric_guitar Male_singing Male_speech_and_man_speaking
145a10e4.wav,Hiss Bathtub_(filling_or_washing) Cricket
146c73a3.wav,Male_singing Accordion Zipper_(clothing)
14ab7f13.wav,Drawer_open_or_close Toilet_flush Sneeze
14cbc626.wav,Knock Drawer_open_or_close Walk_and_footsteps
14d22f20.wav,Keys_jangling Shatter Cutlery_and_silverware
14e86cfb.wav,Shatter Finger_snapping Scissors
14fd704c.wav,Buzz Bark Printer
151ea709.wav,Marimba_and_xylophone Raindrop Tick-tock
15288481.wav,Buzz Bus Gong
152a4e09.wav,Bus Church_bell Buzz
153579d9.wav,Writing Chewing_and_mastication Keys_jangling
1544427c.wav,Scissors Bathtub_(filling_or_washing) Whispering
154696fd.wav,Mechanical_fan Car_passing_by Bus
156bf74f.wav,Bathtub_(filling_or_washing) Hiss Frying_(food)
156c1736.wav,Church_bell Male_singing Tick-tock
15776b9c.wav,Gurgling Chewing_and_mastication Fill_(with_liquid)
157dd023.wav,Hi-hat Cutlery_and_silverware Shatter
15849032.wav,Frying_(food) Crackle Keys_jangling
15868ee8.wav,Hiss Bathtub_(filling_or_washing) Bicycle_bell
159b8b9b.wav,Waves_and_surf Bathtub_(filling_or_washing) Toilet_flush
159d2208.wav,Zipper_(clothing) Meow Harmonica
15a78daf.wav,Gurgling Skateboard Fill_(with_liquid)
15a98fd7.wav,Bass_drum Cupboard_open_or_close Knock
15b0d4ec.wav,Glockenspiel Marimba_and_xylophone Bicycle_bell
15bcf71d.wav,Marimba_and_xylophone Bass_drum Bass_guitar
15c34c4f.wav,Crackle Shatter Scissors
15e2bcaa.wav,Harmonica Scissors Hiss
15e7bb78.wav,Keys_jangling Cutlery_and_silverware Shatter
160105ad.wav,Accordion Bus Church_bell
1604a3fa.wav,Run Knock Clapping
1606f119.wav,Knock Microwave_oven Finger_snapping
160acbb0.wav,Cricket Chirp_and_tweet Frying_(food)
165fd18a.wav,Crackle Fill_(with_liquid) Purr
166a05c0.wav,Gurgling Computer_keyboard Run
1670b964.wav,Zipper_(clothing) Gurgling Toilet_flush
167a4f00.wav,Cricket Frying_(food) Bathtub_(filling_or_washing)
168be388.wav,Meow Child_speech_and_kid_speaking Bus
16b56d33.wav,Cutlery_and_silverware Keys_jangling Shatter
16bc3f60.wav,Bathtub_(filling_or_washing) Keys_jangling Raindrop
16c7da35.wav,Stream Toilet_flush Frying_(food)
16d80f68.wav,Child_speech_and_kid_speaking Printer Electric_guitar
16e17bed.wav,Bus Race_car_and_auto_racing Car_passing_by
16f7ac14.wav,Drawer_open_or_close Whispering Buzz
16fd3589.wav,Writing Gurgling Zipper_(clothing)
17135192.wav,Bicycle_bell Chirp_and_tweet Frying_(food)
17140de5.wav,Walk_and_footsteps Run Drawer_open_or_close
171aa36c.wav,Shatter Keys_jangling Cutlery_and_silverware
17361a5c.wav,Stream Toilet_flush Fill_(with_liquid)
1751bb8a.wav,Scissors Bathtub_(filling_or_washing) Keys_jangling
1779b015.wav,Bus Mechanical_fan Car_passing_by
17b6e84f.wav,Gurgling Writing Drawer_open_or_close
17c4b25f.wav,Car_passing_by Waves_and_surf Traffic_noise_and_roadway_noise
17dfb6db.wav,Microwave_oven Drawer_open_or_close Slam
1802421a.wav,Car_passing_by Hi-hat Hiss
18183321.wav,Car_passing_by Bus Mechanical_fan
183948d1.wav,Skateboard Waves_and_surf Walk_and_footsteps
183fb536.wav,Marimba_and_xylophone Tick-tock Meow
1843680b.wav,Run Computer_keyboard Clapping
184aca02.wav,Frying_(food) Bathtub_(filling_or_washing) Stream
18551bc1.wav,Fart Male_speech_and_man_speaking Female_speech_and_woman_speaking
1859b7f7.wav,Scissors Keys_jangling Chewing_and_mastication
1877623e.wav,Skateboard Raindrop Knock
1889c58d.wav,Bark Gasp Child_speech_and_kid_speaking
18929e41.wav,Harmonica Meow Traffic_noise_and_roadway_noise
1899de05.wav,Cupboard_open_or_close Slam Computer_keyboard
18ace84c.wav,Sneeze Child_speech_and_kid_speaking Yell
18be000d.wav,Walk_and_footsteps Run Drawer_open_or_close
18c94757.wav,Car_passing_by Hiss Traffic_noise_and_roadway_noise
18ea2e9e.wav,Printer Waves_and_surf Toilet_flush
18fda5a4.wav,Bus Waves_and_surf Skateboard
1904f396.wav,Bathtub_(filling_or_washing) Hiss Scissors
19135157.wav,Zipper_(clothing) Meow Drawer_open_or_close
191adc5f.wav,Female_speech_and_woman_speaking Yell Child_speech_and_kid_speaking
19303d26.wav,Bus Race_car_and_auto_racing Church_bell
193a6063.wav,Tick-tock Bathtub_(filling_or_washing) Keys_jangling
1945b8ca.wav,Male_speech_and_man_speaking Printer Harmonica
19508dc0.wav,Bus Race_car_and_auto_racing Church_bell
1960e51e.wav,Keys_jangling Shatter Hi-hat
19754d94.wav,Female_singing Female_speech_and_woman_speaking Child_speech_and_kid_speaking
197ce5b2.wav,Harmonica Yell Child_speech_and_kid_speaking
199d4d12.wav,Male_speech_and_man_speaking Female_speech_and_woman_speaking Male_singing
19a7dec3.wav,Gurgling Zipper_(clothing) Chewing_and_mastication
19bb5700.wav,Bus Church_bell Bark
19c7c900.wav,Bicycle_bell Glockenspiel Marimba_and_xylophone
19d9401d.wav,Frying_(food) Motorcycle Cricket
19dcb315.wav,Tap Marimba_and_xylophone Knock
1a068a84.wav,Female_singing Male_singing Electric_guitar
1a0d1b78.wav,Car_passing_by Waves_and_surf Crowd
1a110901.wav,Stream Hiss Toilet_flush
1a1de9b9.wav,Glockenspiel Marimba_and_xylophone Drawer_open_or_close
1a1def6e.wav,Car_passing_by Traffic_noise_and_roadway_noise Crowd
1a1edda6.wav,Male_speech_and_man_speaking Yell Female_speech_and_woman_speaking
1a2580e1.wav,Purr Zipper_(clothing) Hiss
1a35ded5.wav,Frying_(food) Stream Toilet_flush
1a362723.wav,Screaming Meow Harmonica
1a44ace1.wav,Gong Bass_guitar Marimba_and_xylophone
1a51eefe.wav,Fill_(with_liquid) Trickle_and_dribble Stream
1a5c4e84.wav,Motorcycle Bus Waves_and_surf
1a606ef2.wav,Crackle Purr Frying_(food)
1a6925fa.wav,Keys_jangling Chewing_and_mastication Scissors
1a884f9e.wav,Tick-tock Computer_keyboard Scissors
1abdac69.wav,Computer_keyboard Chewing_and_mastication Run
1ac6f6f3.wav,Sigh Harmonica Meow
1acae695.wav,Car_passing_by Bus Motorcycle
1acb3d32.wav,Male_singing Buzz Accordion
1ad7f703.wav,Purr Zipper_(clothing) Run
1ae3ca16.wav,Purr Zipper_(clothing) Crackle
1aec75a6.wav,Cupboard_open_or_close Male_speech_and_man_speaking Bass_guitar
1b0687b2.wav,Zipper_(clothing) Sneeze Hiss
1b086eb7.wav,Purr Crackle Zipper_(clothing)
1b0a3884.wav,Sigh Gasp Fart
1b1d1b2d.wav,Hiss Shatter Sigh
1b3ecd82.wav,Bus Church_bell Microwave_oven
1b5b6468.wav,Whispering Sneeze Gasp
1b5daf72.wav,Sigh Harmonica Accelerating_and_revving_and_vroom
1b68d94a.wav,Meow Child_speech_and_kid_speaking Zipper_(clothing)
1ba04ecc.wav,Cutlery_and_silverware Scissors Hiss
1bc14732.wav,Whispering Chirp_and_tweet Bicycle_bell
1bcfdfb5.wav,Bass_guitar Male_speech_and_man_speaking Cupboard_open_or_close
1bd82417.wav,Gong Electric_guitar Acoustic_guitar
1be1c727.wav,Drawer_open_or_close Slam Microwave_oven
1bfd4be2.wav,Skateboard Male_speech_and_man_speaking Zipper_(clothing)
1c0e284a.wav,Stream Printer Waves_and_surf
1c0fbe4b.wav,Meow Marimba_and_xylophone Microwave_oven
1c1dd720.wav,Tick-tock Bus Male_singing
1c3bd325.wav,Clapping Drawer_open_or_close Sigh
1c699cb7.wav,Microwave_oven Bus Car_passing_by
1c6d56db.wav,Harmonica Hiss Bicycle_bell
1c77cedf.wav,Crackle Chewing_and_mastication Walk_and_footsteps
1c785226.wav,Tick-tock Clapping Tap
1c79ca96.wav,Hiss Bathtub_(filling_or_washing) Scissors
1c8369cf.wav,Zipper_(clothing) Gurgling Male_speech_and_man_speaking
1c983e19.wav,Drawer_open_or_close Zipper_(clothing) Whispering
1c9e3f10.wav,Cupboard_open_or_close Bass_drum Knock
1cc5b5f7.wav,Run Crackle Computer_keyboard
1cd55ad6.wav,Printer Toilet_flush Waves_and_surf
1cf8379b.wav,Hi-hat Shatter Hiss
1d11b910.wav,Frying_(food) Bathtub_(filling_or_washing) Keys_jangling
1d1778c4.wav,Bass_drum Cupboard_open_or_close Knock
1d1863a4.wav,Traffic_noise_and_roadway_noise Microwave_oven Bus
1d2459ce.wav,Yell Child_speech_and_kid_speaking Harmonica
1d279116.wav,Sneeze Bus Male_singing
1d33f8e1.wav,Scissors Shatter Bicycle_bell
1d4ae8ab.wav,Crackle Scissors Keys_jangling
1d58040b.wav,Meow Harmonica Child_speech_and_kid_speaking
1d6f2b16.wav,Female_singing Female_speech_and_woman_speaking Yell
1d7d2a17.wav,Mechanical_fan Gong Car_passing_by
1db41feb.wav,Accordion Glockenspiel Church_bell
1dbcd4ba.wav,Fill_(with_liquid) Stream Chewing_and_mastication
1dc3166b.wav,Burping_and_eructation Fart Gasp
1dc417cd.wav,Zipper_(clothing) Writing Scissors
1dcc4dd4.wav,Microwave_oven Gong Mechanical_fan
1de84153.wav,Microwave_oven Gong Car_passing_by
1ded5864.wav,Knock Bass_drum Purr
1def6435.wav,Zipper_(clothing) Male_speech_and_man_speaking Crackle
1dfa910d.wav,Glockenspiel Bicycle_bell Marimba_and_xylophone
1e0b81a9.wav,Electric_guitar Female_speech_and_woman_speaking Marimba_and_xylophone
1e1a72d5.wav,Meow Traffic_noise_and_roadway_noise Car_passing_by
1e1e674a.wav,Raindrop Writing Shatter
1e3763ba.wav,Meow Bicycle_bell Glockenspiel
1e3cd2f0.wav,Female_speech_and_woman_speaking Yell Child_speech_and_kid_speaking
1e6572de.wav,Harmonica Meow Church_bell
1e6e9131.wav,Meow Male_singing Zipper_(clothing)
1e6fe316.wav,Waves_and_surf Skateboard Car_passing_by
1e7b59a7.wav,Sigh Child_speech_and_kid_speaking Female_speech_and_woman_speaking
1e8a965c.wav,Mechanical_fan Motorcycle Frying_(food)
1e8fe3d2.wav,Female_singing Chewing_and_mastication Meow
1ea533ec.wav,Marimba_and_xylophone Sigh Bass_drum
1eac92a1.wav,Meow Harmonica Glockenspiel
1ec2f60d.wav,Writing Run Gurgling
1eda3d26.wav,Female_singing Screaming Electric_guitar
1f27827e.wav,Harmonica Screaming Meow
1f293888.wav,Cupboard_open_or_close Bass_drum Knock
1f3d2f22.wav,Toilet_flush Stream Waves_and_surf
1f52baf2.wav,Shatter Cutlery_and_silverware Keys_jangling
1f58cc84.wav,Accordion Male_singing Female_singing
1f63c45e.wav,Fart Zipper_(clothing) Cupboard_open_or_close
1f85a5c7.wav,Sneeze Whispering Zipper_(clothing)
1f9c1f3e.wav,Bass_guitar Gong Motorcycle
1fc0282a.wav,Crackle Scissors Frying_(food)
1fc8f9a5.wav,Bicycle_bell Microwave_oven Meow
1fd74cc3.wav,Glockenspiel Bicycle_bell Marimba_and_xylophone
1fde2c61.wav,Bus Skateboard Car_passing_by
1fe639ee.wav,Whispering Writing Printer
1fec2121.wav,Waves_and_surf Hiss Toilet_flush
1ff215f3.wav,Tick-tock Microwave_oven Printer
200b6920.wav,Drawer_open_or_close Toilet_flush Printer
2012b2f4.wav,Knock Slam Cupboard_open_or_close
201c18ee.wav,Motorcycle Skateboard Car_passing_by
20612e10.wav,Traffic_noise_and_roadway_noise Crowd Car_passing_by
2069253a.wav,Meow Male_speech_and_man_speaking Whispering
206c0a24.wav,Scissors Chewing_and_mastication Writing
20801c98.wav,Harmonica Car_passing_by Traffic_noise_and_roadway_noise
2087f937.wav,Walk_and_footsteps Drawer_open_or_close Knock
20898b89.wav,Stream Toilet_flush Frying_(food)
20b16812.wav,Bicycle_bell Shatter Cutlery_and_silverware
20c3541c.wav,Scissors Chewing_and_mastication Keys_jangling
20d2ad1c.wav,Microwave_oven Hiss Whispering
20dc6392.wav,Gurgling Chewing_and_mastication Fill_(with_liquid)
20e285c7.wav,Skateboard Waves_and_surf Car_passing_by
21102a3a.wav,Whispering Bathtub_(filling_or_washing) Hiss
2113043a.wav,Chink_and_clink Church_bell Glockenspiel
2142adda.wav,Trickle_and_dribble Raindrop Fill_(with_liquid)
21447ea7.wav,Harmonica Female_singing Traffic_noise_and_roadway_noise
21455882.wav,Stream Bathtub_(filling_or_washing) Cricket
2157612c.wav,Screaming Gasp Marimba_and_xylophone
2159eea8.wav,Meow Electric_guitar Whispering
2175b26d.wav,Bass_guitar Accelerating_and_revving_and_vroom Motorcycle
217b109a.wav,Motorcycle Car_passing_by Waves_and_surf
2189acc6.wav,Meow Electric_guitar Church_bell
218b15dc.wav,Bark Sneeze Yell
218c8907.wav,Toilet_flush Waves_and_surf Clapping
21b0c9cb.wav,Writing Run Whispering
21b24d69.wav,Knock Tap Drawer_open_or_close
21b601cd.wav,Church_bell Male_singing Traffic_noise_and_roadway_noise
21d2eb4c.wav,Writing Whispering Skateboard
21d49986.wav,Finger_snapping Bass_drum Marimba_and_xylophone
21e8d6a9.wav,Knock Cupboard_open_or_close Drawer_open_or_close
21eb5d58.wav,Waves_and_surf Frying_(food) Toilet_flush
21eca32f.wav,Raindrop Tick-tock Cutlery_and_silverware
21fa3245.wav,Cutlery_and_silverware Raindrop Tick-tock
2210c997.wav,Child_speech_and_kid_speaking Printer Meow
2216c947.wav,Purr Motorcycle Zipper_(clothing)
223032ba.wav,Stream Bathtub_(filling_or_washing) Frying_(food)
2236c850.wav,Purr Knock Crackle
223a5173.wav,Sneeze Harmonica Cupboard_open_or_close
22522048.wav,Buzz Traffic_noise_and_roadway_noise Bus
2263763d.wav,Waves_and_surf Tick-tock Printer
228a538c.wav,Scissors Computer_keyboard Keys_jangling
22a7e375.wav,Bathtub_(filling_or_washing) Marimba_and_xylophone Hiss
22b07889.wav,Burping_and_eructation Skateboard Whispering
22b6b9aa.wav,Hi-hat Cutlery_and_silverware Shatter
22c5ea2f.wav,Church_bell Traffic_noise_and_roadway_noise Bus
22c78043.wav,Child_speech_and_kid_speaking Printer Buzz
22c98028.wav,Skateboard Drawer_open_or_close Waves_and_surf
22c9b301.wav,Bus Mechanical_fan Car_passing_by
22cd860e.wav,Chewing_and_mastication Gurgling Scissors
22f22fc9.wav,Knock Tap Cupboard_open_or_close
22f2d98a.wav,Crackle Keys_jangling Scissors
2303e210.wav,Cutlery_and_silverware Shatter Raindrop
23244f49.wav,Chirp_and_tweet Whispering Meow
2327b6de.wav,Bass_drum Cupboard_open_or_close Knock
2343daa5.wav,Bus Chirp_and_tweet Buzz
235213ce.wav,Raindrop Cutlery_and_silverware Drip
235f959c.wav,Meow Marimba_and_xylophone Bus
236e7ce1.wav,Hiss Whispering Bathtub_(filling_or_washing)
23726888.wav,Glockenspiel Marimba_and_xylophone Bicycle_bell
23756062.wav,Microwave_oven Gong Car_passing_by
238b11f0.wav,Slam Cupboard_open_or_close Microwave_oven
23a07927.wav,Hiss Harmonica Bathtub_(filling_or_washing)
23a2669b.wav,Bus Printer Male_singing
23c4613e.wav,Knock Tap Clapping
23c714b5.wav,Bass_drum Knock Buzz
23d35eea.wav,Microwave_oven Drawer_open_or_close Buzz
23fabbb4.wav,Bathtub_(filling_or_washing) Frying_(food) Scissors
23fe505d.wav,Scissors Keys_jangling Computer_keyboard
2406d1de.wav,Motorcycle Accelerating_and_revving_and_vroom Car_passing_by
240e9caa.wav,Female_singing Gong Buzz
24456657.wav,Stream Toilet_flush Waves_and_surf
244a60cd.wav,Crackle Run Walk_and_footsteps
2451cad9.wav,Meow Electric_guitar Chirp_and_tweet
2451d17b.wav,Gong Marimba_and_xylophone Church_bell
245c01e6.wav,Church_bell Bus Female_singing
2462f236.wav,Microwave_oven Buzz Bus
24ae5bef.wav,Sigh Accordion Female_singing
24ce9114.wav,Male_speech_and_man_speaking Child_speech_and_kid_speaking Printer
24dda4ed.wav,Bathtub_(filling_or_washing) Hiss Stream
24ecb25d.wav,Bicycle_bell Chirp_and_tweet Glockenspiel
24f04ba5.wav,Drawer_open_or_close Walk_and_footsteps Clapping
2548960b.wav,Church_bell Traffic_noise_and_roadway_noise Bus
256d567f.wav,Scissors Chewing_and_mastication Keys_jangling
2583a54d.wav,Hiss Bathtub_(filling_or_washing) Scissors
2599ff86.wav,Meow Screaming Harmonica
259e3fa7.wav,Keys_jangling Raindrop Cutlery_and_silverware
25a8ef58.wav,Bass_drum Knock Walk_and_footsteps
25a991a1.wav,Bathtub_(filling_or_washing) Hiss Stream
25beac1d.wav,Shatter Hiss Scissors
25c32640.wav,Whispering Shatter Bathtub_(filling_or_washing)
25c8686f.wav,Burping_and_eructation Drawer_open_or_close Walk_and_footsteps
25d481d6.wav,Cupboard_open_or_close Bass_drum Knock
25e059d3.wav,Bus Car_passing_by Microwave_oven
25e23528.wav,Screaming Harmonica Electric_guitar
25e75fa8.wav,Frying_(food) Bathtub_(filling_or_washing) Keys_jangling
261cdf15.wav,Bus Mechanical_fan Traffic_noise_and_roadway_noise
262131af.wav,Bass_guitar Accelerating_and_revving_and_vroom Motorcycle
2624e8ff.wav,Sneeze Male_speech_and_man_speaking Gasp
26263cf0.wav,Marimba_and_xylophone Tap Clapping
262a7108.wav,Scissors Chewing_and_mastication Keys_jangling
262d4cca.wav,Harmonica Meow Screaming
2655ac2c.wav,Accordion Child_speech_and_kid_speaking Gasp
26a25f5d.wav,Tap Marimba_and_xylophone Clapping
26a4977c.wav,Purr Zipper_(clothing) Motorcycle
26a6c2f3.wav,Crackle Chewing_and_mastication Fill_(with_liquid)
26abfa32.wav,Run Gurgling Tap
26c001b7.wav,Stream Toilet_flush Frying_(food)
26c01e3f.wav,Child_speech_and_kid_speaking Female_singing Marimba_and_xylophone
26f921e3.wav,Finger_snapping Tap Run
2707f8b0.wav,Yell Harmonica Meow
27080c56.wav,Knock Skateboard Gurgling
271ade69.wav,Bass_guitar Gong Microwave_oven
272d95c7.wav,Toilet_flush Stream Waves_and_surf
2733bb3f.wav,Female_singing Yell Female_speech_and_woman_speaking
27446bcd.wav,Cupboard_open_or_close Bass_drum Bass_guitar
2756ca54.wav,Zipper_(clothing) Meow Male_singing
2758a116.wav,Female_singing Child_speech_and_kid_speaking Female_speech_and_woman_speaking
275e1bb6.wav,Female_speech_and_woman_speaking Female_singing Buzz
278a19ee.wav,Zipper_(clothing) Meow Male_singing
27903ab8.wav,Bathtub_(filling_or_washing) Sigh Toilet_flush
27924331.wav,Sigh Gasp Sneeze
279d4550.wav,Writing Run Tap
27a4f4a8.wav,Bus Church_bell Electric_guitar
27a8cf7f.wav,Knock Tap Run
27b8db15.wav,Motorcycle Car_passing_by Traffic_noise_and_roadway_noise
27c8eacc.wav,Writing Bass_drum Run
27ce0e90.wav,Run Computer_keyboard Chewing_and_mastication
27d07e83.wav,Bicycle_bell Cricket Chirp_and_tweet
27d43eba.wav,Waves_and_surf Stream Traffic_noise_and_roadway_noise
27df10d1.wav,Yell Female_speech_and_woman_speaking Child_speech_and_kid_speaking
27e085c0.wav,Drawer_open_or_close Knock Microwave_oven
280c07e4.wav,Harmonica Motorcycle Gong
2810d717.wav,Waves_and_surf Bathtub_(filling_or_washing) Drawer_open_or_close
28142c7d.wav,Drawer_open_or_close Printer Sneeze
28199c01.wav,Slam Cupboard_open_or_close Microwave_oven
2833e567.wav,Fill_(with_liquid) Trickle_and_dribble Stream
28383990.wav,Bicycle_bell Chink_and_clink Marimba_and_xylophone
283bc0ea.wav,Writing Keys_jangling Chewing_and_mastication
2842be8c.wav,Run Skateboard Waves_and_surf
28849a80.wav,Scissors Crackle Keys_jangling
288a89c1.wav,Church_bell Gong Microwave_oven
2894416d.wav,Writing Chewing_and_mastication Crackle
289fb0b8.wav,Scissors Crackle Run
28a2ff49.wav,Cupboard_open_or_close Slam Knock
28a9213d.wav,Computer_keyboard Gurgling Tick-tock
28d22d2e.wav,Electric_guitar Printer Cupboard_open_or_close
28d2f36f.wav,Accordion Child_speech_and_kid_speaking Harmonica
28e13187.wav,Knock Tap Cupboard_open_or_close
28e32693.wav,Bass_guitar Gong Accelerating_and_revving_and_vroom
28f49053.wav,Printer Waves_and_surf Tick-tock
28ff0651.wav,Bark Female_singing Church_bell
290e30df.wav,Fart Cupboard_open_or_close Zipper_(clothing)
292ef00f.wav,Sigh Whispering Gasp
2934735d.wav,Meow Zipper_(clothing) Child_speech_and_kid_speaking
2934d413.wav,Knock Tap Clapping
29365227.wav,Microwave_oven Printer Tick-tock
295268ea.wav,Car_passing_by Bus Church_bell
29699f09.wav,Meow Yell Harmonica
297219cc.wav,Finger_snapping Scissors Shatter
2980d500.wav,Whispering Sigh Drawer_open_or_close
29826356.wav,Shatter Writing Keys_jangling
29b0574f.wav,Gurgling Writing Run
29d72dfb.wav,Car_passing_by Mechanical_fan Motorcycle
29dd29fb.wav,Drawer_open_or_close Microwave_oven Printer
29e4880e.wav,Scissors Chewing_and_mastication Whispering
2a0893c6.wav,Bass_guitar Mechanical_fan Marimba_and_xylophone
2a0a3828.wav,Gurgling Chewing_and_mastication Run
2a484593.wav,Clapping Run Tap
2a557637.wav,Keys_jangling Cutlery_and_silverware Trickle_and_dribble
2a79d0a8.wav,Gong Acoustic_guitar Marimba_and_xylophone
2a9c7202.wav,Frying_(food) Bathtub_(filling_or_washing) Trickle_and_dribble
2aa1e0b8.wav,Meow Child_speech_and_kid_speaking Yell
2ac8607d.wav,Female_singing Bus Harmonica
2ad174b4.wav,Keys_jangling Run Chewing_and_mastication
2ae04dd7.wav,Bus Car_passing_by Microwave_oven
2aedff46.wav,Keys_jangling Shatter Cutlery_and_silverware
2af10e99.wav,Tap Knock Chink_and_clink
2af77e7f.wav,Bus Church_bell Car_passing_by
2b160bb2.wav,Crackle Finger_snapping Tap
2b2613d8.wav,Printer Toilet_flush Bathtub_(filling_or_washing)
2b6ee441.wav,Scissors Raindrop Chewing_and_mastication
2b95327b.wav,Car_passing_by Mechanical_fan Bus
2b9ca464.wav,Gurgling Male_speech_and_man_speaking Writing
2bab5b09.wav,Zipper_(clothing) Burping_and_eructation Gurgling
2bb1503c.wav,Sneeze Whispering Meow
2bbf558e.wav,Tap Chink_and_clink Clapping
2be779a7.wav,Drawer_open_or_close Cupboard_open_or_close Slam
2c010e00.wav,Gong Car_passing_by Microwave_oven
2c2a3c77.wav,Printer Tick-tock Writing
2c2d400b.wav,Keys_jangling Chewing_and_mastication Crackle
2c39bb30.wav,Church_bell Gong Harmonica
2c3a44f2.wav,Toilet_flush Bathtub_(filling_or_washing) Meow
2c7a5078.wav,Electric_guitar Bus Church_bell
2c809d4f.wav,Writing Zipper_(clothing) Whispering
2c8b8812.wav,Computer_keyboard Gurgling Run
2c924848.wav,Child_speech_and_kid_speaking Sigh Female_singing
2cc7f972.wav,Bass_guitar Zipper_(clothing) Motorcycle
2cd526f7.wav,Slam Knock Run
2cdfa8c1.wav,Waves_and_surf Toilet_flush Zipper_(clothing)
2cf4955c.wav,Waves_and_surf Mechanical_fan Bus
2cfdaecd.wav,Stream Frying_(food) Trickle_and_dribble
2d0863b7.wav,Bus Race_car_and_auto_racing Church_bell
2d09c7ca.wav,Chirp_and_tweet Cricket Squeak
2d15ca77.wav,Raindrop Scissors Bathtub_(filling_or_washing)
2d209c25.wav,Knock Tap Run
2d21dbf4.wav,Purr Motorcycle Zipper_(clothing)
2d455ed9.wav,Scissors Crackle Chewing_and_mastication
2d4961a8.wav,Tap Clapping Computer_keyboard
2d4a0250.wav,Slam Run Cupboard_open_or_close
2d56c2ae.wav,Keys_jangling Scissors Cutlery_and_silverware
2d5dcc5d.wav,Marimba_and_xylophone Knock Child_speech_and_kid_speaking
2d666c1d.wav,Church_bell Gong Chink_and_clink
2d6d99d4.wav,Sneeze Child_speech_and_kid_speaking Yell
2d7218f8.wav,Sneeze Bark Gasp
2d7ae271.wav,Male_singing Female_singing Bus
2d8135cc.wav,Stream Waves_and_surf Toilet_flush
2d88fa59.wav,Tap Marimba_and_xylophone Clapping
2da4c729.wav,Mechanical_fan Car_passing_by Church_bell
2db579cb.wav,Knock Tap Run
2db63f0d.wav,Run Computer_keyboard Walk_and_footsteps
2dd2a6bf.wav,Waves_and_surf Stream Skateboard
2df0cf1f.wav,Burping_and_eructation Zipper_(clothing) Crackle
2df1f901.wav,Scissors Run Bathtub_(filling_or_washing)
2dfd32a3.wav,Male_singing Female_singing Meow
2e61e614.wav,Meow Screaming Zipper_(clothing)
2e820b05.wav,Meow Bus Screaming
2e8b4709.wav,Female_speech_and_woman_speaking Male_speech_and_man_speaking Electric_guitar
2e9ced66.wav,Knock Run Drawer_open_or_close
2ea33689.wav,Harmonica Bus Accordion
2eade3e1.wav,Church_bell Traffic_noise_and_roadway_noise Chirp_and_tweet
2eb3002c.wav,Meow Harmonica Squeak
2eb51f57.wav,Glockenspiel Marimba_and_xylophone Bicycle_bell
2ed9ce69.wav,Church_bell Harmonica Accordion
2edb4142.wav,Tick-tock Computer_keyboard Keys_jangling
2ee3ef28.wav,Electric_guitar Marimba_and_xylophone Sigh
2ee9f139.wav,Burping_and_eructation Marimba_and_xylophone Electric_guitar
2eeb7f35.wav,Meow Harmonica Child_speech_and_kid_speaking
2eec6eda.wav,Gong Cupboard_open_or_close Hi-hat
2f00863c.wav,Gong Harmonica Car_passing_by
2f14d3b3.wav,Bass_drum Hi-hat Run
2f2ab304.wav,Screaming Female_singing Crowd
2f41afe1.wav,Motorcycle Accelerating_and_revving_and_vroom Bus
2f529eb8.wav,Frying_(food) Trickle_and_dribble Bathtub_(filling_or_washing)
2f5cbf20.wav,Microwave_oven Drawer_open_or_close Slam
2f6331aa.wav,Sneeze Female_speech_and_woman_speaking Cupboard_open_or_close
2f643c50.wav,Writing Yell Scissors
2f785877.wav,Bass_drum Knock Marimba_and_xylophone
2f84c8e9.wav,Bus Mechanical_fan Buzz
2f8dd247.wav,Bus Car_passing_by Waves_and_surf
2f94fca3.wav,Burping_and_eructation Trickle_and_dribble Fill_(with_liquid)
2fa1cc09.wav,Finger_snapping Tap Crackle
2fc6ede8.wav,Cupboard_open_or_close Computer_keyboard Gurgling
2fe3ae63.wav,Shatter Cutlery_and_silverware Computer_keyboard
2ffd2145.wav,Female_speech_and_woman_speaking Sigh Male_speech_and_man_speaking
3011c55b.wav,Accordion Buzz Harmonica
3012731a.wav,Skateboard Waves_and_surf Run
302f4eb8.wav,Church_bell Gong Traffic_noise_and_roadway_noise
303d4668.wav,Keys_jangling Chirp_and_tweet Shatter
304d8a8e.wav,Glockenspiel Marimba_and_xylophone Chink_and_clink
304f25f4.wav,Tick-tock Bathtub_(filling_or_washing) Printer
3052fe86.wav,Church_bell Gong Traffic_noise_and_roadway_noise
3061e8d1.wav,Screaming Harmonica Yell
309169fa.wav,Female_speech_and_woman_speaking Female_singing Male_singing
30960f70.wav,Bus Waves_and_surf Printer
309eea85.wav,Female_singing Harmonica Bus
30ac78a6.wav,Hiss Bathtub_(filling_or_washing) Scissors
30d1840b.wav,Keys_jangling Chewing_and_mastication Scissors
30dc07a7.wav,Bass_drum Knock Male_speech_and_man_speaking
30e1162a.wav,Child_speech_and_kid_speaking Meow Female_singing
30e40cc3.wav,Harmonica Male_singing Bark
30f7577e.wav,Toilet_flush Stream Waves_and_surf
30f8ba51.wav,Purr Zipper_(clothing) Bass_guitar
3102ff8d.wav,Run Purr Crackle
311fcc0d.wav,Chirp_and_tweet Cutlery_and_silverware Bicycle_bell
3129e5b4.wav,Bass_drum Cupboard_open_or_close Knock
312c730c.wav,Stream Bathtub_(filling_or_washing) Frying_(food)
312e1179.wav,Frying_(food) Stream Bathtub_(filling_or_washing)
312e698e.wav,Buzz Motorcycle Microwave_oven
31312cda.wav,Gong Bass_guitar Accelerating_and_revving_and_vroom
3134c1f5.wav,Chewing_and_mastication Scissors Crackle
31452d93.wav,Car_passing_by Gong Church_bell
314a8107.wav,Sigh Gasp Meow
3174521f.wav,Microwave_oven Slam Drawer_open_or_close
3177529f.wav,Zipper_(clothing) Chewing_and_mastication Hiss
317e5fda.wav,Bathtub_(filling_or_washing) Hiss Stream
3190ca46.wav,Frying_(food) Stream Cricket
31ab1bc4.wav,Burping_and_eructation Skateboard Whispering
31b883cb.wav,Burping_and_eructation Fart Harmonica
31bf8f6c.wav,Female_singing Bark Bus
31c60809.wav,Finger_snapping Tap Scissors
31c7a683.wav,Chirp_and_tweet Whispering Cricket
31cfaf7c.wav,Sneeze Female_speech_and_woman_speaking Male_speech_and_man_speaking
31ea3391.wav,Church_bell Gong Accordion
31f4d839.wav,Tap Knock Clapping
31fe4058.wav,Knock Tap Cupboard_open_or_close
31ff4a9f.wav,Scissors Cutlery_and_silverware Keys_jangling
320adc8a.wav,Frying_(food) Bathtub_(filling_or_washing) Stream
320b9457.wav,Bathtub_(filling_or_washing) Cricket Stream
320cb73f.wav,Stream Toilet_flush Waves_and_surf
321c61dd.wav,Tap Finger_snapping Run
321d7624.wav,Bass_guitar Gong Motorcycle
322c634e.wav,Electric_guitar Church_bell Bark
3246e22c.wav,Motorcycle Waves_and_surf Accelerating_and_revving_and_vroom
32663622.wav,Microwave_oven Slam Drawer_open_or_close
3273193a.wav,Meow Traffic_noise_and_roadway_noise Microwave_oven
327ff97c.wav,Scissors Keys_jangling Chewing_and_mastication
3288c908.wav,Bark Female_singing Harmonica
329d5f81.wav,Bathtub_(filling_or_washing) Frying_(food) Keys_jangling
32aaacf1.wav,Scissors Chewing_and_mastication Keys_jangling
32ad561a.wav,Race_car_and_auto_racing Crowd Traffic_noise_and_roadway_noise
32b66826.wav,Sneeze Gasp Bark
32bf8f9d.wav,Clapping Knock Tap
32cce167.wav,Scissors Chewing_and_mastication Hiss
32d21079.wav,Bicycle_bell Chirp_and_tweet Shatter
32e0e55a.wav,Bass_guitar Gong Accelerating_and_revving_and_vroom
32f26b94.wav,Drawer_open_or_close Printer Toilet_flush
330b1461.wav,Bus Car_passing_by Traffic_noise_and_roadway_noise
3313662e.wav,Tap Tick-tock Microwave_oven
33139052.wav,Hi-hat Gong Sneeze
33170581.wav,Microwave_oven Chirp_and_tweet Meow
332246f6.wav,Whispering Hiss Cupboard_open_or_close
33355c50.wav,Chirp_and_tweet Bus Buzz
3347121c.wav,Bus Buzz Female_singing
3353d705.wav,Bus Motorcycle Mechanical_fan
335d2ea3.wav,Glockenspiel Church_bell Marimba_and_xylophone
336a88c3.wav,Shatter Hi-hat Cutlery_and_silverware
338669d9.wav,Writing Run Toilet_flush
33a61f8d.wav,Cupboard_open_or_close Slam Tick-tock
33bc9deb.wav,Keys_jangling Cutlery_and_silverware Scissors
33c82ad4.wav,Female_singing Male_speech_and_man_speaking Female_speech_and_woman_speaking
33ef8393.wav,Bicycle_bell Marimba_and_xylophone Glockenspiel
33fbfca7.wav,Frying_(food) Bathtub_(filling_or_washing) Toilet_flush
34035cf8.wav,Drawer_open_or_close Microwave_oven Printer
340d5db4.wav,Bus Buzz Microwave_oven
340da762.wav,Purr Crackle Zipper_(clothing)
34120253.wav,Harmonica Traffic_noise_and_roadway_noise Chirp_and_tweet
341efc4b.wav,Bathtub_(filling_or_washing) Toilet_flush Scissors
342cc3ae.wav,Female_singing Church_bell Harmonica
34486c7f.wav,Buzz Electric_guitar Female_singing
34510c7a.wav,Cupboard_open_or_close Keys_jangling Slam
34512413.wav,Cutlery_and_silverware Keys_jangling Shatter
346fc59c.wav,Waves_and_surf Run Skateboard
3474d7cd.wav,Keys_jangling Chewing_and_mastication Scissors
348aaf17.wav,Crackle Chewing_and_mastication Scissors
349e5ea7.wav,Run Computer_keyboard Tap
34aac2b5.wav,Female_singing Buzz Harmonica
34c53320.wav,Burping_and_eructation Skateboard Fart
34cca3b3.wav,Bus Church_bell Race_car_and_auto_racing
34d0b2ca.wav,Sneeze Female_speech_and_woman_speaking Male_speech_and_man_speaking
34d4cfda.wav,Bus Race_car_and_auto_racing Crowd
34dc323b.wav,Bark Child_speech_and_kid_speaking Gasp
34e6a0de.wav,Cricket Chirp_and_tweet Printer
34f2c99d.wav,Fart Zipper_(clothing) Male_speech_and_man_speaking
34fbb318.wav,Computer_keyboard Trickle_and_dribble Chewing_and_mastication
3500ed9d.wav,Marimba_and_xylophone Knock Tap
350942d1.wav,Hiss Toilet_flush Waves_and_surf
351a8abe.wav,Female_singing Buzz Bus
352ce267.wav,Bass_drum Cupboard_open_or_close Knock
3544797d.wav,Writing Printer Drawer_open_or_close
354d467a.wav,Child_speech_and_kid_speaking Bark Yell
355ddeda.wav,Stream Toilet_flush Waves_and_surf
356adc0d.wav,Tick-tock Raindrop Microwave_oven
356b99de.wav,Microwave_oven Marimba_and_xylophone Chirp_and_tweet
35930583.wav,Child_speech_and_kid_speaking Female_speech_and_woman_speaking Female_singing
359a6e84.wav,Buzz Church_bell Bus
35a7edad.wav,Cupboard_open_or_close Slam Microwave_oven
35a8a688.wav,Keys_jangling Cutlery_and_silverware Chewing_and_mastication
35d5aca3.wav,Meow Traffic_noise_and_roadway_noise Female_singing
35dbfd81.wav,Female_singing Bark Bus
36027dca.wav,Bass_drum Cupboard_open_or_close Marimba_and_xylophone
361237d6.wav,Acoustic_guitar Printer Bus
361c9c0e.wav,Shatter Bicycle_bell Hiss
3623b13a.wav,Female_singing Bark Yell
3626ac5a.wav,Hiss Bathtub_(filling_or_washing) Cricket
362f92f4.wav,Female_speech_and_woman_speaking Child_speech_and_kid_speaking Yell
366d25a7.wav,Accordion Harmonica Motorcycle
366d6820.wav,Waves_and_surf Printer Toilet_flush
367ef5a8.wav,Gong Accelerating_and_revving_and_vroom Microwave_oven
36896b31.wav,Waves_and_surf Buzz Bus
368e3f09.wav,Frying_(food) Bathtub_(filling_or_washing) Toilet_flush
36b92bec.wav,Hi-hat Shatter Cutlery_and_silverware
36beb3fd.wav,Yell Child_speech_and_kid_speaking Female_speech_and_woman_speaking
36c459de.wav,Screaming Harmonica Buzz
36dfae4f.wav,Knock Slam Run
36fe695f.wav,Drawer_open_or_close Slam Microwave_oven
37053a90.wav,Motorcycle Zipper_(clothing) Frying_(food)
370eaa84.wav,Female_singing Bus Screaming
37155f3a.wav,Race_car_and_auto_racing Gong Car_passing_by
37790f99.wav,Stream Frying_(food) Bathtub_(filling_or_washing)
378216b2.wav,Bus Car_passing_by Church_bell
37856035.wav,Trickle_and_dribble Stream Fill_(with_liquid)
3792237d.wav,Tick-tock Microwave_oven Marimba_and_xylophone
37941050.wav,Purr Skateboard Motorcycle
379ae4e1.wav,Shatter Writing Cutlery_and_silverware
379b7e21.wav,Bathtub_(filling_or_washing) Scissors Toilet_flush
379c063d.wav,Burping_and_eructation Cupboard_open_or_close Fart
37a1946c.wav,Microwave_oven Tick-tock Marimba_and_xylophone
37a7927f.wav,Knock Cupboard_open_or_close Run
37c95c1c.wav,Yell Child_speech_and_kid_speaking Female_speech_and_woman_speaking
37ccc1ea.wav,Hiss Bathtub_(filling_or_washing) Bicycle_bell
37d609aa.wav,Bathtub_(filling_or_washing) Fill_(with_liquid) Trickle_and_dribble
37dc178a.wav,Bathtub_(filling_or_washing) Hiss Stream
37f5f0d8.wav,Printer Skateboard Waves_and_surf
382587b8.wav,Bathtub_(filling_or_washing) Hiss Scissors
382cd8c5.wav,Microwave_oven Drawer_open_or_close Buzz
38368c9b.wav,Sneeze Yell Child_speech_and_kid_speaking
384b0ff2.wav,Marimba_and_xylophone Gong Sigh
38544190.wav,Knock Tap Gurgling
38558ab1.wav,Burping_and_eructation Fart Male_speech_and_man_speaking
3858d281.wav,Cupboard_open_or_close Knock Electric_guitar
385e8b0f.wav,Knock Tap Clapping
38636d71.wav,Harmonica Meow Screaming
38669440.wav,Tick-tock Computer_keyboard Microwave_oven
387014ab.wav,Stream Toilet_flush Frying_(food)
3876c193.wav,Gasp Meow Cupboard_open_or_close
388f70a5.wav,Car_passing_by Bus Traffic_noise_and_roadway_noise
38b9ff18.wav,Child_speech_and_kid_speaking Printer Electric_guitar
38d29a00.wav,Knock Computer_keyboard Run
38d378d8.wav,Bus Buzz Bark
38d50e59.wav,Scissors Keys_jangling Cutlery_and_silverware
38d5d026.wav,Waves_and_surf Cricket Hiss
38e43355.wav,Yell Child_speech_and_kid_speaking Screaming
38ea5df2.wav,Hiss Keys_jangling Buzz
38f6aa5e.wav,Harmonica Toilet_flush Traffic_noise_and_roadway_noise
38fea590.wav,Bus Church_bell Female_singing
390789a8.wav,Toilet_flush Zipper_(clothing) Skateboard
390995ef.wav,Shatter Cutlery_and_silverware Keys_jangling
39189c31.wav,Bus Race_car_and_auto_racing Church_bell
391fbd47.wav,Tap Tick-tock Clapping
392e88d7.wav,Cricket Motorcycle Chirp_and_tweet
3939b821.wav,Tick-tock Raindrop Hi-hat
39467410.wav,Female_singing Church_bell Electric_guitar
394b8ce2.wav,Gurgling Run Fill_(with_liquid)
395de76a.wav,Cricket Frying_(food) Bathtub_(filling_or_washing)
395df625.wav,Fart Burping_and_eructation Gurgling
396d793f.wav,Writing Zipper_(clothing) Scissors
39723c0e.wav,Female_singing Church_bell Traffic_noise_and_roadway_noise
39768e2a.wav,Male_speech_and_man_speaking Female_speech_and_woman_speaking Male_singing
3987fc79.wav,Purr Motorcycle Zipper_(clothing)
398b6fa6.wav,Knock Run Clapping
399732ec.wav,Cupboard_open_or_close Skateboard Sigh
39a8ac5c.wav,Crackle Chewing_and_mastication Scissors
39b6cc75.wav,Hiss Bathtub_(filling_or_washing) Scissors
39bbcabd.wav,Marimba_and_xylophone Tick-tock Printer
39c1f2fd.wav,Run Gurgling Drawer_open_or_close
39d1b554.wav,Burping_and_eructation Fart Cupboard_open_or_close
39e1b8cc.wav,Gurgling Computer_keyboard Chewing_and_mastication
39e2f767.wav,Yell Sneeze Female_speech_and_woman_speaking
39e35f03.wav,Church_bell Traffic_noise_and_roadway_noise Hiss
39eb6dd5.wav,Knock Tap Marimba_and_xylophone
39f19344.wav,Gong Church_bell Car_passing_by
3a2353bb.wav,Zipper_(clothing) Meow Whispering
3a28e28a.wav,Bus Mechanical_fan Accelerating_and_revving_and_vroom
3a2a4822.wav,Tap Tick-tock Clapping
3a3e4b29.wav,Female_singing Buzz Bark
3a49d5ed.wav,Computer_keyboard Gurgling Run
3a4cf709.wav,Chirp_and_tweet Harmonica Yell
3a5e6dde.wav,Hi-hat Hiss Marimba_and_xylophone
3a66e3df.wav,Bathtub_(filling_or_washing) Trickle_and_dribble Keys_jangling
3a87c628.wav,Frying_(food) Bathtub_(filling_or_washing) Scissors
3a885c38.wav,Mechanical_fan Bass_guitar Accelerating_and_revving_and_vroom
3a8b9afe.wav,Bus Microwave_oven Mechanical_fan
3aa5b432.wav,Hiss Whispering Waves_and_surf
3ac609e1.wav,Mechanical_fan Car_passing_by Church_bell
3acbee34.wav,Screaming Chirp_and_tweet Meow
3adfb8f0.wav,Waves_and_surf Motorcycle Stream
3ae08e83.wav,Frying_(food) Toilet_flush Printer
3ae0ea8b.wav,Printer Keys_jangling Computer_keyboard
3b0a3361.wav,Stream Hiss Toilet_flush
3b0b13f4.wav,Sneeze Child_speech_and_kid_speaking Yell
3b13f6a1.wav,Waves_and_surf Toilet_flush Skateboard
3b23ed90.wav,Hi-hat Tap Cutlery_and_silverware
3b252939.wav,Male_singing Accordion Sigh
3b277890.wav,Meow Zipper_(clothing) Child_speech_and_kid_speaking
3b382171.wav,Bark Gasp Yell
3b3c2c67.wav,Cutlery_and_silverware Raindrop Tick-tock
3b75b456.wav,Car_passing_by Skateboard Waves_and_surf
3b7c7f94.wav,Crackle Fart Run
3bb6024f.wav,Toilet_flush Waves_and_surf Clapping
3bb7c24d.wav,Computer_keyboard Run Tap
3bb9a722.wav,Purr Motorcycle Zipper_(clothing)
3bda5fb0.wav,Car_passing_by Gong Church_bell
3bfcab18.wav,Bass_guitar Electric_guitar Bass_drum
3c0370c8.wav,Tick-tock Microwave_oven Bathtub_(filling_or_washing)
3c1b9399.wav,Car_passing_by Bus Church_bell
3c20c95f.wav,Zipper_(clothing) Purr Crackle
3c216393.wav,Writing Whispering Gurgling
3c244ade.wav,Stream Frying_(food) Toilet_flush
3c348e5c.wav,Scissors Frying_(food) Marimba_and_xylophone
3c35237b.wav,Buzz Bus Motorcycle
3c40f472.wav,Female_singing Accordion Buzz
3c525c1f.wav,Bathtub_(filling_or_washing) Keys_jangling Shatter
3c590143.wav,Drawer_open_or_close Walk_and_footsteps Knock
3c90b11b.wav,Bathtub_(filling_or_washing) Keys_jangling Frying_(food)
3c95067e.wav,Stream Hiss Toilet_flush
3ca6b1a3.wav,Trickle_and_dribble Stream Fill_(with_liquid)
3caf1f70.wav,Crackle Purr Frying_(food)
3cc51361.wav,Marimba_and_xylophone Male_singing Motorcycle
3cd30520.wav,Writing Whispering Run
3ce0dcd0.wav,Buzz Male_singing Whispering
3ce9fd74.wav,Church_bell Meow Traffic_noise_and_roadway_noise
3cfeb0cd.wav,Stream Bathtub_(filling_or_washing) Hiss
3d07c63a.wav,Gasp Whispering Tick-tock
3d0beb6f.wav,Writing Whispering Scissors
3d0dca90.wav,Church_bell Gong Car_passing_by
3d1d3f2b.wav,Bus Church_bell Race_car_and_auto_racing
3d27f415.wav,Glockenspiel Marimba_and_xylophone Bicycle_bell
3d287b47.wav,Computer_keyboard Slam Cupboard_open_or_close
3d4e1dea.wav,Female_speech_and_woman_speaking Male_speech_and_man_speaking Male_singing
3d58d893.wav,Stream Waves_and_surf Toilet_flush
3d5f899d.wav,Gong Church_bell Marimba_and_xylophone
3d633399.wav,Bus Church_bell Buzz
3d7309d7.wav,Frying_(food) Scissors Shatter
3d921767.wav,Accelerating_and_revving_and_vroom Bass_guitar Motorcycle
3d9a715d.wav,Toilet_flush Frying_(food) Stream
3db04d3f.wav,Electric_guitar Marimba_and_xylophone Male_singing
3db44f6c.wav,Meow Harmonica Screaming
3ddb4122.wav,Keys_jangling Scissors Cutlery_and_silverware
3dedbba9.wav,Shatter Clapping Hi-hat
3df2fc0e.wav,Microwave_oven Traffic_noise_and_roadway_noise Bicycle_bell
3df5c540.wav,Bathtub_(filling_or_washing) Scissors Skateboard
3e230352.wav,Car_passing_by Traffic_noise_and_roadway_noise Toilet_flush
3e3a6910.wav,Fart Male_speech_and_man_speaking Cupboard_open_or_close
3e4755ba.wav,Male_speech_and_man_speaking Bass_guitar Female_speech_and_woman_speaking
3e52f857.wav,Keys_jangling Scissors Crackle
3e5ce660.wav,Mechanical_fan Bus Car_passing_by
3e656c6e.wav,Hi-hat Cutlery_and_silverware Shatter
3e65a00d.wav,Stream Hiss Waves_and_surf
3e691b83.wav,Knock Cupboard_open_or_close Bass_drum
3e7889ed.wav,Zipper_(clothing) Male_speech_and_man_speaking Burping_and_eructation
3e83500f.wav,Tick-tock Printer Microwave_oven
3e9967cf.wav,Buzz Female_singing Microwave_oven
3ebaff6d.wav,Cricket Buzz Frying_(food)
3ecc19c5.wav,Skateboard Waves_and_surf Toilet_flush
3ed6c2b5.wav,Child_speech_and_kid_speaking Female_singing Electric_guitar
3efc0912.wav,Harmonica Screaming Printer
3f0f92ff.wav,Finger_snapping Tap Clapping
3f15fd07.wav,Run Gurgling Computer_keyboard
3f16d9f3.wav,Harmonica Meow Marimba_and_xylophone
3f19e53c.wav,Waves_and_surf Car_passing_by Motorcycle
3f1ca1bb.wav,Stream Hiss Toilet_flush
3f29038e.wav,Male_speech_and_man_speaking Female_speech_and_woman_speaking Male_singing
3f2dbd00.wav,Sneeze Drawer_open_or_close Toilet_flush
3f4f4808.wav,Bus Waves_and_surf Mechanical_fan
3f53a02f.wav,Drawer_open_or_close Microwave_oven Toilet_flush
3f7043d9.wav,Tick-tock Printer Waves_and_surf
3f80cc56.wav,Crackle Knock Buzz
3f96494a.wav,Whispering Clapping Slam
3faf10be.wav,Car_passing_by Bus Traffic_noise_and_roadway_noise
3fd4d55a.wav,Finger_snapping Tap Clapping
400ff09d.wav,Trickle_and_dribble Fill_(with_liquid) Bathtub_(filling_or_washing)
402e2d1b.wav,Fart Cupboard_open_or_close Burping_and_eructation
4030a4f2.wav,Waves_and_surf Motorcycle Purr
4034f327.wav,Hiss Car_passing_by Waves_and_surf
4037cd65.wav,Cutlery_and_silverware Whispering Hiss
4040f015.wav,Marimba_and_xylophone Bass_drum Electric_guitar
40449ca7.wav,Chirp_and_tweet Whispering Cutlery_and_silverware
404b54c0.wav,Run Walk_and_footsteps Clapping
404fb677.wav,Car_passing_by Gong Race_car_and_auto_racing
4053b801.wav,Screaming Yell Meow
405c66af.wav,Microwave_oven Drawer_open_or_close Printer
406306b6.wav,Gong Church_bell Traffic_noise_and_roadway_noise
406a1cc1.wav,Bark Gong Sneeze
406ade5e.wav,Stream Trickle_and_dribble Frying_(food)
4093913f.wav,Stream Toilet_flush Hiss
40957335.wav,Sigh Screaming Meow
4098028d.wav,Computer_keyboard Run Gurgling
40afd1b3.wav,Whispering Meow Chirp_and_tweet
40c1ed87.wav,Keys_jangling Chewing_and_mastication Shatter
40c50046.wav,Tick-tock Computer_keyboard Microwave_oven
40d0726d.wav,Motorcycle Accelerating_and_revving_and_vroom Race_car_and_auto_racing
40dd1274.wav,Church_bell Traffic_noise_and_roadway_noise Bus
40e25750.wav,Sigh Harmonica Burping_and_eructation
410837eb.wav,Knock Microwave_oven Marimba_and_xylophone
410c2138.wav,Bathtub_(filling_or_washing) Hiss Scissors
411993fd.wav,Hi-hat Cutlery_and_silverware Shatter
413b5427.wav,Electric_guitar Harmonica Bicycle_bell
41522a65.wav,Keys_jangling Frying_(food) Bathtub_(filling_or_washing)
415f4c8f.wav,Chirp_and_tweet Cutlery_and_silverware Whispering
41759973.wav,Waves_and_surf Stream Toilet_flush
419271cc.wav,Shatter Hiss Bicycle_bell
4195cb1a.wav,Bicycle_bell Marimba_and_xylophone Glockenspiel
41af688a.wav,Fart Male_speech_and_man_speaking Sigh
41c60bba.wav,Microwave_oven Slam Cupboard_open_or_close
41cfee6d.wav,Hiss Bathtub_(filling_or_washing) Bicycle_bell
41f16193.wav,Clapping Marimba_and_xylophone Chink_and_clink
41f1ea4a.wav,Harmonica Cupboard_open_or_close Traffic_noise_and_roadway_noise
41f86bc4.wav,Stream Toilet_flush Frying_(food)
4215309a.wav,Bathtub_(filling_or_washing) Scissors Frying_(food)
4248d196.wav,Stream Toilet_flush Frying_(food)
42542036.wav,Female_singing Buzz Bark
