fname,label
000ccb97.wav,Shatter Hi-hat Cutlery_and_silverware
0012633b.wav,Cricket Buzz Church_bell
001ed5f1.wav,Shatter Chink_and_clink Clapping
00294be0.wav,Zipper_(clothing) Crackle Purr
003fde7a.wav,Bicycle_bell Chirp_and_tweet Cricket
0040ccc9.wav,Cupboard_open_or_close Electric_guitar Gong
0046b732.wav,Whispering Sneeze Writing
004f3bbc.wav,Bass_guitar Accelerating_and_revving_and_vroom Motorcycle
00526050.wav,Tap Finger_snapping Crackle
00559da4.wav,Writing Scissors Whispering
00582bbe.wav,Knock Clapping Tap
0064aedf.wav,Drawer_open_or_close Run Knock
0065512b.wav,Waves_and_surf Slam Hiss
006a91d2.wav,Stream Waves_and_surf Toilet_flush
006ea9ee.wav,Gong Electric_guitar Buzz
006f9dca.wav,Frying_(food) Hiss Bathtub_(filling_or_washing)
007450dc.wav,Screaming Harmonica Meow
00979c8a.wav,Purr Zipper_(clothing) Crackle
00992464.wav,Shatter Keys_jangling Raindrop
00b44a8a.wav,Shatter Cutlery_and_silverware Keys_jangling
00bfaaaf.wav,Harmonica Screaming Gasp
00cf9680.wav,Bathtub_(filling_or_washing) Hiss Hi-hat
00eae94d.wav,Shatter Cutlery_and_silverware Chink_and_clink
011ec5b8.wav,Marimba_and_xylophone Drawer_open_or_close Child_speech_and_kid_speaking
013200dc.wav,Crackle Chewing_and_mastication Finger_snapping
01440c2e.wav,Accordion Harmonica Screaming
01567a3d.wav,Microwave_oven Slam Drawer_open_or_close
0163d203.wav,Knock Buzz Purr
017c24b2.wav,Screaming Microwave_oven Meow
01a992c5.wav,Cricket Hiss Frying_(food)
01b1d976.wav,Finger_snapping Scissors Tap
01c1c371.wav,Whispering Fart Cupboard_open_or_close
01cf8354.wav,Burping_and_eructation Male_speech_and_man_speaking Fart
01d2c640.wav,Writing Run Drawer_open_or_close
01d69423.wav,Knock Run Tap
01e9170b.wav,Harmonica Accordion Child_speech_and_kid_speaking
01f2901a.wav,Frying_(food) Trickle_and_dribble Stream
020b1fdf.wav,Bus Gong Microwave_oven
021457df.wav,Crackle Finger_snapping Scissors
02173589.wav,Harmonica Screaming Gasp
021ac082.wav,Stream Toilet_flush Frying_(food)
02200884.wav,Scissors Keys_jangling Tick-tock
02213278.wav,Scissors Finger_snapping Chink_and_clink
022e3b2c.wav,Tick-tock Scissors Computer_keyboard
023081f2.wav,Glockenspiel Marimba_and_xylophone Bicycle_bell
02596541.wav,Marimba_and_xylophone Glockenspiel Harmonica
0289b79b.wav,Bus Buzz Church_bell
028cf9db.wav,Female_singing Church_bell Bark
028d26f7.wav,Shatter Cutlery_and_silverware Hi-hat
02ab2a72.wav,Waves_and_surf Bus Toilet_flush
02c02ec1.wav,Church_bell Harmonica Electric_guitar
02ce28a1.wav,Waves_and_surf Car_passing_by Stream
02d01f40.wav,Scissors Keys_jangling Cutlery_and_silverware
02da7457.wav,Frying_(food) Crackle Hiss
02e17633.wav,Drawer_open_or_close Whispering Waves_and_surf
02e8059d.wav,Bass_guitar Zipper_(clothing) Bass_drum
02f71319.wav,Hi-hat Gong Bicycle_bell
03090fb0.wav,Clapping Tick-tock Squeak
03162c23.wav,Motorcycle Buzz Gong
032f518c.wav,Electric_guitar Female_speech_and_woman_speaking Gong
03300fcb.wav,Gong Bass_guitar Female_singing
035dd895.wav,Waves_and_surf Toilet_flush Stream
03754ab4.wav,Frying_(food) Bathtub_(filling_or_washing) Stream
037b47c4.wav,Bark Sneeze Yell
03887635.wav,Marimba_and_xylophone Tick-tock Chink_and_clink
03931594.wav,Zipper_(clothing) Male_speech_and_man_speaking Whispering
039d2821.wav,Female_speech_and_woman_speaking Male_speech_and_man_speaking Child_speech_and_kid_speaking
03a47c4a.wav,Hiss Whispering Shatter
03b80975.wav,Toilet_flush Stream Hiss
03c5e8d0.wav,Electric_guitar Female_speech_and_woman_speaking Bass_guitar
03fe2971.wav,Chink_and_clink Tap Clapping
04008bb5.wav,Bicycle_bell Shatter Chink_and_clink
040c5c0c.wav,Printer Writing Whispering
041cff59.wav,Drawer_open_or_close Slam Microwave_oven
042b07a4.wav,Female_singing Bark Church_bell
042b542f.wav,Buzz Electric_guitar Bus
04308d8d.wav,Burping_and_eructation Skateboard Fill_(with_liquid)
04355ea8.wav,Child_speech_and_kid_speaking Female_singing Female_speech_and_woman_speaking
0442a617.wav,Screaming Harmonica Meow
0443f812.wav,Clapping Chink_and_clink Cupboard_open_or_close
04441d5b.wav,Sneeze Whispering Hi-hat
0453bb71.wav,Church_bell Harmonica Gong
04702c1c.wav,Sigh Accordion Child_speech_and_kid_speaking
047ba0e1.wav,Keys_jangling Scissors Cutlery_and_silverware
04877d29.wav,Car_passing_by Gong Motorcycle
048c3418.wav,Skateboard Toilet_flush Waves_and_surf
04a5c9eb.wav,Buzz Bus Church_bell
04ad8e52.wav,Skateboard Printer Toilet_flush
04af82d9.wav,Shatter Chink_and_clink Bicycle_bell
04b1558a.wav,Cutlery_and_silverware Shatter Trickle_and_dribble
04de7b9a.wav,Trickle_and_dribble Frying_(food) Keys_jangling
04e8bf2a.wav,Walk_and_footsteps Drawer_open_or_close Burping_and_eructation
04f004fe.wav,Run Tap Walk_and_footsteps
04f48f10.wav,Clapping Marimba_and_xylophone Chink_and_clink
0506eee8.wav,Gong Car_passing_by Church_bell
050eb97f.wav,Harmonica Accordion Sigh
051bda9a.wav,Knock Tap Cupboard_open_or_close
057a3c2e.wav,Zipper_(clothing) Writing Waves_and_surf
057c13c8.wav,Church_bell Toilet_flush Clapping
058a4a79.wav,Male_singing Sneeze Zipper_(clothing)
058ec864.wav,Bicycle_bell Glockenspiel Marimba_and_xylophone
05af19b1.wav,Church_bell Electric_guitar Harmonica
05c881c4.wav,Hiss Bathtub_(filling_or_washing) Cricket
05d775e9.wav,Stream Toilet_flush Bathtub_(filling_or_washing)
05dae80d.wav,Drawer_open_or_close Walk_and_footsteps Run
05e34a55.wav,Frying_(food) Bathtub_(filling_or_washing) Hiss
05edaa47.wav,Scissors Writing Whispering
060b802f.wav,Harmonica Yell Sneeze
060d2d47.wav,Tick-tock Computer_keyboard Raindrop
062e94dd.wav,Marimba_and_xylophone Glockenspiel Chink_and_clink
06345241.wav,Screaming Microwave_oven Meow
0648b115.wav,Whispering Hi-hat Gong
06526954.wav,Drawer_open_or_close Microwave_oven Printer
065b49ec.wav,Sigh Motorcycle Gong
06604d51.wav,Female_speech_and_woman_speaking Sneeze Child_speech_and_kid_speaking
068b717f.wav,Child_speech_and_kid_speaking Sneeze Bark
069b2f91.wav,Male_singing Burping_and_eructation Motorcycle
069f3ce5.wav,Child_speech_and_kid_speaking Female_speech_and_woman_speaking Female_singing
06a23eb9.wav,Sigh Meow Church_bell
06c34152.wav,Waves_and_surf Stream Toilet_flush
06feb5cf.wav,Gong Motorcycle Accordion
0718ce8d.wav,Waves_and_surf Toilet_flush Run
07295dd0.wav,Bass_drum Knock Computer_keyboard
072ee4b2.wav,Chewing_and_mastication Scissors Keys_jangling
074cbe2b.wav,Microwave_oven Screaming Traffic_noise_and_roadway_noise
07502956.wav,Finger_snapping Crackle Chink_and_clink
07603ad3.wav,Mechanical_fan Bus Car_passing_by
07670752.wav,Frying_(food) Crackle Trickle_and_dribble
077f270d.wav,Hi-hat Shatter Tap
0782d022.wav,Screaming Harmonica Meow
078464b8.wav,Hiss Bathtub_(filling_or_washing) Cricket
07a82fbe.wav,Knock Tap Drawer_open_or_close
07bca33c.wav,Shatter Cutlery_and_silverware Hi-hat
07da8ebf.wav,Clapping Harmonica Marimba_and_xylophone
07dff283.wav,Printer Skateboard Burping_and_eructation
07f965a0.wav,Stream Toilet_flush Bathtub_(filling_or_washing)
07fa6e7e.wav,Burping_and_eructation Skateboard Cutlery_and_silverware
08087580.wav,Trickle_and_dribble Raindrop Clapping
0814db2b.wav,Accordion Harmonica Screaming
0815543c.wav,Burping_and_eructation Fart Cutlery_and_silverware
081d6520.wav,Keys_jangling Hiss Cutlery_and_silverware
081f2b5a.wav,Electric_guitar Marimba_and_xylophone Bass_guitar
0824bbdb.wav,Bicycle_bell Shatter Chink_and_clink
08272d1c.wav,Cricket Mechanical_fan Hiss
08278440.wav,Burping_and_eructation Fart Hiss
0837e041.wav,Screaming Gasp Male_singing
08390e01.wav,Cricket Hiss Bathtub_(filling_or_washing)
083cc652.wav,Female_singing Child_speech_and_kid_speaking Male_singing
08458ab2.wav,Crackle Computer_keyboard Run
0849057f.wav,Female_speech_and_woman_speaking Male_speech_and_man_speaking Female_singing
084e5784.wav,Child_speech_and_kid_speaking Gong Sigh
085f174a.wav,Chink_and_clink Shatter Cutlery_and_silverware
0865816c.wav,Knock Tap Drawer_open_or_close
086ce4a5.wav,Accordion Female_singing Screaming
086ebb95.wav,Mechanical_fan Bus Microwave_oven
08810dd4.wav,Bass_drum Computer_keyboard Knock
08b06642.wav,Screaming Harmonica Bark
08b2d04c.wav,Female_singing Child_speech_and_kid_speaking Accordion
08bc3e2d.wav,Clapping Chink_and_clink Tap
08d46566.wav,Scissors Crackle Bathtub_(filling_or_washing)
08d4acca.wav,Electric_guitar Gong Buzz
08d5d316.wav,Stream Waves_and_surf Toilet_flush
08dfe75d.wav,Knock Cupboard_open_or_close Drawer_open_or_close
08eb3a69.wav,Gurgling Zipper_(clothing) Chewing_and_mastication
08f36895.wav,Run Walk_and_footsteps Skateboard
08facc12.wav,Tick-tock Hi-hat Shatter
090cc523.wav,Trickle_and_dribble Gurgling Shatter
091fa206.wav,Burping_and_eructation Fart Male_speech_and_man_speaking
092d8e54.wav,Run Tap Computer_keyboard
094761b8.wav,Buzz Female_singing Electric_guitar
0963270d.wav,Computer_keyboard Run Writing
0992b95a.wav,Crackle Male_speech_and_man_speaking Chewing_and_mastication
0997968e.wav,Waves_and_surf Toilet_flush Stream
09a67356.wav,Motorcycle Car_passing_by Waves_and_surf
09d085e3.wav,Accordion Male_singing Buzz
0a31c905.wav,Stream Toilet_flush Frying_(food)
0a3c2351.wav,Bicycle_bell Shatter Microwave_oven
0a4d3800.wav,Purr Crackle Zipper_(clothing)
0a4ff0fb.wav,Sneeze Scissors Printer
0a56e261.wav,Marimba_and_xylophone Clapping Gong
0a64010f.wav,Meow Screaming Microwave_oven
0a683136.wav,Gong Marimba_and_xylophone Bass_guitar
0a6e6889.wav,Church_bell Gong Electric_guitar
0a8e1630.wav,Tap Run Writing
0a950c32.wav,Church_bell Bus Male_singing
0aee7a2a.wav,Stream Hiss Bathtub_(filling_or_washing)
0af7446d.wav,Shatter Cutlery_and_silverware Hiss
0b1503e8.wav,Gong Shatter Hiss
0b33d746.wav,Church_bell Harmonica Screaming
0b4819f1.wav,Tick-tock Shatter Chink_and_clink
0b5c6535.wav,Hiss Whispering Drawer_open_or_close
0b73077e.wav,Female_singing Bark Harmonica
0b9e93e6.wav,Writing Chewing_and_mastication Scissors
0ba7fe6b.wav,Bass_drum Bass_guitar Cupboard_open_or_close
0bacb61b.wav,Hiss Bathtub_(filling_or_washing) Hi-hat
0bb86b6c.wav,Burping_and_eructation Skateboard Cutlery_and_silverware
0bbe8308.wav,Clapping Tap Finger_snapping
0bc36580.wav,Church_bell Screaming Marimba_and_xylophone
0bc7822a.wav,Cutlery_and_silverware Scissors Keys_jangling
0bdcdfba.wav,Tick-tock Microwave_oven Printer
0bec3f54.wav,Bass_guitar Gong Marimba_and_xylophone
0c151ad3.wav,Gong Car_passing_by Waves_and_surf
0c16f612.wav,Harmonica Bus Screaming
0c32d940.wav,Child_speech_and_kid_speaking Female_singing Female_speech_and_woman_speaking
0c390f3c.wav,Burping_and_eructation Fart Trickle_and_dribble
0c3b2573.wav,Crackle Writing Walk_and_footsteps
0c5ba768.wav,Finger_snapping Clapping Shatter
0c698ef7.wav,Hiss Bathtub_(filling_or_washing) Hi-hat
0c8d9148.wav,Scissors Finger_snapping Shatter
0c8def18.wav,Bus Microwave_oven Gong
0c949702.wav,Bathtub_(filling_or_washing) Frying_(food) Bicycle_bell
0cb33d03.wav,Hiss Whispering Shatter
0cb4cde3.wav,Writing Tick-tock Printer
0cdddb37.wav,Hiss Bathtub_(filling_or_washing) Hi-hat
0ce84f9b.wav,Mechanical_fan Bus Microwave_oven
0cfe3f96.wav,Skateboard Clapping Raindrop
0d000cd7.wav,Bark Gasp Sneeze
0d1b11e0.wav,Gasp Sigh Accordion
0d2230eb.wav,Cricket Bathtub_(filling_or_washing) Frying_(food)
0d2707f4.wav,Glockenspiel Marimba_and_xylophone Harmonica
0d34341d.wav,Bus Microwave_oven Mechanical_fan
0d3dc96c.wav,Printer Cupboard_open_or_close Whispering
0d507c20.wav,Church_bell Accordion Harmonica
0d540ee1.wav,Keys_jangling Scissors Computer_keyboard
0d5516ef.wav,Chirp_and_tweet Meow Screaming
0d6564bb.wav,Female_singing Child_speech_and_kid_speaking Male_singing
0d673a8c.wav,Sigh Gong Electric_guitar
0d74277e.wav,Waves_and_surf Toilet_flush Printer
0d8d7af9.wav,Finger_snapping Clapping Tap
0d8e2166.wav,Bathtub_(filling_or_washing) Frying_(food) Writing
0d8f3f54.wav,Bass_drum Tap Knock
0d9caeeb.wav,Cricket Hiss Toilet_flush
0da3d582.wav,Writing Run Drawer_open_or_close
0dc06757.wav,Drawer_open_or_close Walk_and_footsteps Run
0dc813d8.wav,Crackle Keys_jangling Frying_(food)
0dce3e5f.wav,Trickle_and_dribble Computer_keyboard Bathtub_(filling_or_washing)
0dcf1534.wav,Mechanical_fan Bus Stream
0dda644b.wav,Toilet_flush Fill_(with_liquid) Clapping
0ddd0393.wav,Skateboard Printer Cupboard_open_or_close
0de2a4b2.wav,Male_speech_and_man_speaking Female_speech_and_woman_speaking Child_speech_and_kid_speaking
0de4fc92.wav,Church_bell Gong Accordion
0df1484c.wav,Male_speech_and_man_speaking Bass_guitar Electric_guitar
0e18c7d2.wav,Hiss Bathtub_(filling_or_washing) Hi-hat
0e3e2590.wav,Church_bell Printer Toilet_flush
0e4be6a4.wav,Accordion Male_singing Screaming
0e6552c7.wav,Crackle Finger_snapping Chink_and_clink
0e70a285.wav,Bathtub_(filling_or_washing) Hiss Hi-hat
0e7f5c7e.wav,Toilet_flush Stream Waves_and_surf
0e9e941b.wav,Fill_(with_liquid) Gurgling Computer_keyboard
0ea99bf4.wav,Harmonica Screaming Gasp
0eaf6d60.wav,Buzz Waves_and_surf Bus
0ec7e315.wav,Bass_guitar Mechanical_fan Gong
0ed20fe2.wav,Waves_and_surf Toilet_flush Bathtub_(filling_or_washing)
0ee80cb7.wav,Female_singing Female_speech_and_woman_speaking Child_speech_and_kid_speaking
0ef6fb07.wav,Shatter Cutlery_and_silverware Chink_and_clink
0f07f15f.wav,Crackle Finger_snapping Chink_and_clink
0f08a4c8.wav,Whispering Writing Hiss
0f096853.wav,Mechanical_fan Bus Car_passing_by
0f1ab7b0.wav,Crackle Tap Bicycle_bell
0f3fe29d.wav,Stream Toilet_flush Hiss
0f50ef2b.wav,Toilet_flush Waves_and_surf Stream
0f61907d.wav,Electric_guitar Gong Bass_guitar
0f663341.wav,Trickle_and_dribble Bathtub_(filling_or_washing) Frying_(food)
0f81d5bc.wav,Trickle_and_dribble Keys_jangling Cutlery_and_silverware
0faf5b2e.wav,Gong Motorcycle Buzz
0fc07a52.wav,Keys_jangling Scissors Chewing_and_mastication
0fc6a683.wav,Stream Frying_(food) Toilet_flush
0fccb2e5.wav,Hiss Shatter Keys_jangling
0fd91890.wav,Skateboard Clapping Chink_and_clink
0fdb30c1.wav,Bass_drum Knock Drawer_open_or_close
0fed6565.wav,Toilet_flush Waves_and_surf Bathtub_(filling_or_washing)
0ff0e483.wav,Yell Child_speech_and_kid_speaking Sneeze
0fffc208.wav,Marimba_and_xylophone Clapping Knock
100e123a.wav,Church_bell Accordion Harmonica
100faf3f.wav,Cricket Chirp_and_tweet Clapping
101b2011.wav,Finger_snapping Shatter Scissors
10234fef.wav,Bass_drum Knock Cupboard_open_or_close
10236f0e.wav,Fart Male_speech_and_man_speaking Electric_guitar
102fb14f.wav,Bass_guitar Gong Accelerating_and_revving_and_vroom
1052e52b.wav,Burping_and_eructation Cupboard_open_or_close Fart
105460cd.wav,Race_car_and_auto_racing Crowd Screaming
10678d21.wav,Shatter Chink_and_clink Cutlery_and_silverware
107f3deb.wav,Raindrop Chink_and_clink Skateboard
10811159.wav,Clapping Finger_snapping Chink_and_clink
10a1aa40.wav,Motorcycle Bus Waves_and_surf
10a7b8f3.wav,Harmonica Glockenspiel Marimba_and_xylophone
10acf1b6.wav,Hiss Frying_(food) Stream
10c170b1.wav,Finger_snapping Clapping Shatter
10d026e9.wav,Knock Walk_and_footsteps Run
10d94568.wav,Zipper_(clothing) Motorcycle Accelerating_and_revving_and_vroom
10e6a6ac.wav,Gong Hiss Bathtub_(filling_or_washing)
10e6db66.wav,Burping_and_eructation Fart Cupboard_open_or_close
10e92421.wav,Bass_drum Marimba_and_xylophone Drawer_open_or_close
10f58e51.wav,Electric_guitar Bus Mechanical_fan
11071bad.wav,Microwave_oven Electric_guitar Clapping
111f9431.wav,Stream Trickle_and_dribble Frying_(food)
112bdb70.wav,Bicycle_bell Shatter Chink_and_clink
113290e8.wav,Shatter Cutlery_and_silverware Writing
1142def0.wav,Shatter Cutlery_and_silverware Chink_and_clink
1147c12b.wav,Microwave_oven Screaming Chirp_and_tweet
1158e587.wav,Raindrop Computer_keyboard Tick-tock
11641eb8.wav,Skateboard Clapping Hiss
1167b492.wav,Knock Tap Drawer_open_or_close
1172c5fb.wav,Buzz Bus Accordion
117358df.wav,Bathtub_(filling_or_washing) Frying_(food) Stream
1175ac74.wav,Shatter Chink_and_clink Clapping
11b6c488.wav,Frying_(food) Stream Trickle_and_dribble
11cc8bcb.wav,Chewing_and_mastication Writing Computer_keyboard
12264142.wav,Whispering Writing Sneeze
1226b0e0.wav,Finger_snapping Tap Crackle
1247b7e3.wav,Glockenspiel Bicycle_bell Marimba_and_xylophone
124a286f.wav,Tick-tock Scissors Cutlery_and_silverware
12600be5.wav,Waves_and_surf Sigh Hiss
12689530.wav,Accordion Sneeze Sigh
126b674b.wav,Bathtub_(filling_or_washing) Trickle_and_dribble Crackle
127adb78.wav,Child_speech_and_kid_speaking Marimba_and_xylophone Sneeze
12849e29.wav,Motorcycle Accelerating_and_revving_and_vroom Zipper_(clothing)
128a67de.wav,Finger_snapping Crackle Chink_and_clink
12bcd3ec.wav,Writing Run Drawer_open_or_close
12d3e91f.wav,Fart Male_speech_and_man_speaking Burping_and_eructation
12d8c07f.wav,Mechanical_fan Bus Car_passing_by
12ddf239.wav,Waves_and_surf Hiss Toilet_flush
12df81e8.wav,Stream Fill_(with_liquid) Crackle
12ee0010.wav,Frying_(food) Bathtub_(filling_or_washing) Shatter
12fe33b6.wav,Printer Tick-tock Writing
130e4d2f.wav,Burping_and_eructation Skateboard Whispering
13237edd.wav,Shatter Bicycle_bell Chink_and_clink
134c3fea.wav,Finger_snapping Scissors Shatter
134c95a2.wav,Scissors Finger_snapping Crackle
13694181.wav,Knock Cupboard_open_or_close Drawer_open_or_close
13728313.wav,Gong Car_passing_by Traffic_noise_and_roadway_noise
13ae306e.wav,Keys_jangling Scissors Bicycle_bell
13cfa025.wav,Bus Gong Microwave_oven
13e3453c.wav,Frying_(food) Bathtub_(filling_or_washing) Trickle_and_dribble
13e84f69.wav,Meow Hiss Traffic_noise_and_roadway_noise
14096fd8.wav,Mechanical_fan Motorcycle Bus
142b9865.wav,Electric_guitar Bass_drum Hi-hat
1438cfd0.wav,Knock Drawer_open_or_close Microwave_oven
143e6d96.wav,Bicycle_bell Bathtub_(filling_or_washing) Hiss
14416af5.wav,Sneeze Buzz Child_speech_and_kid_speaking
1451986d.wav,Male_singing Accordion Electric_guitar
145a10e4.wav,Hiss Bathtub_(filling_or_washing) Cricket
146c73a3.wav,Sigh Gasp Fart
14ab7f13.wav,Drawer_open_or_close Toilet_flush Zipper_(clothing)
14cbc626.wav,Whispering Writing Hiss
14d22f20.wav,Shatter Cutlery_and_silverware Keys_jangling
14e86cfb.wav,Finger_snapping Shatter Chink_and_clink
14fd704c.wav,Finger_snapping Bark Knock
151ea709.wav,Marimba_and_xylophone Raindrop Clapping
15288481.wav,Electric_guitar Buzz Church_bell
152a4e09.wav,Female_singing Bus Buzz
153579d9.wav,Computer_keyboard Writing Chewing_and_mastication
1544427c.wav,Bass_drum Frying_(food) Microwave_oven
154696fd.wav,Mechanical_fan Waves_and_surf Stream
156bf74f.wav,Hiss Bathtub_(filling_or_washing) Shatter
156c1736.wav,Church_bell Harmonica Accordion
15776b9c.wav,Computer_keyboard Crackle Chewing_and_mastication
157dd023.wav,Hi-hat Shatter Cutlery_and_silverware
15849032.wav,Frying_(food) Keys_jangling Bathtub_(filling_or_washing)
15868ee8.wav,Frying_(food) Bathtub_(filling_or_washing) Toilet_flush
159b8b9b.wav,Stream Frying_(food) Bathtub_(filling_or_washing)
159d2208.wav,Zipper_(clothing) Meow Screaming
15a78daf.wav,Skateboard Burping_and_eructation Trickle_and_dribble
15a98fd7.wav,Bass_drum Computer_keyboard Knock
15b0d4ec.wav,Glockenspiel Marimba_and_xylophone Bicycle_bell
15bcf71d.wav,Bass_guitar Bass_drum Gong
15c34c4f.wav,Crackle Finger_snapping Run
15e2bcaa.wav,Harmonica Hi-hat Hiss
15e7bb78.wav,Keys_jangling Scissors Cutlery_and_silverware
160105ad.wav,Accordion Church_bell Harmonica
1604a3fa.wav,Waves_and_surf Toilet_flush Drawer_open_or_close
1606f119.wav,Bark Gong Sneeze
160acbb0.wav,Cricket Hiss Bathtub_(filling_or_washing)
165fd18a.wav,Waves_and_surf Skateboard Motorcycle
166a05c0.wav,Computer_keyboard Run Writing
1670b964.wav,Zipper_(clothing) Purr Male_speech_and_man_speaking
167a4f00.wav,Male_speech_and_man_speaking Squeak Sneeze
168be388.wav,Skateboard Sneeze Meow
16b56d33.wav,Keys_jangling Cutlery_and_silverware Shatter
16bc3f60.wav,Shatter Tick-tock Chink_and_clink
16c7da35.wav,Stream Bathtub_(filling_or_washing) Toilet_flush
16d80f68.wav,Bus Female_singing Harmonica
16e17bed.wav,Traffic_noise_and_roadway_noise Car_passing_by Gong
16f7ac14.wav,Knock Drawer_open_or_close Cupboard_open_or_close
16fd3589.wav,Computer_keyboard Writing Gurgling
17135192.wav,Bicycle_bell Chirp_and_tweet Bathtub_(filling_or_washing)
17140de5.wav,Frying_(food) Toilet_flush Bathtub_(filling_or_washing)
171aa36c.wav,Shatter Cutlery_and_silverware Chink_and_clink
17361a5c.wav,Stream Toilet_flush Hiss
1751bb8a.wav,Bathtub_(filling_or_washing) Frying_(food) Shatter
1779b015.wav,Mechanical_fan Electric_guitar Bus
17b6e84f.wav,Keys_jangling Crackle Chink_and_clink
17c4b25f.wav,Car_passing_by Gong Church_bell
17dfb6db.wav,Drawer_open_or_close Microwave_oven Slam
1802421a.wav,Stream Bathtub_(filling_or_washing) Hiss
18183321.wav,Bus Mechanical_fan Microwave_oven
183948d1.wav,Skateboard Waves_and_surf Toilet_flush
183fb536.wav,Skateboard Whispering Printer
1843680b.wav,Computer_keyboard Clapping Chink_and_clink
184aca02.wav,Frying_(food) Hiss Bathtub_(filling_or_washing)
18551bc1.wav,Electric_guitar Female_speech_and_woman_speaking Printer
1859b7f7.wav,Keys_jangling Cutlery_and_silverware Scissors
1877623e.wav,Skateboard Clapping Chink_and_clink
1889c58d.wav,Bark Sneeze Harmonica
18929e41.wav,Accordion Harmonica Screaming
1899de05.wav,Computer_keyboard Writing Run
18ace84c.wav,Sneeze Male_singing Child_speech_and_kid_speaking
18be000d.wav,Drawer_open_or_close Gong Walk_and_footsteps
18c94757.wav,Stream Toilet_flush Hiss
18ea2e9e.wav,Toilet_flush Waves_and_surf Printer
18fda5a4.wav,Bark Harmonica Church_bell
1904f396.wav,Tick-tock Bark Sneeze
19135157.wav,Zipper_(clothing) Male_speech_and_man_speaking Drawer_open_or_close
191adc5f.wav,Male_singing Sneeze Female_speech_and_woman_speaking
19303d26.wav,Bus Male_singing Church_bell
193a6063.wav,Tick-tock Drawer_open_or_close Computer_keyboard
1945b8ca.wav,Printer Electric_guitar Tick-tock
19508dc0.wav,Bus Gong Microwave_oven
1960e51e.wav,Skateboard Run Computer_keyboard
19754d94.wav,Electric_guitar Female_speech_and_woman_speaking Sigh
197ce5b2.wav,Harmonica Yell Female_singing
199d4d12.wav,Sneeze Male_speech_and_man_speaking Female_speech_and_woman_speaking
19a7dec3.wav,Toilet_flush Printer Gurgling
19bb5700.wav,Bus Church_bell Buzz
19c7c900.wav,Chirp_and_tweet Screaming Squeak
19d9401d.wav,Knock Bass_drum Run
19dcb315.wav,Sneeze Buzz Writing
1a068a84.wav,Male_singing Female_singing Electric_guitar
1a0d1b78.wav,Waves_and_surf Sigh Fart
1a110901.wav,Stream Toilet_flush Bathtub_(filling_or_washing)
1a1de9b9.wav,Glockenspiel Marimba_and_xylophone Bicycle_bell
1a1def6e.wav,Toilet_flush Waves_and_surf Hiss
1a1edda6.wav,Male_speech_and_man_speaking Female_singing Female_speech_and_woman_speaking
1a2580e1.wav,Fart Burping_and_eructation Cupboard_open_or_close
1a35ded5.wav,Frying_(food) Bathtub_(filling_or_washing) Stream
1a362723.wav,Screaming Harmonica Female_singing
1a44ace1.wav,Bass_guitar Gong Accelerating_and_revving_and_vroom
1a51eefe.wav,Burping_and_eructation Fill_(with_liquid) Trickle_and_dribble
1a5c4e84.wav,Mechanical_fan Waves_and_surf Bus
1a606ef2.wav,Purr Cricket Mechanical_fan
1a6925fa.wav,Scissors Keys_jangling Tick-tock
1a884f9e.wav,Tick-tock Computer_keyboard Raindrop
1abdac69.wav,Crackle Computer_keyboard Finger_snapping
1ac6f6f3.wav,Sigh Toilet_flush Harmonica
1acae695.wav,Gong Church_bell Car_passing_by
1acb3d32.wav,Bus Church_bell Electric_guitar
1ad7f703.wav,Crackle Purr Chewing_and_mastication
1ae3ca16.wav,Purr Crackle Zipper_(clothing)
1aec75a6.wav,Bass_drum Computer_keyboard Cupboard_open_or_close
1b0687b2.wav,Zipper_(clothing) Sneeze Squeak
1b086eb7.wav,Purr Crackle Zipper_(clothing)
1b0a3884.wav,Sigh Gasp Hiss
1b1d1b2d.wav,Hiss Bathtub_(filling_or_washing) Fart
1b3ecd82.wav,Gong Church_bell Bus
1b5b6468.wav,Gong Cupboard_open_or_close Gasp
1b5daf72.wav,Sigh Hiss Waves_and_surf
1b68d94a.wav,Whispering Drawer_open_or_close Writing
1ba04ecc.wav,Hiss Whispering Shatter
1bc14732.wav,Whispering Writing Cutlery_and_silverware
1bcfdfb5.wav,Bass_drum Bass_guitar Cupboard_open_or_close
1bd82417.wav,Church_bell Gong Electric_guitar
1be1c727.wav,Drawer_open_or_close Cupboard_open_or_close Slam
1bfd4be2.wav,Whispering Skateboard Male_speech_and_man_speaking
1c0e284a.wav,Mechanical_fan Waves_and_surf Toilet_flush
1c0fbe4b.wav,Meow Screaming Microwave_oven
1c1dd720.wav,Child_speech_and_kid_speaking Sneeze Female_speech_and_woman_speaking
1c3bd325.wav,Trickle_and_dribble Raindrop Writing
1c699cb7.wav,Microwave_oven Gong Church_bell
1c6d56db.wav,Meow Harmonica Chirp_and_tweet
1c77cedf.wav,Hiss Bathtub_(filling_or_washing) Scissors
1c785226.wav,Clapping Finger_snapping Shatter
1c79ca96.wav,Hiss Bathtub_(filling_or_washing) Hi-hat
1c8369cf.wav,Male_speech_and_man_speaking Zipper_(clothing) Gurgling
1c983e19.wav,Waves_and_surf Bathtub_(filling_or_washing) Toilet_flush
1c9e3f10.wav,Knock Bass_drum Tap
1cc5b5f7.wav,Finger_snapping Computer_keyboard Crackle
1cd55ad6.wav,Stream Mechanical_fan Car_passing_by
1cf8379b.wav,Hiss Cricket Bathtub_(filling_or_washing)
1d11b910.wav,Frying_(food) Trickle_and_dribble Keys_jangling
1d1778c4.wav,Bass_drum Cupboard_open_or_close Bass_guitar
1d1863a4.wav,Bus Mechanical_fan Microwave_oven
1d2459ce.wav,Yell Harmonica Sneeze
1d279116.wav,Gong Hi-hat Hiss
1d33f8e1.wav,Cutlery_and_silverware Shatter Bicycle_bell
1d4ae8ab.wav,Finger_snapping Crackle Chink_and_clink
1d58040b.wav,Meow Harmonica Screaming
1d6f2b16.wav,Female_singing Male_singing Child_speech_and_kid_speaking
1d7d2a17.wav,Buzz Sneeze Walk_and_footsteps
1db41feb.wav,Glockenspiel Female_singing Buzz
1dbcd4ba.wav,Stream Trickle_and_dribble Fill_(with_liquid)
1dc3166b.wav,Fart Gong Burping_and_eructation
1dc417cd.wav,Writing Zipper_(clothing) Whispering
1dcc4dd4.wav,Microwave_oven Mechanical_fan Gong
1de84153.wav,Microwave_oven Gong Bus
1ded5864.wav,Knock Bass_drum Purr
1def6435.wav,Whispering Writing Male_speech_and_man_speaking
1dfa910d.wav,Glockenspiel Marimba_and_xylophone Bicycle_bell
1e0b81a9.wav,Marimba_and_xylophone Acoustic_guitar Electric_guitar
1e1a72d5.wav,Meow Child_speech_and_kid_speaking Traffic_noise_and_roadway_noise
1e1e674a.wav,Frying_(food) Bathtub_(filling_or_washing) Stream
1e3763ba.wav,Meow Harmonica Screaming
1e3cd2f0.wav,Sneeze Female_speech_and_woman_speaking Male_speech_and_man_speaking
1e6572de.wav,Accordion Harmonica Church_bell
1e6e9131.wav,Male_speech_and_man_speaking Male_singing Electric_guitar
1e6fe316.wav,Toilet_flush Bus Race_car_and_auto_racing
1e7b59a7.wav,Child_speech_and_kid_speaking Female_singing Female_speech_and_woman_speaking
1e8a965c.wav,Mechanical_fan Waves_and_surf Stream
1e8fe3d2.wav,Marimba_and_xylophone Child_speech_and_kid_speaking Meow
1ea533ec.wav,Bass_guitar Gong Accelerating_and_revving_and_vroom
1eac92a1.wav,Glockenspiel Marimba_and_xylophone Bicycle_bell
1ec2f60d.wav,Writing Run Walk_and_footsteps
1eda3d26.wav,Church_bell Race_car_and_auto_racing Screaming
1f27827e.wav,Harmonica Screaming Accordion
1f293888.wav,Bass_drum Knock Cupboard_open_or_close
1f3d2f22.wav,Toilet_flush Stream Hiss
1f52baf2.wav,Cutlery_and_silverware Shatter Chink_and_clink
1f58cc84.wav,Male_speech_and_man_speaking Male_singing Female_speech_and_woman_speaking
1f63c45e.wav,Fart Male_speech_and_man_speaking Zipper_(clothing)
1f85a5c7.wav,Harmonica Bark Yell
1f9c1f3e.wav,Motorcycle Gong Accordion
1fc0282a.wav,Crackle Scissors Chink_and_clink
1fc8f9a5.wav,Bicycle_bell Writing Cricket
1fd74cc3.wav,Glockenspiel Marimba_and_xylophone Bicycle_bell
1fde2c61.wav,Gong Bus Church_bell
1fe639ee.wav,Writing Whispering Scissors
1fec2121.wav,Bathtub_(filling_or_washing) Toilet_flush Waves_and_surf
1ff215f3.wav,Printer Tick-tock Skateboard
200b6920.wav,Drawer_open_or_close Microwave_oven Slam
2012b2f4.wav,Clapping Tap Hi-hat
201c18ee.wav,Purr Motorcycle Zipper_(clothing)
20612e10.wav,Toilet_flush Church_bell Traffic_noise_and_roadway_noise
2069253a.wav,Whispering Male_speech_and_man_speaking Printer
206c0a24.wav,Scissors Chewing_and_mastication Crackle
20801c98.wav,Harmonica Printer Accordion
2087f937.wav,Drawer_open_or_close Printer Toilet_flush
20898b89.wav,Stream Toilet_flush Frying_(food)
20b16812.wav,Bicycle_bell Chink_and_clink Marimba_and_xylophone
20c3541c.wav,Scissors Crackle Raindrop
20d2ad1c.wav,Sneeze Writing Drawer_open_or_close
20dc6392.wav,Computer_keyboard Crackle Zipper_(clothing)
20e285c7.wav,Clapping Toilet_flush Bus
21102a3a.wav,Hiss Sigh Whispering
2113043a.wav,Church_bell Female_singing Harmonica
2142adda.wav,Fill_(with_liquid) Stream Trickle_and_dribble
21447ea7.wav,Female_singing Child_speech_and_kid_speaking Harmonica
21455882.wav,Bathtub_(filling_or_washing) Cricket Frying_(food)
2157612c.wav,Screaming Sigh Waves_and_surf
2159eea8.wav,Accordion Cupboard_open_or_close Meow
2175b26d.wav,Gong Accelerating_and_revving_and_vroom Motorcycle
217b109a.wav,Waves_and_surf Car_passing_by Gong
2189acc6.wav,Screaming Harmonica Accordion
218b15dc.wav,Sneeze Marimba_and_xylophone Skateboard
218c8907.wav,Toilet_flush Clapping Hiss
21b0c9cb.wav,Run Skateboard Computer_keyboard
21b24d69.wav,Knock Tap Run
21b601cd.wav,Church_bell Harmonica Gong
21d2eb4c.wav,Drawer_open_or_close Chewing_and_mastication Hiss
21d49986.wav,Buzz Knock Gong
21e8d6a9.wav,Bass_drum Marimba_and_xylophone Run
21eb5d58.wav,Stream Toilet_flush Frying_(food)
21eca32f.wav,Tick-tock Raindrop Computer_keyboard
21fa3245.wav,Cutlery_and_silverware Shatter Keys_jangling
2210c997.wav,Sneeze Whispering Printer
2216c947.wav,Motorcycle Burping_and_eructation Zipper_(clothing)
223032ba.wav,Hiss Bathtub_(filling_or_washing) Cricket
2236c850.wav,Purr Buzz Knock
223a5173.wav,Cupboard_open_or_close Sneeze Skateboard
22522048.wav,Waves_and_surf Accelerating_and_revving_and_vroom Zipper_(clothing)
2263763d.wav,Toilet_flush Printer Tick-tock
228a538c.wav,Shatter Cutlery_and_silverware Chink_and_clink
22a7e375.wav,Frying_(food) Hiss Bathtub_(filling_or_washing)
22b07889.wav,Burping_and_eructation Skateboard Whispering
22b6b9aa.wav,Gong Hi-hat Shatter
22c5ea2f.wav,Church_bell Race_car_and_auto_racing Toilet_flush
22c78043.wav,Car_passing_by Waves_and_surf Gong
22c98028.wav,Waves_and_surf Drawer_open_or_close Toilet_flush
22c9b301.wav,Whispering Buzz Hiss
22cd860e.wav,Crackle Chink_and_clink Scissors
22f22fc9.wav,Knock Drawer_open_or_close Cupboard_open_or_close
22f2d98a.wav,Scissors Raindrop Computer_keyboard
2303e210.wav,Cutlery_and_silverware Shatter Chink_and_clink
23244f49.wav,Whispering Writing Frying_(food)
2327b6de.wav,Bass_drum Cupboard_open_or_close Bass_guitar
2343daa5.wav,Waves_and_surf Toilet_flush Printer
235213ce.wav,Raindrop Shatter Cutlery_and_silverware
235f959c.wav,Screaming Meow Female_singing
236e7ce1.wav,Bathtub_(filling_or_washing) Hiss Cutlery_and_silverware
23726888.wav,Glockenspiel Marimba_and_xylophone Bicycle_bell
23756062.wav,Bus Microwave_oven Gong
238b11f0.wav,Microwave_oven Cupboard_open_or_close Drawer_open_or_close
23a07927.wav,Hiss Bathtub_(filling_or_washing) Cricket
23a2669b.wav,Bus Buzz Church_bell
23c4613e.wav,Knock Clapping Tap
23c714b5.wav,Bass_drum Cupboard_open_or_close Buzz
23d35eea.wav,Drawer_open_or_close Knock Cutlery_and_silverware
23fabbb4.wav,Bathtub_(filling_or_washing) Frying_(food) Toilet_flush
23fe505d.wav,Keys_jangling Scissors Chewing_and_mastication
2406d1de.wav,Gong Bass_guitar Accelerating_and_revving_and_vroom
240e9caa.wav,Female_singing Bark Buzz
24456657.wav,Toilet_flush Stream Frying_(food)
244a60cd.wav,Fart Finger_snapping Crackle
2451cad9.wav,Screaming Harmonica Meow
2451d17b.wav,Church_bell Gong Accordion
245c01e6.wav,Bus Crowd Toilet_flush
2462f236.wav,Buzz Bus Motorcycle
24ae5bef.wav,Female_singing Accordion Sigh
24ce9114.wav,Female_speech_and_woman_speaking Printer Meow
24dda4ed.wav,Bathtub_(filling_or_washing) Frying_(food) Hiss
24ecb25d.wav,Chirp_and_tweet Screaming Bicycle_bell
24f04ba5.wav,Clapping Chink_and_clink Drawer_open_or_close
2548960b.wav,Sneeze Drawer_open_or_close Child_speech_and_kid_speaking
256d567f.wav,Chewing_and_mastication Keys_jangling Scissors
2583a54d.wav,Hiss Bathtub_(filling_or_washing) Hi-hat
2599ff86.wav,Screaming Harmonica Meow
259e3fa7.wav,Trickle_and_dribble Fill_(with_liquid) Bathtub_(filling_or_washing)
25a8ef58.wav,Bass_drum Knock Tap
25a991a1.wav,Hiss Bathtub_(filling_or_washing) Hi-hat
25beac1d.wav,Shatter Cutlery_and_silverware Chink_and_clink
25c32640.wav,Bathtub_(filling_or_washing) Frying_(food) Stream
25c8686f.wav,Burping_and_eructation Fart Male_speech_and_man_speaking
25d481d6.wav,Bass_drum Cupboard_open_or_close Knock
25e059d3.wav,Gong Accordion Motorcycle
25e23528.wav,Harmonica Screaming Glockenspiel
25e75fa8.wav,Frying_(food) Bathtub_(filling_or_washing) Hiss
261cdf15.wav,Gong Stream Car_passing_by
262131af.wav,Bass_guitar Electric_guitar Motorcycle
2624e8ff.wav,Printer Male_speech_and_man_speaking Electric_guitar
26263cf0.wav,Clapping Chink_and_clink Shatter
262a7108.wav,Keys_jangling Scissors Computer_keyboard
262d4cca.wav,Accordion Harmonica Screaming
2655ac2c.wav,Accordion Church_bell Gong
26a25f5d.wav,Clapping Tap Marimba_and_xylophone
26a4977c.wav,Purr Zipper_(clothing) Crackle
26a6c2f3.wav,Crackle Trickle_and_dribble Chewing_and_mastication
26abfa32.wav,Trickle_and_dribble Frying_(food) Scissors
26c001b7.wav,Stream Trickle_and_dribble Frying_(food)
26c01e3f.wav,Female_singing Child_speech_and_kid_speaking Male_singing
26f921e3.wav,Finger_snapping Crackle Tap
2707f8b0.wav,Female_singing Cupboard_open_or_close Screaming
27080c56.wav,Skateboard Cupboard_open_or_close Chink_and_clink
271ade69.wav,Bass_guitar Gong Electric_guitar
272d95c7.wav,Toilet_flush Stream Hiss
2733bb3f.wav,Harmonica Cupboard_open_or_close Female_singing
27446bcd.wav,Bass_drum Cupboard_open_or_close Bass_guitar
2756ca54.wav,Zipper_(clothing) Sneeze Male_singing
2758a116.wav,Female_singing Child_speech_and_kid_speaking Male_singing
275e1bb6.wav,Female_speech_and_woman_speaking Child_speech_and_kid_speaking Female_singing
278a19ee.wav,Zipper_(clothing) Accordion Gasp
27903ab8.wav,Waves_and_surf Toilet_flush Run
27924331.wav,Sneeze Whispering Fart
279d4550.wav,Writing Crackle Tap
27a4f4a8.wav,Accordion Traffic_noise_and_roadway_noise Church_bell
27a8cf7f.wav,Knock Tap Drawer_open_or_close
27b8db15.wav,Car_passing_by Traffic_noise_and_roadway_noise Waves_and_surf
27c8eacc.wav,Writing Run Bass_drum
27ce0e90.wav,Computer_keyboard Keys_jangling Writing
27d07e83.wav,Cricket Hiss Bathtub_(filling_or_washing)
27d43eba.wav,Accordion Harmonica Church_bell
27df10d1.wav,Sneeze Child_speech_and_kid_speaking Yell
27e085c0.wav,Knock Drawer_open_or_close Cupboard_open_or_close
280c07e4.wav,Toilet_flush Church_bell Bathtub_(filling_or_washing)
2810d717.wav,Cupboard_open_or_close Computer_keyboard Slam
28142c7d.wav,Hiss Bathtub_(filling_or_washing) Hi-hat
28199c01.wav,Printer Whispering Slam
2833e567.wav,Fill_(with_liquid) Stream Trickle_and_dribble
28383990.wav,Shatter Cutlery_and_silverware Bicycle_bell
283bc0ea.wav,Computer_keyboard Scissors Keys_jangling
2842be8c.wav,Skateboard Writing Chink_and_clink
28849a80.wav,Scissors Crackle Keys_jangling
288a89c1.wav,Gong Accordion Church_bell
2894416d.wav,Crackle Buzz Chewing_and_mastication
289fb0b8.wav,Gong Bus Car_passing_by
28a2ff49.wav,Gong Bus Microwave_oven
28a9213d.wav,Computer_keyboard Gurgling Run
28d22d2e.wav,Printer Cupboard_open_or_close Burping_and_eructation
28d2f36f.wav,Accordion Harmonica Cupboard_open_or_close
28e13187.wav,Knock Tap Drawer_open_or_close
28e32693.wav,Gong Bass_guitar Accelerating_and_revving_and_vroom
28f49053.wav,Bathtub_(filling_or_washing) Toilet_flush Waves_and_surf
28ff0651.wav,Church_bell Bark Female_singing
290e30df.wav,Fart Male_speech_and_man_speaking Electric_guitar
292ef00f.wav,Gong Whispering Gasp
2934735d.wav,Zipper_(clothing) Child_speech_and_kid_speaking Sneeze
2934d413.wav,Knock Tap Clapping
29365227.wav,Fart Burping_and_eructation Printer
295268ea.wav,Whispering Slam Sigh
29699f09.wav,Yell Meow Male_speech_and_man_speaking
297219cc.wav,Finger_snapping Shatter Bicycle_bell
2980d500.wav,Drawer_open_or_close Sigh Church_bell
29826356.wav,Child_speech_and_kid_speaking Male_speech_and_man_speaking Female_speech_and_woman_speaking
29b0574f.wav,Run Writing Drawer_open_or_close
29d72dfb.wav,Waves_and_surf Toilet_flush Bus
29dd29fb.wav,Knock Drawer_open_or_close Tap
29e4880e.wav,Scissors Chewing_and_mastication Computer_keyboard
2a0893c6.wav,Bass_guitar Gong Accelerating_and_revving_and_vroom
2a0a3828.wav,Computer_keyboard Skateboard Gurgling
2a484593.wav,Finger_snapping Tap Clapping
2a557637.wav,Shatter Cutlery_and_silverware Keys_jangling
2a79d0a8.wav,Female_singing Buzz Electric_guitar
2a9c7202.wav,Frying_(food) Stream Bathtub_(filling_or_washing)
2aa1e0b8.wav,Sneeze Female_speech_and_woman_speaking Child_speech_and_kid_speaking
2ac8607d.wav,Screaming Harmonica Female_singing
2ad174b4.wav,Cupboard_open_or_close Shatter Keys_jangling
2ae04dd7.wav,Mechanical_fan Bus Microwave_oven
2aedff46.wav,Shatter Chink_and_clink Cutlery_and_silverware
2af10e99.wav,Hi-hat Shatter Cutlery_and_silverware
2af77e7f.wav,Bus Waves_and_surf Mechanical_fan
2b160bb2.wav,Finger_snapping Crackle Computer_keyboard
2b2613d8.wav,Knock Tap Drawer_open_or_close
2b6ee441.wav,Chewing_and_mastication Scissors Waves_and_surf
2b95327b.wav,Mechanical_fan Waves_and_surf Bus
2b9ca464.wav,Knock Cupboard_open_or_close Buzz
2bab5b09.wav,Gurgling Zipper_(clothing) Toilet_flush
2bb1503c.wav,Gasp Accordion Cupboard_open_or_close
2bbf558e.wav,Clapping Tap Knock
2be779a7.wav,Drawer_open_or_close Cupboard_open_or_close Printer
2c010e00.wav,Microwave_oven Bus Gong
2c2a3c77.wav,Tick-tock Printer Toilet_flush
2c2d400b.wav,Hiss Bathtub_(filling_or_washing) Crackle
2c39bb30.wav,Harmonica Church_bell Electric_guitar
2c3a44f2.wav,Frying_(food) Clapping Toilet_flush
2c7a5078.wav,Bus Electric_guitar Buzz
2c809d4f.wav,Computer_keyboard Tap Run
2c8b8812.wav,Computer_keyboard Run Writing
2c924848.wav,Male_speech_and_man_speaking Sigh Female_speech_and_woman_speaking
2cc7f972.wav,Waves_and_surf Church_bell Cricket
2cd526f7.wav,Drawer_open_or_close Knock Cupboard_open_or_close
2cdfa8c1.wav,Waves_and_surf Toilet_flush Bus
2cf4955c.wav,Mechanical_fan Bus Waves_and_surf
2cfdaecd.wav,Hiss Shatter Scissors
2d0863b7.wav,Printer Toilet_flush Run
2d09c7ca.wav,Chirp_and_tweet Cricket Squeak
2d15ca77.wav,Shatter Cutlery_and_silverware Keys_jangling
2d209c25.wav,Knock Tap Drawer_open_or_close
2d21dbf4.wav,Purr Motorcycle Zipper_(clothing)
2d455ed9.wav,Bathtub_(filling_or_washing) Frying_(food) Trickle_and_dribble
2d4961a8.wav,Tick-tock Skateboard Raindrop
2d4a0250.wav,Fart Burping_and_eructation Cupboard_open_or_close
2d56c2ae.wav,Shatter Cutlery_and_silverware Keys_jangling
2d5dcc5d.wav,Drawer_open_or_close Walk_and_footsteps Knock
2d666c1d.wav,Church_bell Traffic_noise_and_roadway_noise Harmonica
2d6d99d4.wav,Sneeze Cupboard_open_or_close Yell
2d7218f8.wav,Bark Harmonica Sneeze
2d7ae271.wav,Gong Race_car_and_auto_racing Accelerating_and_revving_and_vroom
2d8135cc.wav,Stream Fill_(with_liquid) Toilet_flush
2d88fa59.wav,Clapping Shatter Chink_and_clink
2da4c729.wav,Motorcycle Mechanical_fan Waves_and_surf
2db579cb.wav,Drawer_open_or_close Slam Microwave_oven
2db63f0d.wav,Writing Whispering Run
2dd2a6bf.wav,Waves_and_surf Car_passing_by Toilet_flush
2df0cf1f.wav,Burping_and_eructation Trickle_and_dribble Zipper_(clothing)
2df1f901.wav,Toilet_flush Clapping Bathtub_(filling_or_washing)
2dfd32a3.wav,Bus Church_bell Race_car_and_auto_racing
2e61e614.wav,Zipper_(clothing) Male_singing Screaming
2e820b05.wav,Meow Screaming Microwave_oven
2e8b4709.wav,Electric_guitar Bass_guitar Female_speech_and_woman_speaking
2e9ced66.wav,Waves_and_surf Toilet_flush Run
2ea33689.wav,Accordion Harmonica Church_bell
2eade3e1.wav,Church_bell Race_car_and_auto_racing Traffic_noise_and_roadway_noise
2eb3002c.wav,Meow Screaming Harmonica
2eb51f57.wav,Glockenspiel Marimba_and_xylophone Bicycle_bell
2ed9ce69.wav,Harmonica Church_bell Gong
2edb4142.wav,Run Tap Computer_keyboard
2ee3ef28.wav,Electric_guitar Marimba_and_xylophone Female_speech_and_woman_speaking
2ee9f139.wav,Marimba_and_xylophone Child_speech_and_kid_speaking Electric_guitar
2eeb7f35.wav,Meow Screaming Harmonica
2eec6eda.wav,Hi-hat Gong Marimba_and_xylophone
2f00863c.wav,Gong Bass_guitar Accelerating_and_revving_and_vroom
2f14d3b3.wav,Bass_drum Drawer_open_or_close Hi-hat
2f2ab304.wav,Church_bell Race_car_and_auto_racing Screaming
2f41afe1.wav,Motorcycle Run Gong
2f529eb8.wav,Frying_(food) Trickle_and_dribble Stream
2f5cbf20.wav,Sneeze Drawer_open_or_close Microwave_oven
2f6331aa.wav,Sneeze Male_singing Yell
2f643c50.wav,Gasp Printer Hiss
2f785877.wav,Bass_drum Knock Marimba_and_xylophone
2f84c8e9.wav,Buzz Bus Mechanical_fan
2f8dd247.wav,Bus Waves_and_surf Toilet_flush
2f94fca3.wav,Burping_and_eructation Trickle_and_dribble Cupboard_open_or_close
2fa1cc09.wav,Finger_snapping Tap Crackle
2fc6ede8.wav,Knock Tap Drawer_open_or_close
2fe3ae63.wav,Computer_keyboard Tick-tock Finger_snapping
2ffd2145.wav,Child_speech_and_kid_speaking Female_singing Female_speech_and_woman_speaking
3011c55b.wav,Female_singing Accordion Male_singing
3012731a.wav,Clapping Toilet_flush Skateboard
302f4eb8.wav,Church_bell Harmonica Gong
303d4668.wav,Chirp_and_tweet Keys_jangling Bicycle_bell
304d8a8e.wav,Church_bell Glockenspiel Marimba_and_xylophone
304f25f4.wav,Toilet_flush Printer Tick-tock
3052fe86.wav,Bathtub_(filling_or_washing) Scissors Toilet_flush
3061e8d1.wav,Screaming Harmonica Accordion
309169fa.wav,Female_singing Male_speech_and_man_speaking Female_speech_and_woman_speaking
30960f70.wav,Waves_and_surf Car_passing_by Mechanical_fan
309eea85.wav,Female_singing Harmonica Accordion
30ac78a6.wav,Hiss Bathtub_(filling_or_washing) Hi-hat
30d1840b.wav,Keys_jangling Scissors Chewing_and_mastication
30dc07a7.wav,Bass_drum Knock Male_speech_and_man_speaking
30e1162a.wav,Child_speech_and_kid_speaking Female_singing Electric_guitar
30e40cc3.wav,Male_singing Church_bell Waves_and_surf
30f7577e.wav,Tick-tock Printer Bass_drum
30f8ba51.wav,Purr Bass_guitar Accelerating_and_revving_and_vroom
3102ff8d.wav,Crackle Computer_keyboard Purr
311fcc0d.wav,Chirp_and_tweet Hiss Bicycle_bell
3129e5b4.wav,Bass_drum Knock Computer_keyboard
312c730c.wav,Bathtub_(filling_or_washing) Frying_(food) Stream
312e1179.wav,Bathtub_(filling_or_washing) Frying_(food) Bicycle_bell
312e698e.wav,Motorcycle Electric_guitar Gong
31312cda.wav,Finger_snapping Tap Shatter
3134c1f5.wav,Keys_jangling Crackle Chewing_and_mastication
31452d93.wav,Bus Buzz Church_bell
314a8107.wav,Sigh Waves_and_surf Whispering
3174521f.wav,Slam Microwave_oven Drawer_open_or_close
3177529f.wav,Hiss Bathtub_(filling_or_washing) Drawer_open_or_close
317e5fda.wav,Frying_(food) Bathtub_(filling_or_washing) Toilet_flush
3190ca46.wav,Bathtub_(filling_or_washing) Cricket Hiss
31ab1bc4.wav,Burping_and_eructation Whispering Skateboard
31b883cb.wav,Burping_and_eructation Fill_(with_liquid) Hiss
31bf8f6c.wav,Female_singing Bark Bus
31c60809.wav,Finger_snapping Scissors Shatter
31c7a683.wav,Chirp_and_tweet Cricket Whispering
31cfaf7c.wav,Sneeze Printer Whispering
31ea3391.wav,Male_singing Gong Skateboard
31f4d839.wav,Computer_keyboard Run Walk_and_footsteps
31fe4058.wav,Knock Finger_snapping Microwave_oven
31ff4a9f.wav,Cutlery_and_silverware Scissors Tick-tock
320adc8a.wav,Frying_(food) Bathtub_(filling_or_washing) Hiss
320b9457.wav,Cricket Mechanical_fan Hiss
320cb73f.wav,Toilet_flush Stream Hiss
321c61dd.wav,Hiss Sigh Cricket
321d7624.wav,Bass_guitar Accelerating_and_revving_and_vroom Gong
322c634e.wav,Female_singing Male_singing Male_speech_and_man_speaking
3246e22c.wav,Waves_and_surf Motorcycle Bus
32663622.wav,Printer Skateboard Microwave_oven
3273193a.wav,Microwave_oven Screaming Meow
327ff97c.wav,Scissors Keys_jangling Cutlery_and_silverware
3288c908.wav,Buzz Bus Chirp_and_tweet
329d5f81.wav,Shatter Cutlery_and_silverware Chink_and_clink
32aaacf1.wav,Hiss Scissors Chewing_and_mastication
32ad561a.wav,Church_bell Toilet_flush Traffic_noise_and_roadway_noise
32b66826.wav,Harmonica Screaming Bark
32bf8f9d.wav,Burping_and_eructation Skateboard Cutlery_and_silverware
32cce167.wav,Shatter Hiss Scissors
32d21079.wav,Bicycle_bell Chink_and_clink Marimba_and_xylophone
32e0e55a.wav,Bass_guitar Gong Accelerating_and_revving_and_vroom
32f26b94.wav,Gurgling Cupboard_open_or_close Walk_and_footsteps
330b1461.wav,Bus Buzz Male_singing
3313662e.wav,Tick-tock Tap Chink_and_clink
33139052.wav,Gong Hi-hat Shatter
33170581.wav,Microwave_oven Bus Traffic_noise_and_roadway_noise
332246f6.wav,Whispering Fart Hiss
33355c50.wav,Bus Cricket Motorcycle
3347121c.wav,Waves_and_surf Bus Toilet_flush
3353d705.wav,Mechanical_fan Bus Motorcycle
335d2ea3.wav,Harmonica Screaming Buzz
336a88c3.wav,Shatter Hi-hat Hiss
338669d9.wav,Tick-tock Scissors Raindrop
33a61f8d.wav,Cupboard_open_or_close Computer_keyboard Bass_drum
33bc9deb.wav,Keys_jangling Cutlery_and_silverware Scissors
33c82ad4.wav,Female_singing Female_speech_and_woman_speaking Harmonica
33ef8393.wav,Bicycle_bell Shatter Chink_and_clink
33fbfca7.wav,Frying_(food) Bathtub_(filling_or_washing) Trickle_and_dribble
34035cf8.wav,Sigh Male_speech_and_man_speaking Sneeze
340d5db4.wav,Marimba_and_xylophone Bass_guitar Gong
340da762.wav,Crackle Purr Chewing_and_mastication
34120253.wav,Harmonica Accordion Screaming
341efc4b.wav,Gong Church_bell Car_passing_by
342cc3ae.wav,Female_singing Accordion Harmonica
34486c7f.wav,Bass_guitar Gong Motorcycle
34510c7a.wav,Writing Drawer_open_or_close Printer
34512413.wav,Writing Shatter Keys_jangling
346fc59c.wav,Printer Tick-tock Writing
3474d7cd.wav,Scissors Chewing_and_mastication Keys_jangling
348aaf17.wav,Crackle Keys_jangling Chewing_and_mastication
349e5ea7.wav,Run Computer_keyboard Knock
34aac2b5.wav,Female_singing Accordion Male_singing
34c53320.wav,Burping_and_eructation Cutlery_and_silverware Skateboard
34cca3b3.wav,Church_bell Harmonica Bus
34d0b2ca.wav,Yell Female_speech_and_woman_speaking Sneeze
34d4cfda.wav,Bus Crowd Church_bell
34dc323b.wav,Female_singing Screaming Yell
34e6a0de.wav,Cricket Chirp_and_tweet Cutlery_and_silverware
34f2c99d.wav,Fart Male_speech_and_man_speaking Zipper_(clothing)
34fbb318.wav,Computer_keyboard Raindrop Drip
3500ed9d.wav,Marimba_and_xylophone Knock Chink_and_clink
350942d1.wav,Sigh Male_speech_and_man_speaking Child_speech_and_kid_speaking
351a8abe.wav,Bus Buzz Race_car_and_auto_racing
352ce267.wav,Bass_drum Knock Cupboard_open_or_close
3544797d.wav,Writing Walk_and_footsteps Drawer_open_or_close
354d467a.wav,Child_speech_and_kid_speaking Male_speech_and_man_speaking Female_speech_and_woman_speaking
355ddeda.wav,Stream Toilet_flush Bathtub_(filling_or_washing)
356adc0d.wav,Tick-tock Microwave_oven Raindrop
356b99de.wav,Printer Toilet_flush Tick-tock
35930583.wav,Child_speech_and_kid_speaking Female_singing Female_speech_and_woman_speaking
359a6e84.wav,Accordion Harmonica Church_bell
35a7edad.wav,Bass_drum Cupboard_open_or_close Hi-hat
35a8a688.wav,Chewing_and_mastication Crackle Keys_jangling
35d5aca3.wav,Waves_and_surf Mechanical_fan Toilet_flush
35dbfd81.wav,Church_bell Female_singing Harmonica
36027dca.wav,Bass_drum Marimba_and_xylophone Gong
361237d6.wav,Bus Male_singing Buzz
361c9c0e.wav,Shatter Bicycle_bell Finger_snapping
3623b13a.wav,Female_singing Child_speech_and_kid_speaking Male_singing
3626ac5a.wav,Hiss Bathtub_(filling_or_washing) Bicycle_bell
362f92f4.wav,Female_singing Male_singing Child_speech_and_kid_speaking
366d25a7.wav,Accordion Harmonica Electric_guitar
366d6820.wav,Waves_and_surf Toilet_flush Skateboard
367ef5a8.wav,Gong Bus Microwave_oven
36896b31.wav,Tick-tock Printer Traffic_noise_and_roadway_noise
368e3f09.wav,Crackle Scissors Cupboard_open_or_close
36b92bec.wav,Gong Hi-hat Shatter
36beb3fd.wav,Sneeze Yell Child_speech_and_kid_speaking
36c459de.wav,Harmonica Church_bell Accordion
36dfae4f.wav,Knock Tap Skateboard
36fe695f.wav,Slam Drawer_open_or_close Microwave_oven
37053a90.wav,Electric_guitar Motorcycle Squeak
370eaa84.wav,Church_bell Accordion Female_singing
37155f3a.wav,Gong Car_passing_by Traffic_noise_and_roadway_noise
37790f99.wav,Hiss Chewing_and_mastication Scissors
378216b2.wav,Bus Gong Church_bell
37856035.wav,Clapping Skateboard Bus
3792237d.wav,Waves_and_surf Toilet_flush Motorcycle
37941050.wav,Buzz Waves_and_surf Bus
379ae4e1.wav,Stream Frying_(food) Bathtub_(filling_or_washing)
379b7e21.wav,Bathtub_(filling_or_washing) Trickle_and_dribble Hiss
379c063d.wav,Skateboard Cupboard_open_or_close Cutlery_and_silverware
37a1946c.wav,Clapping Tap Tick-tock
37a7927f.wav,Knock Bass_drum Drawer_open_or_close
37c95c1c.wav,Child_speech_and_kid_speaking Sneeze Yell
37ccc1ea.wav,Bathtub_(filling_or_washing) Hiss Bicycle_bell
37d609aa.wav,Trickle_and_dribble Bathtub_(filling_or_washing) Scissors
37dc178a.wav,Hiss Stream Bathtub_(filling_or_washing)
37f5f0d8.wav,Bus Race_car_and_auto_racing Church_bell
382587b8.wav,Hiss Bathtub_(filling_or_washing) Hi-hat
382cd8c5.wav,Drawer_open_or_close Slam Marimba_and_xylophone
38368c9b.wav,Yell Harmonica Screaming
384b0ff2.wav,Marimba_and_xylophone Child_speech_and_kid_speaking Gong
38544190.wav,Computer_keyboard Knock Run
38558ab1.wav,Burping_and_eructation Male_speech_and_man_speaking Fart
3858d281.wav,Cupboard_open_or_close Electric_guitar Printer
385e8b0f.wav,Knock Tap Clapping
38636d71.wav,Meow Screaming Harmonica
38669440.wav,Tick-tock Computer_keyboard Raindrop
387014ab.wav,Stream Toilet_flush Waves_and_surf
3876c193.wav,Cupboard_open_or_close Accordion Harmonica
388f70a5.wav,Gong Bus Car_passing_by
38b9ff18.wav,Marimba_and_xylophone Child_speech_and_kid_speaking Electric_guitar
38d29a00.wav,Computer_keyboard Run Knock
38d378d8.wav,Bus Waves_and_surf Mechanical_fan
38d50e59.wav,Keys_jangling Cutlery_and_silverware Scissors
38d5d026.wav,Zipper_(clothing) Sneeze Meow
38e43355.wav,Screaming Harmonica Yell
38ea5df2.wav,Cricket Bicycle_bell Buzz
38f6aa5e.wav,Harmonica Accordion Printer
38fea590.wav,Bus Church_bell Toilet_flush
390789a8.wav,Shatter Writing Chink_and_clink
390995ef.wav,Shatter Cutlery_and_silverware Chink_and_clink
39189c31.wav,Race_car_and_auto_racing Bus Toilet_flush
391fbd47.wav,Tap Chink_and_clink Clapping
392e88d7.wav,Cricket Frying_(food) Hiss
3939b821.wav,Tap Chink_and_clink Clapping
39467410.wav,Church_bell Female_singing Bus
394b8ce2.wav,Finger_snapping Crackle Shatter
395de76a.wav,Gong Waves_and_surf Accordion
395df625.wav,Fart Burping_and_eructation Cupboard_open_or_close
396d793f.wav,Scissors Keys_jangling Chewing_and_mastication
39723c0e.wav,Female_singing Church_bell Bark
39768e2a.wav,Male_speech_and_man_speaking Female_speech_and_woman_speaking Sneeze
3987fc79.wav,Purr Zipper_(clothing) Motorcycle
398b6fa6.wav,Knock Tap Run
399732ec.wav,Cupboard_open_or_close Gong Church_bell
39a8ac5c.wav,Keys_jangling Chewing_and_mastication Crackle
39b6cc75.wav,Bathtub_(filling_or_washing) Hiss Hi-hat
39bbcabd.wav,Chink_and_clink Hiss Shatter
39c1f2fd.wav,Male_speech_and_man_speaking Fart Zipper_(clothing)
39d1b554.wav,Scissors Tick-tock Keys_jangling
39e1b8cc.wav,Computer_keyboard Gurgling Trickle_and_dribble
39e2f767.wav,Yell Sneeze Harmonica
39e35f03.wav,Church_bell Harmonica Accordion
39eb6dd5.wav,Knock Marimba_and_xylophone Tap
39f19344.wav,Gong Church_bell Harmonica
3a2353bb.wav,Zipper_(clothing) Hiss Meow
3a28e28a.wav,Mechanical_fan Accelerating_and_revving_and_vroom Motorcycle
3a2a4822.wav,Tap Clapping Tick-tock
3a3e4b29.wav,Female_singing Buzz Male_singing
3a49d5ed.wav,Computer_keyboard Gurgling Zipper_(clothing)
3a4cf709.wav,Harmonica Screaming Chirp_and_tweet
3a5e6dde.wav,Zipper_(clothing) Toilet_flush Whispering
3a66e3df.wav,Bathtub_(filling_or_washing) Trickle_and_dribble Frying_(food)
3a87c628.wav,Frying_(food) Bathtub_(filling_or_washing) Bicycle_bell
3a885c38.wav,Mechanical_fan Bass_guitar Gong
3a8b9afe.wav,Electric_guitar Bus Buzz
3aa5b432.wav,Waves_and_surf Skateboard Drawer_open_or_close
3ac609e1.wav,Mechanical_fan Car_passing_by Traffic_noise_and_roadway_noise
3acbee34.wav,Screaming Chirp_and_tweet Microwave_oven
3adfb8f0.wav,Stream Frying_(food) Hiss
3ae08e83.wav,Tick-tock Printer Microwave_oven
3ae0ea8b.wav,Printer Tick-tock Writing
3b0a3361.wav,Toilet_flush Stream Harmonica
3b0b13f4.wav,Sneeze Female_speech_and_woman_speaking Child_speech_and_kid_speaking
3b13f6a1.wav,Waves_and_surf Toilet_flush Bathtub_(filling_or_washing)
3b23ed90.wav,Cutlery_and_silverware Shatter Chink_and_clink
3b252939.wav,Sigh Fart Gasp
3b277890.wav,Zipper_(clothing) Meow Gasp
3b382171.wav,Bark Sneeze Yell
3b3c2c67.wav,Computer_keyboard Raindrop Tick-tock
3b75b456.wav,Gong Church_bell Race_car_and_auto_racing
3b7c7f94.wav,Skateboard Chink_and_clink Writing
3bb6024f.wav,Sneeze Skateboard Harmonica
3bb7c24d.wav,Computer_keyboard Tap Clapping
3bb9a722.wav,Motorcycle Purr Accelerating_and_revving_and_vroom
3bda5fb0.wav,Mechanical_fan Bus Car_passing_by
3bfcab18.wav,Electric_guitar Bass_guitar Marimba_and_xylophone
3c0370c8.wav,Tick-tock Microwave_oven Printer
3c1b9399.wav,Gong Church_bell Car_passing_by
3c20c95f.wav,Male_speech_and_man_speaking Zipper_(clothing) Fart
3c216393.wav,Knock Tap Run
3c244ade.wav,Stream Trickle_and_dribble Frying_(food)
3c348e5c.wav,Shatter Chink_and_clink Clapping
3c35237b.wav,Buzz Bus Motorcycle
3c40f472.wav,Female_singing Buzz Accordion
3c525c1f.wav,Bathtub_(filling_or_washing) Frying_(food) Tick-tock
3c590143.wav,Knock Run Walk_and_footsteps
3c90b11b.wav,Keys_jangling Bathtub_(filling_or_washing) Frying_(food)
3c95067e.wav,Bathtub_(filling_or_washing) Stream Hiss
3ca6b1a3.wav,Trickle_and_dribble Fill_(with_liquid) Stream
3caf1f70.wav,Crackle Purr Frying_(food)
3cc51361.wav,Gasp Zipper_(clothing) Male_singing
3cd30520.wav,Writing Computer_keyboard Run
3ce0dcd0.wav,Hiss Bathtub_(filling_or_washing) Frying_(food)
3ce9fd74.wav,Accordion Harmonica Screaming
3cfeb0cd.wav,Bathtub_(filling_or_washing) Stream Hiss
3d07c63a.wav,Tick-tock Whispering Harmonica
3d0beb6f.wav,Writing Frying_(food) Scissors
3d0dca90.wav,Church_bell Traffic_noise_and_roadway_noise Harmonica
3d1d3f2b.wav,Accordion Bus Male_singing
3d27f415.wav,Glockenspiel Marimba_and_xylophone Church_bell
3d287b47.wav,Chink_and_clink Clapping Shatter
3d4e1dea.wav,Accordion Male_speech_and_man_speaking Male_singing
3d58d893.wav,Stream Toilet_flush Hiss
3d5f899d.wav,Church_bell Gong Chink_and_clink
3d633399.wav,Bus Waves_and_surf Toilet_flush
3d7309d7.wav,Shatter Finger_snapping Bicycle_bell
3d921767.wav,Gong Accelerating_and_revving_and_vroom Motorcycle
3d9a715d.wav,Frying_(food) Toilet_flush Stream
3db04d3f.wav,Electric_guitar Female_singing Male_singing
3db44f6c.wav,Harmonica Screaming Accordion
3ddb4122.wav,Keys_jangling Cutlery_and_silverware Scissors
3dedbba9.wav,Shatter Clapping Chink_and_clink
3df2fc0e.wav,Microwave_oven Chirp_and_tweet Squeak
3df5c540.wav,Skateboard Tick-tock Shatter
3e230352.wav,Waves_and_surf Car_passing_by Gong
3e3a6910.wav,Cupboard_open_or_close Electric_guitar Fart
3e4755ba.wav,Bass_guitar Electric_guitar Gong
3e52f857.wav,Keys_jangling Scissors Cutlery_and_silverware
3e5ce660.wav,Mechanical_fan Waves_and_surf Stream
3e656c6e.wav,Bus Church_bell Gong
3e65a00d.wav,Stream Toilet_flush Waves_and_surf
3e691b83.wav,Knock Tap Drawer_open_or_close
3e7889ed.wav,Female_speech_and_woman_speaking Fart Male_speech_and_man_speaking
3e83500f.wav,Tick-tock Printer Clapping
3e9967cf.wav,Drawer_open_or_close Accelerating_and_revving_and_vroom Male_speech_and_man_speaking
3ebaff6d.wav,Cricket Motorcycle Hiss
3ecc19c5.wav,Skateboard Waves_and_surf Toilet_flush
3ed6c2b5.wav,Child_speech_and_kid_speaking Female_singing Male_speech_and_man_speaking
3efc0912.wav,Church_bell Toilet_flush Buzz
3f0f92ff.wav,Finger_snapping Clapping Tap
3f15fd07.wav,Computer_keyboard Run Writing
3f16d9f3.wav,Harmonica Church_bell Accordion
3f19e53c.wav,Waves_and_surf Harmonica Mechanical_fan
3f1ca1bb.wav,Stream Toilet_flush Bathtub_(filling_or_washing)
3f29038e.wav,Male_speech_and_man_speaking Female_speech_and_woman_speaking Child_speech_and_kid_speaking
3f2dbd00.wav,Sneeze Male_speech_and_man_speaking Female_speech_and_woman_speaking
3f4f4808.wav,Printer Toilet_flush Waves_and_surf
3f53a02f.wav,Microwave_oven Drawer_open_or_close Printer
3f7043d9.wav,Mechanical_fan Cricket Waves_and_surf
3f80cc56.wav,Bathtub_(filling_or_washing) Waves_and_surf Toilet_flush
3f96494a.wav,Slam Clapping Hiss
3faf10be.wav,Waves_and_surf Toilet_flush Bus
3fd4d55a.wav,Finger_snapping Shatter Tap
400ff09d.wav,Waves_and_surf Bus Mechanical_fan
402e2d1b.wav,Cupboard_open_or_close Printer Electric_guitar
4030a4f2.wav,Cupboard_open_or_close Knock Buzz
4034f327.wav,Toilet_flush Stream Printer
4037cd65.wav,Male_speech_and_man_speaking Yell Female_speech_and_woman_speaking
4040f015.wav,Bass_drum Marimba_and_xylophone Electric_guitar
40449ca7.wav,Chirp_and_tweet Hiss Cricket
404b54c0.wav,Toilet_flush Printer Waves_and_surf
404fb677.wav,Male_singing Gong Church_bell
4053b801.wav,Screaming Yell Chirp_and_tweet
405c66af.wav,Shatter Chink_and_clink Clapping
406306b6.wav,Church_bell Harmonica Glockenspiel
406a1cc1.wav,Bark Harmonica Sneeze
406ade5e.wav,Stream Frying_(food) Trickle_and_dribble
4093913f.wav,Toilet_flush Waves_and_surf Cricket
40957335.wav,Screaming Gasp Harmonica
4098028d.wav,Computer_keyboard Run Chewing_and_mastication
40afd1b3.wav,Whispering Writing Scissors
40c1ed87.wav,Keys_jangling Trickle_and_dribble Chewing_and_mastication
40c50046.wav,Computer_keyboard Tick-tock Mechanical_fan
40d0726d.wav,Gong Motorcycle Male_singing
40dd1274.wav,Church_bell Traffic_noise_and_roadway_noise Harmonica
40e25750.wav,Burping_and_eructation Hiss Screaming
410837eb.wav,Accordion Female_singing Male_singing
410c2138.wav,Stream Hiss Cricket
411993fd.wav,Hi-hat Shatter Cutlery_and_silverware
413b5427.wav,Harmonica Printer Marimba_and_xylophone
41522a65.wav,Keys_jangling Scissors Chink_and_clink
415f4c8f.wav,Cutlery_and_silverware Chirp_and_tweet Keys_jangling
41759973.wav,Stream Toilet_flush Waves_and_surf
419271cc.wav,Shatter Bicycle_bell Hiss
4195cb1a.wav,Bicycle_bell Chink_and_clink Shatter
41af688a.wav,Sneeze Drawer_open_or_close Child_speech_and_kid_speaking
41c60bba.wav,Microwave_oven Drawer_open_or_close Slam
41cfee6d.wav,Hiss Bicycle_bell Bathtub_(filling_or_washing)
41f16193.wav,Clapping Gong Chink_and_clink
41f1ea4a.wav,Harmonica Accordion Traffic_noise_and_roadway_noise
41f86bc4.wav,Stream Frying_(food) Bathtub_(filling_or_washing)
4215309a.wav,Keys_jangling Scissors Tick-tock
4248d196.wav,Toilet_flush Stream Clapping
42542036.wav,Accordion Gong Church_bell
