fname,label
000ccb97.wav,Bicycle_bell Shatter Writing
0012633b.wav,Buzz Gong Church_bell
001ed5f1.wav,Run Walk_and_footsteps Writing
00294be0.wav,Purr Crackle Zipper_(clothing)
003fde7a.wav,Bicycle_bell Chirp_and_tweet Cutlery_and_silverware
0040ccc9.wav,Electric_guitar Cupboard_open_or_close Female_speech_and_woman_speaking
0046b732.wav,Whispering Electric_guitar Writing
004f3bbc.wav,Bass_guitar Mechanical_fan Gong
00526050.wav,Tap Bass_drum Shatter
00559da4.wav,Writing Chewing_and_mastication Zipper_(clothing)
00582bbe.wav,Knock Tap Run
0064aedf.wav,Knock Tap Drawer_open_or_close
0065512b.wav,Waves_and_surf Slam Shatter
006a91d2.wav,Car_passing_by Traffic_noise_and_roadway_noise Stream
006ea9ee.wav,Gong Motorcycle Accelerating_and_revving_and_vroom
006f9dca.wav,Frying_(food) Gurgling Bathtub_(filling_or_washing)
007450dc.wav,Screaming Meow Accelerating_and_revving_and_vroom
00979c8a.wav,Purr Motorcycle Crackle
00992464.wav,Trickle_and_dribble Keys_jangling Gurgling
00b44a8a.wav,Cutlery_and_silverware Shatter Keys_jangling
00bfaaaf.wav,Gasp Child_speech_and_kid_speaking Screaming
00cf9680.wav,Hiss Bathtub_(filling_or_washing) Scissors
00eae94d.wav,Frying_(food) Bicycle_bell Bathtub_(filling_or_washing)
011ec5b8.wav,Slam Drawer_open_or_close Walk_and_footsteps
013200dc.wav,Crackle Purr Hiss
01440c2e.wav,Harmonica Accordion Traffic_noise_and_roadway_noise
01567a3d.wav,Microwave_oven Slam Tick-tock
0163d203.wav,Purr Buzz Cricket
017c24b2.wav,Meow Harmonica Accordion
01a992c5.wav,Cricket Waves_and_surf Hiss
01b1d976.wav,Scissors Crackle Tap
01c1c371.wav,Scissors Writing Buzz
01cf8354.wav,Zipper_(clothing) Burping_and_eructation Toilet_flush
01d2c640.wav,Tick-tock Chewing_and_mastication Computer_keyboard
01d69423.wav,Run Tap Writing
01e9170b.wav,Accordion Harmonica Cupboard_open_or_close
01f2901a.wav,Gurgling Chirp_and_tweet Shatter
020b1fdf.wav,Microwave_oven Car_passing_by Motorcycle
021457df.wav,Scissors Crackle Computer_keyboard
02173589.wav,Bark Screaming Sneeze
021ac082.wav,Stream Hiss Toilet_flush
02200884.wav,Scissors Raindrop Tick-tock
02213278.wav,Crackle Scissors Frying_(food)
022e3b2c.wav,Writing Zipper_(clothing) Gurgling
023081f2.wav,Glockenspiel Marimba_and_xylophone Bicycle_bell
02596541.wav,Glockenspiel Marimba_and_xylophone Gong
0289b79b.wav,Squeak Fart Crackle
028cf9db.wav,Female_singing Bark Electric_guitar
028d26f7.wav,Shatter Cutlery_and_silverware Chink_and_clink
02ab2a72.wav,Waves_and_surf Toilet_flush Skateboard
02c02ec1.wav,Church_bell Electric_guitar Traffic_noise_and_roadway_noise
02ce28a1.wav,Car_passing_by Waves_and_surf Motorcycle
02d01f40.wav,Keys_jangling Scissors Cricket
02da7457.wav,Frying_(food) Trickle_and_dribble Stream
02e17633.wav,Skateboard Run Chewing_and_mastication
02e8059d.wav,Bass_guitar Bass_drum Computer_keyboard
02f71319.wav,Hi-hat Gong Marimba_and_xylophone
03090fb0.wav,Meow Bicycle_bell Electric_guitar
03162c23.wav,Bus Waves_and_surf Motorcycle
032f518c.wav,Buzz Female_singing Motorcycle
03300fcb.wav,Marimba_and_xylophone Bass_guitar Gong
035dd895.wav,Skateboard Waves_and_surf Car_passing_by
03754ab4.wav,Cricket Hiss Bathtub_(filling_or_washing)
037b47c4.wav,Bark Sneeze Gasp
03887635.wav,Raindrop Computer_keyboard Drip
03931594.wav,Zipper_(clothing) Squeak Meow
039d2821.wav,Male_speech_and_man_speaking Female_speech_and_woman_speaking Male_singing
03a47c4a.wav,Hiss Bathtub_(filling_or_washing) Bicycle_bell
03b80975.wav,Car_passing_by Screaming Traffic_noise_and_roadway_noise
03c5e8d0.wav,Marimba_and_xylophone Bass_guitar Electric_guitar
03fe2971.wav,Tap Clapping Tick-tock
04008bb5.wav,Bicycle_bell Shatter Marimba_and_xylophone
040c5c0c.wav,Writing Printer Crackle
041cff59.wav,Slam Hi-hat Cupboard_open_or_close
042b07a4.wav,Church_bell Gong Harmonica
042b542f.wav,Buzz Bus Run
04308d8d.wav,Burping_and_eructation Gurgling Cutlery_and_silverware
04355ea8.wav,Male_singing Female_speech_and_woman_speaking Male_speech_and_man_speaking
0442a617.wav,Harmonica Meow Accordion
0443f812.wav,Shatter Clapping Chink_and_clink
04441d5b.wav,Drawer_open_or_close Slam Microwave_oven
0453bb71.wav,Bark Female_singing Electric_guitar
04702c1c.wav,Female_singing Child_speech_and_kid_speaking Race_car_and_auto_racing
047ba0e1.wav,Scissors Keys_jangling Chewing_and_mastication
04877d29.wav,Car_passing_by Motorcycle Accelerating_and_revving_and_vroom
048c3418.wav,Skateboard Writing Walk_and_footsteps
04a5c9eb.wav,Waves_and_surf Bus Skateboard
04ad8e52.wav,Frying_(food) Hiss Trickle_and_dribble
04af82d9.wav,Bicycle_bell Writing Frying_(food)
04b1558a.wav,Stream Trickle_and_dribble Fill_(with_liquid)
04de7b9a.wav,Crackle Chewing_and_mastication Fill_(with_liquid)
04e8bf2a.wav,Drawer_open_or_close Walk_and_footsteps Slam
04f004fe.wav,Tap Marimba_and_xylophone Run
04f48f10.wav,Marimba_and_xylophone Knock Tap
0506eee8.wav,Gong Church_bell Car_passing_by
050eb97f.wav,Buzz Sigh Gasp
051bda9a.wav,Car_passing_by Waves_and_surf Bus
057a3c2e.wav,Chewing_and_mastication Skateboard Run
057c13c8.wav,Skateboard Toilet_flush Car_passing_by
058a4a79.wav,Meow Screaming Child_speech_and_kid_speaking
058ec864.wav,Bicycle_bell Glockenspiel Marimba_and_xylophone
05af19b1.wav,Harmonica Church_bell Printer
05c881c4.wav,Hiss Whispering Sigh
05d775e9.wav,Hiss Hi-hat Car_passing_by
05dae80d.wav,Gurgling Computer_keyboard Knock
05e34a55.wav,Frying_(food) Bathtub_(filling_or_washing) Hiss
05edaa47.wav,Scissors Writing Chewing_and_mastication
060b802f.wav,Yell Harmonica Child_speech_and_kid_speaking
060d2d47.wav,Drawer_open_or_close Slam Run
062e94dd.wav,Marimba_and_xylophone Church_bell Chink_and_clink
06345241.wav,Meow Screaming Sneeze
0648b115.wav,Tick-tock Whispering Sneeze
06526954.wav,Zipper_(clothing) Scissors Drawer_open_or_close
065b49ec.wav,Sigh Waves_and_surf Buzz
06604d51.wav,Sneeze Zipper_(clothing) Gasp
068b717f.wav,Writing Whispering Zipper_(clothing)
069b2f91.wav,Motorcycle Fart Zipper_(clothing)
069f3ce5.wav,Whispering Fart Sneeze
06a23eb9.wav,Sigh Hiss Traffic_noise_and_roadway_noise
06c34152.wav,Waves_and_surf Car_passing_by Skateboard
06feb5cf.wav,Motorcycle Accelerating_and_revving_and_vroom Buzz
0718ce8d.wav,Car_passing_by Waves_and_surf Skateboard
07295dd0.wav,Bass_drum Tap Knock
072ee4b2.wav,Fart Crackle Chewing_and_mastication
074cbe2b.wav,Meow Harmonica Screaming
07502956.wav,Scissors Crackle Chink_and_clink
07603ad3.wav,Car_passing_by Motorcycle Accelerating_and_revving_and_vroom
07670752.wav,Frying_(food) Hiss Crackle
077f270d.wav,Glockenspiel Marimba_and_xylophone Gong
0782d022.wav,Screaming Accelerating_and_revving_and_vroom Yell
078464b8.wav,Hiss Frying_(food) Cricket
07a82fbe.wav,Tap Knock Bass_drum
07bca33c.wav,Bicycle_bell Marimba_and_xylophone Cutlery_and_silverware
07da8ebf.wav,Harmonica Female_singing Church_bell
07dff283.wav,Walk_and_footsteps Tap Run
07f965a0.wav,Stream Waves_and_surf Toilet_flush
07fa6e7e.wav,Burping_and_eructation Cutlery_and_silverware Cupboard_open_or_close
08087580.wav,Trickle_and_dribble Stream Toilet_flush
0814db2b.wav,Church_bell Harmonica Gong
0815543c.wav,Fart Cutlery_and_silverware Burping_and_eructation
081d6520.wav,Keys_jangling Chirp_and_tweet Cricket
081f2b5a.wav,Bass_guitar Zipper_(clothing) Purr
0824bbdb.wav,Bicycle_bell Shatter Finger_snapping
08272d1c.wav,Mechanical_fan Car_passing_by Traffic_noise_and_roadway_noise
08278440.wav,Burping_and_eructation Skateboard Cutlery_and_silverware
0837e041.wav,Gasp Child_speech_and_kid_speaking Zipper_(clothing)
08390e01.wav,Cricket Frying_(food) Hiss
083cc652.wav,Female_singing Male_singing Screaming
08458ab2.wav,Crackle Purr Zipper_(clothing)
0849057f.wav,Female_speech_and_woman_speaking Whispering Female_singing
084e5784.wav,Sigh Fart Male_speech_and_man_speaking
085f174a.wav,Sigh Waves_and_surf Screaming
0865816c.wav,Tap Knock Bass_drum
086ce4a5.wav,Hi-hat Harmonica Glockenspiel
086ebb95.wav,Mechanical_fan Bus Car_passing_by
08810dd4.wav,Purr Computer_keyboard Fill_(with_liquid)
08b06642.wav,Screaming Harmonica Accelerating_and_revving_and_vroom
08b2d04c.wav,Child_speech_and_kid_speaking Female_singing Male_singing
08bc3e2d.wav,Skateboard Gurgling Slam
08d46566.wav,Keys_jangling Bathtub_(filling_or_washing) Chewing_and_mastication
08d4acca.wav,Bass_guitar Microwave_oven Gong
08d5d316.wav,Car_passing_by Waves_and_surf Traffic_noise_and_roadway_noise
08dfe75d.wav,Knock Tap Drawer_open_or_close
08eb3a69.wav,Purr Zipper_(clothing) Skateboard
08f36895.wav,Skateboard Gurgling Walk_and_footsteps
08facc12.wav,Tick-tock Scissors Keys_jangling
090cc523.wav,Fill_(with_liquid) Trickle_and_dribble Toilet_flush
091fa206.wav,Motorcycle Male_singing Microwave_oven
092d8e54.wav,Run Crackle Chewing_and_mastication
094761b8.wav,Buzz Marimba_and_xylophone Gong
0963270d.wav,Gurgling Computer_keyboard Writing
0992b95a.wav,Purr Crackle Zipper_(clothing)
0997968e.wav,Waves_and_surf Toilet_flush Car_passing_by
09a67356.wav,Motorcycle Purr Car_passing_by
09d085e3.wav,Car_passing_by Waves_and_surf Bus
0a31c905.wav,Gurgling Fart Crackle
0a3c2351.wav,Marimba_and_xylophone Microwave_oven Bicycle_bell
0a4d3800.wav,Purr Motorcycle Crackle
0a4ff0fb.wav,Sneeze Whispering Hiss
0a56e261.wav,Gong Marimba_and_xylophone Cupboard_open_or_close
0a64010f.wav,Meow Child_speech_and_kid_speaking Yell
0a683136.wav,Car_passing_by Motorcycle Accelerating_and_revving_and_vroom
0a6e6889.wav,Gong Bass_guitar Marimba_and_xylophone
0a8e1630.wav,Crackle Purr Frying_(food)
0a950c32.wav,Electric_guitar Buzz Church_bell
0aee7a2a.wav,Stream Car_passing_by Frying_(food)
0af7446d.wav,Raindrop Scissors Drip
0b1503e8.wav,Clapping Shatter Chink_and_clink
0b33d746.wav,Zipper_(clothing) Female_singing Male_singing
0b4819f1.wav,Tick-tock Printer Keys_jangling
0b5c6535.wav,Hiss Drawer_open_or_close Waves_and_surf
0b73077e.wav,Bark Female_singing Harmonica
0b9e93e6.wav,Writing Chewing_and_mastication Run
0ba7fe6b.wav,Bass_guitar Bass_drum Fart
0bacb61b.wav,Hiss Bathtub_(filling_or_washing) Scissors
0bb86b6c.wav,Burping_and_eructation Trickle_and_dribble Skateboard
0bbe8308.wav,Clapping Knock Fart
0bc36580.wav,Bark Yell Sigh
0bc7822a.wav,Scissors Chewing_and_mastication Writing
0bdcdfba.wav,Tick-tock Printer Microwave_oven
0bec3f54.wav,Bass_guitar Gong Marimba_and_xylophone
0c151ad3.wav,Car_passing_by Waves_and_surf Traffic_noise_and_roadway_noise
0c16f612.wav,Harmonica Meow Female_singing
0c32d940.wav,Female_singing Male_singing Child_speech_and_kid_speaking
0c390f3c.wav,Fart Burping_and_eructation Gurgling
0c3b2573.wav,Purr Crackle Tap
0c5ba768.wav,Scissors Finger_snapping Shatter
0c698ef7.wav,Hiss Bathtub_(filling_or_washing) Scissors
0c8d9148.wav,Scissors Frying_(food) Tap
0c8def18.wav,Mechanical_fan Car_passing_by Microwave_oven
0c949702.wav,Bus Car_passing_by Mechanical_fan
0cb33d03.wav,Hiss Whispering Shatter
0cb4cde3.wav,Tick-tock Printer Run
0cdddb37.wav,Zipper_(clothing) Writing Hiss
0ce84f9b.wav,Mechanical_fan Bus Car_passing_by
0cfe3f96.wav,Skateboard Trickle_and_dribble Cupboard_open_or_close
0d000cd7.wav,Sneeze Bark Gasp
0d1b11e0.wav,Sigh Gasp Child_speech_and_kid_speaking
0d2230eb.wav,Hiss Cricket Frying_(food)
0d2707f4.wav,Glockenspiel Marimba_and_xylophone Bicycle_bell
0d34341d.wav,Mechanical_fan Microwave_oven Bus
0d3dc96c.wav,Cricket Electric_guitar Printer
0d507c20.wav,Church_bell Hiss Squeak
0d540ee1.wav,Computer_keyboard Chewing_and_mastication Keys_jangling
0d5516ef.wav,Cricket Bicycle_bell Hiss
0d6564bb.wav,Female_singing Male_speech_and_man_speaking Female_speech_and_woman_speaking
0d673a8c.wav,Sigh Slam Buzz
0d74277e.wav,Waves_and_surf Printer Tap
0d8d7af9.wav,Clapping Tick-tock Computer_keyboard
0d8e2166.wav,Cutlery_and_silverware Keys_jangling Scissors
0d8f3f54.wav,Bass_drum Tap Knock
0d9caeeb.wav,Car_passing_by Accelerating_and_revving_and_vroom Motorcycle
0da3d582.wav,Whispering Writing Scissors
0dc06757.wav,Drawer_open_or_close Walk_and_footsteps Writing
0dc813d8.wav,Chewing_and_mastication Crackle Keys_jangling
0dce3e5f.wav,Computer_keyboard Trickle_and_dribble Gurgling
0dcf1534.wav,Car_passing_by Mechanical_fan Traffic_noise_and_roadway_noise
0dda644b.wav,Writing Chewing_and_mastication Crackle
0ddd0393.wav,Clapping Cupboard_open_or_close Slam
0de2a4b2.wav,Male_speech_and_man_speaking Female_speech_and_woman_speaking Male_singing
0de4fc92.wav,Church_bell Gong Harmonica
0df1484c.wav,Bass_guitar Fart Zipper_(clothing)
0e18c7d2.wav,Hiss Bathtub_(filling_or_washing) Scissors
0e3e2590.wav,Printer Toilet_flush Tick-tock
0e4be6a4.wav,Microwave_oven Gong Traffic_noise_and_roadway_noise
0e6552c7.wav,Crackle Purr Chewing_and_mastication
0e70a285.wav,Hiss Bathtub_(filling_or_washing) Scissors
0e7f5c7e.wav,Stream Frying_(food) Toilet_flush
0e9e941b.wav,Skateboard Gurgling Fill_(with_liquid)
0ea99bf4.wav,Sneeze Harmonica Yell
0eaf6d60.wav,Buzz Waves_and_surf Drawer_open_or_close
0ec7e315.wav,Mechanical_fan Cricket Accelerating_and_revving_and_vroom
0ed20fe2.wav,Mechanical_fan Car_passing_by Traffic_noise_and_roadway_noise
0ee80cb7.wav,Female_speech_and_woman_speaking Female_singing Buzz
0ef6fb07.wav,Shatter Keys_jangling Cutlery_and_silverware
0f07f15f.wav,Crackle Purr Tap
0f08a4c8.wav,Purr Crackle Cricket
0f096853.wav,Buzz Female_singing Motorcycle
0f1ab7b0.wav,Crackle Tap Hiss
0f3fe29d.wav,Stream Traffic_noise_and_roadway_noise Toilet_flush
0f50ef2b.wav,Sigh Hiss Zipper_(clothing)
0f61907d.wav,Bass_guitar Electric_guitar Marimba_and_xylophone
0f663341.wav,Frying_(food) Trickle_and_dribble Gurgling
0f81d5bc.wav,Keys_jangling Computer_keyboard Chewing_and_mastication
0faf5b2e.wav,Bus Microwave_oven Car_passing_by
0fc07a52.wav,Chewing_and_mastication Scissors Keys_jangling
0fc6a683.wav,Stream Frying_(food) Hiss
0fccb2e5.wav,Hiss Cutlery_and_silverware Whispering
0fd91890.wav,Cupboard_open_or_close Computer_keyboard Gurgling
0fdb30c1.wav,Run Walk_and_footsteps Drawer_open_or_close
0fed6565.wav,Toilet_flush Frying_(food) Stream
0ff0e483.wav,Child_speech_and_kid_speaking Yell Sneeze
0fffc208.wav,Marimba_and_xylophone Knock Clapping
100e123a.wav,Traffic_noise_and_roadway_noise Stream Hiss
100faf3f.wav,Cricket Chirp_and_tweet Buzz
101b2011.wav,Finger_snapping Scissors Tap
10234fef.wav,Bass_drum Cupboard_open_or_close Tap
10236f0e.wav,Bass_guitar Motorcycle Fart
102fb14f.wav,Bass_guitar Gong Mechanical_fan
1052e52b.wav,Burping_and_eructation Fart Gurgling
105460cd.wav,Race_car_and_auto_racing Burping_and_eructation Toilet_flush
10678d21.wav,Shatter Cutlery_and_silverware Chink_and_clink
107f3deb.wav,Drawer_open_or_close Writing Run
10811159.wav,Run Clapping Walk_and_footsteps
10a1aa40.wav,Car_passing_by Microwave_oven Motorcycle
10a7b8f3.wav,Harmonica Glockenspiel Electric_guitar
10acf1b6.wav,Bicycle_bell Church_bell Scissors
10c170b1.wav,Run Computer_keyboard Shatter
10d026e9.wav,Knock Bass_drum Tap
10d94568.wav,Zipper_(clothing) Squeak Crackle
10e6a6ac.wav,Hi-hat Gong Hiss
10e6db66.wav,Burping_and_eructation Gurgling Cupboard_open_or_close
10e92421.wav,Marimba_and_xylophone Printer Tick-tock
10f58e51.wav,Electric_guitar Buzz Bus
11071bad.wav,Marimba_and_xylophone Microwave_oven Bicycle_bell
111f9431.wav,Stream Trickle_and_dribble Fill_(with_liquid)
112bdb70.wav,Bicycle_bell Chink_and_clink Keys_jangling
113290e8.wav,Whispering Writing Fart
1142def0.wav,Bicycle_bell Frying_(food) Shatter
1147c12b.wav,Microwave_oven Screaming Marimba_and_xylophone
1158e587.wav,Keys_jangling Cutlery_and_silverware Scissors
11641eb8.wav,Run Walk_and_footsteps Fart
1167b492.wav,Knock Tap Bass_drum
1172c5fb.wav,Church_bell Electric_guitar Bark
117358df.wav,Crackle Tap Hiss
1175ac74.wav,Bathtub_(filling_or_washing) Shatter Keys_jangling
11b6c488.wav,Frying_(food) Hiss Stream
11cc8bcb.wav,Chewing_and_mastication Run Gurgling
12264142.wav,Writing Whispering Male_speech_and_man_speaking
1226b0e0.wav,Run Tap Knock
1247b7e3.wav,Glockenspiel Bicycle_bell Marimba_and_xylophone
124a286f.wav,Tick-tock Cricket Scissors
12600be5.wav,Zipper_(clothing) Accelerating_and_revving_and_vroom Motorcycle
12689530.wav,Male_singing Accordion Harmonica
126b674b.wav,Fill_(with_liquid) Trickle_and_dribble Stream
127adb78.wav,Marimba_and_xylophone Electric_guitar Bark
12849e29.wav,Fart Male_speech_and_man_speaking Bass_guitar
128a67de.wav,Finger_snapping Marimba_and_xylophone Tap
12bcd3ec.wav,Walk_and_footsteps Run Tap
12d3e91f.wav,Fart Zipper_(clothing) Bass_guitar
12d8c07f.wav,Accelerating_and_revving_and_vroom Motorcycle Car_passing_by
12ddf239.wav,Waves_and_surf Car_passing_by Toilet_flush
12df81e8.wav,Chewing_and_mastication Run Crackle
12ee0010.wav,Fart Walk_and_footsteps Run
12fe33b6.wav,Printer Writing Bathtub_(filling_or_washing)
130e4d2f.wav,Burping_and_eructation Skateboard Fill_(with_liquid)
13237edd.wav,Bicycle_bell Keys_jangling Shatter
134c3fea.wav,Finger_snapping Scissors Tap
134c95a2.wav,Crackle Scissors Finger_snapping
13694181.wav,Cupboard_open_or_close Drawer_open_or_close Slam
13728313.wav,Car_passing_by Stream Traffic_noise_and_roadway_noise
13ae306e.wav,Keys_jangling Computer_keyboard Cutlery_and_silverware
13cfa025.wav,Microwave_oven Motorcycle Mechanical_fan
13e3453c.wav,Frying_(food) Cricket Bathtub_(filling_or_washing)
13e84f69.wav,Bicycle_bell Glockenspiel Marimba_and_xylophone
14096fd8.wav,Computer_keyboard Crackle Motorcycle
142b9865.wav,Bass_guitar Electric_guitar Gurgling
1438cfd0.wav,Drawer_open_or_close Marimba_and_xylophone Knock
143e6d96.wav,Bicycle_bell Meow Bathtub_(filling_or_washing)
14416af5.wav,Sigh Hiss Whispering
1451986d.wav,Electric_guitar Accordion Male_singing
145a10e4.wav,Hiss Bicycle_bell Hi-hat
146c73a3.wav,Male_singing Meow Gasp
14ab7f13.wav,Drawer_open_or_close Zipper_(clothing) Toilet_flush
14cbc626.wav,Run Walk_and_footsteps Tap
14d22f20.wav,Keys_jangling Shatter Writing
14e86cfb.wav,Finger_snapping Shatter Tap
14fd704c.wav,Zipper_(clothing) Buzz Toilet_flush
151ea709.wav,Marimba_and_xylophone Tick-tock Chink_and_clink
15288481.wav,Buzz Bus Car_passing_by
152a4e09.wav,Bus Waves_and_surf Buzz
153579d9.wav,Chewing_and_mastication Writing Run
1544427c.wav,Bicycle_bell Scissors Frying_(food)
154696fd.wav,Mechanical_fan Car_passing_by Bus
156bf74f.wav,Hiss Whispering Shatter
156c1736.wav,Car_passing_by Church_bell Whispering
15776b9c.wav,Computer_keyboard Gurgling Chewing_and_mastication
157dd023.wav,Squeak Cutlery_and_silverware Marimba_and_xylophone
15849032.wav,Frying_(food) Gurgling Hiss
15868ee8.wav,Hiss Bathtub_(filling_or_washing) Stream
159b8b9b.wav,Stream Trickle_and_dribble Gurgling
159d2208.wav,Zipper_(clothing) Meow Child_speech_and_kid_speaking
15a78daf.wav,Gurgling Skateboard Computer_keyboard
15a98fd7.wav,Bass_drum Tap Bass_guitar
15b0d4ec.wav,Glockenspiel Bicycle_bell Marimba_and_xylophone
15bcf71d.wav,Bass_guitar Bass_drum Gong
15c34c4f.wav,Crackle Tap Run
15e2bcaa.wav,Harmonica Hi-hat Church_bell
15e7bb78.wav,Keys_jangling Scissors Chewing_and_mastication
160105ad.wav,Accordion Church_bell Motorcycle
1604a3fa.wav,Tap Knock Run
1606f119.wav,Knock Bass_drum Buzz
160acbb0.wav,Cricket Chirp_and_tweet Burping_and_eructation
165fd18a.wav,Crackle Fill_(with_liquid) Purr
166a05c0.wav,Computer_keyboard Run Gurgling
1670b964.wav,Zipper_(clothing) Crackle Purr
167a4f00.wav,Hiss Cricket Frying_(food)
168be388.wav,Bus Meow Cupboard_open_or_close
16b56d33.wav,Keys_jangling Shatter Cutlery_and_silverware
16bc3f60.wav,Keys_jangling Scissors Computer_keyboard
16c7da35.wav,Stream Frying_(food) Hiss
16d80f68.wav,Printer Electric_guitar Child_speech_and_kid_speaking
16e17bed.wav,Stream Car_passing_by Waves_and_surf
16f7ac14.wav,Drawer_open_or_close Slam Bus
16fd3589.wav,Writing Gurgling Chewing_and_mastication
17135192.wav,Frying_(food) Bicycle_bell Bathtub_(filling_or_washing)
17140de5.wav,Tap Walk_and_footsteps Run
171aa36c.wav,Run Shatter Fart
17361a5c.wav,Stream Frying_(food) Hiss
1751bb8a.wav,Frying_(food) Bicycle_bell Scissors
1779b015.wav,Bus Electric_guitar Cricket
17b6e84f.wav,Computer_keyboard Chewing_and_mastication Writing
17c4b25f.wav,Car_passing_by Waves_and_surf Accelerating_and_revving_and_vroom
17dfb6db.wav,Slam Drawer_open_or_close Microwave_oven
1802421a.wav,Hiss Car_passing_by Stream
18183321.wav,Car_passing_by Waves_and_surf Traffic_noise_and_roadway_noise
183948d1.wav,Skateboard Walk_and_footsteps Chewing_and_mastication
183fb536.wav,Skateboard Whispering Fart
1843680b.wav,Run Computer_keyboard Fart
184aca02.wav,Frying_(food) Hiss Stream
18551bc1.wav,Female_speech_and_woman_speaking Electric_guitar Male_speech_and_man_speaking
1859b7f7.wav,Scissors Keys_jangling Run
1877623e.wav,Skateboard Burping_and_eructation Gurgling
1889c58d.wav,Sneeze Bark Printer
18929e41.wav,Accordion Harmonica Female_singing
1899de05.wav,Gurgling Cupboard_open_or_close Computer_keyboard
18ace84c.wav,Cupboard_open_or_close Sneeze Male_singing
18be000d.wav,Run Bass_drum Marimba_and_xylophone
18c94757.wav,Hi-hat Hiss Bathtub_(filling_or_washing)
18ea2e9e.wav,Toilet_flush Stream Waves_and_surf
18fda5a4.wav,Waves_and_surf Skateboard Run
1904f396.wav,Hiss Bathtub_(filling_or_washing) Bicycle_bell
19135157.wav,Zipper_(clothing) Meow Purr
191adc5f.wav,Male_singing Male_speech_and_man_speaking Female_speech_and_woman_speaking
19303d26.wav,Car_passing_by Waves_and_surf Skateboard
193a6063.wav,Tick-tock Cricket Printer
1945b8ca.wav,Clapping Squeak Printer
19508dc0.wav,Car_passing_by Bus Microwave_oven
1960e51e.wav,Writing Whispering Fart
19754d94.wav,Female_singing Electric_guitar Male_singing
197ce5b2.wav,Male_singing Harmonica Yell
199d4d12.wav,Writing Male_speech_and_man_speaking Male_singing
19a7dec3.wav,Skateboard Waves_and_surf Gurgling
19bb5700.wav,Bus Printer Buzz
19c7c900.wav,Bicycle_bell Glockenspiel Squeak
19d9401d.wav,Traffic_noise_and_roadway_noise Car_passing_by Mechanical_fan
19dcb315.wav,Hiss Tick-tock Clapping
1a068a84.wav,Male_singing Electric_guitar Female_singing
1a0d1b78.wav,Accelerating_and_revving_and_vroom Waves_and_surf Car_passing_by
1a110901.wav,Stream Waves_and_surf Traffic_noise_and_roadway_noise
1a1de9b9.wav,Glockenspiel Marimba_and_xylophone Harmonica
1a1def6e.wav,Stream Car_passing_by Traffic_noise_and_roadway_noise
1a1edda6.wav,Male_speech_and_man_speaking Female_speech_and_woman_speaking Yell
1a2580e1.wav,Fart Glockenspiel Zipper_(clothing)
1a35ded5.wav,Frying_(food) Hiss Stream
1a362723.wav,Female_singing Screaming Harmonica
1a44ace1.wav,Motorcycle Accelerating_and_revving_and_vroom Microwave_oven
1a51eefe.wav,Fill_(with_liquid) Trickle_and_dribble Gurgling
1a5c4e84.wav,Car_passing_by Motorcycle Bus
1a606ef2.wav,Crackle Stream Purr
1a6925fa.wav,Keys_jangling Chewing_and_mastication Crackle
1a884f9e.wav,Tick-tock Computer_keyboard Scissors
1abdac69.wav,Chewing_and_mastication Computer_keyboard Crackle
1ac6f6f3.wav,Sigh Hiss Toilet_flush
1acae695.wav,Car_passing_by Motorcycle Accelerating_and_revving_and_vroom
1acb3d32.wav,Male_singing Female_singing Electric_guitar
1ad7f703.wav,Purr Zipper_(clothing) Crackle
1ae3ca16.wav,Purr Crackle Zipper_(clothing)
1aec75a6.wav,Bass_drum Bass_guitar Tap
1b0687b2.wav,Male_singing Meow Zipper_(clothing)
1b086eb7.wav,Purr Crackle Zipper_(clothing)
1b0a3884.wav,Sigh Fart Hiss
1b1d1b2d.wav,Fart Waves_and_surf Zipper_(clothing)
1b3ecd82.wav,Bus Microwave_oven Electric_guitar
1b5b6468.wav,Sneeze Gong Whispering
1b5daf72.wav,Sigh Hiss Gasp
1b68d94a.wav,Zipper_(clothing) Sneeze Whispering
1ba04ecc.wav,Hiss Sneeze Squeak
1bc14732.wav,Whispering Run Printer
1bcfdfb5.wav,Bass_guitar Bass_drum Cupboard_open_or_close
1bd82417.wav,Bass_guitar Acoustic_guitar Church_bell
1be1c727.wav,Slam Drawer_open_or_close Microwave_oven
1bfd4be2.wav,Skateboard Gurgling Writing
1c0e284a.wav,Stream Mechanical_fan Frying_(food)
1c0fbe4b.wav,Microwave_oven Electric_guitar Meow
1c1dd720.wav,Marimba_and_xylophone Printer Buzz
1c3bd325.wav,Drawer_open_or_close Clapping Marimba_and_xylophone
1c699cb7.wav,Car_passing_by Microwave_oven Traffic_noise_and_roadway_noise
1c6d56db.wav,Bicycle_bell Hiss Hi-hat
1c77cedf.wav,Crackle Chewing_and_mastication Fart
1c785226.wav,Tap Finger_snapping Clapping
1c79ca96.wav,Hiss Bathtub_(filling_or_washing) Bicycle_bell
1c8369cf.wav,Zipper_(clothing) Chewing_and_mastication Purr
1c983e19.wav,Drawer_open_or_close Zipper_(clothing) Sneeze
1c9e3f10.wav,Tap Knock Bass_drum
1cc5b5f7.wav,Crackle Run Fart
1cd55ad6.wav,Printer Toilet_flush Clapping
1cf8379b.wav,Bicycle_bell Hi-hat Marimba_and_xylophone
1d11b910.wav,Frying_(food) Gurgling Bathtub_(filling_or_washing)
1d1778c4.wav,Bass_drum Bass_guitar Cupboard_open_or_close
1d1863a4.wav,Electric_guitar Microwave_oven Harmonica
1d2459ce.wav,Screaming Harmonica Yell
1d279116.wav,Printer Tick-tock Walk_and_footsteps
1d33f8e1.wav,Bicycle_bell Shatter Finger_snapping
1d4ae8ab.wav,Crackle Chewing_and_mastication Frying_(food)
1d58040b.wav,Meow Child_speech_and_kid_speaking Zipper_(clothing)
1d6f2b16.wav,Female_singing Male_singing Female_speech_and_woman_speaking
1d7d2a17.wav,Car_passing_by Mechanical_fan Bus
1db41feb.wav,Glockenspiel Female_singing Harmonica
1dbcd4ba.wav,Stream Trickle_and_dribble Fill_(with_liquid)
1dc3166b.wav,Fart Burping_and_eructation Cupboard_open_or_close
1dc417cd.wav,Chewing_and_mastication Zipper_(clothing) Skateboard
1dcc4dd4.wav,Microwave_oven Bus Mechanical_fan
1de84153.wav,Microwave_oven Mechanical_fan Bus
1ded5864.wav,Purr Cricket Crackle
1def6435.wav,Fart Zipper_(clothing) Squeak
1dfa910d.wav,Glockenspiel Marimba_and_xylophone Bicycle_bell
1e0b81a9.wav,Marimba_and_xylophone Electric_guitar Acoustic_guitar
1e1a72d5.wav,Zipper_(clothing) Drawer_open_or_close Waves_and_surf
1e1e674a.wav,Shatter Fart Bathtub_(filling_or_washing)
1e3763ba.wav,Meow Harmonica Screaming
1e3cd2f0.wav,Male_speech_and_man_speaking Female_speech_and_woman_speaking Child_speech_and_kid_speaking
1e6572de.wav,Harmonica Accordion Church_bell
1e6e9131.wav,Bass_guitar Male_speech_and_man_speaking Motorcycle
1e6fe316.wav,Waves_and_surf Motorcycle Toilet_flush
1e7b59a7.wav,Female_speech_and_woman_speaking Gasp Child_speech_and_kid_speaking
1e8a965c.wav,Mechanical_fan Microwave_oven Car_passing_by
1e8fe3d2.wav,Zipper_(clothing) Female_singing Whispering
1ea533ec.wav,Bass_guitar Bass_drum Marimba_and_xylophone
1eac92a1.wav,Meow Harmonica Accordion
1ec2f60d.wav,Writing Run Zipper_(clothing)
1eda3d26.wav,Screaming Female_singing Printer
1f27827e.wav,Accordion Harmonica Screaming
1f293888.wav,Bass_drum Knock Tap
1f3d2f22.wav,Stream Frying_(food) Hiss
1f52baf2.wav,Cutlery_and_silverware Keys_jangling Cricket
1f58cc84.wav,Male_singing Female_singing Child_speech_and_kid_speaking
1f63c45e.wav,Fart Glockenspiel Bass_guitar
1f85a5c7.wav,Sneeze Zipper_(clothing) Bark
1f9c1f3e.wav,Gong Car_passing_by Accelerating_and_revving_and_vroom
1fc0282a.wav,Crackle Frying_(food) Purr
1fc8f9a5.wav,Bicycle_bell Meow Frying_(food)
1fd74cc3.wav,Glockenspiel Marimba_and_xylophone Bicycle_bell
1fde2c61.wav,Car_passing_by Waves_and_surf Skateboard
1fe639ee.wav,Writing Whispering Crackle
1fec2121.wav,Hiss Car_passing_by Waves_and_surf
1ff215f3.wav,Tick-tock Microwave_oven Printer
200b6920.wav,Drawer_open_or_close Waves_and_surf Toilet_flush
2012b2f4.wav,Slam Cupboard_open_or_close Run
201c18ee.wav,Motorcycle Car_passing_by Traffic_noise_and_roadway_noise
20612e10.wav,Stream Car_passing_by Traffic_noise_and_roadway_noise
2069253a.wav,Whispering Male_speech_and_man_speaking Writing
206c0a24.wav,Scissors Chewing_and_mastication Run
20801c98.wav,Car_passing_by Harmonica Traffic_noise_and_roadway_noise
2087f937.wav,Bathtub_(filling_or_washing) Keys_jangling Walk_and_footsteps
20898b89.wav,Stream Frying_(food) Hiss
20b16812.wav,Bicycle_bell Chirp_and_tweet Cricket
20c3541c.wav,Scissors Crackle Raindrop
20d2ad1c.wav,Shatter Microwave_oven Drawer_open_or_close
20dc6392.wav,Computer_keyboard Purr Chewing_and_mastication
20e285c7.wav,Toilet_flush Waves_and_surf Stream
21102a3a.wav,Waves_and_surf Hiss Drawer_open_or_close
2113043a.wav,Church_bell Harmonica Glockenspiel
2142adda.wav,Trickle_and_dribble Gurgling Fill_(with_liquid)
21447ea7.wav,Harmonica Child_speech_and_kid_speaking Meow
21455882.wav,Hiss Frying_(food) Cricket
2157612c.wav,Fart Sigh Screaming
2159eea8.wav,Electric_guitar Printer Gong
2175b26d.wav,Bass_guitar Motorcycle Accelerating_and_revving_and_vroom
217b109a.wav,Car_passing_by Accelerating_and_revving_and_vroom Waves_and_surf
2189acc6.wav,Harmonica Accordion Traffic_noise_and_roadway_noise
218b15dc.wav,Harmonica Bark Sneeze
218c8907.wav,Frying_(food) Hiss Toilet_flush
21b0c9cb.wav,Run Chewing_and_mastication Writing
21b24d69.wav,Tap Knock Bass_drum
21b601cd.wav,Church_bell Tick-tock Bus
21d2eb4c.wav,Writing Whispering Walk_and_footsteps
21d49986.wav,Bass_drum Knock Marimba_and_xylophone
21e8d6a9.wav,Run Knock Drawer_open_or_close
21eb5d58.wav,Frying_(food) Waves_and_surf Walk_and_footsteps
21eca32f.wav,Scissors Tick-tock Computer_keyboard
21fa3245.wav,Tick-tock Computer_keyboard Raindrop
2210c997.wav,Sneeze Male_speech_and_man_speaking Printer
2216c947.wav,Motorcycle Purr Accelerating_and_revving_and_vroom
223032ba.wav,Hiss Bathtub_(filling_or_washing) Frying_(food)
2236c850.wav,Purr Crackle Zipper_(clothing)
223a5173.wav,Cupboard_open_or_close Skateboard Harmonica
22522048.wav,Buzz Bus Printer
2263763d.wav,Waves_and_surf Toilet_flush Skateboard
228a538c.wav,Computer_keyboard Raindrop Keys_jangling
22a7e375.wav,Bathtub_(filling_or_washing) Frying_(food) Shatter
22b07889.wav,Burping_and_eructation Skateboard Fart
22b6b9aa.wav,Shatter Gong Squeak
22c5ea2f.wav,Bus Traffic_noise_and_roadway_noise Waves_and_surf
22c78043.wav,Writing Female_speech_and_woman_speaking Electric_guitar
22c98028.wav,Chewing_and_mastication Walk_and_footsteps Skateboard
22c9b301.wav,Mechanical_fan Car_passing_by Church_bell
22cd860e.wav,Chewing_and_mastication Gurgling Scissors
22f22fc9.wav,Knock Tap Run
22f2d98a.wav,Computer_keyboard Keys_jangling Raindrop
2303e210.wav,Computer_keyboard Raindrop Keys_jangling
23244f49.wav,Whispering Writing Bicycle_bell
2327b6de.wav,Bass_drum Bass_guitar Tap
2343daa5.wav,Waves_and_surf Printer Bus
235213ce.wav,Raindrop Keys_jangling Computer_keyboard
235f959c.wav,Electric_guitar Meow Cupboard_open_or_close
236e7ce1.wav,Hiss Whispering Shatter
23726888.wav,Glockenspiel Marimba_and_xylophone Chink_and_clink
23756062.wav,Car_passing_by Motorcycle Bus
238b11f0.wav,Slam Knock Cupboard_open_or_close
23a07927.wav,Hiss Bathtub_(filling_or_washing) Frying_(food)
23a2669b.wav,Printer Tick-tock Toilet_flush
23c4613e.wav,Knock Tap Gurgling
23c714b5.wav,Purr Bass_guitar Bass_drum
23d35eea.wav,Zipper_(clothing) Waves_and_surf Drawer_open_or_close
23fabbb4.wav,Scissors Frying_(food) Bathtub_(filling_or_washing)
23fe505d.wav,Chewing_and_mastication Writing Scissors
2406d1de.wav,Motorcycle Car_passing_by Accelerating_and_revving_and_vroom
240e9caa.wav,Bass_guitar Gong Buzz
24456657.wav,Stream Toilet_flush Hiss
244a60cd.wav,Bicycle_bell Burping_and_eructation Cricket
2451cad9.wav,Harmonica Meow Accordion
2451d17b.wav,Gong Church_bell Car_passing_by
245c01e6.wav,Waves_and_surf Car_passing_by Toilet_flush
2462f236.wav,Accordion Electric_guitar Male_singing
24ae5bef.wav,Accordion Sigh Male_singing
24ce9114.wav,Male_speech_and_man_speaking Electric_guitar Female_speech_and_woman_speaking
24dda4ed.wav,Hiss Bicycle_bell Cricket
24ecb25d.wav,Squeak Chirp_and_tweet Screaming
24f04ba5.wav,Walk_and_footsteps Run Writing
2548960b.wav,Sneeze Tick-tock Printer
256d567f.wav,Scissors Chewing_and_mastication Keys_jangling
2583a54d.wav,Hiss Bathtub_(filling_or_washing) Bicycle_bell
2599ff86.wav,Screaming Zipper_(clothing) Accelerating_and_revving_and_vroom
259e3fa7.wav,Chewing_and_mastication Scissors Run
25a8ef58.wav,Bass_drum Tap Knock
25a991a1.wav,Hiss Bathtub_(filling_or_washing) Scissors
25beac1d.wav,Keys_jangling Cutlery_and_silverware Scissors
25c32640.wav,Whispering Bicycle_bell Frying_(food)
25c8686f.wav,Walk_and_footsteps Drawer_open_or_close Burping_and_eructation
25d481d6.wav,Bass_drum Cupboard_open_or_close Tap
25e059d3.wav,Microwave_oven Mechanical_fan Car_passing_by
25e23528.wav,Electric_guitar Harmonica Screaming
25e75fa8.wav,Frying_(food) Gurgling Trickle_and_dribble
261cdf15.wav,Mechanical_fan Car_passing_by Stream
262131af.wav,Motorcycle Purr Accelerating_and_revving_and_vroom
2624e8ff.wav,Sneeze Bark Electric_guitar
26263cf0.wav,Clapping Shatter Marimba_and_xylophone
262a7108.wav,Scissors Chewing_and_mastication Writing
262d4cca.wav,Harmonica Accordion Meow
2655ac2c.wav,Sigh Child_speech_and_kid_speaking Male_singing
26a25f5d.wav,Tap Clapping Marimba_and_xylophone
26a4977c.wav,Purr Crackle Zipper_(clothing)
26a6c2f3.wav,Crackle Purr Chewing_and_mastication
26abfa32.wav,Computer_keyboard Gurgling Chewing_and_mastication
26c001b7.wav,Stream Trickle_and_dribble Frying_(food)
26c01e3f.wav,Electric_guitar Female_singing Male_singing
26f921e3.wav,Tap Finger_snapping Crackle
2707f8b0.wav,Female_singing Yell Meow
27080c56.wav,Skateboard Gurgling Run
271ade69.wav,Microwave_oven Gong Car_passing_by
272d95c7.wav,Stream Toilet_flush Hiss
2733bb3f.wav,Female_singing Male_singing Female_speech_and_woman_speaking
27446bcd.wav,Bass_drum Cupboard_open_or_close Bass_guitar
2756ca54.wav,Zipper_(clothing) Child_speech_and_kid_speaking Male_singing
2758a116.wav,Female_singing Male_singing Electric_guitar
275e1bb6.wav,Female_speech_and_woman_speaking Male_singing Female_singing
278a19ee.wav,Accordion Meow Zipper_(clothing)
27903ab8.wav,Burping_and_eructation Fill_(with_liquid) Fart
27924331.wav,Sigh Sneeze Child_speech_and_kid_speaking
279d4550.wav,Tap Writing Crackle
27a4f4a8.wav,Bus Printer Traffic_noise_and_roadway_noise
27a8cf7f.wav,Knock Tap Run
27b8db15.wav,Motorcycle Car_passing_by Traffic_noise_and_roadway_noise
27c8eacc.wav,Writing Run Walk_and_footsteps
27ce0e90.wav,Chewing_and_mastication Run Keys_jangling
27d07e83.wav,Cricket Bicycle_bell Chirp_and_tweet
27d43eba.wav,Car_passing_by Mechanical_fan Waves_and_surf
27df10d1.wav,Sneeze Whispering Zipper_(clothing)
27e085c0.wav,Drawer_open_or_close Slam Cupboard_open_or_close
280c07e4.wav,Hiss Traffic_noise_and_roadway_noise Church_bell
2810d717.wav,Waves_and_surf Toilet_flush Bus
28142c7d.wav,Printer Meow Skateboard
28199c01.wav,Slam Drawer_open_or_close Cupboard_open_or_close
2833e567.wav,Fill_(with_liquid) Burping_and_eructation Trickle_and_dribble
28383990.wav,Bicycle_bell Frying_(food) Shatter
283bc0ea.wav,Writing Run Chewing_and_mastication
2842be8c.wav,Run Keys_jangling Bathtub_(filling_or_washing)
28849a80.wav,Scissors Frying_(food) Crackle
288a89c1.wav,Motorcycle Microwave_oven Mechanical_fan
2894416d.wav,Writing Run Walk_and_footsteps
289fb0b8.wav,Crackle Chewing_and_mastication Fart
28a2ff49.wav,Knock Run Tap
28a9213d.wav,Computer_keyboard Run Chewing_and_mastication
28d22d2e.wav,Electric_guitar Cupboard_open_or_close Burping_and_eructation
28d2f36f.wav,Accordion Male_singing Harmonica
28e13187.wav,Tap Knock Cupboard_open_or_close
28e32693.wav,Motorcycle Gong Accelerating_and_revving_and_vroom
28f49053.wav,Toilet_flush Printer Waves_and_surf
28ff0651.wav,Church_bell Bark Harmonica
290e30df.wav,Fart Bass_guitar Zipper_(clothing)
292ef00f.wav,Sigh Whispering Hiss
2934735d.wav,Zipper_(clothing) Meow Child_speech_and_kid_speaking
2934d413.wav,Walk_and_footsteps Run Knock
29365227.wav,Tick-tock Keys_jangling Microwave_oven
295268ea.wav,Car_passing_by Waves_and_surf Traffic_noise_and_roadway_noise
29699f09.wav,Meow Yell Female_singing
297219cc.wav,Finger_snapping Bicycle_bell Scissors
2980d500.wav,Drawer_open_or_close Writing Scissors
29826356.wav,Sneeze Writing Printer
29b0574f.wav,Computer_keyboard Run Writing
29d72dfb.wav,Car_passing_by Motorcycle Accelerating_and_revving_and_vroom
29dd29fb.wav,Drawer_open_or_close Slam Microwave_oven
29e4880e.wav,Scissors Tick-tock Keys_jangling
2a0893c6.wav,Bass_guitar Mechanical_fan Gong
2a0a3828.wav,Computer_keyboard Run Crackle
2a484593.wav,Run Tap Clapping
2a557637.wav,Computer_keyboard Keys_jangling Gurgling
2a79d0a8.wav,Church_bell Gong Chink_and_clink
2a9c7202.wav,Frying_(food) Hiss Gurgling
2aa1e0b8.wav,Child_speech_and_kid_speaking Meow Sneeze
2ac8607d.wav,Sneeze Harmonica Screaming
2ad174b4.wav,Chewing_and_mastication Keys_jangling Crackle
2ae04dd7.wav,Car_passing_by Traffic_noise_and_roadway_noise Motorcycle
2aedff46.wav,Writing Shatter Bicycle_bell
2af10e99.wav,Tap Bass_drum Knock
2af77e7f.wav,Car_passing_by Waves_and_surf Skateboard
2b160bb2.wav,Crackle Tap Run
2b2613d8.wav,Toilet_flush Printer Bathtub_(filling_or_washing)
2b6ee441.wav,Chewing_and_mastication Run Scissors
2b95327b.wav,Car_passing_by Traffic_noise_and_roadway_noise Motorcycle
2b9ca464.wav,Run Drawer_open_or_close Walk_and_footsteps
2bab5b09.wav,Zipper_(clothing) Fart Gurgling
2bb1503c.wav,Sneeze Meow Printer
2bbf558e.wav,Clapping Writing Hiss
2be779a7.wav,Drawer_open_or_close Walk_and_footsteps Slam
2c010e00.wav,Car_passing_by Accelerating_and_revving_and_vroom Motorcycle
2c2a3c77.wav,Printer Tick-tock Writing
2c2d400b.wav,Chewing_and_mastication Keys_jangling Crackle
2c39bb30.wav,Church_bell Gong Harmonica
2c3a44f2.wav,Bathtub_(filling_or_washing) Trickle_and_dribble Frying_(food)
2c7a5078.wav,Electric_guitar Buzz Bus
2c809d4f.wav,Writing Chewing_and_mastication Zipper_(clothing)
2c8b8812.wav,Computer_keyboard Chewing_and_mastication Run
2c924848.wav,Zipper_(clothing) Child_speech_and_kid_speaking Sigh
2cc7f972.wav,Purr Bass_guitar Motorcycle
2cd526f7.wav,Drawer_open_or_close Slam Computer_keyboard
2cdfa8c1.wav,Waves_and_surf Toilet_flush Skateboard
2cf4955c.wav,Car_passing_by Traffic_noise_and_roadway_noise Mechanical_fan
2cfdaecd.wav,Stream Trickle_and_dribble Frying_(food)
2d0863b7.wav,Waves_and_surf Bus Printer
2d09c7ca.wav,Cricket Chirp_and_tweet Bicycle_bell
2d15ca77.wav,Raindrop Scissors Drip
2d209c25.wav,Knock Tap Run
2d21dbf4.wav,Purr Motorcycle Bass_guitar
2d455ed9.wav,Purr Crackle Chewing_and_mastication
2d4961a8.wav,Gurgling Computer_keyboard Knock
2d4a0250.wav,Run Walk_and_footsteps Writing
2d56c2ae.wav,Scissors Keys_jangling Writing
2d5dcc5d.wav,Drawer_open_or_close Walk_and_footsteps Slam
2d666c1d.wav,Church_bell Gong Harmonica
2d6d99d4.wav,Sneeze Cupboard_open_or_close Bus
2d7218f8.wav,Skateboard Harmonica Cupboard_open_or_close
2d7ae271.wav,Male_singing Motorcycle Accelerating_and_revving_and_vroom
2d8135cc.wav,Stream Trickle_and_dribble Fill_(with_liquid)
2d88fa59.wav,Shatter Clapping Writing
2da4c729.wav,Car_passing_by Mechanical_fan Accelerating_and_revving_and_vroom
2db579cb.wav,Walk_and_footsteps Run Drawer_open_or_close
2db63f0d.wav,Run Computer_keyboard Gurgling
2dd2a6bf.wav,Stream Waves_and_surf Car_passing_by
2df0cf1f.wav,Burping_and_eructation Gurgling Zipper_(clothing)
2df1f901.wav,Frying_(food) Gurgling Chewing_and_mastication
2dfd32a3.wav,Zipper_(clothing) Motorcycle Whispering
2e61e614.wav,Zipper_(clothing) Motorcycle Accelerating_and_revving_and_vroom
2e820b05.wav,Meow Bicycle_bell Squeak
2e8b4709.wav,Electric_guitar Female_speech_and_woman_speaking Bass_guitar
2e9ced66.wav,Run Drawer_open_or_close Walk_and_footsteps
2ea33689.wav,Harmonica Female_singing Tick-tock
2eade3e1.wav,Toilet_flush Printer Bus
2eb3002c.wav,Meow Harmonica Child_speech_and_kid_speaking
2eb51f57.wav,Glockenspiel Marimba_and_xylophone Church_bell
2ed9ce69.wav,Harmonica Car_passing_by Mechanical_fan
2edb4142.wav,Motorcycle Mechanical_fan Printer
2ee3ef28.wav,Electric_guitar Bass_drum Bass_guitar
2ee9f139.wav,Burping_and_eructation Fart Marimba_and_xylophone
2eeb7f35.wav,Meow Child_speech_and_kid_speaking Harmonica
2eec6eda.wav,Marimba_and_xylophone Bicycle_bell Gong
2f00863c.wav,Gong Hi-hat Harmonica
2f14d3b3.wav,Bass_drum Run Walk_and_footsteps
2f2ab304.wav,Toilet_flush Race_car_and_auto_racing Stream
2f41afe1.wav,Bass_guitar Motorcycle Accelerating_and_revving_and_vroom
2f529eb8.wav,Frying_(food) Cricket Trickle_and_dribble
2f5cbf20.wav,Slam Microwave_oven Clapping
2f6331aa.wav,Sneeze Printer Male_singing
2f643c50.wav,Printer Writing Scissors
2f785877.wav,Bass_guitar Bass_drum Gong
2f84c8e9.wav,Bus Chirp_and_tweet Printer
2f8dd247.wav,Car_passing_by Bus Mechanical_fan
2f94fca3.wav,Burping_and_eructation Fill_(with_liquid) Trickle_and_dribble
2fa1cc09.wav,Tap Knock Crackle
2fc6ede8.wav,Gurgling Computer_keyboard Slam
2fe3ae63.wav,Computer_keyboard Tick-tock Tap
2ffd2145.wav,Electric_guitar Female_speech_and_woman_speaking Female_singing
3011c55b.wav,Accordion Church_bell Harmonica
3012731a.wav,Skateboard Waves_and_surf Chewing_and_mastication
302f4eb8.wav,Church_bell Gong Harmonica
303d4668.wav,Keys_jangling Chirp_and_tweet Cricket
304d8a8e.wav,Church_bell Glockenspiel Harmonica
304f25f4.wav,Tick-tock Printer Toilet_flush
3052fe86.wav,Waves_and_surf Bus Buzz
3061e8d1.wav,Screaming Cupboard_open_or_close Harmonica
309169fa.wav,Female_speech_and_woman_speaking Female_singing Male_singing
30960f70.wav,Waves_and_surf Car_passing_by Bus
309eea85.wav,Harmonica Female_singing Accordion
30ac78a6.wav,Hiss Bathtub_(filling_or_washing) Scissors
30d1840b.wav,Keys_jangling Chewing_and_mastication Scissors
30dc07a7.wav,Bass_drum Bass_guitar Purr
30e1162a.wav,Electric_guitar Female_singing Meow
30e40cc3.wav,Toilet_flush Zipper_(clothing) Printer
30f7577e.wav,Stream Toilet_flush Hiss
30f8ba51.wav,Purr Bass_guitar Zipper_(clothing)
3102ff8d.wav,Crackle Purr Zipper_(clothing)
311fcc0d.wav,Cricket Chirp_and_tweet Keys_jangling
3129e5b4.wav,Bass_drum Tap Knock
312c730c.wav,Hiss Frying_(food) Stream
312e1179.wav,Hiss Frying_(food) Bicycle_bell
312e698e.wav,Microwave_oven Bass_guitar Motorcycle
31312cda.wav,Motorcycle Accelerating_and_revving_and_vroom Gong
3134c1f5.wav,Frying_(food) Crackle Chewing_and_mastication
31452d93.wav,Car_passing_by Gong Waves_and_surf
314a8107.wav,Sigh Zipper_(clothing) Bathtub_(filling_or_washing)
3174521f.wav,Slam Drawer_open_or_close Cupboard_open_or_close
3177529f.wav,Zipper_(clothing) Chewing_and_mastication Scissors
317e5fda.wav,Hiss Bathtub_(filling_or_washing) Frying_(food)
3190ca46.wav,Frying_(food) Cricket Stream
31ab1bc4.wav,Burping_and_eructation Fart Whispering
31b883cb.wav,Burping_and_eructation Fart Skateboard
31bf8f6c.wav,Female_singing Bark Male_singing
31c60809.wav,Finger_snapping Scissors Tap
31c7a683.wav,Cricket Chirp_and_tweet Meow
31cfaf7c.wav,Sneeze Whispering Printer
31ea3391.wav,Car_passing_by Motorcycle Accelerating_and_revving_and_vroom
31f4d839.wav,Writing Run Tap
31fe4058.wav,Tap Knock Bass_drum
31ff4a9f.wav,Tick-tock Scissors Keys_jangling
320adc8a.wav,Frying_(food) Bathtub_(filling_or_washing) Hiss
320b9457.wav,Hiss Gong Cricket
320cb73f.wav,Stream Hiss Toilet_flush
321c61dd.wav,Tap Crackle Computer_keyboard
321d7624.wav,Bass_guitar Gong Motorcycle
322c634e.wav,Electric_guitar Male_singing Motorcycle
3246e22c.wav,Car_passing_by Motorcycle Accelerating_and_revving_and_vroom
32663622.wav,Microwave_oven Tick-tock Keys_jangling
3273193a.wav,Meow Electric_guitar Microwave_oven
327ff97c.wav,Scissors Keys_jangling Tick-tock
3288c908.wav,Printer Zipper_(clothing) Buzz
329d5f81.wav,Tick-tock Meow Keys_jangling
32aaacf1.wav,Keys_jangling Chewing_and_mastication Fart
32ad561a.wav,Toilet_flush Stream Car_passing_by
32b66826.wav,Sneeze Bark Zipper_(clothing)
32bf8f9d.wav,Knock Clapping Tap
32cce167.wav,Scissors Hiss Whispering
32d21079.wav,Bicycle_bell Squeak Chink_and_clink
32e0e55a.wav,Bass_guitar Gong Accelerating_and_revving_and_vroom
32f26b94.wav,Drawer_open_or_close Waves_and_surf Toilet_flush
330b1461.wav,Waves_and_surf Bus Car_passing_by
3313662e.wav,Tap Finger_snapping Clapping
33139052.wav,Gong Hi-hat Bicycle_bell
33170581.wav,Microwave_oven Marimba_and_xylophone Squeak
332246f6.wav,Whispering Fart Hiss
33355c50.wav,Cricket Bus Writing
3347121c.wav,Waves_and_surf Skateboard Toilet_flush
3353d705.wav,Bus Mechanical_fan Microwave_oven
335d2ea3.wav,Female_singing Screaming Harmonica
336a88c3.wav,Whispering Shatter Hiss
338669d9.wav,Chewing_and_mastication Zipper_(clothing) Writing
33a61f8d.wav,Cupboard_open_or_close Slam Tick-tock
33bc9deb.wav,Keys_jangling Computer_keyboard Chewing_and_mastication
33c82ad4.wav,Female_singing Female_speech_and_woman_speaking Screaming
33ef8393.wav,Bicycle_bell Shatter Frying_(food)
33fbfca7.wav,Frying_(food) Hiss Bathtub_(filling_or_washing)
34035cf8.wav,Drawer_open_or_close Printer Buzz
340d5db4.wav,Car_passing_by Accelerating_and_revving_and_vroom Mechanical_fan
340da762.wav,Purr Crackle Zipper_(clothing)
34120253.wav,Harmonica Accordion Traffic_noise_and_roadway_noise
341efc4b.wav,Run Chewing_and_mastication Computer_keyboard
342cc3ae.wav,Harmonica Traffic_noise_and_roadway_noise Male_singing
34486c7f.wav,Buzz Bass_guitar Microwave_oven
34510c7a.wav,Keys_jangling Slam Walk_and_footsteps
34512413.wav,Keys_jangling Shatter Whispering
346fc59c.wav,Motorcycle Car_passing_by Waves_and_surf
3474d7cd.wav,Chewing_and_mastication Keys_jangling Scissors
348aaf17.wav,Crackle Frying_(food) Chewing_and_mastication
349e5ea7.wav,Run Knock Computer_keyboard
34aac2b5.wav,Harmonica Female_singing Accordion
34c53320.wav,Burping_and_eructation Fart Cutlery_and_silverware
34cca3b3.wav,Bus Car_passing_by Waves_and_surf
34d0b2ca.wav,Sneeze Yell Gasp
34d4cfda.wav,Bus Race_car_and_auto_racing Skateboard
34dc323b.wav,Bark Accordion Gasp
34e6a0de.wav,Cricket Chirp_and_tweet Keys_jangling
34f2c99d.wav,Fart Bass_guitar Crackle
34fbb318.wav,Computer_keyboard Run Gurgling
3500ed9d.wav,Knock Tap Marimba_and_xylophone
350942d1.wav,Car_passing_by Waves_and_surf Toilet_flush
351a8abe.wav,Male_singing Buzz Female_singing
352ce267.wav,Bass_drum Tap Knock
3544797d.wav,Writing Printer Gurgling
354d467a.wav,Child_speech_and_kid_speaking Zipper_(clothing) Male_speech_and_man_speaking
355ddeda.wav,Stream Frying_(food) Waves_and_surf
356adc0d.wav,Gurgling Tick-tock Computer_keyboard
356b99de.wav,Bicycle_bell Squeak Marimba_and_xylophone
35930583.wav,Child_speech_and_kid_speaking Female_speech_and_woman_speaking Female_singing
359a6e84.wav,Bus Printer Church_bell
35a7edad.wav,Cupboard_open_or_close Slam Microwave_oven
35a8a688.wav,Trickle_and_dribble Chewing_and_mastication Keys_jangling
35d5aca3.wav,Harmonica Meow Child_speech_and_kid_speaking
35dbfd81.wav,Bark Electric_guitar Female_singing
36027dca.wav,Bass_drum Bass_guitar Knock
361237d6.wav,Printer Crackle Toilet_flush
361c9c0e.wav,Frying_(food) Crackle Shatter
3623b13a.wav,Female_singing Marimba_and_xylophone Electric_guitar
3626ac5a.wav,Hiss Bicycle_bell Cricket
362f92f4.wav,Child_speech_and_kid_speaking Male_singing Meow
366d25a7.wav,Harmonica Accordion Electric_guitar
366d6820.wav,Waves_and_surf Skateboard Toilet_flush
367ef5a8.wav,Microwave_oven Motorcycle Bus
36896b31.wav,Waves_and_surf Bus Skateboard
368e3f09.wav,Frying_(food) Stream Trickle_and_dribble
36b92bec.wav,Gong Chink_and_clink Marimba_and_xylophone
36beb3fd.wav,Child_speech_and_kid_speaking Sneeze Yell
36c459de.wav,Screaming Toilet_flush Church_bell
36dfae4f.wav,Run Walk_and_footsteps Tap
36fe695f.wav,Drawer_open_or_close Chewing_and_mastication Skateboard
37053a90.wav,Motorcycle Accelerating_and_revving_and_vroom Bass_guitar
370eaa84.wav,Female_singing Church_bell Bus
37155f3a.wav,Car_passing_by Traffic_noise_and_roadway_noise Stream
37790f99.wav,Frying_(food) Hiss Cricket
378216b2.wav,Mechanical_fan Microwave_oven Car_passing_by
37856035.wav,Trickle_and_dribble Fill_(with_liquid) Stream
3792237d.wav,Tick-tock Walk_and_footsteps Hiss
37941050.wav,Waves_and_surf Motorcycle Car_passing_by
379ae4e1.wav,Whispering Bathtub_(filling_or_washing) Shatter
379b7e21.wav,Bathtub_(filling_or_washing) Trickle_and_dribble Chewing_and_mastication
379c063d.wav,Fart Shatter Whispering
37a1946c.wav,Walk_and_footsteps Tick-tock Microwave_oven
37a7927f.wav,Knock Tap Bass_drum
37c95c1c.wav,Female_singing Child_speech_and_kid_speaking Yell
37ccc1ea.wav,Bicycle_bell Hiss Bathtub_(filling_or_washing)
37d609aa.wav,Chewing_and_mastication Scissors Run
37dc178a.wav,Hiss Bathtub_(filling_or_washing) Scissors
37f5f0d8.wav,Skateboard Waves_and_surf Run
382587b8.wav,Hiss Bathtub_(filling_or_washing) Scissors
382cd8c5.wav,Drawer_open_or_close Slam Walk_and_footsteps
38368c9b.wav,Zipper_(clothing) Sneeze Bark
384b0ff2.wav,Marimba_and_xylophone Gong Church_bell
38544190.wav,Tap Knock Run
38558ab1.wav,Burping_and_eructation Male_speech_and_man_speaking Fart
3858d281.wav,Cupboard_open_or_close Burping_and_eructation Slam
385e8b0f.wav,Tap Gurgling Knock
38636d71.wav,Clapping Meow Sneeze
38669440.wav,Tick-tock Buzz Computer_keyboard
387014ab.wav,Toilet_flush Stream Frying_(food)
3876c193.wav,Child_speech_and_kid_speaking Male_singing Gasp
388f70a5.wav,Car_passing_by Bus Microwave_oven
38b9ff18.wav,Electric_guitar Female_speech_and_woman_speaking Bass_guitar
38d29a00.wav,Computer_keyboard Tap Run
38d378d8.wav,Bus Buzz Race_car_and_auto_racing
38d50e59.wav,Keys_jangling Cutlery_and_silverware Scissors
38d5d026.wav,Trickle_and_dribble Hiss Waves_and_surf
38e43355.wav,Yell Female_singing Harmonica
38ea5df2.wav,Cricket Frying_(food) Hiss
38f6aa5e.wav,Car_passing_by Hiss Buzz
38fea590.wav,Bus Printer Buzz
390789a8.wav,Fill_(with_liquid) Gurgling Skateboard
390995ef.wav,Keys_jangling Cutlery_and_silverware Shatter
39189c31.wav,Stream Car_passing_by Waves_and_surf
391fbd47.wav,Tick-tock Tap Computer_keyboard
392e88d7.wav,Trickle_and_dribble Cricket Mechanical_fan
3939b821.wav,Tick-tock Chink_and_clink Computer_keyboard
39467410.wav,Female_singing Church_bell Electric_guitar
394b8ce2.wav,Computer_keyboard Run Chewing_and_mastication
395de76a.wav,Hiss Cricket Frying_(food)
395df625.wav,Fart Gurgling Zipper_(clothing)
396d793f.wav,Writing Chewing_and_mastication Run
39723c0e.wav,Church_bell Female_singing Bark
39768e2a.wav,Male_speech_and_man_speaking Female_speech_and_woman_speaking Male_singing
3987fc79.wav,Purr Motorcycle Crackle
398b6fa6.wav,Tap Run Knock
399732ec.wav,Cupboard_open_or_close Clapping Gong
39a8ac5c.wav,Crackle Purr Frying_(food)
39b6cc75.wav,Hiss Bathtub_(filling_or_washing) Frying_(food)
39bbcabd.wav,Frying_(food) Tick-tock Toilet_flush
39c1f2fd.wav,Computer_keyboard Run Tap
39d1b554.wav,Burping_and_eructation Fart Skateboard
39e1b8cc.wav,Computer_keyboard Gurgling Chewing_and_mastication
39e2f767.wav,Sneeze Yell Child_speech_and_kid_speaking
39e35f03.wav,Church_bell Harmonica Traffic_noise_and_roadway_noise
39eb6dd5.wav,Knock Tap Burping_and_eructation
39f19344.wav,Car_passing_by Mechanical_fan Motorcycle
3a2353bb.wav,Zipper_(clothing) Drawer_open_or_close Waves_and_surf
3a28e28a.wav,Mechanical_fan Motorcycle Cricket
3a2a4822.wav,Clapping Tap Knock
3a3e4b29.wav,Male_singing Buzz Bus
3a49d5ed.wav,Computer_keyboard Gurgling Run
3a4cf709.wav,Harmonica Yell Screaming
3a5e6dde.wav,Gong Hi-hat Marimba_and_xylophone
3a66e3df.wav,Keys_jangling Scissors Trickle_and_dribble
3a87c628.wav,Frying_(food) Hiss Toilet_flush
3a885c38.wav,Mechanical_fan Accelerating_and_revving_and_vroom Bass_guitar
3a8b9afe.wav,Bus Buzz Church_bell
3aa5b432.wav,Hiss Purr Chewing_and_mastication
3ac609e1.wav,Car_passing_by Mechanical_fan Traffic_noise_and_roadway_noise
3acbee34.wav,Screaming Chirp_and_tweet Squeak
3adfb8f0.wav,Hiss Frying_(food) Stream
3ae08e83.wav,Printer Tick-tock Toilet_flush
3ae0ea8b.wav,Writing Gurgling Computer_keyboard
3b0a3361.wav,Car_passing_by Stream Traffic_noise_and_roadway_noise
3b0b13f4.wav,Sneeze Bark Printer
3b13f6a1.wav,Skateboard Waves_and_surf Car_passing_by
3b23ed90.wav,Tap Chink_and_clink Shatter
3b252939.wav,Motorcycle Accelerating_and_revving_and_vroom Zipper_(clothing)
3b277890.wav,Zipper_(clothing) Meow Child_speech_and_kid_speaking
3b382171.wav,Yell Sneeze Bark
3b3c2c67.wav,Computer_keyboard Tick-tock Raindrop
3b75b456.wav,Stream Car_passing_by Traffic_noise_and_roadway_noise
3b7c7f94.wav,Chewing_and_mastication Gurgling Computer_keyboard
3bb6024f.wav,Toilet_flush Clapping Stream
3bb7c24d.wav,Run Walk_and_footsteps Knock
3bb9a722.wav,Purr Motorcycle Accelerating_and_revving_and_vroom
3bda5fb0.wav,Car_passing_by Accelerating_and_revving_and_vroom Waves_and_surf
3bfcab18.wav,Bass_guitar Bass_drum Marimba_and_xylophone
3c0370c8.wav,Computer_keyboard Tick-tock Keys_jangling
3c1b9399.wav,Car_passing_by Gong Traffic_noise_and_roadway_noise
3c20c95f.wav,Purr Bass_guitar Crackle
3c216393.wav,Writing Whispering Zipper_(clothing)
3c244ade.wav,Stream Trickle_and_dribble Frying_(food)
3c348e5c.wav,Tick-tock Run Frying_(food)
3c35237b.wav,Buzz Crackle Chewing_and_mastication
3c40f472.wav,Female_singing Accordion Chink_and_clink
3c525c1f.wav,Chewing_and_mastication Run Keys_jangling
3c590143.wav,Run Walk_and_footsteps Tap
3c90b11b.wav,Frying_(food) Bathtub_(filling_or_washing) Scissors
3c95067e.wav,Stream Hiss Bathtub_(filling_or_washing)
3ca6b1a3.wav,Trickle_and_dribble Fill_(with_liquid) Gurgling
3caf1f70.wav,Crackle Purr Frying_(food)
3cc51361.wav,Accelerating_and_revving_and_vroom Zipper_(clothing) Motorcycle
3cd30520.wav,Writing Whispering Chewing_and_mastication
3ce0dcd0.wav,Hiss Bus Church_bell
3ce9fd74.wav,Harmonica Church_bell Accordion
3cfeb0cd.wav,Stream Hiss Frying_(food)
3d07c63a.wav,Zipper_(clothing) Buzz Writing
3d0beb6f.wav,Writing Whispering Tick-tock
3d0dca90.wav,Car_passing_by Mechanical_fan Stream
3d1d3f2b.wav,Traffic_noise_and_roadway_noise Printer Stream
3d27f415.wav,Glockenspiel Marimba_and_xylophone Harmonica
3d287b47.wav,Writing Computer_keyboard Run
3d4e1dea.wav,Male_speech_and_man_speaking Female_speech_and_woman_speaking Male_singing
3d58d893.wav,Stream Toilet_flush Waves_and_surf
3d5f899d.wav,Church_bell Gong Car_passing_by
3d633399.wav,Church_bell Bus Buzz
3d7309d7.wav,Crackle Frying_(food) Bicycle_bell
3d921767.wav,Motorcycle Gong Bass_guitar
3d9a715d.wav,Toilet_flush Frying_(food) Stream
3db04d3f.wav,Male_singing Fart Bass_guitar
3db44f6c.wav,Harmonica Accordion Meow
3ddb4122.wav,Keys_jangling Scissors Chewing_and_mastication
3dedbba9.wav,Clapping Shatter Writing
3df2fc0e.wav,Microwave_oven Traffic_noise_and_roadway_noise Electric_guitar
3df5c540.wav,Scissors Run Tick-tock
3e230352.wav,Stream Car_passing_by Traffic_noise_and_roadway_noise
3e3a6910.wav,Fart Gurgling Cupboard_open_or_close
3e4755ba.wav,Bass_guitar Fart Bass_drum
3e52f857.wav,Keys_jangling Scissors Chewing_and_mastication
3e5ce660.wav,Mechanical_fan Car_passing_by Bus
3e656c6e.wav,Shatter Whispering Bicycle_bell
3e65a00d.wav,Stream Car_passing_by Mechanical_fan
3e691b83.wav,Tap Knock Bass_drum
3e7889ed.wav,Zipper_(clothing) Burping_and_eructation Gasp
3e83500f.wav,Tick-tock Printer Toilet_flush
3e9967cf.wav,Buzz Bass_guitar Microwave_oven
3ebaff6d.wav,Waves_and_surf Cricket Accelerating_and_revving_and_vroom
3ecc19c5.wav,Skateboard Fill_(with_liquid) Purr
3ed6c2b5.wav,Child_speech_and_kid_speaking Electric_guitar Marimba_and_xylophone
3efc0912.wav,Harmonica Printer Church_bell
3f0f92ff.wav,Clapping Tick-tock Knock
3f15fd07.wav,Run Computer_keyboard Gurgling
3f16d9f3.wav,Gong Church_bell Harmonica
3f19e53c.wav,Car_passing_by Waves_and_surf Traffic_noise_and_roadway_noise
3f1ca1bb.wav,Harmonica Car_passing_by Hiss
3f29038e.wav,Female_speech_and_woman_speaking Male_speech_and_man_speaking Male_singing
3f2dbd00.wav,Male_speech_and_man_speaking Fart Sneeze
3f4f4808.wav,Bus Car_passing_by Waves_and_surf
3f53a02f.wav,Drawer_open_or_close Slam Microwave_oven
3f7043d9.wav,Printer Waves_and_surf Toilet_flush
3f80cc56.wav,Purr Child_speech_and_kid_speaking Crackle
3f96494a.wav,Clapping Slam Drawer_open_or_close
3faf10be.wav,Car_passing_by Waves_and_surf Traffic_noise_and_roadway_noise
3fd4d55a.wav,Finger_snapping Bass_drum Scissors
400ff09d.wav,Gurgling Trickle_and_dribble Fill_(with_liquid)
402e2d1b.wav,Fart Burping_and_eructation Printer
4030a4f2.wav,Car_passing_by Motorcycle Waves_and_surf
4034f327.wav,Waves_and_surf Toilet_flush Slam
4037cd65.wav,Hiss Sigh Motorcycle
4040f015.wav,Tick-tock Walk_and_footsteps Run
40449ca7.wav,Cricket Chirp_and_tweet Waves_and_surf
404b54c0.wav,Walk_and_footsteps Clapping Run
404fb677.wav,Car_passing_by Traffic_noise_and_roadway_noise Stream
4053b801.wav,Screaming Yell Meow
405c66af.wav,Microwave_oven Drawer_open_or_close Sneeze
406306b6.wav,Church_bell Gong Marimba_and_xylophone
406a1cc1.wav,Tick-tock Clapping Sneeze
406ade5e.wav,Trickle_and_dribble Stream Fill_(with_liquid)
4093913f.wav,Toilet_flush Stream Hiss
40957335.wav,Zipper_(clothing) Sigh Hiss
4098028d.wav,Computer_keyboard Run Chewing_and_mastication
40afd1b3.wav,Whispering Writing Zipper_(clothing)
40c1ed87.wav,Chewing_and_mastication Crackle Keys_jangling
40c50046.wav,Computer_keyboard Tick-tock Run
40d0726d.wav,Motorcycle Accelerating_and_revving_and_vroom Car_passing_by
40dd1274.wav,Church_bell Tick-tock Bus
40e25750.wav,Burping_and_eructation Fart Whispering
410837eb.wav,Knock Marimba_and_xylophone Finger_snapping
410c2138.wav,Hiss Bathtub_(filling_or_washing) Frying_(food)
411993fd.wav,Hi-hat Marimba_and_xylophone Tap
413b5427.wav,Glockenspiel Harmonica Bicycle_bell
41522a65.wav,Frying_(food) Scissors Keys_jangling
415f4c8f.wav,Chirp_and_tweet Keys_jangling Bicycle_bell
41759973.wav,Stream Waves_and_surf Car_passing_by
419271cc.wav,Bicycle_bell Scissors Chewing_and_mastication
4195cb1a.wav,Bicycle_bell Marimba_and_xylophone Meow
41af688a.wav,Male_speech_and_man_speaking Fart Female_speech_and_woman_speaking
41c60bba.wav,Microwave_oven Slam Cupboard_open_or_close
41cfee6d.wav,Bicycle_bell Harmonica Hiss
41f16193.wav,Clapping Shatter Hiss
41f1ea4a.wav,Traffic_noise_and_roadway_noise Bark Female_singing
41f86bc4.wav,Stream Trickle_and_dribble Frying_(food)
4215309a.wav,Tick-tock Scissors Bathtub_(filling_or_washing)
4248d196.wav,Stream Toilet_flush Hiss
42542036.wav,Bus Buzz Male_singing
