fname,label
000ccb97.wav,Scissors Whispering Keys_jangling
0012633b.wav,Drawer_open_or_close Motorcycle Purr
001ed5f1.wav,Knock Walk_and_footsteps Run
00294be0.wav,Purr Microwave_oven Computer_keyboard
003fde7a.wav,Bicycle_bell Glockenspiel Marimba_and_xylophone
0040ccc9.wav,Bass_drum Marimba_and_xylophone Electric_guitar
0046b732.wav,Screaming Printer Child_speech_and_kid_speaking
004f3bbc.wav,Bass_guitar Whispering Purr
00526050.wav,Bass_drum Walk_and_footsteps Slam
00559da4.wav,Computer_keyboard Stream Run
00582bbe.wav,Gong Meow Knock
0064aedf.wav,Drawer_open_or_close Computer_keyboard Toilet_flush
0065512b.wav,Knock Drawer_open_or_close Walk_and_footsteps
006a91d2.wav,Stream Waves_and_surf Drawer_open_or_close
006ea9ee.wav,Gong Whispering Glockenspiel
006f9dca.wav,Gurgling Fill_(with_liquid) Tick-tock
007450dc.wav,Squeak Screaming Harmonica
00979c8a.wav,Tap Finger_snapping Drawer_open_or_close
00992464.wav,Fill_(with_liquid) Trickle_and_dribble Computer_keyboard
00b44a8a.wav,Sigh Bicycle_bell Microwave_oven
00bfaaaf.wav,Gasp Burping_and_eructation Sigh
00cf9680.wav,Meow Scissors Finger_snapping
00eae94d.wav,Scissors Finger_snapping Frying_(food)
011ec5b8.wav,Electric_guitar Purr Gong
013200dc.wav,Scissors Writing Gurgling
01440c2e.wav,Accordion Harmonica Marimba_and_xylophone
01567a3d.wav,Microwave_oven Tap Knock
0163d203.wav,Knock Purr Computer_keyboard
017c24b2.wav,Accordion Traffic_noise_and_roadway_noise Marimba_and_xylophone
01a992c5.wav,Cricket Scissors Buzz
01b1d976.wav,Finger_snapping Whispering Tap
01c1c371.wav,Yell Harmonica Burping_and_eructation
01cf8354.wav,Gasp Marimba_and_xylophone Tap
01d2c640.wav,Bicycle_bell Sigh Hiss
01d69423.wav,Tap Knock Drawer_open_or_close
01e9170b.wav,Accordion Electric_guitar Microwave_oven
01f2901a.wav,Scissors Frying_(food) Finger_snapping
020b1fdf.wav,Bus Mechanical_fan Motorcycle
021457df.wav,Knock Male_speech_and_man_speaking Gurgling
02173589.wav,Female_singing Screaming Male_singing
021ac082.wav,Stream Frying_(food) Traffic_noise_and_roadway_noise
02200884.wav,Tick-tock Computer_keyboard Chewing_and_mastication
02213278.wav,Hi-hat Toilet_flush Drawer_open_or_close
022e3b2c.wav,Purr Walk_and_footsteps Run
023081f2.wav,Glockenspiel Meow Microwave_oven
02596541.wav,Bicycle_bell Glockenspiel Traffic_noise_and_roadway_noise
0289b79b.wav,Race_car_and_auto_racing Motorcycle Skateboard
028cf9db.wav,Glockenspiel Squeak Race_car_and_auto_racing
028d26f7.wav,Shatter Bicycle_bell Cutlery_and_silverware
02ab2a72.wav,Drawer_open_or_close Toilet_flush Meow
02c02ec1.wav,Church_bell Harmonica Buzz
02ce28a1.wav,Traffic_noise_and_roadway_noise Motorcycle Mechanical_fan
02d01f40.wav,Scissors Chewing_and_mastication Tick-tock
02da7457.wav,Frying_(food) Toilet_flush Writing
02e17633.wav,Run Walk_and_footsteps Drawer_open_or_close
02e8059d.wav,Gong Buzz Finger_snapping
02f71319.wav,Screaming Sigh Gasp
03090fb0.wav,Meow Chirp_and_tweet Squeak
03162c23.wav,Drawer_open_or_close Meow Gong
032f518c.wav,Bass_guitar Electric_guitar Purr
03300fcb.wav,Accordion Gong Bass_guitar
035dd895.wav,Drawer_open_or_close Printer Toilet_flush
03754ab4.wav,Bathtub_(filling_or_washing) Frying_(food) Hiss
037b47c4.wav,Clapping Whispering Skateboard
03887635.wav,Knock Computer_keyboard Tick-tock
03931594.wav,Shatter Cutlery_and_silverware Raindrop
039d2821.wav,Female_speech_and_woman_speaking Male_singing Male_speech_and_man_speaking
03a47c4a.wav,Scissors Meow Finger_snapping
03b80975.wav,Traffic_noise_and_roadway_noise Stream Waves_and_surf
03c5e8d0.wav,Microwave_oven Knock Walk_and_footsteps
03fe2971.wav,Tap Bark Sigh
04008bb5.wav,Keys_jangling Shatter Bicycle_bell
040c5c0c.wav,Run Scissors Walk_and_footsteps
041cff59.wav,Tick-tock Gong Meow
042b07a4.wav,Race_car_and_auto_racing Motorcycle Electric_guitar
042b542f.wav,Electric_guitar Harmonica Printer
04308d8d.wav,Burping_and_eructation Female_speech_and_woman_speaking Gasp
04355ea8.wav,Electric_guitar Microwave_oven Knock
0442a617.wav,Screaming Fill_(with_liquid) Harmonica
0443f812.wav,Sigh Cutlery_and_silverware Shatter
04441d5b.wav,Drawer_open_or_close Computer_keyboard Finger_snapping
0453bb71.wav,Harmonica Gong Chink_and_clink
04702c1c.wav,Drawer_open_or_close Bark Toilet_flush
047ba0e1.wav,Keys_jangling Scissors Shatter
04877d29.wav,Church_bell Gong Traffic_noise_and_roadway_noise
048c3418.wav,Toilet_flush Stream Printer
04a5c9eb.wav,Race_car_and_auto_racing Purr Motorcycle
04ad8e52.wav,Writing Gurgling Frying_(food)
04af82d9.wav,Bicycle_bell Burping_and_eructation Male_speech_and_man_speaking
04b1558a.wav,Gurgling Whispering Fill_(with_liquid)
04de7b9a.wav,Crackle Scissors Computer_keyboard
04e8bf2a.wav,Knock Gong Tap
04f004fe.wav,Purr Knock Computer_keyboard
04f48f10.wav,Gong Meow Drawer_open_or_close
0506eee8.wav,Motorcycle Church_bell Race_car_and_auto_racing
050eb97f.wav,Drawer_open_or_close Motorcycle Walk_and_footsteps
051bda9a.wav,Finger_snapping Walk_and_footsteps Toilet_flush
057a3c2e.wav,Finger_snapping Sigh Knock
057c13c8.wav,Screaming Meow Electric_guitar
058a4a79.wav,Scissors Chirp_and_tweet Computer_keyboard
058ec864.wav,Meow Bicycle_bell Squeak
05af19b1.wav,Race_car_and_auto_racing Motorcycle Accelerating_and_revving_and_vroom
05c881c4.wav,Scissors Toilet_flush Tick-tock
05d775e9.wav,Stream Toilet_flush Bathtub_(filling_or_washing)
05dae80d.wav,Gong Drawer_open_or_close Race_car_and_auto_racing
05e34a55.wav,Bathtub_(filling_or_washing) Frying_(food) Stream
05edaa47.wav,Writing Scissors Chewing_and_mastication
060b802f.wav,Meow Tick-tock Drawer_open_or_close
060d2d47.wav,Knock Scissors Bicycle_bell
062e94dd.wav,Finger_snapping Marimba_and_xylophone Bicycle_bell
06345241.wav,Screaming Harmonica Meow
0648b115.wav,Whispering Sigh Clapping
06526954.wav,Scissors Computer_keyboard Run
065b49ec.wav,Bark Whispering Female_singing
06604d51.wav,Tap Knock Microwave_oven
068b717f.wav,Squeak Child_speech_and_kid_speaking Gong
069b2f91.wav,Burping_and_eructation Sneeze Male_singing
069f3ce5.wav,Sigh Meow Harmonica
06a23eb9.wav,Motorcycle Traffic_noise_and_roadway_noise Microwave_oven
06c34152.wav,Sigh Harmonica Hi-hat
06feb5cf.wav,Race_car_and_auto_racing Motorcycle Microwave_oven
0718ce8d.wav,Drawer_open_or_close Crackle Walk_and_footsteps
07295dd0.wav,Bass_drum Cupboard_open_or_close Slam
072ee4b2.wav,Bathtub_(filling_or_washing) Scissors Zipper_(clothing)
074cbe2b.wav,Screaming Cupboard_open_or_close Squeak
07502956.wav,Knock Finger_snapping Purr
07603ad3.wav,Motorcycle Purr Car_passing_by
07670752.wav,Fill_(with_liquid) Whispering Trickle_and_dribble
077f270d.wav,Marimba_and_xylophone Glockenspiel Tap
0782d022.wav,Screaming Squeak Chirp_and_tweet
078464b8.wav,Printer Zipper_(clothing) Frying_(food)
07a82fbe.wav,Knock Tap Microwave_oven
07bca33c.wav,Chink_and_clink Tap Chirp_and_tweet
07da8ebf.wav,Screaming Yell Electric_guitar
07dff283.wav,Drawer_open_or_close Microwave_oven Knock
07f965a0.wav,Stream Bathtub_(filling_or_washing) Waves_and_surf
07fa6e7e.wav,Burping_and_eructation Meow Sigh
08087580.wav,Fill_(with_liquid) Race_car_and_auto_racing Sigh
0814db2b.wav,Accordion Glockenspiel Gong
0815543c.wav,Fart Printer Clapping
081d6520.wav,Shatter Keys_jangling Cutlery_and_silverware
081f2b5a.wav,Knock Microwave_oven Drawer_open_or_close
0824bbdb.wav,Keys_jangling Chink_and_clink Squeak
08272d1c.wav,Bicycle_bell Cricket Hiss
08278440.wav,Burping_and_eructation Marimba_and_xylophone Chirp_and_tweet
0837e041.wav,Drawer_open_or_close Microwave_oven Walk_and_footsteps
08390e01.wav,Cricket Waves_and_surf Bathtub_(filling_or_washing)
083cc652.wav,Meow Squeak Screaming
08458ab2.wav,Crackle Computer_keyboard Raindrop
0849057f.wav,Male_speech_and_man_speaking Gurgling Whispering
084e5784.wav,Cupboard_open_or_close Burping_and_eructation Marimba_and_xylophone
085f174a.wav,Harmonica Bicycle_bell Gong
0865816c.wav,Knock Slam Bass_drum
086ce4a5.wav,Harmonica Squeak Church_bell
086ebb95.wav,Motorcycle Microwave_oven Electric_guitar
08810dd4.wav,Keys_jangling Computer_keyboard Raindrop
08b06642.wav,Female_singing Squeak Chirp_and_tweet
08b2d04c.wav,Gong Meow Harmonica
08bc3e2d.wav,Drawer_open_or_close Knock Tap
08d46566.wav,Writing Scissors Tick-tock
08d4acca.wav,Bass_guitar Church_bell Accordion
08d5d316.wav,Skateboard Stream Traffic_noise_and_roadway_noise
08dfe75d.wav,Knock Bass_drum Slam
08eb3a69.wav,Printer Whispering Bass_drum
08f36895.wav,Drawer_open_or_close Skateboard Walk_and_footsteps
08facc12.wav,Whispering Fill_(with_liquid) Bathtub_(filling_or_washing)
090cc523.wav,Bathtub_(filling_or_washing) Trickle_and_dribble Fill_(with_liquid)
091fa206.wav,Purr Male_speech_and_man_speaking Gurgling
092d8e54.wav,Run Walk_and_footsteps Gurgling
094761b8.wav,Tap Scissors Hi-hat
0963270d.wav,Computer_keyboard Run Scissors
0992b95a.wav,Cricket Purr Zipper_(clothing)
0997968e.wav,Stream Bathtub_(filling_or_washing) Waves_and_surf
09a67356.wav,Tick-tock Computer_keyboard Microwave_oven
09d085e3.wav,Computer_keyboard Purr Microwave_oven
0a31c905.wav,Whispering Hi-hat Frying_(food)
0a3c2351.wav,Tap Tick-tock Drawer_open_or_close
0a4d3800.wav,Purr Gong Hiss
0a4ff0fb.wav,Scissors Printer Writing
0a56e261.wav,Gong Accordion Meow
0a64010f.wav,Meow Bicycle_bell Electric_guitar
0a683136.wav,Bass_guitar Gong Motorcycle
0a6e6889.wav,Gong Race_car_and_auto_racing Squeak
0a8e1630.wav,Knock Walk_and_footsteps Crackle
0a950c32.wav,Gong Marimba_and_xylophone Bass_guitar
0aee7a2a.wav,Stream Drawer_open_or_close Waves_and_surf
0af7446d.wav,Writing Scissors Keys_jangling
0b1503e8.wav,Gong Meow Harmonica
0b33d746.wav,Harmonica Screaming Meow
0b4819f1.wav,Printer Bicycle_bell Walk_and_footsteps
0b5c6535.wav,Buzz Scissors Crackle
0b73077e.wav,Harmonica Yell Screaming
0b9e93e6.wav,Drawer_open_or_close Computer_keyboard Tap
0ba7fe6b.wav,Knock Bass_drum Tap
0bacb61b.wav,Meow Scissors Finger_snapping
0bb86b6c.wav,Sneeze Yell Marimba_and_xylophone
0bbe8308.wav,Tap Finger_snapping Knock
0bc36580.wav,Male_singing Bark Gasp
0bc7822a.wav,Keys_jangling Printer Chirp_and_tweet
0bdcdfba.wav,Knock Gong Meow
0bec3f54.wav,Meow Drawer_open_or_close Scissors
0c151ad3.wav,Waves_and_surf Motorcycle Traffic_noise_and_roadway_noise
0c16f612.wav,Harmonica Meow Church_bell
0c32d940.wav,Burping_and_eructation Female_speech_and_woman_speaking Marimba_and_xylophone
0c390f3c.wav,Burping_and_eructation Female_speech_and_woman_speaking Gurgling
0c3b2573.wav,Microwave_oven Car_passing_by Walk_and_footsteps
0c5ba768.wav,Tap Skateboard Clapping
0c698ef7.wav,Scissors Meow Finger_snapping
0c8d9148.wav,Writing Computer_keyboard Purr
0c8def18.wav,Motorcycle Traffic_noise_and_roadway_noise Car_passing_by
0c949702.wav,Toilet_flush Frying_(food) Bathtub_(filling_or_washing)
0cb33d03.wav,Whispering Sigh Meow
0cb4cde3.wav,Whispering Gurgling Purr
0cdddb37.wav,Drawer_open_or_close Meow Tap
0ce84f9b.wav,Car_passing_by Motorcycle Traffic_noise_and_roadway_noise
0cfe3f96.wav,Whispering Gurgling Chirp_and_tweet
0d000cd7.wav,Tap Finger_snapping Gasp
0d1b11e0.wav,Printer Fart Gasp
0d2230eb.wav,Cricket Meow Sneeze
0d2707f4.wav,Glockenspiel Bicycle_bell Traffic_noise_and_roadway_noise
0d34341d.wav,Drawer_open_or_close Electric_guitar Purr
0d3dc96c.wav,Shatter Printer Microwave_oven
0d507c20.wav,Buzz Harmonica Meow
0d540ee1.wav,Bathtub_(filling_or_washing) Tick-tock Toilet_flush
0d5516ef.wav,Bicycle_bell Cricket Screaming
0d6564bb.wav,Female_singing Male_singing Buzz
0d673a8c.wav,Tap Finger_snapping Bark
0d74277e.wav,Toilet_flush Printer Whispering
0d8d7af9.wav,Tap Gong Finger_snapping
0d8e2166.wav,Keys_jangling Scissors Shatter
0d8f3f54.wav,Bass_drum Slam Cupboard_open_or_close
0d9caeeb.wav,Bus Motorcycle Mechanical_fan
0da3d582.wav,Gurgling Knock Squeak
0dc06757.wav,Meow Screaming Bark
0dc813d8.wav,Frying_(food) Scissors Bathtub_(filling_or_washing)
0dce3e5f.wav,Drawer_open_or_close Computer_keyboard Zipper_(clothing)
0dcf1534.wav,Microwave_oven Motorcycle Waves_and_surf
0dda644b.wav,Tick-tock Buzz Scissors
0ddd0393.wav,Finger_snapping Clapping Tap
0de2a4b2.wav,Electric_guitar Male_singing Male_speech_and_man_speaking
0de4fc92.wav,Race_car_and_auto_racing Skateboard Church_bell
0df1484c.wav,Electric_guitar Motorcycle Drawer_open_or_close
0e18c7d2.wav,Scissors Meow Finger_snapping
0e3e2590.wav,Mechanical_fan Traffic_noise_and_roadway_noise Electric_guitar
0e4be6a4.wav,Motorcycle Car_passing_by Race_car_and_auto_racing
0e6552c7.wav,Slam Purr Knock
0e70a285.wav,Scissors Zipper_(clothing) Bathtub_(filling_or_washing)
0e7f5c7e.wav,Stream Bathtub_(filling_or_washing) Crackle
0e9e941b.wav,Gurgling Trickle_and_dribble Fill_(with_liquid)
0ea99bf4.wav,Sigh Bark Screaming
0eaf6d60.wav,Walk_and_footsteps Traffic_noise_and_roadway_noise Bus
0ec7e315.wav,Purr Car_passing_by Mechanical_fan
0ed20fe2.wav,Waves_and_surf Motorcycle Stream
0ee80cb7.wav,Male_speech_and_man_speaking Female_speech_and_woman_speaking Chirp_and_tweet
0ef6fb07.wav,Bicycle_bell Burping_and_eructation Keys_jangling
0f07f15f.wav,Tap Finger_snapping Tick-tock
0f08a4c8.wav,Purr Knock Cupboard_open_or_close
0f096853.wav,Bus Drawer_open_or_close Microwave_oven
0f1ab7b0.wav,Knock Purr Computer_keyboard
0f3fe29d.wav,Stream Toilet_flush Frying_(food)
0f50ef2b.wav,Motorcycle Church_bell Car_passing_by
0f61907d.wav,Electric_guitar Gong Bass_guitar
0f663341.wav,Purr Tick-tock Knock
0f81d5bc.wav,Computer_keyboard Tick-tock Scissors
0faf5b2e.wav,Electric_guitar Bass_guitar Accelerating_and_revving_and_vroom
0fc07a52.wav,Scissors Frying_(food) Run
0fc6a683.wav,Frying_(food) Hiss Bathtub_(filling_or_washing)
0fccb2e5.wav,Harmonica Screaming Gong
0fd91890.wav,Meow Sigh Drawer_open_or_close
0fdb30c1.wav,Drawer_open_or_close Microwave_oven Knock
0fed6565.wav,Toilet_flush Frying_(food) Bathtub_(filling_or_washing)
0ff0e483.wav,Child_speech_and_kid_speaking Female_speech_and_woman_speaking Sneeze
0fffc208.wav,Gong Tap Drawer_open_or_close
100e123a.wav,Bus Microwave_oven Walk_and_footsteps
100faf3f.wav,Chirp_and_tweet Gong Marimba_and_xylophone
101b2011.wav,Tick-tock Chirp_and_tweet Bark
10234fef.wav,Bass_drum Slam Finger_snapping
10236f0e.wav,Gong Whispering Meow
102fb14f.wav,Bass_guitar Gong Electric_guitar
1052e52b.wav,Burping_and_eructation Fart Male_speech_and_man_speaking
105460cd.wav,Hiss Race_car_and_auto_racing Electric_guitar
10678d21.wav,Keys_jangling Cutlery_and_silverware Shatter
107f3deb.wav,Drawer_open_or_close Scissors Computer_keyboard
10811159.wav,Stream Skateboard Walk_and_footsteps
10a1aa40.wav,Motorcycle Microwave_oven Stream
10a7b8f3.wav,Accordion Hi-hat Printer
10acf1b6.wav,Cricket Gong Scissors
10c170b1.wav,Bark Whispering Chirp_and_tweet
10d026e9.wav,Knock Gong Tap
10d94568.wav,Whispering Scissors Walk_and_footsteps
10e6a6ac.wav,Finger_snapping Frying_(food) Bicycle_bell
10e6db66.wav,Male_speech_and_man_speaking Burping_and_eructation Bicycle_bell
10e92421.wav,Electric_guitar Gong Toilet_flush
10f58e51.wav,Electric_guitar Buzz Church_bell
11071bad.wav,Finger_snapping Tap Shatter
111f9431.wav,Hiss Purr Printer
112bdb70.wav,Squeak Chink_and_clink Marimba_and_xylophone
113290e8.wav,Trickle_and_dribble Computer_keyboard Cutlery_and_silverware
1142def0.wav,Keys_jangling Scissors Shatter
1147c12b.wav,Microwave_oven Bicycle_bell Sigh
1158e587.wav,Bicycle_bell Keys_jangling Shatter
11641eb8.wav,Toilet_flush Stream Bathtub_(filling_or_washing)
1167b492.wav,Knock Gong Microwave_oven
1172c5fb.wav,Microwave_oven Traffic_noise_and_roadway_noise Zipper_(clothing)
117358df.wav,Scissors Meow Walk_and_footsteps
1175ac74.wav,Stream Walk_and_footsteps Fill_(with_liquid)
11b6c488.wav,Toilet_flush Frying_(food) Stream
11cc8bcb.wav,Gurgling Purr Stream
12264142.wav,Purr Tap Knock
1226b0e0.wav,Computer_keyboard Writing Drawer_open_or_close
1247b7e3.wav,Microwave_oven Drawer_open_or_close Gasp
124a286f.wav,Trickle_and_dribble Fill_(with_liquid) Gurgling
12600be5.wav,Knock Tick-tock Computer_keyboard
12689530.wav,Accordion Gong Race_car_and_auto_racing
126b674b.wav,Toilet_flush Drawer_open_or_close Shatter
127adb78.wav,Meow Harmonica Female_singing
12849e29.wav,Drawer_open_or_close Scissors Whispering
128a67de.wav,Scissors Tick-tock Finger_snapping
12bcd3ec.wav,Purr Cricket Walk_and_footsteps
12d3e91f.wav,Fart Drawer_open_or_close Cupboard_open_or_close
12d8c07f.wav,Bus Race_car_and_auto_racing Meow
12ddf239.wav,Stream Toilet_flush Clapping
12df81e8.wav,Stream Bathtub_(filling_or_washing) Frying_(food)
12ee0010.wav,Trickle_and_dribble Bathtub_(filling_or_washing) Computer_keyboard
12fe33b6.wav,Printer Purr Fart
130e4d2f.wav,Burping_and_eructation Bark Screaming
13237edd.wav,Whispering Microwave_oven Bicycle_bell
134c3fea.wav,Whispering Finger_snapping Tap
134c95a2.wav,Scissors Computer_keyboard Fill_(with_liquid)
13694181.wav,Cupboard_open_or_close Knock Slam
13728313.wav,Race_car_and_auto_racing Car_passing_by Drawer_open_or_close
13ae306e.wav,Marimba_and_xylophone Keys_jangling Slam
13cfa025.wav,Traffic_noise_and_roadway_noise Microwave_oven Bus
13e3453c.wav,Scissors Keys_jangling Chirp_and_tweet
13e84f69.wav,Bicycle_bell Marimba_and_xylophone Microwave_oven
14096fd8.wav,Chewing_and_mastication Computer_keyboard Scissors
142b9865.wav,Keys_jangling Crackle Scissors
1438cfd0.wav,Printer Male_singing Writing
143e6d96.wav,Cricket Keys_jangling Bicycle_bell
14416af5.wav,Writing Tick-tock Traffic_noise_and_roadway_noise
1451986d.wav,Electric_guitar Printer Fart
145a10e4.wav,Drawer_open_or_close Walk_and_footsteps Tap
146c73a3.wav,Bicycle_bell Marimba_and_xylophone Meow
14ab7f13.wav,Purr Walk_and_footsteps Run
14cbc626.wav,Computer_keyboard Writing Whispering
14d22f20.wav,Keys_jangling Shatter Cutlery_and_silverware
14e86cfb.wav,Finger_snapping Tap Whispering
14fd704c.wav,Purr Sigh Burping_and_eructation
151ea709.wav,Toilet_flush Hi-hat Walk_and_footsteps
15288481.wav,Church_bell Marimba_and_xylophone Writing
152a4e09.wav,Stream Traffic_noise_and_roadway_noise Motorcycle
153579d9.wav,Bathtub_(filling_or_washing) Stream Waves_and_surf
1544427c.wav,Finger_snapping Scissors Writing
154696fd.wav,Run Walk_and_footsteps Drawer_open_or_close
156bf74f.wav,Accordion Toilet_flush Hiss
156c1736.wav,Race_car_and_auto_racing Drawer_open_or_close Sigh
15776b9c.wav,Meow Screaming Harmonica
157dd023.wav,Keys_jangling Shatter Scissors
15849032.wav,Cricket Chirp_and_tweet Scissors
15868ee8.wav,Cricket Chirp_and_tweet Printer
159b8b9b.wav,Toilet_flush Computer_keyboard Chewing_and_mastication
159d2208.wav,Meow Stream Sigh
15a78daf.wav,Tap Microwave_oven Whispering
15a98fd7.wav,Bass_drum Microwave_oven Cupboard_open_or_close
15b0d4ec.wav,Scissors Meow Stream
15bcf71d.wav,Bass_guitar Gong Electric_guitar
15c34c4f.wav,Computer_keyboard Writing Trickle_and_dribble
15e2bcaa.wav,Church_bell Accordion Harmonica
15e7bb78.wav,Scissors Keys_jangling Frying_(food)
160105ad.wav,Harmonica Female_singing Marimba_and_xylophone
1604a3fa.wav,Keys_jangling Shatter Cutlery_and_silverware
1606f119.wav,Printer Purr Knock
160acbb0.wav,Cricket Chirp_and_tweet Whispering
165fd18a.wav,Purr Run Walk_and_footsteps
166a05c0.wav,Motorcycle Church_bell Race_car_and_auto_racing
1670b964.wav,Walk_and_footsteps Microwave_oven Scissors
167a4f00.wav,Cricket Chirp_and_tweet Meow
168be388.wav,Squeak Marimba_and_xylophone Meow
16b56d33.wav,Chirp_and_tweet Bicycle_bell Keys_jangling
16bc3f60.wav,Skateboard Stream Toilet_flush
16c7da35.wav,Purr Chewing_and_mastication Frying_(food)
16d80f68.wav,Harmonica Electric_guitar Meow
16e17bed.wav,Race_car_and_auto_racing Motorcycle Traffic_noise_and_roadway_noise
16f7ac14.wav,Drawer_open_or_close Computer_keyboard Microwave_oven
16fd3589.wav,Run Drawer_open_or_close Writing
17135192.wav,Bicycle_bell Cricket Keys_jangling
17140de5.wav,Bathtub_(filling_or_washing) Fill_(with_liquid) Gurgling
171aa36c.wav,Whispering Writing Scissors
17361a5c.wav,Stream Clapping Skateboard
1751bb8a.wav,Finger_snapping Scissors Tap
1779b015.wav,Electric_guitar Meow Tap
17b6e84f.wav,Scissors Drawer_open_or_close Computer_keyboard
17c4b25f.wav,Race_car_and_auto_racing Skateboard Clapping
17dfb6db.wav,Cupboard_open_or_close Microwave_oven Walk_and_footsteps
1802421a.wav,Race_car_and_auto_racing Clapping Car_passing_by
18183321.wav,Car_passing_by Motorcycle Waves_and_surf
183948d1.wav,Stream Bathtub_(filling_or_washing) Meow
183fb536.wav,Traffic_noise_and_roadway_noise Gong Race_car_and_auto_racing
1843680b.wav,Gurgling Computer_keyboard Scissors
184aca02.wav,Bathtub_(filling_or_washing) Frying_(food) Crackle
18551bc1.wav,Sneeze Fart Printer
1859b7f7.wav,Trickle_and_dribble Scissors Computer_keyboard
1877623e.wav,Tap Gasp Burping_and_eructation
1889c58d.wav,Bark Male_speech_and_man_speaking Whispering
18929e41.wav,Harmonica Accordion Meow
1899de05.wav,Knock Cupboard_open_or_close Bass_drum
18ace84c.wav,Burping_and_eructation Screaming Yell
18be000d.wav,Walk_and_footsteps Drawer_open_or_close Microwave_oven
18c94757.wav,Church_bell Harmonica Meow
18ea2e9e.wav,Drawer_open_or_close Stream Bathtub_(filling_or_washing)
18fda5a4.wav,Motorcycle Accelerating_and_revving_and_vroom Microwave_oven
1904f396.wav,Clapping Whispering Finger_snapping
19135157.wav,Bark Tick-tock Whispering
191adc5f.wav,Sigh Male_speech_and_man_speaking Child_speech_and_kid_speaking
19303d26.wav,Motorcycle Electric_guitar Bass_guitar
193a6063.wav,Bathtub_(filling_or_washing) Computer_keyboard Drawer_open_or_close
1945b8ca.wav,Toilet_flush Frying_(food) Bathtub_(filling_or_washing)
19508dc0.wav,Motorcycle Frying_(food) Accelerating_and_revving_and_vroom
1960e51e.wav,Gurgling Computer_keyboard Knock
19754d94.wav,Electric_guitar Female_singing Bass_guitar
197ce5b2.wav,Female_speech_and_woman_speaking Male_speech_and_man_speaking Male_singing
199d4d12.wav,Male_speech_and_man_speaking Gurgling Burping_and_eructation
19a7dec3.wav,Gurgling Trickle_and_dribble Fill_(with_liquid)
19bb5700.wav,Toilet_flush Printer Frying_(food)
19c7c900.wav,Meow Squeak Harmonica
19d9401d.wav,Bass_drum Purr Tap
19dcb315.wav,Tick-tock Chewing_and_mastication Meow
1a068a84.wav,Electric_guitar Race_car_and_auto_racing Bass_guitar
1a0d1b78.wav,Race_car_and_auto_racing Mechanical_fan Motorcycle
1a110901.wav,Race_car_and_auto_racing Printer Accelerating_and_revving_and_vroom
1a1de9b9.wav,Frying_(food) Whispering Toilet_flush
1a1def6e.wav,Skateboard Clapping Stream
1a1edda6.wav,Child_speech_and_kid_speaking Female_speech_and_woman_speaking Whispering
1a2580e1.wav,Car_passing_by Traffic_noise_and_roadway_noise Purr
1a35ded5.wav,Crackle Frying_(food) Slam
1a362723.wav,Screaming Squeak Meow
1a44ace1.wav,Gong Bass_guitar Purr
1a51eefe.wav,Fill_(with_liquid) Trickle_and_dribble Bathtub_(filling_or_washing)
1a5c4e84.wav,Motorcycle Purr Run
1a606ef2.wav,Purr Bass_guitar Knock
1a6925fa.wav,Keys_jangling Shatter Cutlery_and_silverware
1a884f9e.wav,Computer_keyboard Trickle_and_dribble Fill_(with_liquid)
1abdac69.wav,Computer_keyboard Raindrop Fill_(with_liquid)
1ac6f6f3.wav,Sigh Bark Tap
1acae695.wav,Drawer_open_or_close Traffic_noise_and_roadway_noise Car_passing_by
1acb3d32.wav,Drawer_open_or_close Church_bell Microwave_oven
1ad7f703.wav,Printer Purr Computer_keyboard
1ae3ca16.wav,Frying_(food) Writing Run
1aec75a6.wav,Crackle Keys_jangling Tick-tock
1b0687b2.wav,Trickle_and_dribble Computer_keyboard Drawer_open_or_close
1b086eb7.wav,Purr Gurgling Whispering
1b0a3884.wav,Sigh Bark Printer
1b1d1b2d.wav,Sigh Toilet_flush Printer
1b3ecd82.wav,Motorcycle Race_car_and_auto_racing Accelerating_and_revving_and_vroom
1b5b6468.wav,Whispering Microwave_oven Cupboard_open_or_close
1b5daf72.wav,Tick-tock Sneeze Purr
1b68d94a.wav,Drawer_open_or_close Slam Traffic_noise_and_roadway_noise
1ba04ecc.wav,Scissors Frying_(food) Shatter
1bc14732.wav,Sigh Meow Squeak
1bcfdfb5.wav,Meow Screaming Sigh
1bd82417.wav,Gong Church_bell Glockenspiel
1be1c727.wav,Drawer_open_or_close Walk_and_footsteps Microwave_oven
1bfd4be2.wav,Skateboard Walk_and_footsteps Microwave_oven
1c0e284a.wav,Motorcycle Printer Frying_(food)
1c0fbe4b.wav,Electric_guitar Marimba_and_xylophone Meow
1c1dd720.wav,Male_singing Purr Female_singing
1c3bd325.wav,Whispering Gong Glockenspiel
1c699cb7.wav,Microwave_oven Bicycle_bell Bus
1c6d56db.wav,Keys_jangling Raindrop Frying_(food)
1c77cedf.wav,Stream Waves_and_surf Bathtub_(filling_or_washing)
1c785226.wav,Stream Bathtub_(filling_or_washing) Drawer_open_or_close
1c79ca96.wav,Meow Scissors Hi-hat
1c8369cf.wav,Purr Run Drawer_open_or_close
1c983e19.wav,Drawer_open_or_close Tick-tock Microwave_oven
1c9e3f10.wav,Bass_drum Slam Cupboard_open_or_close
1cc5b5f7.wav,Computer_keyboard Gurgling Trickle_and_dribble
1cd55ad6.wav,Motorcycle Accelerating_and_revving_and_vroom Buzz
1cf8379b.wav,Cricket Bicycle_bell Chirp_and_tweet
1d11b910.wav,Scissors Crackle Frying_(food)
1d1778c4.wav,Gong Bass_guitar Bass_drum
1d1863a4.wav,Traffic_noise_and_roadway_noise Mechanical_fan Car_passing_by
1d2459ce.wav,Sneeze Male_speech_and_man_speaking Gasp
1d279116.wav,Tap Drawer_open_or_close Walk_and_footsteps
1d33f8e1.wav,Meow Bicycle_bell Finger_snapping
1d4ae8ab.wav,Cricket Scissors Whispering
1d58040b.wav,Meow Squeak Gong
1d6f2b16.wav,Electric_guitar Female_speech_and_woman_speaking Male_speech_and_man_speaking
1d7d2a17.wav,Bus Motorcycle Purr
1db41feb.wav,Harmonica Female_singing Church_bell
1dbcd4ba.wav,Bathtub_(filling_or_washing) Fill_(with_liquid) Stream
1dc3166b.wav,Cupboard_open_or_close Knock Fart
1dc417cd.wav,Scissors Whispering Writing
1dcc4dd4.wav,Motorcycle Microwave_oven Race_car_and_auto_racing
1de84153.wav,Bus Microwave_oven Traffic_noise_and_roadway_noise
1ded5864.wav,Knock Cupboard_open_or_close Computer_keyboard
1def6435.wav,Scissors Writing Walk_and_footsteps
1dfa910d.wav,Scissors Meow Drawer_open_or_close
1e0b81a9.wav,Microwave_oven Knock Drawer_open_or_close
1e1a72d5.wav,Knock Microwave_oven Tap
1e1e674a.wav,Drawer_open_or_close Meow Computer_keyboard
1e3763ba.wav,Meow Cupboard_open_or_close Harmonica
1e3cd2f0.wav,Child_speech_and_kid_speaking Female_speech_and_woman_speaking Whispering
1e6572de.wav,Printer Race_car_and_auto_racing Squeak
1e6e9131.wav,Printer Sigh Zipper_(clothing)
1e6fe316.wav,Stream Bathtub_(filling_or_washing) Toilet_flush
1e7b59a7.wav,Child_speech_and_kid_speaking Sigh Sneeze
1e8a965c.wav,Motorcycle Waves_and_surf Mechanical_fan
1e8fe3d2.wav,Female_singing Bark Male_singing
1ea533ec.wav,Scissors Meow Finger_snapping
1eac92a1.wav,Harmonica Marimba_and_xylophone Bicycle_bell
1ec2f60d.wav,Drawer_open_or_close Computer_keyboard Tap
1eda3d26.wav,Screaming Harmonica Meow
1f27827e.wav,Glockenspiel Screaming Squeak
1f293888.wav,Slam Bass_drum Tap
1f3d2f22.wav,Stream Frying_(food) Toilet_flush
1f52baf2.wav,Tap Printer Bicycle_bell
1f58cc84.wav,Meow Gong Electric_guitar
1f63c45e.wav,Scissors Walk_and_footsteps Writing
1f85a5c7.wav,Fart Male_singing Bark
1f9c1f3e.wav,Electric_guitar Race_car_and_auto_racing Marimba_and_xylophone
1fc0282a.wav,Bathtub_(filling_or_washing) Scissors Crackle
1fc8f9a5.wav,Bicycle_bell Marimba_and_xylophone Microwave_oven
1fd74cc3.wav,Microwave_oven Printer Church_bell
1fde2c61.wav,Drawer_open_or_close Microwave_oven Sigh
1fe639ee.wav,Frying_(food) Computer_keyboard Gurgling
1fec2121.wav,Drawer_open_or_close Skateboard Toilet_flush
1ff215f3.wav,Stream Toilet_flush Bathtub_(filling_or_washing)
200b6920.wav,Microwave_oven Drawer_open_or_close Bus
2012b2f4.wav,Gong Purr Slam
201c18ee.wav,Microwave_oven Drawer_open_or_close Shatter
20612e10.wav,Harmonica Clapping Toilet_flush
2069253a.wav,Fill_(with_liquid) Harmonica Screaming
206c0a24.wav,Scissors Drawer_open_or_close Writing
20801c98.wav,Meow Screaming Hiss
2087f937.wav,Trickle_and_dribble Gong Meow
20898b89.wav,Stream Fill_(with_liquid) Bathtub_(filling_or_washing)
20b16812.wav,Bicycle_bell Marimba_and_xylophone Burping_and_eructation
20c3541c.wav,Computer_keyboard Tick-tock Writing
20d2ad1c.wav,Squeak Meow Marimba_and_xylophone
20dc6392.wav,Computer_keyboard Knock Keys_jangling
20e285c7.wav,Gasp Burping_and_eructation Sigh
21102a3a.wav,Whispering Trickle_and_dribble Gurgling
2113043a.wav,Gong Female_singing Squeak
2142adda.wav,Screaming Trickle_and_dribble Gong
21447ea7.wav,Harmonica Accordion Gong
21455882.wav,Scissors Bicycle_bell Cricket
2157612c.wav,Male_singing Screaming Electric_guitar
2159eea8.wav,Printer Shatter Bicycle_bell
2175b26d.wav,Bass_guitar Gong Race_car_and_auto_racing
217b109a.wav,Motorcycle Car_passing_by Traffic_noise_and_roadway_noise
2189acc6.wav,Harmonica Meow Squeak
218b15dc.wav,Chirp_and_tweet Male_speech_and_man_speaking Gong
218c8907.wav,Toilet_flush Sigh Race_car_and_auto_racing
21b0c9cb.wav,Skateboard Drawer_open_or_close Walk_and_footsteps
21b24d69.wav,Bass_drum Knock Walk_and_footsteps
21b601cd.wav,Gong Electric_guitar Church_bell
21d2eb4c.wav,Printer Whispering Burping_and_eructation
21d49986.wav,Slam Bass_guitar Knock
21e8d6a9.wav,Knock Drawer_open_or_close Computer_keyboard
21eb5d58.wav,Accelerating_and_revving_and_vroom Purr Sigh
21eca32f.wav,Finger_snapping Drawer_open_or_close Zipper_(clothing)
21fa3245.wav,Meow Bicycle_bell Whispering
2210c997.wav,Squeak Chirp_and_tweet Harmonica
2216c947.wav,Electric_guitar Motorcycle Race_car_and_auto_racing
223032ba.wav,Cricket Sneeze Zipper_(clothing)
2236c850.wav,Purr Knock Cupboard_open_or_close
223a5173.wav,Burping_and_eructation Male_speech_and_man_speaking Male_singing
22522048.wav,Microwave_oven Race_car_and_auto_racing Traffic_noise_and_roadway_noise
2263763d.wav,Microwave_oven Fart Slam
228a538c.wav,Scissors Drawer_open_or_close Walk_and_footsteps
22a7e375.wav,Stream Walk_and_footsteps Crackle
22b07889.wav,Printer Squeak Marimba_and_xylophone
22b6b9aa.wav,Sneeze Tap Male_speech_and_man_speaking
22c5ea2f.wav,Microwave_oven Tick-tock Motorcycle
22c78043.wav,Knock Drawer_open_or_close Gasp
22c98028.wav,Car_passing_by Bus Purr
22c9b301.wav,Motorcycle Drawer_open_or_close Accelerating_and_revving_and_vroom
22cd860e.wav,Trickle_and_dribble Computer_keyboard Crackle
22f22fc9.wav,Computer_keyboard Knock Drawer_open_or_close
22f2d98a.wav,Keys_jangling Bicycle_bell Marimba_and_xylophone
2303e210.wav,Chirp_and_tweet Gurgling Burping_and_eructation
23244f49.wav,Chirp_and_tweet Computer_keyboard Gurgling
2327b6de.wav,Bass_drum Finger_snapping Knock
2343daa5.wav,Toilet_flush Frying_(food) Meow
235213ce.wav,Raindrop Whispering Gurgling
235f959c.wav,Meow Sigh Microwave_oven
236e7ce1.wav,Hiss Sigh Purr
23726888.wav,Gong Race_car_and_auto_racing Church_bell
23756062.wav,Race_car_and_auto_racing Traffic_noise_and_roadway_noise Skateboard
238b11f0.wav,Knock Gong Tap
23a07927.wav,Hiss Whispering Frying_(food)
23a2669b.wav,Motorcycle Stream Bathtub_(filling_or_washing)
23c4613e.wav,Tick-tock Crackle Computer_keyboard
23c714b5.wav,Bass_drum Bass_guitar Purr
23d35eea.wav,Finger_snapping Tap Zipper_(clothing)
23fabbb4.wav,Stream Toilet_flush Frying_(food)
23fe505d.wav,Writing Scissors Bathtub_(filling_or_washing)
2406d1de.wav,Electric_guitar Meow Car_passing_by
240e9caa.wav,Drawer_open_or_close Harmonica Toilet_flush
24456657.wav,Stream Traffic_noise_and_roadway_noise Clapping
244a60cd.wav,Finger_snapping Writing Tap
2451cad9.wav,Harmonica Gong Meow
2451d17b.wav,Marimba_and_xylophone Gasp Gong
245c01e6.wav,Race_car_and_auto_racing Fart Printer
2462f236.wav,Bass_guitar Buzz Gong
24ae5bef.wav,Church_bell Accordion Race_car_and_auto_racing
24ce9114.wav,Printer Sneeze Female_speech_and_woman_speaking
24dda4ed.wav,Toilet_flush Frying_(food) Printer
24ecb25d.wav,Squeak Harmonica Chirp_and_tweet
24f04ba5.wav,Traffic_noise_and_roadway_noise Drawer_open_or_close Walk_and_footsteps
2548960b.wav,Printer Toilet_flush Gong
256d567f.wav,Gurgling Burping_and_eructation Sneeze
2583a54d.wav,Scissors Meow Frying_(food)
2599ff86.wav,Meow Sigh Accordion
259e3fa7.wav,Computer_keyboard Knock Purr
25a8ef58.wav,Bass_drum Bass_guitar Knock
25a991a1.wav,Scissors Meow Drawer_open_or_close
25beac1d.wav,Tap Microwave_oven Finger_snapping
25c32640.wav,Scissors Bathtub_(filling_or_washing) Cricket
25c8686f.wav,Purr Sneeze Knock
25d481d6.wav,Bass_drum Slam Fart
25e059d3.wav,Microwave_oven Stream Sigh
25e23528.wav,Harmonica Meow Screaming
25e75fa8.wav,Scissors Computer_keyboard Gong
261cdf15.wav,Skateboard Traffic_noise_and_roadway_noise Race_car_and_auto_racing
262131af.wav,Church_bell Gong Race_car_and_auto_racing
2624e8ff.wav,Bark Male_speech_and_man_speaking Chirp_and_tweet
26263cf0.wav,Meow Squeak Bicycle_bell
262a7108.wav,Drawer_open_or_close Tap Microwave_oven
262d4cca.wav,Harmonica Drawer_open_or_close Meow
2655ac2c.wav,Accordion Church_bell Gong
26a25f5d.wav,Tap Finger_snapping Microwave_oven
26a4977c.wav,Run Purr Computer_keyboard
26a6c2f3.wav,Toilet_flush Stream Shatter
26abfa32.wav,Toilet_flush Bathtub_(filling_or_washing) Computer_keyboard
26c001b7.wav,Stream Bathtub_(filling_or_washing) Crackle
26c01e3f.wav,Male_singing Female_speech_and_woman_speaking Screaming
26f921e3.wav,Chirp_and_tweet Writing Scissors
2707f8b0.wav,Male_singing Female_speech_and_woman_speaking Child_speech_and_kid_speaking
27080c56.wav,Drawer_open_or_close Computer_keyboard Knock
271ade69.wav,Gong Bass_guitar Race_car_and_auto_racing
272d95c7.wav,Stream Traffic_noise_and_roadway_noise Meow
2733bb3f.wav,Female_singing Male_singing Harmonica
27446bcd.wav,Cupboard_open_or_close Microwave_oven Tap
2756ca54.wav,Finger_snapping Zipper_(clothing) Tap
2758a116.wav,Male_speech_and_man_speaking Electric_guitar Harmonica
275e1bb6.wav,Male_speech_and_man_speaking Gurgling Electric_guitar
278a19ee.wav,Fart Accordion Printer
27903ab8.wav,Gurgling Microwave_oven Tick-tock
27924331.wav,Meow Tick-tock Purr
279d4550.wav,Writing Scissors Computer_keyboard
27a4f4a8.wav,Drawer_open_or_close Traffic_noise_and_roadway_noise Microwave_oven
27a8cf7f.wav,Tap Drawer_open_or_close Writing
27b8db15.wav,Drawer_open_or_close Walk_and_footsteps Run
27c8eacc.wav,Computer_keyboard Writing Run
27ce0e90.wav,Computer_keyboard Scissors Trickle_and_dribble
27d07e83.wav,Cricket Chirp_and_tweet Bicycle_bell
27d43eba.wav,Accelerating_and_revving_and_vroom Race_car_and_auto_racing Traffic_noise_and_roadway_noise
27df10d1.wav,Gurgling Chirp_and_tweet Male_speech_and_man_speaking
27e085c0.wav,Drawer_open_or_close Motorcycle Slam
280c07e4.wav,Squeak Harmonica Meow
2810d717.wav,Chirp_and_tweet Meow Raindrop
28142c7d.wav,Scissors Finger_snapping Meow
28199c01.wav,Finger_snapping Tap Knock
2833e567.wav,Stream Fill_(with_liquid) Bathtub_(filling_or_washing)
28383990.wav,Finger_snapping Tap Microwave_oven
283bc0ea.wav,Scissors Crackle Walk_and_footsteps
2842be8c.wav,Computer_keyboard Drawer_open_or_close Slam
28849a80.wav,Scissors Meow Drawer_open_or_close
288a89c1.wav,Mechanical_fan Printer Zipper_(clothing)
2894416d.wav,Gurgling Scissors Computer_keyboard
289fb0b8.wav,Motorcycle Electric_guitar Printer
28a2ff49.wav,Purr Race_car_and_auto_racing Tap
28a9213d.wav,Computer_keyboard Run Walk_and_footsteps
28d22d2e.wav,Printer Toilet_flush Microwave_oven
28d2f36f.wav,Meow Squeak Screaming
28e13187.wav,Knock Computer_keyboard Purr
28e32693.wav,Motorcycle Car_passing_by Race_car_and_auto_racing
28f49053.wav,Stream Drawer_open_or_close Toilet_flush
28ff0651.wav,Gong Church_bell Harmonica
290e30df.wav,Writing Zipper_(clothing) Fart
292ef00f.wav,Child_speech_and_kid_speaking Sigh Drawer_open_or_close
2934735d.wav,Drawer_open_or_close Microwave_oven Shatter
2934d413.wav,Tick-tock Keys_jangling Microwave_oven
29365227.wav,Gong Scissors Knock
295268ea.wav,Walk_and_footsteps Stream Waves_and_surf
29699f09.wav,Writing Chewing_and_mastication Scissors
297219cc.wav,Finger_snapping Whispering Printer
2980d500.wav,Gong Glockenspiel Tick-tock
29826356.wav,Tap Drawer_open_or_close Finger_snapping
29b0574f.wav,Chewing_and_mastication Zipper_(clothing) Toilet_flush
29d72dfb.wav,Bus Purr Meow
29dd29fb.wav,Drawer_open_or_close Computer_keyboard Writing
29e4880e.wav,Chewing_and_mastication Computer_keyboard Crackle
2a0893c6.wav,Bass_guitar Gong Accelerating_and_revving_and_vroom
2a0a3828.wav,Gurgling Bicycle_bell Female_speech_and_woman_speaking
2a484593.wav,Meow Bathtub_(filling_or_washing) Walk_and_footsteps
2a557637.wav,Scissors Trickle_and_dribble Tick-tock
2a79d0a8.wav,Gong Marimba_and_xylophone Knock
2a9c7202.wav,Frying_(food) Hiss Crackle
2aa1e0b8.wav,Burping_and_eructation Sigh Sneeze
2ac8607d.wav,Harmonica Meow Screaming
2ad174b4.wav,Drawer_open_or_close Computer_keyboard Scissors
2ae04dd7.wav,Drawer_open_or_close Run Walk_and_footsteps
2aedff46.wav,Bicycle_bell Keys_jangling Shatter
2af10e99.wav,Drawer_open_or_close Scissors Frying_(food)
2af77e7f.wav,Race_car_and_auto_racing Purr Traffic_noise_and_roadway_noise
2b160bb2.wav,Computer_keyboard Writing Purr
2b2613d8.wav,Toilet_flush Bathtub_(filling_or_washing) Motorcycle
2b6ee441.wav,Computer_keyboard Tick-tock Raindrop
2b95327b.wav,Motorcycle Car_passing_by Bus
2b9ca464.wav,Purr Knock Computer_keyboard
2bab5b09.wav,Drawer_open_or_close Purr Tap
2bb1503c.wav,Fart Printer Shatter
2bbf558e.wav,Drawer_open_or_close Writing Computer_keyboard
2be779a7.wav,Drawer_open_or_close Computer_keyboard Microwave_oven
2c010e00.wav,Bicycle_bell Microwave_oven Shatter
2c2a3c77.wav,Writing Computer_keyboard Scissors
2c2d400b.wav,Computer_keyboard Writing Scissors
2c39bb30.wav,Church_bell Motorcycle Car_passing_by
2c3a44f2.wav,Screaming Meow Fill_(with_liquid)
2c7a5078.wav,Electric_guitar Motorcycle Microwave_oven
2c809d4f.wav,Computer_keyboard Scissors Tick-tock
2c8b8812.wav,Computer_keyboard Tick-tock Trickle_and_dribble
2c924848.wav,Meow Harmonica Electric_guitar
2cc7f972.wav,Race_car_and_auto_racing Car_passing_by Traffic_noise_and_roadway_noise
2cd526f7.wav,Drawer_open_or_close Finger_snapping Meow
2cdfa8c1.wav,Toilet_flush Race_car_and_auto_racing Frying_(food)
2cf4955c.wav,Microwave_oven Printer Bus
2cfdaecd.wav,Toilet_flush Frying_(food) Hi-hat
2d0863b7.wav,Toilet_flush Stream Drawer_open_or_close
2d09c7ca.wav,Microwave_oven Bicycle_bell Marimba_and_xylophone
2d15ca77.wav,Drawer_open_or_close Skateboard Tap
2d209c25.wav,Knock Tap Gong
2d21dbf4.wav,Purr Race_car_and_auto_racing Knock
2d455ed9.wav,Drawer_open_or_close Raindrop Chewing_and_mastication
2d4961a8.wav,Drawer_open_or_close Tick-tock Computer_keyboard
2d4a0250.wav,Screaming Stream Toilet_flush
2d56c2ae.wav,Toilet_flush Frying_(food) Cutlery_and_silverware
2d5dcc5d.wav,Drawer_open_or_close Tick-tock Slam
2d666c1d.wav,Bicycle_bell Accordion Marimba_and_xylophone
2d6d99d4.wav,Purr Printer Electric_guitar
2d7218f8.wav,Clapping Bark Fart
2d7ae271.wav,Male_singing Male_speech_and_man_speaking Purr
2d8135cc.wav,Stream Bathtub_(filling_or_washing) Drawer_open_or_close
2d88fa59.wav,Bicycle_bell Shatter Sigh
2da4c729.wav,Motorcycle Car_passing_by Drawer_open_or_close
2db579cb.wav,Tap Finger_snapping Clapping
2db63f0d.wav,Drawer_open_or_close Microwave_oven Knock
2dd2a6bf.wav,Stream Toilet_flush Waves_and_surf
2df0cf1f.wav,Burping_and_eructation Sigh Gasp
2df1f901.wav,Screaming Harmonica Gong
2dfd32a3.wav,Accordion Gong Race_car_and_auto_racing
2e61e614.wav,Skateboard Tap Microwave_oven
2e820b05.wav,Meow Gasp Sigh
2e8b4709.wav,Gurgling Male_singing Burping_and_eructation
2e9ced66.wav,Writing Scissors Frying_(food)
2ea33689.wav,Church_bell Buzz Motorcycle
2eade3e1.wav,Meow Gong Traffic_noise_and_roadway_noise
2eb3002c.wav,Meow Drawer_open_or_close Marimba_and_xylophone
2eb51f57.wav,Gong Harmonica Glockenspiel
2ed9ce69.wav,Race_car_and_auto_racing Accordion Harmonica
2edb4142.wav,Writing Tick-tock Computer_keyboard
2ee3ef28.wav,Male_singing Female_singing Accordion
2ee9f139.wav,Sneeze Burping_and_eructation Meow
2eeb7f35.wav,Meow Gong Drawer_open_or_close
2eec6eda.wav,Hi-hat Harmonica Gong
2f00863c.wav,Gong Knock Purr
2f14d3b3.wav,Microwave_oven Drawer_open_or_close Gurgling
2f2ab304.wav,Meow Harmonica Toilet_flush
2f41afe1.wav,Electric_guitar Traffic_noise_and_roadway_noise Church_bell
2f529eb8.wav,Hi-hat Harmonica Raindrop
2f5cbf20.wav,Drawer_open_or_close Slam Microwave_oven
2f6331aa.wav,Whispering Gurgling Cutlery_and_silverware
2f643c50.wav,Meow Squeak Screaming
2f785877.wav,Bass_drum Cupboard_open_or_close Knock
2f84c8e9.wav,Scissors Computer_keyboard Writing
2f8dd247.wav,Drawer_open_or_close Waves_and_surf Motorcycle
2f94fca3.wav,Burping_and_eructation Marimba_and_xylophone Screaming
2fa1cc09.wav,Scissors Meow Tick-tock
2fc6ede8.wav,Drawer_open_or_close Computer_keyboard Knock
2fe3ae63.wav,Scissors Shatter Tick-tock
2ffd2145.wav,Child_speech_and_kid_speaking Meow Gasp
3011c55b.wav,Toilet_flush Race_car_and_auto_racing Harmonica
3012731a.wav,Drawer_open_or_close Race_car_and_auto_racing Walk_and_footsteps
302f4eb8.wav,Gong Marimba_and_xylophone Trickle_and_dribble
303d4668.wav,Writing Tick-tock Keys_jangling
304d8a8e.wav,Marimba_and_xylophone Glockenspiel Gong
304f25f4.wav,Drawer_open_or_close Microwave_oven Walk_and_footsteps
3052fe86.wav,Traffic_noise_and_roadway_noise Meow Gong
3061e8d1.wav,Meow Squeak Harmonica
309169fa.wav,Burping_and_eructation Bicycle_bell Microwave_oven
30960f70.wav,Car_passing_by Traffic_noise_and_roadway_noise Motorcycle
309eea85.wav,Harmonica Toilet_flush Drawer_open_or_close
30ac78a6.wav,Meow Scissors Drawer_open_or_close
30d1840b.wav,Scissors Keys_jangling Chewing_and_mastication
30dc07a7.wav,Bass_guitar Gong Bass_drum
30e1162a.wav,Yell Electric_guitar Screaming
30e40cc3.wav,Printer Toilet_flush Scissors
30f7577e.wav,Drawer_open_or_close Meow Motorcycle
30f8ba51.wav,Bass_guitar Gong Bass_drum
3102ff8d.wav,Scissors Run Stream
311fcc0d.wav,Scissors Frying_(food) Buzz
3129e5b4.wav,Bass_drum Slam Purr
312c730c.wav,Frying_(food) Writing Toilet_flush
312e1179.wav,Toilet_flush Frying_(food) Printer
312e698e.wav,Burping_and_eructation Screaming Gasp
31312cda.wav,Bass_guitar Gong Microwave_oven
3134c1f5.wav,Keys_jangling Writing Scissors
31452d93.wav,Motorcycle Bus Mechanical_fan
314a8107.wav,Electric_guitar Bark Purr
3174521f.wav,Drawer_open_or_close Microwave_oven Walk_and_footsteps
3177529f.wav,Run Walk_and_footsteps Computer_keyboard
317e5fda.wav,Trickle_and_dribble Bathtub_(filling_or_washing) Scissors
3190ca46.wav,Frying_(food) Hiss Hi-hat
31ab1bc4.wav,Burping_and_eructation Marimba_and_xylophone Tap
31b883cb.wav,Sigh Male_singing Meow
31bf8f6c.wav,Race_car_and_auto_racing Bus Purr
31c60809.wav,Finger_snapping Shatter Gurgling
31c7a683.wav,Bicycle_bell Printer Hiss
31cfaf7c.wav,Bark Whispering Tick-tock
31ea3391.wav,Motorcycle Electric_guitar Race_car_and_auto_racing
31f4d839.wav,Knock Computer_keyboard Drawer_open_or_close
31fe4058.wav,Bass_drum Knock Slam
31ff4a9f.wav,Cricket Bicycle_bell Female_speech_and_woman_speaking
320adc8a.wav,Frying_(food) Hiss Bathtub_(filling_or_washing)
320b9457.wav,Purr Run Motorcycle
320cb73f.wav,Stream Waves_and_surf Toilet_flush
321c61dd.wav,Gong Meow Drawer_open_or_close
321d7624.wav,Bass_guitar Gong Electric_guitar
322c634e.wav,Electric_guitar Male_singing Female_singing
3246e22c.wav,Printer Toilet_flush Race_car_and_auto_racing
32663622.wav,Computer_keyboard Drawer_open_or_close Knock
3273193a.wav,Harmonica Meow Electric_guitar
327ff97c.wav,Printer Bark Male_singing
3288c908.wav,Motorcycle Microwave_oven Printer
329d5f81.wav,Drawer_open_or_close Bicycle_bell Tick-tock
32aaacf1.wav,Bathtub_(filling_or_washing) Scissors Writing
32ad561a.wav,Male_singing Electric_guitar Screaming
32b66826.wav,Whispering Printer Bark
32bf8f9d.wav,Tap Drawer_open_or_close Knock
32cce167.wav,Keys_jangling Shatter Scissors
32d21079.wav,Bicycle_bell Sigh Bus
32e0e55a.wav,Frying_(food) Gong Bass_guitar
32f26b94.wav,Drawer_open_or_close Motorcycle Microwave_oven
330b1461.wav,Drawer_open_or_close Motorcycle Microwave_oven
3313662e.wav,Tap Drawer_open_or_close Knock
33139052.wav,Clapping Sigh Meow
33170581.wav,Bicycle_bell Microwave_oven Chirp_and_tweet
332246f6.wav,Whispering Bus Chirp_and_tweet
33355c50.wav,Gong Tap Glockenspiel
3347121c.wav,Tap Computer_keyboard Tick-tock
3353d705.wav,Mechanical_fan Motorcycle Car_passing_by
335d2ea3.wav,Church_bell Gong Accordion
336a88c3.wav,Bicycle_bell Microwave_oven Sigh
338669d9.wav,Purr Whispering Glockenspiel
33a61f8d.wav,Slam Cupboard_open_or_close Bass_drum
33bc9deb.wav,Keys_jangling Marimba_and_xylophone Chink_and_clink
33c82ad4.wav,Electric_guitar Meow Screaming
33ef8393.wav,Bicycle_bell Cricket Hiss
33fbfca7.wav,Printer Whispering Bicycle_bell
34035cf8.wav,Drawer_open_or_close Microwave_oven Walk_and_footsteps
340d5db4.wav,Motorcycle Race_car_and_auto_racing Car_passing_by
340da762.wav,Purr Drawer_open_or_close Computer_keyboard
34120253.wav,Harmonica Meow Clapping
341efc4b.wav,Motorcycle Race_car_and_auto_racing Traffic_noise_and_roadway_noise
342cc3ae.wav,Male_singing Yell Electric_guitar
34486c7f.wav,Accelerating_and_revving_and_vroom Bass_guitar Bus
34510c7a.wav,Writing Tick-tock Computer_keyboard
34512413.wav,Toilet_flush Stream Run
346fc59c.wav,Fill_(with_liquid) Screaming Trickle_and_dribble
3474d7cd.wav,Frying_(food) Bathtub_(filling_or_washing) Scissors
348aaf17.wav,Writing Scissors Finger_snapping
349e5ea7.wav,Computer_keyboard Bus Burping_and_eructation
34aac2b5.wav,Motorcycle Race_car_and_auto_racing Toilet_flush
34c53320.wav,Burping_and_eructation Marimba_and_xylophone Gasp
34cca3b3.wav,Motorcycle Church_bell Race_car_and_auto_racing
34d0b2ca.wav,Bark Burping_and_eructation Sigh
34d4cfda.wav,Church_bell Harmonica Traffic_noise_and_roadway_noise
34dc323b.wav,Church_bell Bark Gong
34e6a0de.wav,Cricket Chirp_and_tweet Bicycle_bell
34f2c99d.wav,Run Walk_and_footsteps Computer_keyboard
34fbb318.wav,Computer_keyboard Tick-tock Scissors
3500ed9d.wav,Clapping Tap Skateboard
350942d1.wav,Toilet_flush Frying_(food) Hiss
351a8abe.wav,Race_car_and_auto_racing Motorcycle Microwave_oven
352ce267.wav,Bass_drum Slam Cupboard_open_or_close
3544797d.wav,Purr Drawer_open_or_close Run
354d467a.wav,Tick-tock Sneeze Whispering
355ddeda.wav,Scissors Run Printer
356adc0d.wav,Tick-tock Cupboard_open_or_close Skateboard
356b99de.wav,Chirp_and_tweet Squeak Meow
35930583.wav,Male_speech_and_man_speaking Female_singing Harmonica
359a6e84.wav,Traffic_noise_and_roadway_noise Microwave_oven Church_bell
35a7edad.wav,Bass_drum Cupboard_open_or_close Slam
35a8a688.wav,Computer_keyboard Tick-tock Scissors
35d5aca3.wav,Drawer_open_or_close Meow Motorcycle
35dbfd81.wav,Harmonica Accordion Gong
36027dca.wav,Bass_drum Knock Cupboard_open_or_close
361237d6.wav,Race_car_and_auto_racing Electric_guitar Accordion
361c9c0e.wav,Bicycle_bell Male_speech_and_man_speaking Marimba_and_xylophone
3623b13a.wav,Female_singing Buzz Male_singing
3626ac5a.wav,Waves_and_surf Walk_and_footsteps Sigh
362f92f4.wav,Bark Child_speech_and_kid_speaking Cupboard_open_or_close
366d25a7.wav,Gong Race_car_and_auto_racing Church_bell
366d6820.wav,Stream Waves_and_surf Bathtub_(filling_or_washing)
367ef5a8.wav,Drawer_open_or_close Motorcycle Race_car_and_auto_racing
36896b31.wav,Stream Walk_and_footsteps Skateboard
368e3f09.wav,Whispering Purr Raindrop
36b92bec.wav,Keys_jangling Scissors Shatter
36beb3fd.wav,Male_singing Male_speech_and_man_speaking Electric_guitar
36c459de.wav,Harmonica Screaming Bark
36dfae4f.wav,Chirp_and_tweet Whispering Sneeze
36fe695f.wav,Drawer_open_or_close Accelerating_and_revving_and_vroom Motorcycle
37053a90.wav,Squeak Electric_guitar Bicycle_bell
370eaa84.wav,Accordion Toilet_flush Motorcycle
37155f3a.wav,Race_car_and_auto_racing Car_passing_by Motorcycle
37790f99.wav,Frying_(food) Tick-tock Trickle_and_dribble
378216b2.wav,Motorcycle Waves_and_surf Car_passing_by
37856035.wav,Stream Bathtub_(filling_or_washing) Run
3792237d.wav,Microwave_oven Skateboard Stream
37941050.wav,Microwave_oven Motorcycle Drawer_open_or_close
379ae4e1.wav,Stream Bathtub_(filling_or_washing) Gurgling
379b7e21.wav,Bathtub_(filling_or_washing) Stream Clapping
379c063d.wav,Writing Bass_drum Electric_guitar
37a1946c.wav,Tap Drawer_open_or_close Purr
37a7927f.wav,Whispering Drawer_open_or_close Tap
37c95c1c.wav,Squeak Fill_(with_liquid) Screaming
37ccc1ea.wav,Bathtub_(filling_or_washing) Scissors Motorcycle
37d609aa.wav,Drawer_open_or_close Computer_keyboard Tick-tock
37dc178a.wav,Buzz Slam Microwave_oven
37f5f0d8.wav,Walk_and_footsteps Car_passing_by Traffic_noise_and_roadway_noise
382587b8.wav,Knock Slam Sneeze
382cd8c5.wav,Tick-tock Stream Bathtub_(filling_or_washing)
38368c9b.wav,Tick-tock Gurgling Printer
384b0ff2.wav,Marimba_and_xylophone Gong Bass_guitar
38544190.wav,Computer_keyboard Knock Slam
38558ab1.wav,Sneeze Screaming Burping_and_eructation
3858d281.wav,Bass_drum Knock Microwave_oven
385e8b0f.wav,Drawer_open_or_close Knock Tap
38636d71.wav,Burping_and_eructation Yell Sigh
38669440.wav,Waves_and_surf Male_speech_and_man_speaking Hiss
387014ab.wav,Toilet_flush Frying_(food) Printer
3876c193.wav,Sigh Male_singing Screaming
388f70a5.wav,Skateboard Traffic_noise_and_roadway_noise Drawer_open_or_close
38b9ff18.wav,Squeak Microwave_oven Race_car_and_auto_racing
38d29a00.wav,Run Scissors Gurgling
38d378d8.wav,Motorcycle Race_car_and_auto_racing Printer
38d50e59.wav,Tick-tock Scissors Gurgling
38d5d026.wav,Sigh Tick-tock Drawer_open_or_close
38e43355.wav,Screaming Meow Child_speech_and_kid_speaking
38ea5df2.wav,Frying_(food) Gong Buzz
38f6aa5e.wav,Toilet_flush Fill_(with_liquid) Stream
38fea590.wav,Electric_guitar Traffic_noise_and_roadway_noise Harmonica
390789a8.wav,Buzz Motorcycle Writing
390995ef.wav,Tick-tock Squeak Computer_keyboard
39189c31.wav,Toilet_flush Printer Harmonica
391fbd47.wav,Drawer_open_or_close Shatter Tick-tock
392e88d7.wav,Cricket Chirp_and_tweet Sneeze
3939b821.wav,Male_speech_and_man_speaking Whispering Bark
39467410.wav,Church_bell Cupboard_open_or_close Buzz
394b8ce2.wav,Computer_keyboard Writing Drawer_open_or_close
395de76a.wav,Toilet_flush Clapping Chirp_and_tweet
395df625.wav,Female_speech_and_woman_speaking Gurgling Chink_and_clink
396d793f.wav,Cutlery_and_silverware Keys_jangling Shatter
39723c0e.wav,Harmonica Gong Electric_guitar
39768e2a.wav,Microwave_oven Bicycle_bell Male_speech_and_man_speaking
3987fc79.wav,Purr Run Walk_and_footsteps
398b6fa6.wav,Drawer_open_or_close Microwave_oven Knock
399732ec.wav,Gong Meow Bicycle_bell
39a8ac5c.wav,Keys_jangling Trickle_and_dribble Zipper_(clothing)
39b6cc75.wav,Scissors Meow Hi-hat
39bbcabd.wav,Bus Meow Drawer_open_or_close
39c1f2fd.wav,Drawer_open_or_close Sigh Motorcycle
39d1b554.wav,Whispering Toilet_flush Gong
39e1b8cc.wav,Computer_keyboard Tick-tock Trickle_and_dribble
39e2f767.wav,Meow Squeak Gasp
39e35f03.wav,Toilet_flush Printer Sigh
39eb6dd5.wav,Microwave_oven Tap Knock
39f19344.wav,Skateboard Traffic_noise_and_roadway_noise Clapping
3a2353bb.wav,Bark Sigh Tick-tock
3a28e28a.wav,Motorcycle Purr Bus
3a2a4822.wav,Finger_snapping Tap Zipper_(clothing)
3a3e4b29.wav,Electric_guitar Bass_guitar Female_speech_and_woman_speaking
3a49d5ed.wav,Computer_keyboard Trickle_and_dribble Bathtub_(filling_or_washing)
3a4cf709.wav,Squeak Chirp_and_tweet Marimba_and_xylophone
3a5e6dde.wav,Frying_(food) Bathtub_(filling_or_washing) Hiss
3a66e3df.wav,Bathtub_(filling_or_washing) Crackle Raindrop
3a87c628.wav,Scissors Crackle Tick-tock
3a885c38.wav,Purr Knock Car_passing_by
3a8b9afe.wav,Electric_guitar Purr Harmonica
3aa5b432.wav,Stream Waves_and_surf Traffic_noise_and_roadway_noise
3ac609e1.wav,Motorcycle Bus Purr
3acbee34.wav,Chirp_and_tweet Raindrop Trickle_and_dribble
3adfb8f0.wav,Motorcycle Frying_(food) Scissors
3ae08e83.wav,Stream Drawer_open_or_close Scissors
3ae0ea8b.wav,Microwave_oven Drawer_open_or_close Tap
3b0a3361.wav,Male_singing Harmonica Fill_(with_liquid)
3b0b13f4.wav,Female_speech_and_woman_speaking Fart Male_speech_and_man_speaking
3b13f6a1.wav,Race_car_and_auto_racing Buzz Stream
3b23ed90.wav,Bicycle_bell Male_speech_and_man_speaking Male_singing
3b252939.wav,Meow Bicycle_bell Bark
3b277890.wav,Meow Squeak Screaming
3b382171.wav,Bark Screaming Male_speech_and_man_speaking
3b3c2c67.wav,Gurgling Computer_keyboard Whispering
3b75b456.wav,Race_car_and_auto_racing Motorcycle Electric_guitar
3b7c7f94.wav,Drawer_open_or_close Walk_and_footsteps Computer_keyboard
3bb6024f.wav,Electric_guitar Motorcycle Bus
3bb7c24d.wav,Knock Computer_keyboard Purr
3bb9a722.wav,Computer_keyboard Drawer_open_or_close Knock
3bda5fb0.wav,Traffic_noise_and_roadway_noise Drawer_open_or_close Bus
3bfcab18.wav,Electric_guitar Bass_guitar Gong
3c0370c8.wav,Drawer_open_or_close Slam Microwave_oven
3c1b9399.wav,Stream Computer_keyboard Run
3c20c95f.wav,Scissors Run Crackle
3c216393.wav,Computer_keyboard Writing Drawer_open_or_close
3c244ade.wav,Toilet_flush Stream Scissors
3c348e5c.wav,Scissors Frying_(food) Shatter
3c35237b.wav,Motorcycle Drawer_open_or_close Car_passing_by
3c40f472.wav,Male_singing Burping_and_eructation Female_speech_and_woman_speaking
3c525c1f.wav,Crackle Bathtub_(filling_or_washing) Frying_(food)
3c590143.wav,Walk_and_footsteps Run Writing
3c90b11b.wav,Tick-tock Drawer_open_or_close Trickle_and_dribble
3c95067e.wav,Stream Drawer_open_or_close Frying_(food)
3ca6b1a3.wav,Fill_(with_liquid) Raindrop Trickle_and_dribble
3caf1f70.wav,Crackle Purr Run
3cc51361.wav,Electric_guitar Purr Gong
3cd30520.wav,Burping_and_eructation Tap Bark
3ce0dcd0.wav,Gong Tick-tock Printer
3ce9fd74.wav,Harmonica Screaming Meow
3cfeb0cd.wav,Toilet_flush Frying_(food) Bathtub_(filling_or_washing)
3d07c63a.wav,Tap Finger_snapping Skateboard
3d0beb6f.wav,Drawer_open_or_close Computer_keyboard Walk_and_footsteps
3d0dca90.wav,Race_car_and_auto_racing Car_passing_by Church_bell
3d1d3f2b.wav,Traffic_noise_and_roadway_noise Buzz Frying_(food)
3d27f415.wav,Glockenspiel Harmonica Marimba_and_xylophone
3d287b47.wav,Walk_and_footsteps Drawer_open_or_close Scissors
3d4e1dea.wav,Electric_guitar Female_speech_and_woman_speaking Male_speech_and_man_speaking
3d58d893.wav,Stream Skateboard Waves_and_surf
3d5f899d.wav,Gong Church_bell Hi-hat
3d633399.wav,Race_car_and_auto_racing Skateboard Traffic_noise_and_roadway_noise
3d7309d7.wav,Scissors Crackle Frying_(food)
3d921767.wav,Bass_guitar Accelerating_and_revving_and_vroom Purr
3d9a715d.wav,Stream Bathtub_(filling_or_washing) Frying_(food)
3db04d3f.wav,Electric_guitar Gong Bass_guitar
3db44f6c.wav,Harmonica Screaming Meow
3ddb4122.wav,Meow Sigh Sneeze
3dedbba9.wav,Microwave_oven Printer Scissors
3df2fc0e.wav,Motorcycle Car_passing_by Race_car_and_auto_racing
3df5c540.wav,Skateboard Clapping Walk_and_footsteps
3e230352.wav,Toilet_flush Fill_(with_liquid) Squeak
3e3a6910.wav,Drawer_open_or_close Microwave_oven Electric_guitar
3e4755ba.wav,Bass_guitar Electric_guitar Motorcycle
3e52f857.wav,Scissors Chirp_and_tweet Meow
3e5ce660.wav,Zipper_(clothing) Bicycle_bell Sigh
3e656c6e.wav,Bicycle_bell Marimba_and_xylophone Burping_and_eructation
3e65a00d.wav,Waves_and_surf Stream Motorcycle
3e691b83.wav,Microwave_oven Drawer_open_or_close Tap
3e7889ed.wav,Bicycle_bell Burping_and_eructation Marimba_and_xylophone
3e83500f.wav,Meow Drawer_open_or_close Scissors
3e9967cf.wav,Walk_and_footsteps Bus Run
3ebaff6d.wav,Motorcycle Accelerating_and_revving_and_vroom Bus
3ecc19c5.wav,Skateboard Race_car_and_auto_racing Bark
3ed6c2b5.wav,Race_car_and_auto_racing Drawer_open_or_close Printer
3efc0912.wav,Accordion Harmonica Bicycle_bell
3f0f92ff.wav,Tap Drawer_open_or_close Meow
3f15fd07.wav,Tick-tock Stream Toilet_flush
3f16d9f3.wav,Race_car_and_auto_racing Accelerating_and_revving_and_vroom Accordion
3f19e53c.wav,Cricket Zipper_(clothing) Printer
3f1ca1bb.wav,Toilet_flush Stream Drawer_open_or_close
3f29038e.wav,Electric_guitar Male_singing Female_speech_and_woman_speaking
3f2dbd00.wav,Tap Skateboard Drawer_open_or_close
3f4f4808.wav,Waves_and_surf Motorcycle Toilet_flush
3f53a02f.wav,Cupboard_open_or_close Fart Printer
3f7043d9.wav,Tick-tock Computer_keyboard Knock
3f80cc56.wav,Gong Bicycle_bell Marimba_and_xylophone
3f96494a.wav,Bathtub_(filling_or_washing) Scissors Meow
3faf10be.wav,Motorcycle Car_passing_by Traffic_noise_and_roadway_noise
3fd4d55a.wav,Finger_snapping Clapping Tap
400ff09d.wav,Bathtub_(filling_or_washing) Toilet_flush Harmonica
402e2d1b.wav,Knock Tap Drawer_open_or_close
4030a4f2.wav,Knock Slam Bass_drum
4034f327.wav,Toilet_flush Bathtub_(filling_or_washing) Frying_(food)
4037cd65.wav,Burping_and_eructation Male_singing Male_speech_and_man_speaking
4040f015.wav,Drawer_open_or_close Purr Sigh
40449ca7.wav,Tap Keys_jangling Scissors
404b54c0.wav,Printer Scissors Microwave_oven
404fb677.wav,Meow Tap Traffic_noise_and_roadway_noise
4053b801.wav,Shatter Female_speech_and_woman_speaking Cutlery_and_silverware
405c66af.wav,Shatter Scissors Drawer_open_or_close
406306b6.wav,Gong Harmonica Church_bell
406a1cc1.wav,Purr Tap Gong
406ade5e.wav,Bathtub_(filling_or_washing) Trickle_and_dribble Raindrop
4093913f.wav,Toilet_flush Printer Race_car_and_auto_racing
40957335.wav,Burping_and_eructation Sigh Bicycle_bell
4098028d.wav,Computer_keyboard Drawer_open_or_close Run
40afd1b3.wav,Whispering Sigh Meow
40c1ed87.wav,Shatter Finger_snapping Tap
40c50046.wav,Run Drawer_open_or_close Scissors
40d0726d.wav,Bus Race_car_and_auto_racing Drawer_open_or_close
40dd1274.wav,Gong Tap Drawer_open_or_close
40e25750.wav,Gasp Burping_and_eructation Male_speech_and_man_speaking
410837eb.wav,Microwave_oven Marimba_and_xylophone Bicycle_bell
410c2138.wav,Bus Sigh Hiss
411993fd.wav,Hi-hat Finger_snapping Tap
413b5427.wav,Squeak Gong Harmonica
41522a65.wav,Chirp_and_tweet Finger_snapping Cricket
415f4c8f.wav,Bicycle_bell Glockenspiel Marimba_and_xylophone
41759973.wav,Frying_(food) Stream Waves_and_surf
419271cc.wav,Printer Cupboard_open_or_close Squeak
4195cb1a.wav,Bicycle_bell Screaming Burping_and_eructation
41af688a.wav,Bark Whispering Male_speech_and_man_speaking
41c60bba.wav,Drawer_open_or_close Knock Microwave_oven
41cfee6d.wav,Harmonica Screaming Gong
41f16193.wav,Drawer_open_or_close Race_car_and_auto_racing Microwave_oven
41f1ea4a.wav,Printer Walk_and_footsteps Whispering
41f86bc4.wav,Toilet_flush Trickle_and_dribble Fill_(with_liquid)
4215309a.wav,Computer_keyboard Tap Writing
4248d196.wav,Stream Waves_and_surf Traffic_noise_and_roadway_noise
42542036.wav,Race_car_and_auto_racing Church_bell Motorcycle
