fname,label
000ccb97.wav,Crackle Tap Finger_snapping
0012633b.wav,Drawer_open_or_close Printer Microwave_oven
001ed5f1.wav,Crackle Knock Walk_and_footsteps
00294be0.wav,Purr Gurgling Tick-tock
003fde7a.wav,Glockenspiel Hiss Microwave_oven
0040ccc9.wav,Bass_drum Knock Tap
0046b732.wav,Sneeze Gasp Child_speech_and_kid_speaking
004f3bbc.wav,Bass_guitar Purr Gong
00526050.wav,Bass_drum Knock Tap
00559da4.wav,Waves_and_surf Stream Crackle
00582bbe.wav,Gong Microwave_oven Knock
0064aedf.wav,Run Knock Crackle
0065512b.wav,Knock Zipper_(clothing) Tap
006a91d2.wav,Waves_and_surf Stream Toilet_flush
006ea9ee.wav,Gong Hi-hat Bass_guitar
006f9dca.wav,Bathtub_(filling_or_washing) Hiss Frying_(food)
007450dc.wav,Burping_and_eructation Male_speech_and_man_speaking Harmonica
00979c8a.wav,Zipper_(clothing) Knock Tap
00992464.wav,Bathtub_(filling_or_washing) Toilet_flush Trickle_and_dribble
00b44a8a.wav,Hiss Shatter Screaming
00bfaaaf.wav,Sneeze Gasp Hiss
00cf9680.wav,Shatter Scissors Crackle
00eae94d.wav,Hiss Scissors Bathtub_(filling_or_washing)
011ec5b8.wav,Purr Cricket Motorcycle
013200dc.wav,Gurgling Chewing_and_mastication Writing
01440c2e.wav,Harmonica Hi-hat Accordion
01567a3d.wav,Bass_drum Knock Skateboard
0163d203.wav,Knock Crackle Purr
017c24b2.wav,Harmonica Toilet_flush Printer
01a992c5.wav,Cricket Bathtub_(filling_or_washing) Hiss
01b1d976.wav,Scissors Zipper_(clothing) Cricket
01c1c371.wav,Gurgling Child_speech_and_kid_speaking Tick-tock
01cf8354.wav,Burping_and_eructation Male_singing Gurgling
01d2c640.wav,Purr Knock Hiss
01d69423.wav,Knock Bark Tap
01e9170b.wav,Printer Accordion Electric_guitar
01f2901a.wav,Frying_(food) Bathtub_(filling_or_washing) Keys_jangling
020b1fdf.wav,Printer Toilet_flush Mechanical_fan
021457df.wav,Gurgling Knock Purr
02173589.wav,Female_singing Accordion Harmonica
021ac082.wav,Stream Toilet_flush Bathtub_(filling_or_washing)
02200884.wav,Chewing_and_mastication Zipper_(clothing) Scissors
02213278.wav,Waves_and_surf Hiss Toilet_flush
022e3b2c.wav,Fill_(with_liquid) Crackle Bathtub_(filling_or_washing)
023081f2.wav,Hi-hat Gong Glockenspiel
02596541.wav,Female_singing Marimba_and_xylophone Glockenspiel
0289b79b.wav,Printer Toilet_flush Waves_and_surf
028cf9db.wav,Marimba_and_xylophone Female_singing Toilet_flush
028d26f7.wav,Shatter Cutlery_and_silverware Bicycle_bell
02ab2a72.wav,Toilet_flush Printer Frying_(food)
02c02ec1.wav,Printer Stream Chirp_and_tweet
02ce28a1.wav,Bus Motorcycle Waves_and_surf
02d01f40.wav,Keys_jangling Scissors Frying_(food)
02da7457.wav,Toilet_flush Frying_(food) Hiss
02e17633.wav,Run Purr Computer_keyboard
02e8059d.wav,Marimba_and_xylophone Bass_drum Electric_guitar
02f71319.wav,Hiss Hi-hat Toilet_flush
03090fb0.wav,Whispering Meow Screaming
03162c23.wav,Child_speech_and_kid_speaking Cupboard_open_or_close Zipper_(clothing)
032f518c.wav,Electric_guitar Printer Female_singing
03300fcb.wav,Female_singing Bass_guitar Marimba_and_xylophone
035dd895.wav,Waves_and_surf Zipper_(clothing) Run
03754ab4.wav,Frying_(food) Toilet_flush Printer
037b47c4.wav,Sneeze Gasp Cupboard_open_or_close
03887635.wav,Knock Crackle Purr
03931594.wav,Sneeze Shatter Cupboard_open_or_close
039d2821.wav,Female_speech_and_woman_speaking Gurgling Male_speech_and_man_speaking
03a47c4a.wav,Shatter Scissors Crackle
03b80975.wav,Stream Waves_and_surf Toilet_flush
03c5e8d0.wav,Crackle Run Computer_keyboard
03fe2971.wav,Cupboard_open_or_close Tap Marimba_and_xylophone
04008bb5.wav,Cutlery_and_silverware Keys_jangling Chink_and_clink
040c5c0c.wav,Run Chewing_and_mastication Zipper_(clothing)
041cff59.wav,Knock Hi-hat Drawer_open_or_close
042b07a4.wav,Hi-hat Race_car_and_auto_racing Toilet_flush
042b542f.wav,Electric_guitar Bass_guitar Church_bell
04308d8d.wav,Gurgling Male_speech_and_man_speaking Sneeze
04355ea8.wav,Purr Female_speech_and_woman_speaking Bass_guitar
0442a617.wav,Screaming Meow Whispering
0443f812.wav,Keys_jangling Shatter Cutlery_and_silverware
04441d5b.wav,Knock Tap Crackle
0453bb71.wav,Harmonica Marimba_and_xylophone Accordion
04702c1c.wav,Gasp Sneeze Chirp_and_tweet
047ba0e1.wav,Keys_jangling Scissors Shatter
04877d29.wav,Car_passing_by Motorcycle Gong
048c3418.wav,Toilet_flush Printer Hiss
04a5c9eb.wav,Toilet_flush Printer Bus
04ad8e52.wav,Hiss Printer Fart
04af82d9.wav,Male_speech_and_man_speaking Whispering Female_speech_and_woman_speaking
04b1558a.wav,Gurgling Trickle_and_dribble Toilet_flush
04de7b9a.wav,Crackle Scissors Frying_(food)
04e8bf2a.wav,Knock Sigh Drawer_open_or_close
04f004fe.wav,Purr Knock Computer_keyboard
04f48f10.wav,Gong Purr Church_bell
0506eee8.wav,Mechanical_fan Motorcycle Accelerating_and_revving_and_vroom
050eb97f.wav,Toilet_flush Drawer_open_or_close Printer
051bda9a.wav,Waves_and_surf Shatter Hiss
057a3c2e.wav,Crackle Knock Purr
057c13c8.wav,Hi-hat Gong Female_singing
058a4a79.wav,Sneeze Hiss Frying_(food)
058ec864.wav,Bicycle_bell Sigh Marimba_and_xylophone
05af19b1.wav,Motorcycle Traffic_noise_and_roadway_noise Mechanical_fan
05c881c4.wav,Frying_(food) Hiss Scissors
05d775e9.wav,Toilet_flush Hiss Bathtub_(filling_or_washing)
05dae80d.wav,Purr Knock Bass_guitar
05e34a55.wav,Frying_(food) Bathtub_(filling_or_washing) Toilet_flush
05edaa47.wav,Crackle Computer_keyboard Run
060b802f.wav,Child_speech_and_kid_speaking Sneeze Toilet_flush
060d2d47.wav,Knock Tap Crackle
062e94dd.wav,Shatter Sneeze Hi-hat
06345241.wav,Screaming Female_singing Yell
0648b115.wav,Burping_and_eructation Fart Sigh
06526954.wav,Crackle Run Zipper_(clothing)
065b49ec.wav,Purr Knock Crackle
06604d51.wav,Tap Bass_drum Knock
068b717f.wav,Child_speech_and_kid_speaking Sneeze Screaming
069b2f91.wav,Burping_and_eructation Male_singing Male_speech_and_man_speaking
069f3ce5.wav,Child_speech_and_kid_speaking Gasp Sneeze
06a23eb9.wav,Traffic_noise_and_roadway_noise Motorcycle Stream
06c34152.wav,Hi-hat Sneeze Toilet_flush
06feb5cf.wav,Car_passing_by Motorcycle Mechanical_fan
0718ce8d.wav,Run Crackle Zipper_(clothing)
07295dd0.wav,Bass_drum Knock Tap
072ee4b2.wav,Crackle Frying_(food) Scissors
074cbe2b.wav,Meow Screaming Female_singing
07502956.wav,Crackle Tap Finger_snapping
07603ad3.wav,Knock Crackle Run
07670752.wav,Hiss Frying_(food) Bark
077f270d.wav,Hi-hat Chink_and_clink Glockenspiel
0782d022.wav,Screaming Female_singing Chirp_and_tweet
078464b8.wav,Waves_and_surf Bathtub_(filling_or_washing) Toilet_flush
07a82fbe.wav,Knock Zipper_(clothing) Tap
07bca33c.wav,Chink_and_clink Microwave_oven Printer
07da8ebf.wav,Female_singing Screaming Harmonica
07dff283.wav,Run Microwave_oven Bus
07f965a0.wav,Stream Toilet_flush Waves_and_surf
07fa6e7e.wav,Sneeze Gasp Burping_and_eructation
08087580.wav,Fill_(with_liquid) Trickle_and_dribble Whispering
0814db2b.wav,Harmonica Accordion Female_singing
0815543c.wav,Fart Male_speech_and_man_speaking Burping_and_eructation
081d6520.wav,Shatter Drawer_open_or_close Cutlery_and_silverware
081f2b5a.wav,Purr Knock Accelerating_and_revving_and_vroom
0824bbdb.wav,Keys_jangling Chirp_and_tweet Shatter
08272d1c.wav,Cricket Bus Hiss
08278440.wav,Gasp Burping_and_eructation Sneeze
0837e041.wav,Knock Crackle Drawer_open_or_close
08390e01.wav,Cricket Hiss Scissors
083cc652.wav,Child_speech_and_kid_speaking Female_singing Gasp
08458ab2.wav,Knock Crackle Purr
0849057f.wav,Female_speech_and_woman_speaking Male_speech_and_man_speaking Sneeze
084e5784.wav,Gasp Sneeze Tap
085f174a.wav,Harmonica Marimba_and_xylophone Chink_and_clink
0865816c.wav,Knock Tap Slam
086ce4a5.wav,Female_singing Meow Screaming
086ebb95.wav,Microwave_oven Car_passing_by Motorcycle
08810dd4.wav,Crackle Purr Knock
08b06642.wav,Female_singing Harmonica Male_singing
08b2d04c.wav,Marimba_and_xylophone Hi-hat Sneeze
08bc3e2d.wav,Knock Tap Drawer_open_or_close
08d46566.wav,Crackle Keys_jangling Scissors
08d4acca.wav,Church_bell Gong Bass_guitar
08d5d316.wav,Stream Toilet_flush Waves_and_surf
08dfe75d.wav,Knock Bass_drum Tap
08eb3a69.wav,Knock Crackle Purr
08f36895.wav,Zipper_(clothing) Cupboard_open_or_close Run
08facc12.wav,Bathtub_(filling_or_washing) Fill_(with_liquid) Toilet_flush
090cc523.wav,Trickle_and_dribble Fill_(with_liquid) Chewing_and_mastication
091fa206.wav,Purr Fart Gurgling
092d8e54.wav,Run Computer_keyboard Knock
094761b8.wav,Hi-hat Tap Tick-tock
0963270d.wav,Chewing_and_mastication Gurgling Computer_keyboard
0992b95a.wav,Purr Bathtub_(filling_or_washing) Male_speech_and_man_speaking
0997968e.wav,Waves_and_surf Bathtub_(filling_or_washing) Run
09a67356.wav,Traffic_noise_and_roadway_noise Cupboard_open_or_close Car_passing_by
09d085e3.wav,Run Zipper_(clothing) Purr
0a31c905.wav,Toilet_flush Drawer_open_or_close Frying_(food)
0a3c2351.wav,Knock Purr Bark
0a4d3800.wav,Purr Tap Run
0a4ff0fb.wav,Shatter Fart Printer
0a56e261.wav,Meow Gong Chink_and_clink
0a64010f.wav,Meow Female_singing Printer
0a683136.wav,Bass_guitar Purr Gong
0a6e6889.wav,Gong Marimba_and_xylophone Hi-hat
0a8e1630.wav,Crackle Knock Walk_and_footsteps
0a950c32.wav,Female_singing Marimba_and_xylophone Gong
0aee7a2a.wav,Run Waves_and_surf Bathtub_(filling_or_washing)
0af7446d.wav,Writing Zipper_(clothing) Purr
0b1503e8.wav,Hi-hat Marimba_and_xylophone Drawer_open_or_close
0b33d746.wav,Female_singing Screaming Meow
0b4819f1.wav,Purr Motorcycle Fart
0b5c6535.wav,Marimba_and_xylophone Crackle Knock
0b73077e.wav,Female_singing Sneeze Stream
0b9e93e6.wav,Toilet_flush Purr Printer
0ba7fe6b.wav,Knock Bass_drum Tap
0bacb61b.wav,Crackle Shatter Scissors
0bb86b6c.wav,Burping_and_eructation Gasp Sneeze
0bbe8308.wav,Tap Finger_snapping Fart
0bc36580.wav,Female_singing Male_singing Toilet_flush
0bc7822a.wav,Shatter Tick-tock Scissors
0bdcdfba.wav,Knock Gong Tap
0bec3f54.wav,Scissors Shatter Crackle
0c151ad3.wav,Waves_and_surf Stream Run
0c16f612.wav,Meow Harmonica Accordion
0c32d940.wav,Sneeze Gasp Female_singing
0c390f3c.wav,Burping_and_eructation Male_speech_and_man_speaking Gurgling
0c3b2573.wav,Mechanical_fan Run Car_passing_by
0c5ba768.wav,Finger_snapping Clapping Tap
0c698ef7.wav,Scissors Shatter Crackle
0c8d9148.wav,Mechanical_fan Motorcycle Bass_drum
0c8def18.wav,Car_passing_by Traffic_noise_and_roadway_noise Bus
0c949702.wav,Toilet_flush Frying_(food) Bathtub_(filling_or_washing)
0cb33d03.wav,Whispering Tap Marimba_and_xylophone
0cb4cde3.wav,Knock Purr Run
0cdddb37.wav,Zipper_(clothing) Tap Sigh
0ce84f9b.wav,Car_passing_by Motorcycle Microwave_oven
0cfe3f96.wav,Male_speech_and_man_speaking Gurgling Bark
0d000cd7.wav,Gasp Sneeze Fart
0d1b11e0.wav,Fart Male_speech_and_man_speaking Printer
0d2230eb.wav,Cricket Hiss Frying_(food)
0d2707f4.wav,Glockenspiel Hi-hat Marimba_and_xylophone
0d34341d.wav,Microwave_oven Zipper_(clothing) Run
0d3dc96c.wav,Keys_jangling Shatter Scissors
0d507c20.wav,Marimba_and_xylophone Printer Cupboard_open_or_close
0d540ee1.wav,Toilet_flush Scissors Frying_(food)
0d5516ef.wav,Chirp_and_tweet Screaming Cricket
0d6564bb.wav,Female_singing Male_singing Child_speech_and_kid_speaking
0d673a8c.wav,Finger_snapping Tap Clapping
0d74277e.wav,Toilet_flush Knock Printer
0d8d7af9.wav,Drawer_open_or_close Zipper_(clothing) Tap
0d8e2166.wav,Frying_(food) Shatter Printer
0d8f3f54.wav,Bass_drum Knock Tap
0d9caeeb.wav,Run Microwave_oven Motorcycle
0da3d582.wav,Whispering Gurgling Sneeze
0dc06757.wav,Female_singing Screaming Child_speech_and_kid_speaking
0dc813d8.wav,Crackle Frying_(food) Run
0dce3e5f.wav,Bathtub_(filling_or_washing) Frying_(food) Stream
0dcf1534.wav,Waves_and_surf Toilet_flush Stream
0dda644b.wav,Bathtub_(filling_or_washing) Frying_(food) Hiss
0ddd0393.wav,Finger_snapping Tap Bass_drum
0de2a4b2.wav,Male_speech_and_man_speaking Purr Female_speech_and_woman_speaking
0de4fc92.wav,Gong Electric_guitar Race_car_and_auto_racing
0df1484c.wav,Gurgling Purr Printer
0e18c7d2.wav,Crackle Scissors Shatter
0e3e2590.wav,Toilet_flush Child_speech_and_kid_speaking Gasp
0e4be6a4.wav,Car_passing_by Motorcycle Traffic_noise_and_roadway_noise
0e6552c7.wav,Knock Bass_drum Crackle
0e70a285.wav,Hiss Frying_(food) Cricket
0e7f5c7e.wav,Waves_and_surf Run Stream
0e9e941b.wav,Fill_(with_liquid) Toilet_flush Stream
0ea99bf4.wav,Bark Sigh Gasp
0eaf6d60.wav,Crackle Walk_and_footsteps Run
0ec7e315.wav,Crackle Knock Waves_and_surf
0ed20fe2.wav,Crackle Run Waves_and_surf
0ee80cb7.wav,Female_singing Bass_guitar Cricket
0ef6fb07.wav,Gasp Cutlery_and_silverware Microwave_oven
0f07f15f.wav,Tap Shatter Scissors
0f08a4c8.wav,Knock Purr Bass_drum
0f096853.wav,Purr Bus Accelerating_and_revving_and_vroom
0f1ab7b0.wav,Crackle Knock Tap
0f3fe29d.wav,Stream Waves_and_surf Toilet_flush
0f50ef2b.wav,Motorcycle Traffic_noise_and_roadway_noise Waves_and_surf
0f61907d.wav,Bass_guitar Purr Gong
0f663341.wav,Crackle Knock Tap
0f81d5bc.wav,Chewing_and_mastication Crackle Tick-tock
0faf5b2e.wav,Accelerating_and_revving_and_vroom Purr Motorcycle
0fc07a52.wav,Run Zipper_(clothing) Crackle
0fc6a683.wav,Frying_(food) Bathtub_(filling_or_washing) Hiss
0fccb2e5.wav,Marimba_and_xylophone Drawer_open_or_close Shatter
0fd91890.wav,Sneeze Printer Tick-tock
0fdb30c1.wav,Knock Run Tap
0fed6565.wav,Printer Hiss Toilet_flush
0ff0e483.wav,Child_speech_and_kid_speaking Female_singing Toilet_flush
0fffc208.wav,Knock Hi-hat Gong
100e123a.wav,Bus Stream Toilet_flush
100faf3f.wav,Purr Cricket Sigh
101b2011.wav,Marimba_and_xylophone Bass_guitar Gong
10234fef.wav,Bass_drum Tap Knock
10236f0e.wav,Hiss Cricket Printer
102fb14f.wav,Bass_guitar Marimba_and_xylophone Electric_guitar
1052e52b.wav,Burping_and_eructation Gurgling Male_speech_and_man_speaking
105460cd.wav,Church_bell Purr Whispering
10678d21.wav,Shatter Tick-tock Cutlery_and_silverware
107f3deb.wav,Run Zipper_(clothing) Crackle
10811159.wav,Waves_and_surf Stream Bathtub_(filling_or_washing)
10a1aa40.wav,Waves_and_surf Stream Printer
10a7b8f3.wav,Harmonica Electric_guitar Female_singing
10acf1b6.wav,Crackle Run Purr
10c170b1.wav,Shatter Bicycle_bell Hiss
10d026e9.wav,Knock Tap Purr
10d94568.wav,Zipper_(clothing) Skateboard Drawer_open_or_close
10e6a6ac.wav,Crackle Tap Scissors
10e6db66.wav,Male_speech_and_man_speaking Gurgling Fart
10e92421.wav,Toilet_flush Printer Hiss
10f58e51.wav,Electric_guitar Bass_guitar Marimba_and_xylophone
11071bad.wav,Shatter Finger_snapping Tap
111f9431.wav,Purr Hiss Printer
112bdb70.wav,Harmonica Gong Female_singing
113290e8.wav,Keys_jangling Scissors Chewing_and_mastication
1142def0.wav,Keys_jangling Scissors Chewing_and_mastication
1147c12b.wav,Bicycle_bell Microwave_oven Marimba_and_xylophone
1158e587.wav,Shatter Keys_jangling Hiss
11641eb8.wav,Waves_and_surf Toilet_flush Drawer_open_or_close
1167b492.wav,Gurgling Sneeze Printer
1172c5fb.wav,Toilet_flush Motorcycle Printer
117358df.wav,Shatter Knock Scissors
1175ac74.wav,Knock Zipper_(clothing) Run
11b6c488.wav,Toilet_flush Stream Bathtub_(filling_or_washing)
11cc8bcb.wav,Run Computer_keyboard Crackle
12264142.wav,Printer Male_speech_and_man_speaking Gurgling
1226b0e0.wav,Purr Female_speech_and_woman_speaking Gurgling
1247b7e3.wav,Hi-hat Glockenspiel Marimba_and_xylophone
124a286f.wav,Gurgling Trickle_and_dribble Toilet_flush
12600be5.wav,Knock Crackle Zipper_(clothing)
12689530.wav,Harmonica Electric_guitar Accordion
126b674b.wav,Frying_(food) Toilet_flush Shatter
127adb78.wav,Female_singing Toilet_flush Child_speech_and_kid_speaking
12849e29.wav,Child_speech_and_kid_speaking Bathtub_(filling_or_washing) Toilet_flush
128a67de.wav,Scissors Crackle Zipper_(clothing)
12bcd3ec.wav,Hiss Purr Bathtub_(filling_or_washing)
12d3e91f.wav,Zipper_(clothing) Fart Printer
12d8c07f.wav,Bus Car_passing_by Run
12ddf239.wav,Crackle Computer_keyboard Zipper_(clothing)
12df81e8.wav,Waves_and_surf Stream Run
12ee0010.wav,Crackle Computer_keyboard Fill_(with_liquid)
12fe33b6.wav,Hiss Printer Toilet_flush
130e4d2f.wav,Sneeze Gurgling Marimba_and_xylophone
13237edd.wav,Hiss Cricket Whispering
134c3fea.wav,Zipper_(clothing) Tap Finger_snapping
134c95a2.wav,Crackle Computer_keyboard Chewing_and_mastication
13694181.wav,Knock Bass_drum Tap
13728313.wav,Race_car_and_auto_racing Car_passing_by Toilet_flush
13ae306e.wav,Sigh Bicycle_bell Chink_and_clink
13cfa025.wav,Waves_and_surf Toilet_flush Stream
13e3453c.wav,Frying_(food) Bathtub_(filling_or_washing) Stream
13e84f69.wav,Hi-hat Marimba_and_xylophone Cutlery_and_silverware
14096fd8.wav,Run Computer_keyboard Purr
142b9865.wav,Crackle Computer_keyboard Scissors
1438cfd0.wav,Female_speech_and_woman_speaking Purr Male_speech_and_man_speaking
143e6d96.wav,Chirp_and_tweet Frying_(food) Hiss
14416af5.wav,Knock Purr Slam
1451986d.wav,Child_speech_and_kid_speaking Cupboard_open_or_close Sneeze
145a10e4.wav,Run Crackle Drawer_open_or_close
146c73a3.wav,Female_singing Harmonica Marimba_and_xylophone
14ab7f13.wav,Crackle Run Waves_and_surf
14cbc626.wav,Purr Cricket Run
14d22f20.wav,Keys_jangling Shatter Scissors
14e86cfb.wav,Sigh Gasp Clapping
14fd704c.wav,Knock Hi-hat Tap
151ea709.wav,Toilet_flush Hiss Bathtub_(filling_or_washing)
15288481.wav,Electric_guitar Marimba_and_xylophone Bass_guitar
152a4e09.wav,Cricket Hiss Female_singing
153579d9.wav,Waves_and_surf Crackle Run
1544427c.wav,Crackle Scissors Zipper_(clothing)
154696fd.wav,Waves_and_surf Run Stream
156bf74f.wav,Toilet_flush Hiss Printer
156c1736.wav,Toilet_flush Printer Hiss
15776b9c.wav,Trickle_and_dribble Bathtub_(filling_or_washing) Computer_keyboard
157dd023.wav,Child_speech_and_kid_speaking Shatter Sneeze
15849032.wav,Cricket Waves_and_surf Bicycle_bell
15868ee8.wav,Hiss Cricket Chirp_and_tweet
159b8b9b.wav,Run Chewing_and_mastication Crackle
159d2208.wav,Sneeze Zipper_(clothing) Shatter
15a78daf.wav,Skateboard Knock Toilet_flush
15a98fd7.wav,Bass_drum Knock Tap
15b0d4ec.wav,Crackle Tap Shatter
15bcf71d.wav,Bass_guitar Purr Gong
15c34c4f.wav,Crackle Computer_keyboard Purr
15e2bcaa.wav,Harmonica Accordion Electric_guitar
15e7bb78.wav,Keys_jangling Scissors Shatter
160105ad.wav,Harmonica Electric_guitar Male_singing
1604a3fa.wav,Crackle Keys_jangling Scissors
1606f119.wav,Zipper_(clothing) Shatter Printer
160acbb0.wav,Cricket Chirp_and_tweet Female_singing
165fd18a.wav,Run Purr Chewing_and_mastication
166a05c0.wav,Toilet_flush Zipper_(clothing) Printer
1670b964.wav,Run Zipper_(clothing) Crackle
167a4f00.wav,Hiss Cricket Purr
168be388.wav,Child_speech_and_kid_speaking Zipper_(clothing) Cupboard_open_or_close
16b56d33.wav,Burping_and_eructation Chirp_and_tweet Gurgling
16bc3f60.wav,Frying_(food) Toilet_flush Zipper_(clothing)
16c7da35.wav,Stream Toilet_flush Waves_and_surf
16d80f68.wav,Marimba_and_xylophone Harmonica Electric_guitar
16e17bed.wav,Car_passing_by Race_car_and_auto_racing Motorcycle
16f7ac14.wav,Traffic_noise_and_roadway_noise Car_passing_by Motorcycle
16fd3589.wav,Run Chewing_and_mastication Bathtub_(filling_or_washing)
17135192.wav,Bicycle_bell Bus Whispering
17140de5.wav,Bathtub_(filling_or_washing) Chewing_and_mastication Computer_keyboard
171aa36c.wav,Toilet_flush Whispering Bathtub_(filling_or_washing)
17361a5c.wav,Stream Waves_and_surf Toilet_flush
1751bb8a.wav,Scissors Crackle Writing
1779b015.wav,Electric_guitar Bass_guitar Gong
17b6e84f.wav,Crackle Chewing_and_mastication Zipper_(clothing)
17c4b25f.wav,Toilet_flush Female_singing Race_car_and_auto_racing
17dfb6db.wav,Knock Tap Cupboard_open_or_close
1802421a.wav,Toilet_flush Drawer_open_or_close Printer
18183321.wav,Car_passing_by Traffic_noise_and_roadway_noise Waves_and_surf
183948d1.wav,Toilet_flush Printer Bathtub_(filling_or_washing)
183fb536.wav,Clapping Gong Hiss
1843680b.wav,Fart Purr Zipper_(clothing)
184aca02.wav,Crackle Run Zipper_(clothing)
18551bc1.wav,Cupboard_open_or_close Tap Sneeze
1859b7f7.wav,Keys_jangling Chewing_and_mastication Computer_keyboard
1877623e.wav,Tap Sneeze Gasp
1889c58d.wav,Bark Male_speech_and_man_speaking Whispering
18929e41.wav,Harmonica Accordion Hi-hat
1899de05.wav,Bass_drum Knock Tap
18ace84c.wav,Sneeze Gasp Sigh
18be000d.wav,Waves_and_surf Run Mechanical_fan
18c94757.wav,Printer Toilet_flush Church_bell
18ea2e9e.wav,Printer Run Zipper_(clothing)
18fda5a4.wav,Toilet_flush Stream Waves_and_surf
1904f396.wav,Gurgling Burping_and_eructation Male_speech_and_man_speaking
19135157.wav,Zipper_(clothing) Tick-tock Computer_keyboard
191adc5f.wav,Male_speech_and_man_speaking Bark Child_speech_and_kid_speaking
19303d26.wav,Motorcycle Hiss Bus
193a6063.wav,Knock Crackle Tap
1945b8ca.wav,Toilet_flush Printer Bathtub_(filling_or_washing)
19508dc0.wav,Toilet_flush Printer Motorcycle
1960e51e.wav,Purr Gurgling Knock
19754d94.wav,Female_singing Bass_guitar Electric_guitar
197ce5b2.wav,Child_speech_and_kid_speaking Female_singing Male_singing
199d4d12.wav,Gurgling Male_speech_and_man_speaking Chirp_and_tweet
19a7dec3.wav,Male_speech_and_man_speaking Gurgling Printer
19bb5700.wav,Toilet_flush Purr Female_singing
19c7c900.wav,Meow Sigh Burping_and_eructation
19d9401d.wav,Purr Tap Crackle
19dcb315.wav,Tick-tock Writing Bark
1a068a84.wav,Bass_guitar Gong Electric_guitar
1a0d1b78.wav,Toilet_flush Waves_and_surf Bathtub_(filling_or_washing)
1a110901.wav,Toilet_flush Frying_(food) Hiss
1a1de9b9.wav,Female_singing Hiss Printer
1a1def6e.wav,Toilet_flush Stream Bathtub_(filling_or_washing)
1a1edda6.wav,Child_speech_and_kid_speaking Toilet_flush Female_singing
1a2580e1.wav,Car_passing_by Purr Bark
1a35ded5.wav,Crackle Keys_jangling Cupboard_open_or_close
1a362723.wav,Female_singing Screaming Meow
1a44ace1.wav,Bass_guitar Purr Gong
1a51eefe.wav,Stream Bathtub_(filling_or_washing) Toilet_flush
1a5c4e84.wav,Run Waves_and_surf Crackle
1a606ef2.wav,Purr Crackle Accelerating_and_revving_and_vroom
1a6925fa.wav,Keys_jangling Scissors Shatter
1a884f9e.wav,Marimba_and_xylophone Cupboard_open_or_close Chewing_and_mastication
1abdac69.wav,Bathtub_(filling_or_washing) Frying_(food) Chewing_and_mastication
1ac6f6f3.wav,Sigh Male_singing Burping_and_eructation
1acae695.wav,Waves_and_surf Car_passing_by Traffic_noise_and_roadway_noise
1acb3d32.wav,Printer Toilet_flush Drawer_open_or_close
1ad7f703.wav,Bathtub_(filling_or_washing) Printer Zipper_(clothing)
1ae3ca16.wav,Crackle Knock Tick-tock
1aec75a6.wav,Crackle Computer_keyboard Chewing_and_mastication
1b0687b2.wav,Sneeze Shatter Tick-tock
1b086eb7.wav,Run Purr Zipper_(clothing)
1b0a3884.wav,Hi-hat Sneeze Bark
1b1d1b2d.wav,Toilet_flush Hiss Sneeze
1b3ecd82.wav,Stream Traffic_noise_and_roadway_noise Waves_and_surf
1b5b6468.wav,Zipper_(clothing) Writing Cupboard_open_or_close
1b5daf72.wav,Crackle Knock Zipper_(clothing)
1b68d94a.wav,Sigh Microwave_oven Cupboard_open_or_close
1ba04ecc.wav,Shatter Scissors Crackle
1bc14732.wav,Sigh Hiss Hi-hat
1bcfdfb5.wav,Bass_guitar Purr Male_speech_and_man_speaking
1bd82417.wav,Hi-hat Harmonica Marimba_and_xylophone
1be1c727.wav,Drawer_open_or_close Run Microwave_oven
1bfd4be2.wav,Skateboard Toilet_flush Printer
1c0e284a.wav,Mechanical_fan Zipper_(clothing) Drawer_open_or_close
1c0fbe4b.wav,Female_singing Meow Child_speech_and_kid_speaking
1c1dd720.wav,Toilet_flush Child_speech_and_kid_speaking Sneeze
1c3bd325.wav,Sneeze Shatter Drawer_open_or_close
1c699cb7.wav,Cricket Bus Male_singing
1c6d56db.wav,Screaming Harmonica Meow
1c77cedf.wav,Waves_and_surf Stream Run
1c785226.wav,Zipper_(clothing) Run Waves_and_surf
1c79ca96.wav,Shatter Crackle Scissors
1c8369cf.wav,Drawer_open_or_close Sneeze Knock
1c983e19.wav,Toilet_flush Printer Bathtub_(filling_or_washing)
1c9e3f10.wav,Knock Tap Bass_drum
1cc5b5f7.wav,Computer_keyboard Fill_(with_liquid) Gurgling
1cd55ad6.wav,Motorcycle Traffic_noise_and_roadway_noise Bus
1cf8379b.wav,Hiss Cricket Purr
1d11b910.wav,Crackle Scissors Run
1d1778c4.wav,Marimba_and_xylophone Bass_drum Bass_guitar
1d1863a4.wav,Car_passing_by Motorcycle Traffic_noise_and_roadway_noise
1d2459ce.wav,Sneeze Gasp Toilet_flush
1d279116.wav,Crackle Knock Tick-tock
1d33f8e1.wav,Hiss Hi-hat Cutlery_and_silverware
1d4ae8ab.wav,Purr Crackle Chewing_and_mastication
1d58040b.wav,Meow Child_speech_and_kid_speaking Screaming
1d6f2b16.wav,Female_speech_and_woman_speaking Female_singing Child_speech_and_kid_speaking
1d7d2a17.wav,Purr Cricket Run
1db41feb.wav,Hiss Gong Printer
1dbcd4ba.wav,Bathtub_(filling_or_washing) Toilet_flush Purr
1dc3166b.wav,Fart Zipper_(clothing) Printer
1dc417cd.wav,Crackle Zipper_(clothing) Walk_and_footsteps
1dcc4dd4.wav,Bus Accelerating_and_revving_and_vroom Motorcycle
1de84153.wav,Car_passing_by Microwave_oven Accelerating_and_revving_and_vroom
1ded5864.wav,Knock Marimba_and_xylophone Tap
1def6435.wav,Chewing_and_mastication Computer_keyboard Run
1dfa910d.wav,Shatter Scissors Crackle
1e0b81a9.wav,Purr Gurgling Bass_guitar
1e1a72d5.wav,Knock Zipper_(clothing) Tap
1e1e674a.wav,Toilet_flush Zipper_(clothing) Frying_(food)
1e3763ba.wav,Gong Female_singing Screaming
1e3cd2f0.wav,Child_speech_and_kid_speaking Sneeze Cupboard_open_or_close
1e6572de.wav,Hi-hat Whispering Male_speech_and_man_speaking
1e6e9131.wav,Sneeze Child_speech_and_kid_speaking Gasp
1e6fe316.wav,Stream Waves_and_surf Toilet_flush
1e7b59a7.wav,Child_speech_and_kid_speaking Sneeze Gasp
1e8a965c.wav,Run Car_passing_by Waves_and_surf
1e8fe3d2.wav,Female_singing Child_speech_and_kid_speaking Male_singing
1ea533ec.wav,Shatter Scissors Crackle
1eac92a1.wav,Accordion Harmonica Hi-hat
1ec2f60d.wav,Zipper_(clothing) Shatter Drawer_open_or_close
1eda3d26.wav,Screaming Female_singing Meow
1f27827e.wav,Hi-hat Gong Harmonica
1f293888.wav,Knock Bass_drum Tap
1f3d2f22.wav,Stream Waves_and_surf Traffic_noise_and_roadway_noise
1f52baf2.wav,Keys_jangling Bicycle_bell Hiss
1f58cc84.wav,Female_speech_and_woman_speaking Male_speech_and_man_speaking Female_singing
1f63c45e.wav,Zipper_(clothing) Bathtub_(filling_or_washing) Run
1f85a5c7.wav,Skateboard Sneeze Fart
1f9c1f3e.wav,Electric_guitar Motorcycle Purr
1fc0282a.wav,Run Crackle Scissors
1fc8f9a5.wav,Marimba_and_xylophone Bicycle_bell Bus
1fd74cc3.wav,Glockenspiel Hi-hat Marimba_and_xylophone
1fde2c61.wav,Toilet_flush Drawer_open_or_close Skateboard
1fe639ee.wav,Crackle Computer_keyboard Knock
1fec2121.wav,Waves_and_surf Zipper_(clothing) Toilet_flush
1ff215f3.wav,Toilet_flush Waves_and_surf Printer
200b6920.wav,Waves_and_surf Buzz Printer
2012b2f4.wav,Knock Tap Fart
201c18ee.wav,Run Toilet_flush Drawer_open_or_close
20612e10.wav,Toilet_flush Female_singing Hiss
2069253a.wav,Male_speech_and_man_speaking Gurgling Marimba_and_xylophone
206c0a24.wav,Shatter Scissors Drawer_open_or_close
20801c98.wav,Hiss Cricket Printer
2087f937.wav,Computer_keyboard Purr Knock
20898b89.wav,Stream Bathtub_(filling_or_washing) Toilet_flush
20b16812.wav,Bicycle_bell Sigh Marimba_and_xylophone
20c3541c.wav,Keys_jangling Frying_(food) Scissors
20d2ad1c.wav,Gasp Chirp_and_tweet Female_singing
20dc6392.wav,Knock Purr Crackle
20e285c7.wav,Toilet_flush Male_singing Printer
21102a3a.wav,Crackle Zipper_(clothing) Purr
2113043a.wav,Harmonica Female_singing Gong
2142adda.wav,Screaming Child_speech_and_kid_speaking Female_singing
21447ea7.wav,Accordion Harmonica Electric_guitar
21455882.wav,Hiss Cricket Frying_(food)
2157612c.wav,Hiss Female_singing Chirp_and_tweet
2159eea8.wav,Fart Cricket Microwave_oven
2175b26d.wav,Bass_guitar Marimba_and_xylophone Gong
217b109a.wav,Car_passing_by Waves_and_surf Mechanical_fan
2189acc6.wav,Harmonica Accordion Female_singing
218b15dc.wav,Female_singing Male_speech_and_man_speaking Bark
218c8907.wav,Toilet_flush Stream Female_singing
21b0c9cb.wav,Waves_and_surf Stream Crackle
21b24d69.wav,Bass_drum Knock Slam
21b601cd.wav,Gong Female_singing Harmonica
21d2eb4c.wav,Cricket Sigh Sneeze
21d49986.wav,Knock Marimba_and_xylophone Bass_drum
21e8d6a9.wav,Knock Tap Zipper_(clothing)
21eb5d58.wav,Waves_and_surf Hiss Stream
21eca32f.wav,Crackle Scissors Zipper_(clothing)
21fa3245.wav,Sneeze Gasp Shatter
2210c997.wav,Child_speech_and_kid_speaking Cupboard_open_or_close Meow
2216c947.wav,Purr Male_singing Printer
223032ba.wav,Cricket Hiss Purr
2236c850.wav,Crackle Purr Knock
223a5173.wav,Sneeze Gurgling Gasp
22522048.wav,Sigh Knock Gasp
2263763d.wav,Purr Motorcycle Male_speech_and_man_speaking
228a538c.wav,Shatter Crackle Scissors
22a7e375.wav,Stream Bathtub_(filling_or_washing) Waves_and_surf
22b07889.wav,Sneeze Yell Shatter
22b6b9aa.wav,Sneeze Zipper_(clothing) Gurgling
22c5ea2f.wav,Traffic_noise_and_roadway_noise Motorcycle Stream
22c78043.wav,Skateboard Fart Zipper_(clothing)
22c98028.wav,Bus Purr Run
22c9b301.wav,Car_passing_by Run Waves_and_surf
22cd860e.wav,Crackle Computer_keyboard Chewing_and_mastication
22f22fc9.wav,Bass_drum Knock Computer_keyboard
22f2d98a.wav,Keys_jangling Marimba_and_xylophone Gurgling
2303e210.wav,Tick-tock Keys_jangling Shatter
23244f49.wav,Whispering Gurgling Chewing_and_mastication
2327b6de.wav,Bass_drum Knock Tap
2343daa5.wav,Toilet_flush Printer Bathtub_(filling_or_washing)
235213ce.wav,Gurgling Whispering Sneeze
235f959c.wav,Meow Sigh Harmonica
236e7ce1.wav,Hiss Frying_(food) Bathtub_(filling_or_washing)
23726888.wav,Hiss Printer Hi-hat
23756062.wav,Car_passing_by Purr Motorcycle
238b11f0.wav,Knock Purr Crackle
23a07927.wav,Hiss Printer Frying_(food)
23a2669b.wav,Toilet_flush Printer Male_singing
23c4613e.wav,Knock Crackle Computer_keyboard
23c714b5.wav,Bass_guitar Bass_drum Purr
23d35eea.wav,Sneeze Zipper_(clothing) Skateboard
23fabbb4.wav,Stream Waves_and_surf Toilet_flush
23fe505d.wav,Toilet_flush Run Crackle
2406d1de.wav,Car_passing_by Bus Traffic_noise_and_roadway_noise
240e9caa.wav,Child_speech_and_kid_speaking Female_singing Gong
24456657.wav,Stream Waves_and_surf Fart
244a60cd.wav,Finger_snapping Fart Tap
2451cad9.wav,Female_singing Meow Screaming
2451d17b.wav,Hi-hat Marimba_and_xylophone Harmonica
245c01e6.wav,Toilet_flush Race_car_and_auto_racing Printer
2462f236.wav,Female_singing Bass_guitar Marimba_and_xylophone
24ae5bef.wav,Male_singing Hi-hat Marimba_and_xylophone
24ce9114.wav,Female_speech_and_woman_speaking Sigh Child_speech_and_kid_speaking
24dda4ed.wav,Hiss Frying_(food) Toilet_flush
24ecb25d.wav,Squeak Screaming Chirp_and_tweet
24f04ba5.wav,Waves_and_surf Run Stream
2548960b.wav,Printer Hiss Accelerating_and_revving_and_vroom
256d567f.wav,Gurgling Chewing_and_mastication Keys_jangling
2583a54d.wav,Shatter Scissors Crackle
2599ff86.wav,Screaming Female_singing Gong
259e3fa7.wav,Crackle Purr Computer_keyboard
25a8ef58.wav,Bass_drum Knock Marimba_and_xylophone
25a991a1.wav,Shatter Scissors Crackle
25beac1d.wav,Hiss Keys_jangling Writing
25c32640.wav,Frying_(food) Run Crackle
25c8686f.wav,Sneeze Gurgling Shatter
25d481d6.wav,Bass_drum Knock Tap
25e059d3.wav,Waves_and_surf Run Drawer_open_or_close
25e23528.wav,Hi-hat Gong Harmonica
25e75fa8.wav,Computer_keyboard Tick-tock Zipper_(clothing)
261cdf15.wav,Toilet_flush Waves_and_surf Stream
262131af.wav,Purr Gong Motorcycle
2624e8ff.wav,Whispering Bark Sneeze
26263cf0.wav,Meow Sigh Burping_and_eructation
262a7108.wav,Run Microwave_oven Zipper_(clothing)
262d4cca.wav,Harmonica Accordion Chink_and_clink
2655ac2c.wav,Harmonica Accordion Electric_guitar
26a25f5d.wav,Tap Knock Gasp
26a4977c.wav,Purr Knock Run
26a6c2f3.wav,Toilet_flush Frying_(food) Shatter
26abfa32.wav,Toilet_flush Printer Frying_(food)
26c001b7.wav,Waves_and_surf Stream Run
26c01e3f.wav,Female_singing Electric_guitar Harmonica
26f921e3.wav,Purr Male_speech_and_man_speaking Cricket
2707f8b0.wav,Child_speech_and_kid_speaking Female_singing Female_speech_and_woman_speaking
27080c56.wav,Zipper_(clothing) Skateboard Microwave_oven
271ade69.wav,Gong Bass_guitar Accelerating_and_revving_and_vroom
272d95c7.wav,Stream Waves_and_surf Run
2733bb3f.wav,Female_singing Child_speech_and_kid_speaking Church_bell
27446bcd.wav,Knock Cupboard_open_or_close Tap
2756ca54.wav,Zipper_(clothing) Shatter Fart
2758a116.wav,Female_singing Child_speech_and_kid_speaking Male_singing
275e1bb6.wav,Female_speech_and_woman_speaking Male_speech_and_man_speaking Hiss
278a19ee.wav,Printer Hiss Microwave_oven
27903ab8.wav,Purr Gurgling Fill_(with_liquid)
27924331.wav,Sneeze Cutlery_and_silverware Printer
279d4550.wav,Run Purr Zipper_(clothing)
27a4f4a8.wav,Toilet_flush Printer Motorcycle
27a8cf7f.wav,Male_speech_and_man_speaking Purr Sneeze
27b8db15.wav,Run Waves_and_surf Motorcycle
27c8eacc.wav,Crackle Computer_keyboard Run
27ce0e90.wav,Chewing_and_mastication Crackle Keys_jangling
27d07e83.wav,Cricket Chirp_and_tweet Hiss
27d43eba.wav,Toilet_flush Waves_and_surf Printer
27df10d1.wav,Gurgling Male_speech_and_man_speaking Chirp_and_tweet
27e085c0.wav,Printer Toilet_flush Hiss
280c07e4.wav,Screaming Stream Female_singing
2810d717.wav,Crackle Knock Walk_and_footsteps
28142c7d.wav,Shatter Crackle Scissors
28199c01.wav,Knock Hi-hat Tap
2833e567.wav,Gurgling Bathtub_(filling_or_washing) Fill_(with_liquid)
28383990.wav,Frying_(food) Toilet_flush Hi-hat
283bc0ea.wav,Run Crackle Zipper_(clothing)
2842be8c.wav,Purr Bathtub_(filling_or_washing) Run
28849a80.wav,Crackle Shatter Scissors
288a89c1.wav,Car_passing_by Hiss Motorcycle
2894416d.wav,Crackle Knock Purr
289fb0b8.wav,Toilet_flush Printer Motorcycle
28a2ff49.wav,Toilet_flush Purr Tick-tock
28a9213d.wav,Run Computer_keyboard Knock
28d22d2e.wav,Toilet_flush Printer Male_singing
28d2f36f.wav,Child_speech_and_kid_speaking Gasp Screaming
28e13187.wav,Purr Knock Bass_guitar
28e32693.wav,Car_passing_by Purr Motorcycle
28f49053.wav,Toilet_flush Stream Waves_and_surf
28ff0651.wav,Female_singing Harmonica Electric_guitar
290e30df.wav,Fart Sneeze Printer
292ef00f.wav,Child_speech_and_kid_speaking Female_singing Screaming
2934735d.wav,Sneeze Child_speech_and_kid_speaking Gasp
2934d413.wav,Computer_keyboard Tick-tock Chewing_and_mastication
29365227.wav,Knock Crackle Purr
295268ea.wav,Run Waves_and_surf Drawer_open_or_close
29699f09.wav,Knock Crackle Computer_keyboard
297219cc.wav,Finger_snapping Clapping Tap
2980d500.wav,Hi-hat Toilet_flush Female_singing
29826356.wav,Gasp Sneeze Shatter
29b0574f.wav,Run Purr Crackle
29d72dfb.wav,Waves_and_surf Toilet_flush Bus
29dd29fb.wav,Run Drawer_open_or_close Zipper_(clothing)
29e4880e.wav,Crackle Run Computer_keyboard
2a0893c6.wav,Bass_guitar Purr Marimba_and_xylophone
2a0a3828.wav,Gurgling Male_speech_and_man_speaking Marimba_and_xylophone
2a484593.wav,Scissors Zipper_(clothing) Shatter
2a557637.wav,Chewing_and_mastication Crackle Scissors
2a79d0a8.wav,Knock Tap Drawer_open_or_close
2a9c7202.wav,Frying_(food) Bathtub_(filling_or_washing) Run
2aa1e0b8.wav,Child_speech_and_kid_speaking Sneeze Gasp
2ac8607d.wav,Harmonica Marimba_and_xylophone Female_singing
2ad174b4.wav,Run Crackle Chewing_and_mastication
2ae04dd7.wav,Run Microwave_oven Bus
2aedff46.wav,Shatter Bicycle_bell Cutlery_and_silverware
2af10e99.wav,Shatter Scissors Tap
2af77e7f.wav,Bus Purr Car_passing_by
2b160bb2.wav,Chewing_and_mastication Keys_jangling Gurgling
2b2613d8.wav,Toilet_flush Printer Frying_(food)
2b6ee441.wav,Crackle Chewing_and_mastication Computer_keyboard
2b95327b.wav,Motorcycle Car_passing_by Traffic_noise_and_roadway_noise
2b9ca464.wav,Knock Slam Bass_drum
2bab5b09.wav,Drawer_open_or_close Toilet_flush Sneeze
2bb1503c.wav,Printer Shatter Fart
2bbf558e.wav,Hiss Printer Toilet_flush
2be779a7.wav,Drawer_open_or_close Run Printer
2c010e00.wav,Bus Microwave_oven Tick-tock
2c2a3c77.wav,Writing Purr Chewing_and_mastication
2c2d400b.wav,Tick-tock Frying_(food) Hiss
2c39bb30.wav,Motorcycle Printer Church_bell
2c3a44f2.wav,Fill_(with_liquid) Stream Screaming
2c7a5078.wav,Electric_guitar Printer Hiss
2c809d4f.wav,Crackle Computer_keyboard Knock
2c8b8812.wav,Crackle Run Computer_keyboard
2c924848.wav,Purr Bass_guitar Gong
2cc7f972.wav,Car_passing_by Knock Mechanical_fan
2cd526f7.wav,Crackle Shatter Tap
2cdfa8c1.wav,Toilet_flush Child_speech_and_kid_speaking Printer
2cf4955c.wav,Motorcycle Toilet_flush Car_passing_by
2cfdaecd.wav,Frying_(food) Bathtub_(filling_or_washing) Stream
2d0863b7.wav,Toilet_flush Printer Skateboard
2d09c7ca.wav,Cricket Chirp_and_tweet Hiss
2d15ca77.wav,Zipper_(clothing) Cutlery_and_silverware Sneeze
2d209c25.wav,Knock Gong Purr
2d21dbf4.wav,Purr Bass_guitar Male_speech_and_man_speaking
2d455ed9.wav,Chewing_and_mastication Crackle Computer_keyboard
2d4961a8.wav,Knock Tap Drawer_open_or_close
2d4a0250.wav,Frying_(food) Toilet_flush Bathtub_(filling_or_washing)
2d56c2ae.wav,Frying_(food) Toilet_flush Shatter
2d5dcc5d.wav,Toilet_flush Church_bell Gasp
2d666c1d.wav,Glockenspiel Marimba_and_xylophone Chink_and_clink
2d6d99d4.wav,Sneeze Printer Child_speech_and_kid_speaking
2d7218f8.wav,Sneeze Gasp Clapping
2d7ae271.wav,Electric_guitar Hiss Female_singing
2d8135cc.wav,Waves_and_surf Stream Toilet_flush
2d88fa59.wav,Shatter Fart Whispering
2da4c729.wav,Motorcycle Waves_and_surf Bus
2db579cb.wav,Knock Tap Finger_snapping
2db63f0d.wav,Run Skateboard Printer
2dd2a6bf.wav,Stream Waves_and_surf Toilet_flush
2df0cf1f.wav,Sneeze Shatter Hiss
2df1f901.wav,Toilet_flush Female_singing Electric_guitar
2dfd32a3.wav,Toilet_flush Female_singing Child_speech_and_kid_speaking
2e61e614.wav,Zipper_(clothing) Sneeze Hiss
2e820b05.wav,Sneeze Screaming Female_singing
2e8b4709.wav,Purr Male_speech_and_man_speaking Gurgling
2e9ced66.wav,Hiss Bathtub_(filling_or_washing) Purr
2ea33689.wav,Motorcycle Printer Traffic_noise_and_roadway_noise
2eade3e1.wav,Car_passing_by Traffic_noise_and_roadway_noise Printer
2eb3002c.wav,Female_singing Screaming Sneeze
2eb51f57.wav,Glockenspiel Marimba_and_xylophone Chink_and_clink
2ed9ce69.wav,Accordion Electric_guitar Harmonica
2edb4142.wav,Purr Knock Zipper_(clothing)
2ee3ef28.wav,Child_speech_and_kid_speaking Printer Female_singing
2ee9f139.wav,Sneeze Gasp Male_singing
2eeb7f35.wav,Sneeze Meow Printer
2eec6eda.wav,Tick-tock Burping_and_eructation Frying_(food)
2f00863c.wav,Bass_guitar Purr Gong
2f14d3b3.wav,Drawer_open_or_close Printer Marimba_and_xylophone
2f2ab304.wav,Printer Toilet_flush Bathtub_(filling_or_washing)
2f41afe1.wav,Gong Electric_guitar Church_bell
2f529eb8.wav,Harmonica Hi-hat Hiss
2f5cbf20.wav,Cupboard_open_or_close Drawer_open_or_close Zipper_(clothing)
2f6331aa.wav,Sneeze Hiss Toilet_flush
2f643c50.wav,Child_speech_and_kid_speaking Chink_and_clink Cupboard_open_or_close
2f785877.wav,Bass_drum Knock Marimba_and_xylophone
2f84c8e9.wav,Keys_jangling Scissors Crackle
2f8dd247.wav,Waves_and_surf Toilet_flush Drawer_open_or_close
2f94fca3.wav,Burping_and_eructation Sneeze Printer
2fa1cc09.wav,Crackle Scissors Shatter
2fc6ede8.wav,Knock Crackle Tap
2fe3ae63.wav,Knock Tap Raindrop
2ffd2145.wav,Female_speech_and_woman_speaking Child_speech_and_kid_speaking Male_singing
3011c55b.wav,Female_singing Harmonica Electric_guitar
3012731a.wav,Waves_and_surf Stream Toilet_flush
302f4eb8.wav,Hi-hat Gong Sigh
303d4668.wav,Keys_jangling Scissors Chewing_and_mastication
304d8a8e.wav,Hiss Gong Hi-hat
304f25f4.wav,Toilet_flush Printer Drawer_open_or_close
3052fe86.wav,Drawer_open_or_close Toilet_flush Motorcycle
3061e8d1.wav,Meow Screaming Harmonica
309169fa.wav,Sneeze Gasp Child_speech_and_kid_speaking
30960f70.wav,Bus Car_passing_by Traffic_noise_and_roadway_noise
309eea85.wav,Hi-hat Female_singing Meow
30ac78a6.wav,Crackle Scissors Shatter
30d1840b.wav,Keys_jangling Frying_(food) Scissors
30dc07a7.wav,Bass_drum Knock Marimba_and_xylophone
30e1162a.wav,Child_speech_and_kid_speaking Female_speech_and_woman_speaking Yell
30e40cc3.wav,Toilet_flush Printer Child_speech_and_kid_speaking
30f7577e.wav,Bathtub_(filling_or_washing) Toilet_flush Mechanical_fan
30f8ba51.wav,Bass_guitar Purr Gong
3102ff8d.wav,Run Crackle Scissors
311fcc0d.wav,Shatter Bicycle_bell Scissors
3129e5b4.wav,Bass_drum Knock Slam
312c730c.wav,Hiss Sigh Printer
312e1179.wav,Frying_(food) Hiss Crackle
312e698e.wav,Gurgling Male_speech_and_man_speaking Chirp_and_tweet
31312cda.wav,Printer Marimba_and_xylophone Purr
3134c1f5.wav,Crackle Scissors Keys_jangling
31452d93.wav,Toilet_flush Waves_and_surf Stream
314a8107.wav,Sigh Clapping Hiss
3174521f.wav,Toilet_flush Printer Zipper_(clothing)
3177529f.wav,Crackle Run Zipper_(clothing)
317e5fda.wav,Crackle Bathtub_(filling_or_washing) Run
3190ca46.wav,Frying_(food) Hiss Bathtub_(filling_or_washing)
31ab1bc4.wav,Burping_and_eructation Sneeze Hi-hat
31b883cb.wav,Male_singing Burping_and_eructation Electric_guitar
31bf8f6c.wav,Bark Printer Male_singing
31c60809.wav,Fart Zipper_(clothing) Gurgling
31c7a683.wav,Cricket Hiss Bus
31cfaf7c.wav,Sneeze Toilet_flush Child_speech_and_kid_speaking
31ea3391.wav,Motorcycle Mechanical_fan Car_passing_by
31f4d839.wav,Crackle Computer_keyboard Run
31fe4058.wav,Knock Bass_drum Marimba_and_xylophone
31ff4a9f.wav,Keys_jangling Bicycle_bell Hiss
320adc8a.wav,Hiss Frying_(food) Hi-hat
320b9457.wav,Toilet_flush Printer Hiss
320cb73f.wav,Stream Waves_and_surf Bathtub_(filling_or_washing)
321c61dd.wav,Toilet_flush Frying_(food) Car_passing_by
321d7624.wav,Bass_guitar Purr Gong
322c634e.wav,Female_speech_and_woman_speaking Female_singing Child_speech_and_kid_speaking
3246e22c.wav,Toilet_flush Printer Hiss
32663622.wav,Knock Drawer_open_or_close Slam
3273193a.wav,Meow Harmonica Sneeze
327ff97c.wav,Shatter Printer Hiss
3288c908.wav,Bus Printer Male_singing
329d5f81.wav,Hi-hat Gasp Cutlery_and_silverware
32aaacf1.wav,Bathtub_(filling_or_washing) Frying_(food) Hiss
32ad561a.wav,Female_singing Cricket Screaming
32b66826.wav,Sneeze Zipper_(clothing) Clapping
32bf8f9d.wav,Sigh Tap Shatter
32cce167.wav,Keys_jangling Scissors Shatter
32d21079.wav,Bicycle_bell Shatter Bus
32e0e55a.wav,Bass_guitar Gong Marimba_and_xylophone
32f26b94.wav,Zipper_(clothing) Run Computer_keyboard
330b1461.wav,Printer Toilet_flush Run
3313662e.wav,Zipper_(clothing) Drawer_open_or_close Knock
33139052.wav,Frying_(food) Hiss Sigh
33170581.wav,Sigh Female_speech_and_woman_speaking Male_singing
332246f6.wav,Whispering Chirp_and_tweet Toilet_flush
33355c50.wav,Church_bell Marimba_and_xylophone Electric_guitar
3347121c.wav,Toilet_flush Printer Child_speech_and_kid_speaking
3353d705.wav,Microwave_oven Car_passing_by Motorcycle
335d2ea3.wav,Hi-hat Gong Toilet_flush
336a88c3.wav,Bicycle_bell Gasp Cutlery_and_silverware
338669d9.wav,Purr Crackle Tick-tock
33a61f8d.wav,Bass_drum Knock Tap
33bc9deb.wav,Keys_jangling Scissors Shatter
33c82ad4.wav,Child_speech_and_kid_speaking Female_singing Sneeze
33ef8393.wav,Bicycle_bell Bus Cricket
33fbfca7.wav,Hiss Cricket Toilet_flush
34035cf8.wav,Printer Drawer_open_or_close Run
340d5db4.wav,Printer Microwave_oven Car_passing_by
340da762.wav,Purr Bass_guitar Tap
34120253.wav,Hi-hat Hiss Printer
341efc4b.wav,Traffic_noise_and_roadway_noise Bus Waves_and_surf
342cc3ae.wav,Female_singing Male_singing Child_speech_and_kid_speaking
34486c7f.wav,Marimba_and_xylophone Bass_guitar Female_singing
34510c7a.wav,Toilet_flush Writing Zipper_(clothing)
34512413.wav,Toilet_flush Printer Shatter
346fc59c.wav,Purr Fill_(with_liquid) Chewing_and_mastication
3474d7cd.wav,Crackle Run Scissors
348aaf17.wav,Printer Hiss Bathtub_(filling_or_washing)
349e5ea7.wav,Gurgling Sneeze Male_speech_and_man_speaking
34aac2b5.wav,Female_singing Child_speech_and_kid_speaking Harmonica
34c53320.wav,Gasp Burping_and_eructation Sneeze
34cca3b3.wav,Church_bell Motorcycle Stream
34d0b2ca.wav,Bark Sneeze Female_singing
34d4cfda.wav,Church_bell Bark Screaming
34dc323b.wav,Tap Whispering Burping_and_eructation
34e6a0de.wav,Cricket Hiss Chirp_and_tweet
34f2c99d.wav,Fart Crackle Gurgling
34fbb318.wav,Crackle Waves_and_surf Computer_keyboard
3500ed9d.wav,Knock Tap Cupboard_open_or_close
350942d1.wav,Toilet_flush Frying_(food) Hiss
351a8abe.wav,Purr Printer Hiss
352ce267.wav,Bass_drum Knock Tap
3544797d.wav,Purr Chewing_and_mastication Run
354d467a.wav,Zipper_(clothing) Knock Writing
355ddeda.wav,Fill_(with_liquid) Toilet_flush Purr
356adc0d.wav,Tap Zipper_(clothing) Knock
356b99de.wav,Bicycle_bell Female_singing Hiss
35930583.wav,Female_singing Male_singing Child_speech_and_kid_speaking
359a6e84.wav,Hiss Microwave_oven Printer
35a7edad.wav,Bass_drum Knock Tap
35a8a688.wav,Chewing_and_mastication Zipper_(clothing) Bathtub_(filling_or_washing)
35d5aca3.wav,Child_speech_and_kid_speaking Toilet_flush Printer
35dbfd81.wav,Harmonica Accordion Electric_guitar
36027dca.wav,Bass_drum Knock Tap
361237d6.wav,Toilet_flush Male_speech_and_man_speaking Whispering
361c9c0e.wav,Hiss Shatter Microwave_oven
3623b13a.wav,Female_singing Male_singing Child_speech_and_kid_speaking
3626ac5a.wav,Hiss Frying_(food) Microwave_oven
362f92f4.wav,Child_speech_and_kid_speaking Female_singing Female_speech_and_woman_speaking
366d25a7.wav,Hiss Hi-hat Motorcycle
366d6820.wav,Stream Waves_and_surf Toilet_flush
367ef5a8.wav,Motorcycle Mechanical_fan Car_passing_by
36896b31.wav,Toilet_flush Waves_and_surf Skateboard
368e3f09.wav,Knock Crackle Bass_drum
36b92bec.wav,Printer Hiss Hi-hat
36beb3fd.wav,Male_singing Male_speech_and_man_speaking Printer
36c459de.wav,Gong Hi-hat Harmonica
36dfae4f.wav,Gasp Sneeze Child_speech_and_kid_speaking
36fe695f.wav,Drawer_open_or_close Printer Cupboard_open_or_close
37053a90.wav,Male_speech_and_man_speaking Female_speech_and_woman_speaking Gurgling
370eaa84.wav,Toilet_flush Stream Printer
37155f3a.wav,Car_passing_by Bark Purr
37790f99.wav,Frying_(food) Toilet_flush Bathtub_(filling_or_washing)
378216b2.wav,Waves_and_surf Stream Run
37856035.wav,Stream Waves_and_surf Bathtub_(filling_or_washing)
3792237d.wav,Frying_(food) Drawer_open_or_close Zipper_(clothing)
37941050.wav,Microwave_oven Bus Motorcycle
379ae4e1.wav,Hiss Bathtub_(filling_or_washing) Frying_(food)
379b7e21.wav,Bathtub_(filling_or_washing) Stream Fill_(with_liquid)
379c063d.wav,Fart Skateboard Writing
37a1946c.wav,Clapping Printer Microwave_oven
37a7927f.wav,Knock Cupboard_open_or_close Tap
37c95c1c.wav,Sneeze Gasp Female_singing
37ccc1ea.wav,Frying_(food) Bathtub_(filling_or_washing) Toilet_flush
37d609aa.wav,Toilet_flush Frying_(food) Bathtub_(filling_or_washing)
37dc178a.wav,Purr Bathtub_(filling_or_washing) Waves_and_surf
37f5f0d8.wav,Waves_and_surf Traffic_noise_and_roadway_noise Run
382587b8.wav,Knock Marimba_and_xylophone Tap
382cd8c5.wav,Knock Crackle Drawer_open_or_close
38368c9b.wav,Child_speech_and_kid_speaking Sneeze Bark
384b0ff2.wav,Harmonica Marimba_and_xylophone Chink_and_clink
38544190.wav,Computer_keyboard Knock Cupboard_open_or_close
38558ab1.wav,Male_speech_and_man_speaking Sneeze Burping_and_eructation
3858d281.wav,Bass_drum Knock Tap
385e8b0f.wav,Knock Zipper_(clothing) Tap
38636d71.wav,Yell Female_singing Female_speech_and_woman_speaking
38669440.wav,Cricket Purr Toilet_flush
387014ab.wav,Toilet_flush Frying_(food) Drawer_open_or_close
3876c193.wav,Bark Sigh Gasp
388f70a5.wav,Waves_and_surf Run Stream
38b9ff18.wav,Child_speech_and_kid_speaking Cupboard_open_or_close Gasp
38d29a00.wav,Knock Run Crackle
38d378d8.wav,Motorcycle Purr Accelerating_and_revving_and_vroom
38d50e59.wav,Keys_jangling Scissors Chewing_and_mastication
38d5d026.wav,Sneeze Shatter Gasp
38e43355.wav,Female_singing Screaming Meow
38ea5df2.wav,Marimba_and_xylophone Drawer_open_or_close Sneeze
38f6aa5e.wav,Hiss Toilet_flush Frying_(food)
38fea590.wav,Hiss Motorcycle Toilet_flush
390789a8.wav,Purr Printer Fart
390995ef.wav,Shatter Hi-hat Frying_(food)
39189c31.wav,Toilet_flush Printer Male_singing
391fbd47.wav,Sneeze Shatter Zipper_(clothing)
392e88d7.wav,Cricket Hiss Purr
3939b821.wav,Sneeze Gurgling Male_speech_and_man_speaking
39467410.wav,Toilet_flush Female_singing Child_speech_and_kid_speaking
394b8ce2.wav,Run Knock Computer_keyboard
395de76a.wav,Hiss Toilet_flush Sigh
395df625.wav,Gurgling Burping_and_eructation Male_speech_and_man_speaking
396d793f.wav,Crackle Writing Chewing_and_mastication
39723c0e.wav,Harmonica Marimba_and_xylophone Hi-hat
39768e2a.wav,Gurgling Male_speech_and_man_speaking Whispering
3987fc79.wav,Purr Cricket Accelerating_and_revving_and_vroom
398b6fa6.wav,Drawer_open_or_close Run Skateboard
399732ec.wav,Sigh Male_singing Female_singing
39a8ac5c.wav,Crackle Knock Run
39b6cc75.wav,Shatter Crackle Scissors
39bbcabd.wav,Waves_and_surf Run Motorcycle
39c1f2fd.wav,Drawer_open_or_close Printer Sigh
39d1b554.wav,Sneeze Zipper_(clothing) Gasp
39e1b8cc.wav,Bathtub_(filling_or_washing) Fill_(with_liquid) Purr
39e2f767.wav,Sneeze Gasp Sigh
39e35f03.wav,Toilet_flush Female_singing Sneeze
39eb6dd5.wav,Knock Writing Skateboard
39f19344.wav,Hi-hat Toilet_flush Race_car_and_auto_racing
3a2353bb.wav,Sneeze Child_speech_and_kid_speaking Gasp
3a28e28a.wav,Waves_and_surf Mechanical_fan Motorcycle
3a2a4822.wav,Crackle Scissors Writing
3a3e4b29.wav,Female_singing Child_speech_and_kid_speaking Male_singing
3a49d5ed.wav,Purr Bathtub_(filling_or_washing) Fill_(with_liquid)
3a4cf709.wav,Meow Gasp Chirp_and_tweet
3a5e6dde.wav,Crackle Bathtub_(filling_or_washing) Waves_and_surf
3a66e3df.wav,Crackle Computer_keyboard Stream
3a87c628.wav,Crackle Zipper_(clothing) Scissors
3a885c38.wav,Crackle Knock Walk_and_footsteps
3a8b9afe.wav,Electric_guitar Female_speech_and_woman_speaking Hiss
3aa5b432.wav,Waves_and_surf Stream Run
3ac609e1.wav,Waves_and_surf Bus Run
3acbee34.wav,Chirp_and_tweet Screaming Meow
3adfb8f0.wav,Toilet_flush Motorcycle Bathtub_(filling_or_washing)
3ae08e83.wav,Waves_and_surf Stream Toilet_flush
3ae0ea8b.wav,Run Zipper_(clothing) Car_passing_by
3b0a3361.wav,Toilet_flush Hiss Bathtub_(filling_or_washing)
3b0b13f4.wav,Male_speech_and_man_speaking Gurgling Sneeze
3b13f6a1.wav,Stream Toilet_flush Hiss
3b23ed90.wav,Hiss Printer Cricket
3b252939.wav,Sigh Car_passing_by Hiss
3b277890.wav,Child_speech_and_kid_speaking Toilet_flush Sneeze
3b382171.wav,Child_speech_and_kid_speaking Sneeze Marimba_and_xylophone
3b3c2c67.wav,Computer_keyboard Crackle Chewing_and_mastication
3b75b456.wav,Toilet_flush Stream Race_car_and_auto_racing
3b7c7f94.wav,Run Drawer_open_or_close Waves_and_surf
3bb6024f.wav,Motorcycle Run Accelerating_and_revving_and_vroom
3bb7c24d.wav,Crackle Knock Run
3bb9a722.wav,Purr Printer Hiss
3bda5fb0.wav,Car_passing_by Traffic_noise_and_roadway_noise Waves_and_surf
3bfcab18.wav,Bass_guitar Electric_guitar Marimba_and_xylophone
3c0370c8.wav,Knock Tap Bass_drum
3c1b9399.wav,Toilet_flush Printer Zipper_(clothing)
3c20c95f.wav,Crackle Run Zipper_(clothing)
3c216393.wav,Whispering Male_speech_and_man_speaking Purr
3c244ade.wav,Stream Toilet_flush Waves_and_surf
3c348e5c.wav,Toilet_flush Printer Bathtub_(filling_or_washing)
3c35237b.wav,Run Car_passing_by Motorcycle
3c40f472.wav,Female_singing Hiss Male_singing
3c525c1f.wav,Crackle Scissors Zipper_(clothing)
3c590143.wav,Toilet_flush Hiss Cricket
3c90b11b.wav,Tick-tock Keys_jangling Writing
3c95067e.wav,Waves_and_surf Stream Frying_(food)
3ca6b1a3.wav,Fill_(with_liquid) Trickle_and_dribble Bathtub_(filling_or_washing)
3caf1f70.wav,Knock Crackle Tap
3cc51361.wav,Purr Printer Hiss
3cd30520.wav,Trickle_and_dribble Male_speech_and_man_speaking Printer
3ce0dcd0.wav,Hiss Cricket Motorcycle
3ce9fd74.wav,Meow Hiss Screaming
3cfeb0cd.wav,Toilet_flush Frying_(food) Drawer_open_or_close
3d07c63a.wav,Finger_snapping Tap Zipper_(clothing)
3d0beb6f.wav,Shatter Zipper_(clothing) Keys_jangling
3d0dca90.wav,Toilet_flush Race_car_and_auto_racing Printer
3d1d3f2b.wav,Stream Waves_and_surf Motorcycle
3d27f415.wav,Hi-hat Gong Glockenspiel
3d287b47.wav,Run Crackle Computer_keyboard
3d4e1dea.wav,Female_speech_and_woman_speaking Gurgling Male_speech_and_man_speaking
3d58d893.wav,Waves_and_surf Stream Printer
3d5f899d.wav,Gong Hi-hat Marimba_and_xylophone
3d633399.wav,Bus Buzz Car_passing_by
3d7309d7.wav,Frying_(food) Toilet_flush Shatter
3d921767.wav,Bass_guitar Gong Marimba_and_xylophone
3d9a715d.wav,Frying_(food) Stream Bathtub_(filling_or_washing)
3db04d3f.wav,Bass_guitar Electric_guitar Purr
3db44f6c.wav,Harmonica Female_singing Accordion
3ddb4122.wav,Cricket Hiss Bathtub_(filling_or_washing)
3dedbba9.wav,Hiss Cutlery_and_silverware Printer
3df2fc0e.wav,Motorcycle Car_passing_by Mechanical_fan
3df5c540.wav,Waves_and_surf Zipper_(clothing) Run
3e230352.wav,Toilet_flush Bathtub_(filling_or_washing) Stream
3e3a6910.wav,Drawer_open_or_close Cupboard_open_or_close Toilet_flush
3e4755ba.wav,Bass_guitar Gurgling Purr
3e52f857.wav,Purr Chirp_and_tweet Cricket
3e5ce660.wav,Purr Mechanical_fan Cricket
3e656c6e.wav,Burping_and_eructation Shatter Bicycle_bell
3e65a00d.wav,Waves_and_surf Stream Run
3e691b83.wav,Tap Crackle Knock
3e7889ed.wav,Cutlery_and_silverware Burping_and_eructation Hi-hat
3e83500f.wav,Waves_and_surf Run Zipper_(clothing)
3e9967cf.wav,Run Bus Computer_keyboard
3ebaff6d.wav,Motorcycle Mechanical_fan Car_passing_by
3ecc19c5.wav,Toilet_flush Skateboard Bark
3ed6c2b5.wav,Toilet_flush Church_bell Printer
3efc0912.wav,Hi-hat Accordion Harmonica
3f0f92ff.wav,Zipper_(clothing) Toilet_flush Skateboard
3f15fd07.wav,Toilet_flush Bathtub_(filling_or_washing) Zipper_(clothing)
3f16d9f3.wav,Hi-hat Electric_guitar Church_bell
3f19e53c.wav,Cricket Purr Hiss
3f1ca1bb.wav,Toilet_flush Frying_(food) Hiss
3f29038e.wav,Female_speech_and_woman_speaking Male_speech_and_man_speaking Female_singing
3f2dbd00.wav,Gasp Cupboard_open_or_close Cutlery_and_silverware
3f4f4808.wav,Waves_and_surf Run Stream
3f53a02f.wav,Printer Toilet_flush Skateboard
3f7043d9.wav,Run Drawer_open_or_close Zipper_(clothing)
3f80cc56.wav,Computer_keyboard Knock Crackle
3f96494a.wav,Run Car_passing_by Fart
3faf10be.wav,Waves_and_surf Motorcycle Car_passing_by
3fd4d55a.wav,Finger_snapping Tap Bass_drum
400ff09d.wav,Toilet_flush Bathtub_(filling_or_washing) Printer
402e2d1b.wav,Knock Drawer_open_or_close Tap
4030a4f2.wav,Knock Bass_drum Tap
4034f327.wav,Toilet_flush Bathtub_(filling_or_washing) Stream
4037cd65.wav,Cricket Male_speech_and_man_speaking Hiss
4040f015.wav,Drawer_open_or_close Knock Tap
40449ca7.wav,Hiss Printer Purr
404b54c0.wav,Run Purr Computer_keyboard
404fb677.wav,Car_passing_by Bus Traffic_noise_and_roadway_noise
4053b801.wav,Gasp Sneeze Child_speech_and_kid_speaking
405c66af.wav,Shatter Crackle Drawer_open_or_close
406306b6.wav,Hi-hat Marimba_and_xylophone Church_bell
406a1cc1.wav,Toilet_flush Purr Male_singing
406ade5e.wav,Bathtub_(filling_or_washing) Computer_keyboard Crackle
4093913f.wav,Toilet_flush Printer Hiss
40957335.wav,Sneeze Child_speech_and_kid_speaking Sigh
4098028d.wav,Drawer_open_or_close Computer_keyboard Toilet_flush
40afd1b3.wav,Purr Crackle Zipper_(clothing)
40c1ed87.wav,Shatter Tap Sneeze
40c50046.wav,Chewing_and_mastication Purr Computer_keyboard
40d0726d.wav,Bus Microwave_oven Run
40dd1274.wav,Toilet_flush Female_singing Hi-hat
40e25750.wav,Burping_and_eructation Fart Male_speech_and_man_speaking
410837eb.wav,Tap Gasp Microwave_oven
410c2138.wav,Toilet_flush Hiss Frying_(food)
411993fd.wav,Cupboard_open_or_close Tap Hi-hat
413b5427.wav,Accordion Harmonica Female_singing
41522a65.wav,Cricket Chirp_and_tweet Hiss
415f4c8f.wav,Marimba_and_xylophone Bicycle_bell Shatter
41759973.wav,Waves_and_surf Stream Toilet_flush
419271cc.wav,Chirp_and_tweet Cricket Male_speech_and_man_speaking
4195cb1a.wav,Screaming Chirp_and_tweet Sigh
41af688a.wav,Zipper_(clothing) Skateboard Crackle
41c60bba.wav,Knock Fart Crackle
41cfee6d.wav,Accordion Hi-hat Gong
41f16193.wav,Drawer_open_or_close Hiss Chewing_and_mastication
41f1ea4a.wav,Motorcycle Bus Purr
41f86bc4.wav,Toilet_flush Sneeze Skateboard
4215309a.wav,Tick-tock Purr Knock
4248d196.wav,Stream Waves_and_surf Toilet_flush
42542036.wav,Toilet_flush Motorcycle Female_singing
