fname,label
000ccb97.wav,Keys_jangling Bathtub_(filling_or_washing) Crackle
0012633b.wav,Bass_drum Accelerating_and_revving_and_vroom Motorcycle
001ed5f1.wav,Crackle Knock Drawer_open_or_close
00294be0.wav,Purr Burping_and_eructation Drawer_open_or_close
003fde7a.wav,Glockenspiel Hiss Tap
0040ccc9.wav,Bass_drum Marimba_and_xylophone Crackle
0046b732.wav,Cupboard_open_or_close Child_speech_and_kid_speaking Sneeze
004f3bbc.wav,Bass_guitar Accelerating_and_revving_and_vroom Crackle
00526050.wav,Bass_drum Crackle Clapping
00559da4.wav,Waves_and_surf Stream Run
00582bbe.wav,Drawer_open_or_close Tap Church_bell
0064aedf.wav,Drawer_open_or_close Zipper_(clothing) Crackle
0065512b.wav,Crackle Clapping Waves_and_surf
006a91d2.wav,Waves_and_surf Stream Drawer_open_or_close
006ea9ee.wav,Gong Tap Chink_and_clink
006f9dca.wav,Hiss Frying_(food) Fill_(with_liquid)
007450dc.wav,Burping_and_eructation Fill_(with_liquid) Screaming
00979c8a.wav,Frying_(food) Drawer_open_or_close Bathtub_(filling_or_washing)
00992464.wav,Gurgling Burping_and_eructation Screaming
00b44a8a.wav,Shatter Cutlery_and_silverware Sigh
00bfaaaf.wav,Sneeze Male_speech_and_man_speaking Burping_and_eructation
00cf9680.wav,Frying_(food) Bathtub_(filling_or_washing) Finger_snapping
00eae94d.wav,Raindrop Bathtub_(filling_or_washing) Finger_snapping
011ec5b8.wav,Buzz Zipper_(clothing) Slam
013200dc.wav,Bathtub_(filling_or_washing) Scissors Gurgling
01440c2e.wav,Harmonica Church_bell Accordion
01567a3d.wav,Bass_drum Tap Knock
0163d203.wav,Drawer_open_or_close Purr Knock
017c24b2.wav,Fart Male_speech_and_man_speaking Zipper_(clothing)
01a992c5.wav,Printer Stream Bathtub_(filling_or_washing)
01b1d976.wav,Finger_snapping Scissors Bathtub_(filling_or_washing)
01c1c371.wav,Tick-tock Drawer_open_or_close Burping_and_eructation
01cf8354.wav,Marimba_and_xylophone Burping_and_eructation Chink_and_clink
01d2c640.wav,Purr Buzz Drawer_open_or_close
01d69423.wav,Skateboard Drawer_open_or_close Zipper_(clothing)
01e9170b.wav,Female_singing Accordion Hi-hat
01f2901a.wav,Frying_(food) Bathtub_(filling_or_washing) Toilet_flush
020b1fdf.wav,Accelerating_and_revving_and_vroom Sigh Cupboard_open_or_close
021457df.wav,Chewing_and_mastication Computer_keyboard Gurgling
02173589.wav,Harmonica Female_singing Gong
021ac082.wav,Stream Toilet_flush Bathtub_(filling_or_washing)
02200884.wav,Run Drawer_open_or_close Hiss
02213278.wav,Bathtub_(filling_or_washing) Stream Hi-hat
022e3b2c.wav,Chewing_and_mastication Gurgling Run
023081f2.wav,Tap Gong Marimba_and_xylophone
02596541.wav,Church_bell Tick-tock Gong
0289b79b.wav,Accelerating_and_revving_and_vroom Motorcycle Printer
028cf9db.wav,Sneeze Fill_(with_liquid) Child_speech_and_kid_speaking
028d26f7.wav,Raindrop Shatter Chewing_and_mastication
02ab2a72.wav,Bathtub_(filling_or_washing) Zipper_(clothing) Frying_(food)
02c02ec1.wav,Church_bell Printer Buzz
02ce28a1.wav,Mechanical_fan Car_passing_by Purr
02d01f40.wav,Scissors Bathtub_(filling_or_washing) Shatter
02da7457.wav,Toilet_flush Frying_(food) Bathtub_(filling_or_washing)
02e17633.wav,Zipper_(clothing) Fart Motorcycle
02e8059d.wav,Burping_and_eructation Printer Cupboard_open_or_close
02f71319.wav,Shatter Hiss Hi-hat
03090fb0.wav,Screaming Glockenspiel Printer
03162c23.wav,Buzz Printer Toilet_flush
032f518c.wav,Electric_guitar Marimba_and_xylophone Church_bell
03300fcb.wav,Female_singing Gong Electric_guitar
035dd895.wav,Waves_and_surf Run Stream
03754ab4.wav,Toilet_flush Bathtub_(filling_or_washing) Hiss
037b47c4.wav,Raindrop Knock Marimba_and_xylophone
03887635.wav,Drawer_open_or_close Zipper_(clothing) Tap
03931594.wav,Chink_and_clink Gasp Cutlery_and_silverware
039d2821.wav,Female_speech_and_woman_speaking Male_singing Burping_and_eructation
03a47c4a.wav,Frying_(food) Clapping Bathtub_(filling_or_washing)
03b80975.wav,Waves_and_surf Frying_(food) Stream
03c5e8d0.wav,Drawer_open_or_close Buzz Printer
03fe2971.wav,Burping_and_eructation Raindrop Fart
04008bb5.wav,Cutlery_and_silverware Keys_jangling Bicycle_bell
040c5c0c.wav,Run Chewing_and_mastication Gurgling
041cff59.wav,Drawer_open_or_close Tap Church_bell
042b07a4.wav,Church_bell Race_car_and_auto_racing Gong
042b542f.wav,Electric_guitar Accelerating_and_revving_and_vroom Gong
04308d8d.wav,Burping_and_eructation Gurgling Sigh
04355ea8.wav,Electric_guitar Bass_guitar Buzz
0442a617.wav,Screaming Harmonica Yell
0443f812.wav,Cupboard_open_or_close Clapping Crackle
04441d5b.wav,Crackle Tap Knock
0453bb71.wav,Harmonica Meow Gong
04702c1c.wav,Buzz Tick-tock Tap
047ba0e1.wav,Keys_jangling Writing Frying_(food)
04877d29.wav,Accelerating_and_revving_and_vroom Cupboard_open_or_close Buzz
048c3418.wav,Bathtub_(filling_or_washing) Stream Accelerating_and_revving_and_vroom
04a5c9eb.wav,Race_car_and_auto_racing Accelerating_and_revving_and_vroom Drawer_open_or_close
04ad8e52.wav,Gurgling Burping_and_eructation Printer
04af82d9.wav,Burping_and_eructation Cricket Hiss
04b1558a.wav,Trickle_and_dribble Printer Toilet_flush
04de7b9a.wav,Run Chewing_and_mastication Scissors
04e8bf2a.wav,Knock Cupboard_open_or_close Drawer_open_or_close
04f004fe.wav,Drawer_open_or_close Toilet_flush Church_bell
04f48f10.wav,Gong Church_bell Tap
0506eee8.wav,Mechanical_fan Accelerating_and_revving_and_vroom Race_car_and_auto_racing
050eb97f.wav,Buzz Microwave_oven Accelerating_and_revving_and_vroom
051bda9a.wav,Gong Crackle Buzz
057a3c2e.wav,Crackle Drawer_open_or_close Tap
057c13c8.wav,Marimba_and_xylophone Female_singing Church_bell
058a4a79.wav,Bathtub_(filling_or_washing) Fill_(with_liquid) Gurgling
058ec864.wav,Bicycle_bell Marimba_and_xylophone Burping_and_eructation
05af19b1.wav,Motorcycle Accelerating_and_revving_and_vroom Church_bell
05c881c4.wav,Bathtub_(filling_or_washing) Frying_(food) Hiss
05d775e9.wav,Bathtub_(filling_or_washing) Toilet_flush Fill_(with_liquid)
05dae80d.wav,Tap Gong Knock
05e34a55.wav,Frying_(food) Bathtub_(filling_or_washing) Hiss
05edaa47.wav,Chewing_and_mastication Writing Computer_keyboard
060b802f.wav,Bathtub_(filling_or_washing) Zipper_(clothing) Buzz
060d2d47.wav,Crackle Car_passing_by Accelerating_and_revving_and_vroom
062e94dd.wav,Sigh Sneeze Chink_and_clink
06345241.wav,Screaming Fill_(with_liquid) Harmonica
0648b115.wav,Sigh Clapping Whispering
06526954.wav,Run Zipper_(clothing) Crackle
065b49ec.wav,Buzz Cupboard_open_or_close Computer_keyboard
06604d51.wav,Purr Crackle Zipper_(clothing)
068b717f.wav,Screaming Gong Meow
069b2f91.wav,Burping_and_eructation Cricket Marimba_and_xylophone
069f3ce5.wav,Yell Marimba_and_xylophone Burping_and_eructation
06a23eb9.wav,Motorcycle Mechanical_fan Accelerating_and_revving_and_vroom
06c34152.wav,Gong Burping_and_eructation Sneeze
06feb5cf.wav,Accelerating_and_revving_and_vroom Bass_drum Bass_guitar
0718ce8d.wav,Computer_keyboard Run Crackle
07295dd0.wav,Bass_drum Crackle Knock
072ee4b2.wav,Bathtub_(filling_or_washing) Drawer_open_or_close Buzz
074cbe2b.wav,Fart Screaming Cupboard_open_or_close
07502956.wav,Finger_snapping Bathtub_(filling_or_washing) Frying_(food)
07603ad3.wav,Mechanical_fan Buzz Church_bell
07670752.wav,Hiss Gong Toilet_flush
077f270d.wav,Sigh Tap Gasp
0782d022.wav,Screaming Burping_and_eructation Male_singing
078464b8.wav,Frying_(food) Stream Bathtub_(filling_or_washing)
07a82fbe.wav,Knock Bass_drum Clapping
07bca33c.wav,Chink_and_clink Tap Microwave_oven
07da8ebf.wav,Burping_and_eructation Sneeze Chink_and_clink
07dff283.wav,Run Motorcycle Car_passing_by
07f965a0.wav,Stream Toilet_flush Waves_and_surf
07fa6e7e.wav,Burping_and_eructation Printer Male_speech_and_man_speaking
08087580.wav,Stream Fill_(with_liquid) Bathtub_(filling_or_washing)
0814db2b.wav,Church_bell Hi-hat Accordion
0815543c.wav,Male_speech_and_man_speaking Gurgling Zipper_(clothing)
081d6520.wav,Frying_(food) Shatter Bathtub_(filling_or_washing)
081f2b5a.wav,Microwave_oven Drawer_open_or_close Knock
0824bbdb.wav,Gurgling Hiss Bicycle_bell
08272d1c.wav,Hiss Cricket Bicycle_bell
08278440.wav,Burping_and_eructation Chink_and_clink Male_speech_and_man_speaking
0837e041.wav,Drawer_open_or_close Tap Buzz
08390e01.wav,Hiss Waves_and_surf Frying_(food)
083cc652.wav,Meow Marimba_and_xylophone Gong
08458ab2.wav,Computer_keyboard Zipper_(clothing) Waves_and_surf
0849057f.wav,Chink_and_clink Male_speech_and_man_speaking Gasp
084e5784.wav,Sigh Printer Gasp
085f174a.wav,Harmonica Squeak Chewing_and_mastication
0865816c.wav,Crackle Knock Slam
086ce4a5.wav,Screaming Meow Child_speech_and_kid_speaking
086ebb95.wav,Car_passing_by Mechanical_fan Accelerating_and_revving_and_vroom
08810dd4.wav,Crackle Computer_keyboard Fill_(with_liquid)
08b06642.wav,Female_singing Church_bell Yell
08b2d04c.wav,Drawer_open_or_close Purr Marimba_and_xylophone
08bc3e2d.wav,Knock Drawer_open_or_close Tap
08d46566.wav,Chewing_and_mastication Writing Keys_jangling
08d4acca.wav,Church_bell Bass_guitar Marimba_and_xylophone
08d5d316.wav,Stream Toilet_flush Waves_and_surf
08dfe75d.wav,Crackle Slam Purr
08eb3a69.wav,Purr Hiss Female_speech_and_woman_speaking
08f36895.wav,Run Zipper_(clothing) Skateboard
08facc12.wav,Bathtub_(filling_or_washing) Fill_(with_liquid) Clapping
090cc523.wav,Fill_(with_liquid) Computer_keyboard Trickle_and_dribble
091fa206.wav,Burping_and_eructation Male_speech_and_man_speaking Sneeze
092d8e54.wav,Run Zipper_(clothing) Walk_and_footsteps
094761b8.wav,Bathtub_(filling_or_washing) Zipper_(clothing) Hi-hat
0963270d.wav,Gurgling Run Purr
0992b95a.wav,Purr Burping_and_eructation Hiss
0997968e.wav,Stream Waves_and_surf Bathtub_(filling_or_washing)
09a67356.wav,Drawer_open_or_close Sigh Printer
09d085e3.wav,Mechanical_fan Bathtub_(filling_or_washing) Toilet_flush
0a31c905.wav,Buzz Frying_(food) Toilet_flush
0a3c2351.wav,Meow Microwave_oven Drawer_open_or_close
0a4d3800.wav,Purr Car_passing_by Crackle
0a4ff0fb.wav,Fart Zipper_(clothing) Female_speech_and_woman_speaking
0a56e261.wav,Chink_and_clink Gong Sigh
0a64010f.wav,Marimba_and_xylophone Screaming Gong
0a683136.wav,Bass_guitar Gong Accelerating_and_revving_and_vroom
0a6e6889.wav,Gong Chink_and_clink Cupboard_open_or_close
0a8e1630.wav,Crackle Knock Slam
0a950c32.wav,Marimba_and_xylophone Tap Cupboard_open_or_close
0aee7a2a.wav,Waves_and_surf Stream Bathtub_(filling_or_washing)
0af7446d.wav,Tick-tock Drawer_open_or_close Writing
0b1503e8.wav,Hi-hat Marimba_and_xylophone Cutlery_and_silverware
0b33d746.wav,Gong Screaming Harmonica
0b4819f1.wav,Mechanical_fan Purr Motorcycle
0b5c6535.wav,Crackle Frying_(food) Drawer_open_or_close
0b73077e.wav,Yell Sneeze Chink_and_clink
0b9e93e6.wav,Bathtub_(filling_or_washing) Frying_(food) Toilet_flush
0ba7fe6b.wav,Bass_drum Crackle Knock
0bacb61b.wav,Bathtub_(filling_or_washing) Frying_(food) Finger_snapping
0bb86b6c.wav,Burping_and_eructation Sneeze Meow
0bbe8308.wav,Tap Zipper_(clothing) Printer
0bc36580.wav,Screaming Male_speech_and_man_speaking Gasp
0bc7822a.wav,Tick-tock Chewing_and_mastication Toilet_flush
0bdcdfba.wav,Drawer_open_or_close Sigh Gong
0bec3f54.wav,Crackle Frying_(food) Bathtub_(filling_or_washing)
0c151ad3.wav,Waves_and_surf Stream Mechanical_fan
0c16f612.wav,Harmonica Screaming Chink_and_clink
0c32d940.wav,Burping_and_eructation Yell Meow
0c390f3c.wav,Burping_and_eructation Male_speech_and_man_speaking Gurgling
0c3b2573.wav,Microwave_oven Car_passing_by Motorcycle
0c5ba768.wav,Clapping Drawer_open_or_close Finger_snapping
0c698ef7.wav,Bathtub_(filling_or_washing) Crackle Frying_(food)
0c8d9148.wav,Gong Cupboard_open_or_close Crackle
0c8def18.wav,Mechanical_fan Accelerating_and_revving_and_vroom Car_passing_by
0c949702.wav,Toilet_flush Stream Printer
0cb33d03.wav,Burping_and_eructation Sneeze Sigh
0cb4cde3.wav,Drawer_open_or_close Zipper_(clothing) Tick-tock
0cdddb37.wav,Tap Frying_(food) Finger_snapping
0ce84f9b.wav,Car_passing_by Mechanical_fan Accelerating_and_revving_and_vroom
0cfe3f96.wav,Gurgling Male_speech_and_man_speaking Chewing_and_mastication
0d000cd7.wav,Gasp Male_speech_and_man_speaking Whispering
0d1b11e0.wav,Printer Burping_and_eructation Male_speech_and_man_speaking
0d2230eb.wav,Hiss Waves_and_surf Cricket
0d2707f4.wav,Glockenspiel Drawer_open_or_close Tap
0d34341d.wav,Drawer_open_or_close Race_car_and_auto_racing Accelerating_and_revving_and_vroom
0d3dc96c.wav,Printer Sigh Drawer_open_or_close
0d507c20.wav,Harmonica Yell Screaming
0d540ee1.wav,Chewing_and_mastication Tick-tock Bathtub_(filling_or_washing)
0d5516ef.wav,Cricket Bicycle_bell Chirp_and_tweet
0d6564bb.wav,Female_singing Male_singing Bathtub_(filling_or_washing)
0d673a8c.wav,Tap Bass_drum Knock
0d74277e.wav,Bathtub_(filling_or_washing) Frying_(food) Toilet_flush
0d8d7af9.wav,Bathtub_(filling_or_washing) Zipper_(clothing) Run
0d8e2166.wav,Frying_(food) Bathtub_(filling_or_washing) Shatter
0d8f3f54.wav,Bass_drum Cupboard_open_or_close Knock
0d9caeeb.wav,Motorcycle Mechanical_fan Car_passing_by
0da3d582.wav,Chewing_and_mastication Run Gurgling
0dc06757.wav,Meow Child_speech_and_kid_speaking Screaming
0dc813d8.wav,Crackle Frying_(food) Bathtub_(filling_or_washing)
0dce3e5f.wav,Fill_(with_liquid) Stream Toilet_flush
0dcf1534.wav,Stream Waves_and_surf Printer
0dda644b.wav,Burping_and_eructation Gurgling Male_speech_and_man_speaking
0ddd0393.wav,Run Zipper_(clothing) Clapping
0de2a4b2.wav,Electric_guitar Fart Zipper_(clothing)
0de4fc92.wav,Microwave_oven Sigh Male_speech_and_man_speaking
0df1484c.wav,Zipper_(clothing) Run Tap
0e18c7d2.wav,Crackle Bathtub_(filling_or_washing) Frying_(food)
0e3e2590.wav,Race_car_and_auto_racing Gasp Electric_guitar
0e4be6a4.wav,Car_passing_by Knock Slam
0e6552c7.wav,Crackle Run Walk_and_footsteps
0e70a285.wav,Bathtub_(filling_or_washing) Frying_(food) Stream
0e7f5c7e.wav,Bathtub_(filling_or_washing) Frying_(food) Motorcycle
0e9e941b.wav,Gurgling Toilet_flush Printer
0ea99bf4.wav,Sigh Female_speech_and_woman_speaking Gasp
0eaf6d60.wav,Car_passing_by Slam Purr
0ec7e315.wav,Mechanical_fan Crackle Accelerating_and_revving_and_vroom
0ed20fe2.wav,Crackle Waves_and_surf Knock
0ee80cb7.wav,Female_speech_and_woman_speaking Male_singing Screaming
0ef6fb07.wav,Hiss Drawer_open_or_close Sigh
0f07f15f.wav,Crackle Tap Clapping
0f08a4c8.wav,Purr Mechanical_fan Crackle
0f096853.wav,Car_passing_by Motorcycle Bus
0f1ab7b0.wav,Crackle Knock Zipper_(clothing)
0f3fe29d.wav,Stream Toilet_flush Bathtub_(filling_or_washing)
0f50ef2b.wav,Motorcycle Printer Mechanical_fan
0f61907d.wav,Bass_guitar Accelerating_and_revving_and_vroom Electric_guitar
0f663341.wav,Buzz Crackle Tap
0f81d5bc.wav,Computer_keyboard Tick-tock Chewing_and_mastication
0faf5b2e.wav,Accelerating_and_revving_and_vroom Bass_guitar Gong
0fc07a52.wav,Writing Chewing_and_mastication Walk_and_footsteps
0fc6a683.wav,Bathtub_(filling_or_washing) Zipper_(clothing) Frying_(food)
0fccb2e5.wav,Chewing_and_mastication Tick-tock Drawer_open_or_close
0fd91890.wav,Child_speech_and_kid_speaking Zipper_(clothing) Meow
0fdb30c1.wav,Drawer_open_or_close Microwave_oven Knock
0fed6565.wav,Drawer_open_or_close Printer Bathtub_(filling_or_washing)
0ff0e483.wav,Female_speech_and_woman_speaking Child_speech_and_kid_speaking Male_singing
0fffc208.wav,Tap Bass_drum Knock
100e123a.wav,Traffic_noise_and_roadway_noise Printer Cupboard_open_or_close
100faf3f.wav,Meow Drawer_open_or_close Screaming
101b2011.wav,Male_speech_and_man_speaking Sneeze Squeak
10234fef.wav,Bass_drum Crackle Slam
10236f0e.wav,Purr Fill_(with_liquid) Crackle
102fb14f.wav,Bass_guitar Gong Accelerating_and_revving_and_vroom
1052e52b.wav,Burping_and_eructation Male_speech_and_man_speaking Fart
105460cd.wav,Harmonica Accordion Printer
10678d21.wav,Shatter Keys_jangling Sigh
107f3deb.wav,Bathtub_(filling_or_washing) Zipper_(clothing) Frying_(food)
10811159.wav,Bathtub_(filling_or_washing) Stream Waves_and_surf
10a1aa40.wav,Stream Waves_and_surf Bathtub_(filling_or_washing)
10a7b8f3.wav,Female_singing Male_singing Harmonica
10acf1b6.wav,Crackle Cricket Stream
10c170b1.wav,Keys_jangling Whispering Cutlery_and_silverware
10d026e9.wav,Knock Bass_drum Walk_and_footsteps
10d94568.wav,Skateboard Zipper_(clothing) Buzz
10e6a6ac.wav,Crackle Drawer_open_or_close Tap
10e6db66.wav,Male_speech_and_man_speaking Burping_and_eructation Fart
10e92421.wav,Accelerating_and_revving_and_vroom Toilet_flush Buzz
10f58e51.wav,Electric_guitar Church_bell Accordion
11071bad.wav,Shatter Tap Sigh
111f9431.wav,Frying_(food) Hiss Toilet_flush
112bdb70.wav,Harmonica Burping_and_eructation Chink_and_clink
113290e8.wav,Raindrop Computer_keyboard Fill_(with_liquid)
1142def0.wav,Keys_jangling Writing Hiss
1147c12b.wav,Glockenspiel Chink_and_clink Microwave_oven
1158e587.wav,Cutlery_and_silverware Keys_jangling Hiss
11641eb8.wav,Run Bathtub_(filling_or_washing) Waves_and_surf
1167b492.wav,Hi-hat Gong Clapping
1172c5fb.wav,Church_bell Printer Race_car_and_auto_racing
117358df.wav,Crackle Knock Clapping
1175ac74.wav,Knock Bass_drum Crackle
11b6c488.wav,Bathtub_(filling_or_washing) Hiss Stream
11cc8bcb.wav,Run Computer_keyboard Gurgling
12264142.wav,Microwave_oven Male_speech_and_man_speaking Purr
1226b0e0.wav,Scissors Fart Writing
1247b7e3.wav,Glockenspiel Marimba_and_xylophone Gong
124a286f.wav,Fill_(with_liquid) Bathtub_(filling_or_washing) Female_singing
12600be5.wav,Tick-tock Drawer_open_or_close Crackle
12689530.wav,Accordion Church_bell Harmonica
126b674b.wav,Bathtub_(filling_or_washing) Scissors Tick-tock
127adb78.wav,Female_singing Male_singing Toilet_flush
12849e29.wav,Bathtub_(filling_or_washing) Screaming Female_speech_and_woman_speaking
128a67de.wav,Finger_snapping Scissors Crackle
12bcd3ec.wav,Stream Bathtub_(filling_or_washing) Waves_and_surf
12d3e91f.wav,Cupboard_open_or_close Crackle Fart
12d8c07f.wav,Accelerating_and_revving_and_vroom Car_passing_by Motorcycle
12ddf239.wav,Run Crackle Tap
12df81e8.wav,Stream Waves_and_surf Bathtub_(filling_or_washing)
12ee0010.wav,Bathtub_(filling_or_washing) Computer_keyboard Toilet_flush
12fe33b6.wav,Printer Bathtub_(filling_or_washing) Motorcycle
130e4d2f.wav,Burping_and_eructation Printer Gurgling
13237edd.wav,Hiss Whispering Clapping
134c3fea.wav,Finger_snapping Clapping Tap
134c95a2.wav,Scissors Computer_keyboard Crackle
13694181.wav,Knock Bass_drum Crackle
13728313.wav,Accelerating_and_revving_and_vroom Knock Race_car_and_auto_racing
13ae306e.wav,Writing Purr Fill_(with_liquid)
13cfa025.wav,Car_passing_by Printer Motorcycle
13e3453c.wav,Frying_(food) Bathtub_(filling_or_washing) Run
13e84f69.wav,Marimba_and_xylophone Microwave_oven Yell
14096fd8.wav,Zipper_(clothing) Chewing_and_mastication Printer
142b9865.wav,Crackle Cupboard_open_or_close Bass_drum
1438cfd0.wav,Male_speech_and_man_speaking Sigh Female_speech_and_woman_speaking
143e6d96.wav,Bicycle_bell Hiss Cutlery_and_silverware
14416af5.wav,Drawer_open_or_close Whispering Sigh
1451986d.wav,Child_speech_and_kid_speaking Cupboard_open_or_close Meow
145a10e4.wav,Drawer_open_or_close Zipper_(clothing) Run
146c73a3.wav,Harmonica Chink_and_clink Gong
14ab7f13.wav,Car_passing_by Drawer_open_or_close Waves_and_surf
14cbc626.wav,Microwave_oven Zipper_(clothing) Clapping
14d22f20.wav,Tick-tock Writing Chewing_and_mastication
14e86cfb.wav,Clapping Finger_snapping Tap
14fd704c.wav,Cupboard_open_or_close Drawer_open_or_close Bass_guitar
151ea709.wav,Bathtub_(filling_or_washing) Toilet_flush Fart
15288481.wav,Tap Harmonica Accordion
152a4e09.wav,Buzz Printer Stream
153579d9.wav,Drawer_open_or_close Waves_and_surf Bathtub_(filling_or_washing)
1544427c.wav,Finger_snapping Crackle Tap
154696fd.wav,Run Frying_(food) Bus
156bf74f.wav,Buzz Frying_(food) Stream
156c1736.wav,Church_bell Marimba_and_xylophone Gong
15776b9c.wav,Hiss Screaming Bathtub_(filling_or_washing)
157dd023.wav,Hi-hat Meow Marimba_and_xylophone
15849032.wav,Bathtub_(filling_or_washing) Stream Hiss
15868ee8.wav,Chewing_and_mastication Frying_(food) Cricket
159b8b9b.wav,Bathtub_(filling_or_washing) Chewing_and_mastication Toilet_flush
159d2208.wav,Zipper_(clothing) Drawer_open_or_close Hiss
15a78daf.wav,Microwave_oven Whispering Drawer_open_or_close
15a98fd7.wav,Bass_drum Crackle Clapping
15b0d4ec.wav,Bathtub_(filling_or_washing) Crackle Frying_(food)
15bcf71d.wav,Bass_guitar Accelerating_and_revving_and_vroom Gong
15c34c4f.wav,Drawer_open_or_close Printer Burping_and_eructation
15e2bcaa.wav,Harmonica Accordion Electric_guitar
15e7bb78.wav,Keys_jangling Frying_(food) Writing
160105ad.wav,Harmonica Male_singing Burping_and_eructation
1604a3fa.wav,Keys_jangling Writing Drawer_open_or_close
1606f119.wav,Printer Gasp Toilet_flush
160acbb0.wav,Cricket Burping_and_eructation Bicycle_bell
165fd18a.wav,Printer Motorcycle Burping_and_eructation
166a05c0.wav,Skateboard Buzz Printer
1670b964.wav,Zipper_(clothing) Run Walk_and_footsteps
167a4f00.wav,Motorcycle Purr Buzz
168be388.wav,Sigh Squeak Cupboard_open_or_close
16b56d33.wav,Burping_and_eructation Whispering Keys_jangling
16bc3f60.wav,Bathtub_(filling_or_washing) Toilet_flush Skateboard
16c7da35.wav,Stream Bathtub_(filling_or_washing) Toilet_flush
16d80f68.wav,Church_bell Harmonica Chink_and_clink
16e17bed.wav,Bathtub_(filling_or_washing) Stream Waves_and_surf
16f7ac14.wav,Car_passing_by Microwave_oven Sigh
16fd3589.wav,Run Printer Motorcycle
17135192.wav,Bicycle_bell Harmonica Hiss
17140de5.wav,Gurgling Bathtub_(filling_or_washing) Fill_(with_liquid)
171aa36c.wav,Fill_(with_liquid) Buzz Waves_and_surf
17361a5c.wav,Stream Waves_and_surf Bathtub_(filling_or_washing)
1751bb8a.wav,Bathtub_(filling_or_washing) Finger_snapping Toilet_flush
1779b015.wav,Electric_guitar Gong Accelerating_and_revving_and_vroom
17b6e84f.wav,Run Chewing_and_mastication Writing
17c4b25f.wav,Toilet_flush Stream Printer
17dfb6db.wav,Drawer_open_or_close Purr Cupboard_open_or_close
1802421a.wav,Stream Accelerating_and_revving_and_vroom Printer
18183321.wav,Mechanical_fan Car_passing_by Motorcycle
183948d1.wav,Stream Bathtub_(filling_or_washing) Toilet_flush
183fb536.wav,Meow Screaming Toilet_flush
1843680b.wav,Skateboard Clapping Gurgling
184aca02.wav,Stream Frying_(food) Bathtub_(filling_or_washing)
18551bc1.wav,Cutlery_and_silverware Printer Gasp
1859b7f7.wav,Scissors Keys_jangling Computer_keyboard
1877623e.wav,Burping_and_eructation Cupboard_open_or_close Tap
1889c58d.wav,Chink_and_clink Yell Sneeze
18929e41.wav,Harmonica Church_bell Accordion
1899de05.wav,Knock Tap Bass_drum
18ace84c.wav,Whispering Male_speech_and_man_speaking Burping_and_eructation
18be000d.wav,Drawer_open_or_close Zipper_(clothing) Waves_and_surf
18c94757.wav,Harmonica Hi-hat Church_bell
18ea2e9e.wav,Bathtub_(filling_or_washing) Zipper_(clothing) Printer
18fda5a4.wav,Motorcycle Mechanical_fan Sigh
1904f396.wav,Male_speech_and_man_speaking Gurgling Zipper_(clothing)
19135157.wav,Buzz Printer Hiss
191adc5f.wav,Male_speech_and_man_speaking Sigh Female_speech_and_woman_speaking
19303d26.wav,Motorcycle Male_singing Bus
193a6063.wav,Tick-tock Drawer_open_or_close Tap
1945b8ca.wav,Toilet_flush Frying_(food) Printer
19508dc0.wav,Motorcycle Car_passing_by Electric_guitar
1960e51e.wav,Male_speech_and_man_speaking Marimba_and_xylophone Gurgling
19754d94.wav,Church_bell Female_singing Glockenspiel
197ce5b2.wav,Female_speech_and_woman_speaking Male_speech_and_man_speaking Male_singing
199d4d12.wav,Female_speech_and_woman_speaking Gurgling Burping_and_eructation
19a7dec3.wav,Male_speech_and_man_speaking Male_singing Screaming
19bb5700.wav,Printer Church_bell Motorcycle
19c7c900.wav,Meow Chink_and_clink Cupboard_open_or_close
19d9401d.wav,Bass_drum Microwave_oven Clapping
19dcb315.wav,Gong Tap Cupboard_open_or_close
1a068a84.wav,Bass_guitar Gong Accelerating_and_revving_and_vroom
1a0d1b78.wav,Mechanical_fan Accelerating_and_revving_and_vroom Car_passing_by
1a110901.wav,Stream Toilet_flush Bathtub_(filling_or_washing)
1a1de9b9.wav,Harmonica Church_bell Marimba_and_xylophone
1a1def6e.wav,Skateboard Toilet_flush Clapping
1a1edda6.wav,Female_singing Female_speech_and_woman_speaking Marimba_and_xylophone
1a2580e1.wav,Car_passing_by Waves_and_surf Clapping
1a35ded5.wav,Chewing_and_mastication Crackle Clapping
1a362723.wav,Marimba_and_xylophone Screaming Chink_and_clink
1a44ace1.wav,Bass_guitar Accelerating_and_revving_and_vroom Purr
1a51eefe.wav,Fill_(with_liquid) Raindrop Toilet_flush
1a5c4e84.wav,Waves_and_surf Mechanical_fan Accelerating_and_revving_and_vroom
1a606ef2.wav,Purr Mechanical_fan Accelerating_and_revving_and_vroom
1a6925fa.wav,Keys_jangling Cutlery_and_silverware Writing
1a884f9e.wav,Chewing_and_mastication Printer Gurgling
1abdac69.wav,Fill_(with_liquid) Bathtub_(filling_or_washing) Chewing_and_mastication
1ac6f6f3.wav,Printer Sigh Microwave_oven
1acae695.wav,Waves_and_surf Car_passing_by Mechanical_fan
1acb3d32.wav,Hi-hat Printer Tap
1ad7f703.wav,Stream Waves_and_surf Printer
1ae3ca16.wav,Purr Buzz Drawer_open_or_close
1aec75a6.wav,Crackle Zipper_(clothing) Computer_keyboard
1b0687b2.wav,Sneeze Drawer_open_or_close Zipper_(clothing)
1b086eb7.wav,Purr Zipper_(clothing) Hiss
1b0a3884.wav,Church_bell Bark Toilet_flush
1b1d1b2d.wav,Buzz Fart Cutlery_and_silverware
1b3ecd82.wav,Church_bell Motorcycle Accelerating_and_revving_and_vroom
1b5b6468.wav,Whispering Frying_(food) Cutlery_and_silverware
1b5daf72.wav,Drawer_open_or_close Crackle Tap
1b68d94a.wav,Drawer_open_or_close Microwave_oven Sigh
1ba04ecc.wav,Finger_snapping Clapping Crackle
1bc14732.wav,Chink_and_clink Screaming Bark
1bcfdfb5.wav,Church_bell Meow Burping_and_eructation
1bd82417.wav,Gong Tap Chink_and_clink
1be1c727.wav,Drawer_open_or_close Run Microwave_oven
1bfd4be2.wav,Skateboard Burping_and_eructation Sigh
1c0e284a.wav,Motorcycle Hiss Mechanical_fan
1c0fbe4b.wav,Marimba_and_xylophone Screaming Cupboard_open_or_close
1c1dd720.wav,Gurgling Run Tap
1c3bd325.wav,Hiss Sigh Toilet_flush
1c699cb7.wav,Microwave_oven Sigh Bus
1c6d56db.wav,Fill_(with_liquid) Hiss Cutlery_and_silverware
1c77cedf.wav,Waves_and_surf Bathtub_(filling_or_washing) Stream
1c785226.wav,Run Drawer_open_or_close Zipper_(clothing)
1c79ca96.wav,Crackle Frying_(food) Clapping
1c8369cf.wav,Zipper_(clothing) Microwave_oven Walk_and_footsteps
1c983e19.wav,Toilet_flush Zipper_(clothing) Sigh
1c9e3f10.wav,Crackle Bass_drum Slam
1cc5b5f7.wav,Fill_(with_liquid) Run Computer_keyboard
1cd55ad6.wav,Motorcycle Car_passing_by Mechanical_fan
1cf8379b.wav,Hiss Frying_(food) Cricket
1d11b910.wav,Frying_(food) Bathtub_(filling_or_washing) Crackle
1d1778c4.wav,Bass_drum Bass_guitar Purr
1d1863a4.wav,Mechanical_fan Electric_guitar Accelerating_and_revving_and_vroom
1d2459ce.wav,Sneeze Gasp Sigh
1d279116.wav,Drawer_open_or_close Tap Tick-tock
1d33f8e1.wav,Hiss Finger_snapping Hi-hat
1d4ae8ab.wav,Computer_keyboard Raindrop Run
1d58040b.wav,Child_speech_and_kid_speaking Cupboard_open_or_close Screaming
1d6f2b16.wav,Female_speech_and_woman_speaking Harmonica Screaming
1d7d2a17.wav,Mechanical_fan Purr Waves_and_surf
1db41feb.wav,Screaming Church_bell Female_singing
1dbcd4ba.wav,Toilet_flush Bathtub_(filling_or_washing) Stream
1dc3166b.wav,Skateboard Fart Printer
1dc417cd.wav,Waves_and_surf Crackle Drawer_open_or_close
1dcc4dd4.wav,Car_passing_by Microwave_oven Motorcycle
1de84153.wav,Accelerating_and_revving_and_vroom Mechanical_fan Bus
1ded5864.wav,Buzz Purr Crackle
1def6435.wav,Zipper_(clothing) Run Purr
1dfa910d.wav,Frying_(food) Bathtub_(filling_or_washing) Clapping
1e0b81a9.wav,Tap Zipper_(clothing) Microwave_oven
1e1a72d5.wav,Crackle Drawer_open_or_close Waves_and_surf
1e1e674a.wav,Toilet_flush Hiss Skateboard
1e3763ba.wav,Meow Gong Child_speech_and_kid_speaking
1e3cd2f0.wav,Female_speech_and_woman_speaking Child_speech_and_kid_speaking Male_singing
1e6572de.wav,Chink_and_clink Burping_and_eructation Church_bell
1e6e9131.wav,Zipper_(clothing) Microwave_oven Shatter
1e6fe316.wav,Bathtub_(filling_or_washing) Stream Toilet_flush
1e7b59a7.wav,Sneeze Meow Gasp
1e8a965c.wav,Mechanical_fan Accelerating_and_revving_and_vroom Waves_and_surf
1e8fe3d2.wav,Female_singing Male_singing Fill_(with_liquid)
1ea533ec.wav,Frying_(food) Crackle Bathtub_(filling_or_washing)
1eac92a1.wav,Hi-hat Chink_and_clink Harmonica
1ec2f60d.wav,Run Walk_and_footsteps Zipper_(clothing)
1eda3d26.wav,Screaming Burping_and_eructation Yell
1f27827e.wav,Harmonica Accordion Yell
1f293888.wav,Bass_drum Drawer_open_or_close Tap
1f3d2f22.wav,Stream Waves_and_surf Printer
1f52baf2.wav,Sigh Bicycle_bell Keys_jangling
1f58cc84.wav,Traffic_noise_and_roadway_noise Electric_guitar Male_singing
1f63c45e.wav,Meow Bathtub_(filling_or_washing) Zipper_(clothing)
1f85a5c7.wav,Clapping Whispering Sneeze
1f9c1f3e.wav,Electric_guitar Church_bell Gong
1fc0282a.wav,Buzz Waves_and_surf Accelerating_and_revving_and_vroom
1fc8f9a5.wav,Bicycle_bell Marimba_and_xylophone Tick-tock
1fd74cc3.wav,Glockenspiel Gong Tap
1fde2c61.wav,Drawer_open_or_close Microwave_oven Knock
1fe639ee.wav,Zipper_(clothing) Computer_keyboard Tap
1fec2121.wav,Skateboard Run Bass_drum
1ff215f3.wav,Drawer_open_or_close Walk_and_footsteps Toilet_flush
200b6920.wav,Drawer_open_or_close Printer Church_bell
2012b2f4.wav,Slam Crackle Chink_and_clink
201c18ee.wav,Printer Waves_and_surf Motorcycle
20612e10.wav,Church_bell Toilet_flush Bathtub_(filling_or_washing)
2069253a.wav,Female_singing Yell Female_speech_and_woman_speaking
206c0a24.wav,Drawer_open_or_close Zipper_(clothing) Bathtub_(filling_or_washing)
20801c98.wav,Fill_(with_liquid) Sneeze Screaming
2087f937.wav,Computer_keyboard Toilet_flush Tick-tock
20898b89.wav,Bathtub_(filling_or_washing) Stream Fill_(with_liquid)
20b16812.wav,Chink_and_clink Hiss Whispering
20c3541c.wav,Writing Computer_keyboard Tick-tock
20d2ad1c.wav,Chink_and_clink Screaming Burping_and_eructation
20dc6392.wav,Purr Bass_guitar Buzz
20e285c7.wav,Church_bell Meow Child_speech_and_kid_speaking
21102a3a.wav,Zipper_(clothing) Tick-tock Chewing_and_mastication
2113043a.wav,Female_singing Bark Church_bell
2142adda.wav,Fill_(with_liquid) Screaming Marimba_and_xylophone
21447ea7.wav,Harmonica Accordion Church_bell
21455882.wav,Chirp_and_tweet Whispering Gasp
2157612c.wav,Screaming Female_singing Male_singing
2159eea8.wav,Sigh Fart Shatter
2175b26d.wav,Bass_guitar Gong Knock
217b109a.wav,Mechanical_fan Car_passing_by Accelerating_and_revving_and_vroom
2189acc6.wav,Harmonica Yell Church_bell
218b15dc.wav,Screaming Male_speech_and_man_speaking Male_singing
218c8907.wav,Toilet_flush Bathtub_(filling_or_washing) Church_bell
21b0c9cb.wav,Crackle Run Knock
21b24d69.wav,Clapping Bass_drum Crackle
21b601cd.wav,Female_singing Screaming Chink_and_clink
21d2eb4c.wav,Sigh Burping_and_eructation Sneeze
21d49986.wav,Crackle Mechanical_fan Waves_and_surf
21e8d6a9.wav,Knock Tap Skateboard
21eb5d58.wav,Printer Waves_and_surf Car_passing_by
21eca32f.wav,Tap Computer_keyboard Crackle
21fa3245.wav,Hiss Bicycle_bell Fill_(with_liquid)
2210c997.wav,Yell Child_speech_and_kid_speaking Sneeze
2216c947.wav,Electric_guitar Motorcycle Male_singing
223032ba.wav,Cricket Motorcycle Mechanical_fan
2236c850.wav,Purr Mechanical_fan Waves_and_surf
223a5173.wav,Burping_and_eructation Sneeze Screaming
22522048.wav,Microwave_oven Motorcycle Drawer_open_or_close
2263763d.wav,Run Motorcycle Church_bell
228a538c.wav,Frying_(food) Crackle Bathtub_(filling_or_washing)
22a7e375.wav,Waves_and_surf Stream Crackle
22b07889.wav,Sneeze Drawer_open_or_close Cupboard_open_or_close
22b6b9aa.wav,Finger_snapping Clapping Whispering
22c5ea2f.wav,Sigh Car_passing_by Cupboard_open_or_close
22c78043.wav,Bass_drum Accelerating_and_revving_and_vroom Clapping
22c98028.wav,Microwave_oven Run Printer
22c9b301.wav,Accelerating_and_revving_and_vroom Car_passing_by Mechanical_fan
22cd860e.wav,Chewing_and_mastication Computer_keyboard Gurgling
22f22fc9.wav,Burping_and_eructation Tap Gurgling
22f2d98a.wav,Crackle Knock Run
2303e210.wav,Burping_and_eructation Bicycle_bell Sneeze
23244f49.wav,Whispering Chewing_and_mastication Sneeze
2327b6de.wav,Bass_drum Crackle Tap
2343daa5.wav,Toilet_flush Printer Motorcycle
235213ce.wav,Chewing_and_mastication Toilet_flush Whispering
235f959c.wav,Meow Electric_guitar Screaming
236e7ce1.wav,Hiss Bathtub_(filling_or_washing) Frying_(food)
23726888.wav,Harmonica Screaming Tap
23756062.wav,Mechanical_fan Accelerating_and_revving_and_vroom Car_passing_by
238b11f0.wav,Purr Mechanical_fan Drawer_open_or_close
23a07927.wav,Harmonica Fill_(with_liquid) Screaming
23a2669b.wav,Bathtub_(filling_or_washing) Toilet_flush Zipper_(clothing)
23c4613e.wav,Bass_drum Crackle Slam
23c714b5.wav,Bass_guitar Bass_drum Purr
23d35eea.wav,Zipper_(clothing) Tap Hi-hat
23fabbb4.wav,Stream Waves_and_surf Car_passing_by
23fe505d.wav,Crackle Fart Chewing_and_mastication
2406d1de.wav,Motorcycle Mechanical_fan Car_passing_by
240e9caa.wav,Buzz Gong Female_singing
24456657.wav,Waves_and_surf Stream Car_passing_by
244a60cd.wav,Finger_snapping Clapping Tap
2451cad9.wav,Harmonica Screaming Squeak
2451d17b.wav,Female_singing Male_singing Electric_guitar
245c01e6.wav,Electric_guitar Female_singing Church_bell
2462f236.wav,Church_bell Microwave_oven Female_singing
24ae5bef.wav,Male_speech_and_man_speaking Chink_and_clink Marimba_and_xylophone
24ce9114.wav,Sneeze Fart Zipper_(clothing)
24dda4ed.wav,Toilet_flush Tick-tock Trickle_and_dribble
24ecb25d.wav,Squeak Yell Female_singing
24f04ba5.wav,Run Waves_and_surf Car_passing_by
2548960b.wav,Church_bell Buzz Electric_guitar
256d567f.wav,Fill_(with_liquid) Burping_and_eructation Computer_keyboard
2583a54d.wav,Crackle Bathtub_(filling_or_washing) Clapping
2599ff86.wav,Gong Harmonica Screaming
259e3fa7.wav,Zipper_(clothing) Drawer_open_or_close Chewing_and_mastication
25a8ef58.wav,Bass_drum Purr Mechanical_fan
25a991a1.wav,Bathtub_(filling_or_washing) Clapping Finger_snapping
25beac1d.wav,Bass_drum Whispering Cupboard_open_or_close
25c32640.wav,Bathtub_(filling_or_washing) Frying_(food) Drawer_open_or_close
25c8686f.wav,Burping_and_eructation Cupboard_open_or_close Sneeze
25d481d6.wav,Bass_drum Slam Clapping
25e059d3.wav,Microwave_oven Bathtub_(filling_or_washing) Car_passing_by
25e23528.wav,Harmonica Buzz Gong
25e75fa8.wav,Bathtub_(filling_or_washing) Computer_keyboard Zipper_(clothing)
261cdf15.wav,Printer Buzz Church_bell
262131af.wav,Accelerating_and_revving_and_vroom Motorcycle Car_passing_by
2624e8ff.wav,Burping_and_eructation Tap Gurgling
26263cf0.wav,Whispering Meow Gong
262a7108.wav,Microwave_oven Tap Printer
262d4cca.wav,Harmonica Screaming Burping_and_eructation
2655ac2c.wav,Electric_guitar Female_singing Accordion
26a25f5d.wav,Sigh Fart Raindrop
26a4977c.wav,Purr Drawer_open_or_close Zipper_(clothing)
26a6c2f3.wav,Bathtub_(filling_or_washing) Stream Clapping
26abfa32.wav,Bathtub_(filling_or_washing) Chewing_and_mastication Gurgling
26c001b7.wav,Bathtub_(filling_or_washing) Waves_and_surf Stream
26c01e3f.wav,Male_singing Cutlery_and_silverware Accordion
26f921e3.wav,Whispering Chirp_and_tweet Chewing_and_mastication
2707f8b0.wav,Female_speech_and_woman_speaking Child_speech_and_kid_speaking Male_singing
27080c56.wav,Knock Clapping Skateboard
271ade69.wav,Accelerating_and_revving_and_vroom Microwave_oven Drawer_open_or_close
272d95c7.wav,Stream Bathtub_(filling_or_washing) Waves_and_surf
2733bb3f.wav,Female_singing Electric_guitar Harmonica
27446bcd.wav,Bass_drum Tap Cupboard_open_or_close
2756ca54.wav,Zipper_(clothing) Drawer_open_or_close Sneeze
2758a116.wav,Electric_guitar Female_singing Harmonica
275e1bb6.wav,Female_speech_and_woman_speaking Male_singing Gurgling
278a19ee.wav,Printer Fart Sigh
27903ab8.wav,Run Computer_keyboard Chewing_and_mastication
27924331.wav,Sneeze Screaming Fart
279d4550.wav,Zipper_(clothing) Purr Printer
27a4f4a8.wav,Electric_guitar Church_bell Printer
27a8cf7f.wav,Microwave_oven Cupboard_open_or_close Tap
27b8db15.wav,Waves_and_surf Run Car_passing_by
27c8eacc.wav,Gurgling Run Computer_keyboard
27ce0e90.wav,Run Chewing_and_mastication Computer_keyboard
27d07e83.wav,Hiss Burping_and_eructation Cricket
27d43eba.wav,Stream Buzz Printer
27df10d1.wav,Burping_and_eructation Female_speech_and_woman_speaking Male_singing
27e085c0.wav,Tap Church_bell Gong
280c07e4.wav,Harmonica Fill_(with_liquid) Screaming
2810d717.wav,Drawer_open_or_close Chewing_and_mastication Zipper_(clothing)
28142c7d.wav,Crackle Clapping Bathtub_(filling_or_washing)
28199c01.wav,Tap Clapping Finger_snapping
2833e567.wav,Fill_(with_liquid) Toilet_flush Stream
28383990.wav,Tick-tock Chewing_and_mastication Bathtub_(filling_or_washing)
283bc0ea.wav,Run Bathtub_(filling_or_washing) Tap
2842be8c.wav,Computer_keyboard Run Walk_and_footsteps
28849a80.wav,Crackle Bathtub_(filling_or_washing) Zipper_(clothing)
288a89c1.wav,Electric_guitar Mechanical_fan Motorcycle
2894416d.wav,Crackle Cupboard_open_or_close Zipper_(clothing)
289fb0b8.wav,Bathtub_(filling_or_washing) Printer Toilet_flush
28a2ff49.wav,Drawer_open_or_close Tick-tock Car_passing_by
28a9213d.wav,Run Computer_keyboard Walk_and_footsteps
28d22d2e.wav,Printer Church_bell Burping_and_eructation
28d2f36f.wav,Sneeze Meow Tap
28e13187.wav,Knock Microwave_oven Bass_guitar
28e32693.wav,Mechanical_fan Accelerating_and_revving_and_vroom Car_passing_by
28f49053.wav,Waves_and_surf Stream Printer
28ff0651.wav,Electric_guitar Female_singing Accordion
290e30df.wav,Waves_and_surf Fart Gurgling
292ef00f.wav,Child_speech_and_kid_speaking Buzz Printer
2934735d.wav,Drawer_open_or_close Tick-tock Printer
2934d413.wav,Printer Run Drawer_open_or_close
29365227.wav,Crackle Drawer_open_or_close Zipper_(clothing)
295268ea.wav,Waves_and_surf Run Zipper_(clothing)
29699f09.wav,Buzz Zipper_(clothing) Purr
297219cc.wav,Finger_snapping Clapping Whispering
2980d500.wav,Printer Tick-tock Raindrop
29826356.wav,Chink_and_clink Tap Gong
29b0574f.wav,Run Bathtub_(filling_or_washing) Waves_and_surf
29d72dfb.wav,Car_passing_by Mechanical_fan Run
29dd29fb.wav,Drawer_open_or_close Tick-tock Microwave_oven
29e4880e.wav,Crackle Waves_and_surf Frying_(food)
2a0893c6.wav,Bass_guitar Gong Accelerating_and_revving_and_vroom
2a0a3828.wav,Sneeze Male_speech_and_man_speaking Zipper_(clothing)
2a484593.wav,Drawer_open_or_close Bathtub_(filling_or_washing) Frying_(food)
2a557637.wav,Scissors Tick-tock Chewing_and_mastication
2a79d0a8.wav,Knock Crackle Zipper_(clothing)
2a9c7202.wav,Frying_(food) Hiss Shatter
2aa1e0b8.wav,Screaming Sneeze Cupboard_open_or_close
2ac8607d.wav,Harmonica Screaming Chink_and_clink
2ad174b4.wav,Buzz Bathtub_(filling_or_washing) Frying_(food)
2ae04dd7.wav,Mechanical_fan Car_passing_by Accelerating_and_revving_and_vroom
2aedff46.wav,Writing Cutlery_and_silverware Keys_jangling
2af10e99.wav,Frying_(food) Bathtub_(filling_or_washing) Tap
2af77e7f.wav,Car_passing_by Motorcycle Mechanical_fan
2b160bb2.wav,Computer_keyboard Fill_(with_liquid) Scissors
2b2613d8.wav,Toilet_flush Printer Drawer_open_or_close
2b6ee441.wav,Tick-tock Chewing_and_mastication Raindrop
2b95327b.wav,Car_passing_by Motorcycle Mechanical_fan
2b9ca464.wav,Knock Purr Slam
2bab5b09.wav,Drawer_open_or_close Hiss Sneeze
2bb1503c.wav,Printer Fart Burping_and_eructation
2bbf558e.wav,Buzz Tap Crackle
2be779a7.wav,Drawer_open_or_close Slam Tap
2c010e00.wav,Burping_and_eructation Microwave_oven Chink_and_clink
2c2a3c77.wav,Purr Drawer_open_or_close Printer
2c2d400b.wav,Hi-hat Gong Frying_(food)
2c39bb30.wav,Church_bell Gong Printer
2c3a44f2.wav,Fill_(with_liquid) Harmonica Bathtub_(filling_or_washing)
2c7a5078.wav,Electric_guitar Purr Mechanical_fan
2c809d4f.wav,Writing Buzz Computer_keyboard
2c8b8812.wav,Computer_keyboard Zipper_(clothing) Chewing_and_mastication
2c924848.wav,Motorcycle Bass_drum Accelerating_and_revving_and_vroom
2cc7f972.wav,Accelerating_and_revving_and_vroom Mechanical_fan Marimba_and_xylophone
2cd526f7.wav,Clapping Crackle Drawer_open_or_close
2cdfa8c1.wav,Toilet_flush Buzz Bathtub_(filling_or_washing)
2cf4955c.wav,Printer Sigh Hiss
2cfdaecd.wav,Hiss Toilet_flush Bathtub_(filling_or_washing)
2d0863b7.wav,Printer Zipper_(clothing) Toilet_flush
2d09c7ca.wav,Cricket Hiss Whispering
2d15ca77.wav,Skateboard Clapping Hi-hat
2d209c25.wav,Drawer_open_or_close Microwave_oven Tap
2d21dbf4.wav,Purr Mechanical_fan Accelerating_and_revving_and_vroom
2d455ed9.wav,Chewing_and_mastication Bathtub_(filling_or_washing) Tick-tock
2d4961a8.wav,Crackle Knock Clapping
2d4a0250.wav,Toilet_flush Tick-tock Bathtub_(filling_or_washing)
2d56c2ae.wav,Frying_(food) Hiss Toilet_flush
2d5dcc5d.wav,Gong Marimba_and_xylophone Bass_drum
2d666c1d.wav,Microwave_oven Burping_and_eructation Sigh
2d6d99d4.wav,Gasp Sneeze Skateboard
2d7218f8.wav,Fart Clapping Skateboard
2d7ae271.wav,Male_singing Bass_guitar Electric_guitar
2d8135cc.wav,Stream Bathtub_(filling_or_washing) Waves_and_surf
2d88fa59.wav,Slam Burping_and_eructation Cupboard_open_or_close
2da4c729.wav,Waves_and_surf Mechanical_fan Motorcycle
2db579cb.wav,Crackle Knock Clapping
2db63f0d.wav,Zipper_(clothing) Bass_drum Buzz
2dd2a6bf.wav,Stream Waves_and_surf Toilet_flush
2df0cf1f.wav,Burping_and_eructation Male_speech_and_man_speaking Chink_and_clink
2df1f901.wav,Screaming Male_singing Church_bell
2dfd32a3.wav,Church_bell Accelerating_and_revving_and_vroom Toilet_flush
2e61e614.wav,Zipper_(clothing) Bathtub_(filling_or_washing) Toilet_flush
2e820b05.wav,Male_singing Chirp_and_tweet Screaming
2e8b4709.wav,Burping_and_eructation Gurgling Purr
2e9ced66.wav,Frying_(food) Bathtub_(filling_or_washing) Hiss
2ea33689.wav,Electric_guitar Accordion Church_bell
2eade3e1.wav,Bathtub_(filling_or_washing) Church_bell Meow
2eb3002c.wav,Marimba_and_xylophone Cupboard_open_or_close Child_speech_and_kid_speaking
2eb51f57.wav,Gong Glockenspiel Chink_and_clink
2ed9ce69.wav,Harmonica Screaming Printer
2edb4142.wav,Buzz Walk_and_footsteps Drawer_open_or_close
2ee3ef28.wav,Printer Electric_guitar Female_speech_and_woman_speaking
2ee9f139.wav,Burping_and_eructation Screaming Sneeze
2eeb7f35.wav,Printer Cupboard_open_or_close Gong
2eec6eda.wav,Chink_and_clink Harmonica Gong
2f00863c.wav,Car_passing_by Cupboard_open_or_close Microwave_oven
2f14d3b3.wav,Printer Shatter Tap
2f2ab304.wav,Screaming Harmonica Church_bell
2f41afe1.wav,Church_bell Bass_guitar Accelerating_and_revving_and_vroom
2f529eb8.wav,Hiss Toilet_flush Sneeze
2f5cbf20.wav,Drawer_open_or_close Tap Microwave_oven
2f6331aa.wav,Burping_and_eructation Sneeze Male_speech_and_man_speaking
2f643c50.wav,Child_speech_and_kid_speaking Squeak Male_speech_and_man_speaking
2f785877.wav,Bass_drum Crackle Knock
2f84c8e9.wav,Bathtub_(filling_or_washing) Scissors Chewing_and_mastication
2f8dd247.wav,Drawer_open_or_close Run Accelerating_and_revving_and_vroom
2f94fca3.wav,Burping_and_eructation Gurgling Male_speech_and_man_speaking
2fa1cc09.wav,Crackle Frying_(food) Bathtub_(filling_or_washing)
2fc6ede8.wav,Tap Gong Cupboard_open_or_close
2fe3ae63.wav,Tap Drawer_open_or_close Computer_keyboard
2ffd2145.wav,Drawer_open_or_close Zipper_(clothing) Skateboard
3011c55b.wav,Accordion Harmonica Male_singing
3012731a.wav,Bass_drum Waves_and_surf Accelerating_and_revving_and_vroom
302f4eb8.wav,Church_bell Tap Tick-tock
303d4668.wav,Scissors Keys_jangling Writing
304d8a8e.wav,Toilet_flush Printer Bathtub_(filling_or_washing)
304f25f4.wav,Printer Motorcycle Buzz
3052fe86.wav,Sigh Mechanical_fan Church_bell
3061e8d1.wav,Screaming Harmonica Burping_and_eructation
309169fa.wav,Child_speech_and_kid_speaking Sneeze Drawer_open_or_close
30960f70.wav,Mechanical_fan Car_passing_by Bus
309eea85.wav,Harmonica Electric_guitar Zipper_(clothing)
30ac78a6.wav,Crackle Bathtub_(filling_or_washing) Frying_(food)
30d1840b.wav,Writing Chewing_and_mastication Scissors
30dc07a7.wav,Bass_drum Purr Crackle
30e1162a.wav,Yell Child_speech_and_kid_speaking Marimba_and_xylophone
30e40cc3.wav,Printer Toilet_flush Bathtub_(filling_or_washing)
30f7577e.wav,Bathtub_(filling_or_washing) Toilet_flush Fill_(with_liquid)
30f8ba51.wav,Bass_guitar Bass_drum Purr
3102ff8d.wav,Run Computer_keyboard Crackle
311fcc0d.wav,Bathtub_(filling_or_washing) Hiss Frying_(food)
3129e5b4.wav,Bass_drum Clapping Crackle
312c730c.wav,Toilet_flush Bathtub_(filling_or_washing) Hiss
312e1179.wav,Bathtub_(filling_or_washing) Frying_(food) Buzz
312e698e.wav,Burping_and_eructation Gurgling Printer
31312cda.wav,Bass_guitar Gong Microwave_oven
3134c1f5.wav,Gurgling Computer_keyboard Run
31452d93.wav,Waves_and_surf Frying_(food) Mechanical_fan
314a8107.wav,Electric_guitar Sigh Burping_and_eructation
3174521f.wav,Bass_drum Zipper_(clothing) Tap
3177529f.wav,Run Zipper_(clothing) Crackle
317e5fda.wav,Chewing_and_mastication Bathtub_(filling_or_washing) Computer_keyboard
3190ca46.wav,Frying_(food) Bathtub_(filling_or_washing) Stream
31ab1bc4.wav,Burping_and_eructation Sneeze Yell
31b883cb.wav,Burping_and_eructation Screaming Marimba_and_xylophone
31bf8f6c.wav,Female_singing Church_bell Race_car_and_auto_racing
31c60809.wav,Zipper_(clothing) Finger_snapping Hiss
31c7a683.wav,Bicycle_bell Burping_and_eructation Hiss
31cfaf7c.wav,Bark Screaming Yell
31ea3391.wav,Accelerating_and_revving_and_vroom Race_car_and_auto_racing Mechanical_fan
31f4d839.wav,Knock Computer_keyboard Crackle
31fe4058.wav,Bass_drum Crackle Knock
31ff4a9f.wav,Hiss Keys_jangling Writing
320adc8a.wav,Frying_(food) Hiss Hi-hat
320b9457.wav,Mechanical_fan Accelerating_and_revving_and_vroom Motorcycle
320cb73f.wav,Bathtub_(filling_or_washing) Waves_and_surf Stream
321c61dd.wav,Meow Drawer_open_or_close Car_passing_by
321d7624.wav,Bass_guitar Accelerating_and_revving_and_vroom Race_car_and_auto_racing
322c634e.wav,Church_bell Electric_guitar Female_singing
3246e22c.wav,Hi-hat Buzz Bathtub_(filling_or_washing)
32663622.wav,Crackle Drawer_open_or_close Tap
3273193a.wav,Printer Child_speech_and_kid_speaking Church_bell
327ff97c.wav,Bathtub_(filling_or_washing) Scissors Hiss
3288c908.wav,Microwave_oven Electric_guitar Cupboard_open_or_close
329d5f81.wav,Tap Chink_and_clink Tick-tock
32aaacf1.wav,Toilet_flush Chink_and_clink Burping_and_eructation
32ad561a.wav,Church_bell Screaming Male_singing
32b66826.wav,Crackle Zipper_(clothing) Knock
32bf8f9d.wav,Tap Zipper_(clothing) Chink_and_clink
32cce167.wav,Crackle Bathtub_(filling_or_washing) Scissors
32d21079.wav,Bicycle_bell Chink_and_clink Meow
32e0e55a.wav,Buzz Hi-hat Bass_guitar
32f26b94.wav,Burping_and_eructation Sneeze Printer
330b1461.wav,Motorcycle Car_passing_by Printer
3313662e.wav,Knock Tap Drawer_open_or_close
33139052.wav,Bathtub_(filling_or_washing) Hiss Frying_(food)
33170581.wav,Meow Cricket Chirp_and_tweet
332246f6.wav,Whispering Chirp_and_tweet Screaming
33355c50.wav,Church_bell Chink_and_clink Marimba_and_xylophone
3347121c.wav,Printer Drawer_open_or_close Microwave_oven
3353d705.wav,Mechanical_fan Accelerating_and_revving_and_vroom Motorcycle
335d2ea3.wav,Race_car_and_auto_racing Hi-hat Accordion
336a88c3.wav,Sigh Bicycle_bell Gasp
338669d9.wav,Tick-tock Chewing_and_mastication Hiss
33a61f8d.wav,Bass_drum Crackle Knock
33bc9deb.wav,Keys_jangling Writing Fill_(with_liquid)
33c82ad4.wav,Burping_and_eructation Screaming Marimba_and_xylophone
33ef8393.wav,Bicycle_bell Hiss Purr
33fbfca7.wav,Frying_(food) Hiss Shatter
34035cf8.wav,Printer Bass_drum Zipper_(clothing)
340d5db4.wav,Motorcycle Car_passing_by Accelerating_and_revving_and_vroom
340da762.wav,Purr Motorcycle Drawer_open_or_close
34120253.wav,Hi-hat Harmonica Keys_jangling
341efc4b.wav,Mechanical_fan Accelerating_and_revving_and_vroom Motorcycle
342cc3ae.wav,Female_singing Male_singing Church_bell
34486c7f.wav,Electric_guitar Church_bell Accordion
34510c7a.wav,Child_speech_and_kid_speaking Skateboard Sneeze
34512413.wav,Stream Bathtub_(filling_or_washing) Toilet_flush
346fc59c.wav,Sneeze Fill_(with_liquid) Burping_and_eructation
3474d7cd.wav,Chewing_and_mastication Crackle Bathtub_(filling_or_washing)
348aaf17.wav,Chewing_and_mastication Chirp_and_tweet Bathtub_(filling_or_washing)
349e5ea7.wav,Burping_and_eructation Yell Gurgling
34aac2b5.wav,Electric_guitar Male_singing Female_singing
34c53320.wav,Burping_and_eructation Male_speech_and_man_speaking Gurgling
34cca3b3.wav,Electric_guitar Motorcycle Church_bell
34d0b2ca.wav,Squeak Sneeze Printer
34d4cfda.wav,Church_bell Traffic_noise_and_roadway_noise Race_car_and_auto_racing
34dc323b.wav,Male_speech_and_man_speaking Female_speech_and_woman_speaking Zipper_(clothing)
34e6a0de.wav,Bicycle_bell Computer_keyboard Chirp_and_tweet
34f2c99d.wav,Crackle Run Chewing_and_mastication
34fbb318.wav,Computer_keyboard Fill_(with_liquid) Raindrop
3500ed9d.wav,Tap Knock Bass_drum
350942d1.wav,Toilet_flush Frying_(food) Bathtub_(filling_or_washing)
351a8abe.wav,Accelerating_and_revving_and_vroom Race_car_and_auto_racing Car_passing_by
352ce267.wav,Bass_drum Clapping Cupboard_open_or_close
3544797d.wav,Zipper_(clothing) Fart Sneeze
354d467a.wav,Zipper_(clothing) Run Knock
355ddeda.wav,Waves_and_surf Chewing_and_mastication Car_passing_by
356adc0d.wav,Squeak Zipper_(clothing) Tick-tock
356b99de.wav,Tick-tock Bark Scissors
35930583.wav,Female_singing Male_singing Male_speech_and_man_speaking
359a6e84.wav,Car_passing_by Motorcycle Purr
35a7edad.wav,Bass_drum Cupboard_open_or_close Slam
35a8a688.wav,Zipper_(clothing) Male_speech_and_man_speaking Sneeze
35d5aca3.wav,Marimba_and_xylophone Child_speech_and_kid_speaking Drawer_open_or_close
35dbfd81.wav,Harmonica Accordion Printer
36027dca.wav,Bass_drum Cupboard_open_or_close Crackle
361237d6.wav,Electric_guitar Female_speech_and_woman_speaking Female_singing
361c9c0e.wav,Bicycle_bell Squeak Marimba_and_xylophone
3623b13a.wav,Female_singing Male_singing Male_speech_and_man_speaking
3626ac5a.wav,Purr Mechanical_fan Hiss
362f92f4.wav,Female_speech_and_woman_speaking Electric_guitar Buzz
366d25a7.wav,Church_bell Harmonica Mechanical_fan
366d6820.wav,Stream Bathtub_(filling_or_washing) Toilet_flush
367ef5a8.wav,Car_passing_by Microwave_oven Drawer_open_or_close
36896b31.wav,Frying_(food) Stream Waves_and_surf
368e3f09.wav,Crackle Buzz Zipper_(clothing)
36b92bec.wav,Cutlery_and_silverware Printer Bathtub_(filling_or_washing)
36beb3fd.wav,Male_singing Female_singing Male_speech_and_man_speaking
36c459de.wav,Yell Screaming Meow
36dfae4f.wav,Tick-tock Scissors Yell
36fe695f.wav,Drawer_open_or_close Zipper_(clothing) Bathtub_(filling_or_washing)
37053a90.wav,Burping_and_eructation Harmonica Male_singing
370eaa84.wav,Toilet_flush Female_singing Fill_(with_liquid)
37155f3a.wav,Car_passing_by Fill_(with_liquid) Male_singing
37790f99.wav,Frying_(food) Toilet_flush Hiss
378216b2.wav,Waves_and_surf Mechanical_fan Car_passing_by
37856035.wav,Stream Toilet_flush Fill_(with_liquid)
3792237d.wav,Waves_and_surf Crackle Run
37941050.wav,Accelerating_and_revving_and_vroom Car_passing_by Mechanical_fan
379ae4e1.wav,Bathtub_(filling_or_washing) Stream Fill_(with_liquid)
379b7e21.wav,Stream Waves_and_surf Bathtub_(filling_or_washing)
379c063d.wav,Female_speech_and_woman_speaking Gasp Sneeze
37a1946c.wav,Accelerating_and_revving_and_vroom Drawer_open_or_close Microwave_oven
37a7927f.wav,Knock Tap Clapping
37c95c1c.wav,Sneeze Burping_and_eructation Yell
37ccc1ea.wav,Frying_(food) Bathtub_(filling_or_washing) Crackle
37d609aa.wav,Bathtub_(filling_or_washing) Car_passing_by Run
37dc178a.wav,Bus Traffic_noise_and_roadway_noise Purr
37f5f0d8.wav,Mechanical_fan Waves_and_surf Car_passing_by
382587b8.wav,Crackle Knock Slam
382cd8c5.wav,Drawer_open_or_close Zipper_(clothing) Crackle
38368c9b.wav,Drawer_open_or_close Buzz Tick-tock
384b0ff2.wav,Gong Marimba_and_xylophone Chink_and_clink
38544190.wav,Knock Microwave_oven Tap
38558ab1.wav,Bathtub_(filling_or_washing) Gurgling Fill_(with_liquid)
3858d281.wav,Tap Bass_drum Drawer_open_or_close
385e8b0f.wav,Drawer_open_or_close Run Race_car_and_auto_racing
38636d71.wav,Fill_(with_liquid) Female_speech_and_woman_speaking Male_speech_and_man_speaking
38669440.wav,Waves_and_surf Fart Walk_and_footsteps
387014ab.wav,Toilet_flush Bathtub_(filling_or_washing) Printer
3876c193.wav,Meow Screaming Child_speech_and_kid_speaking
388f70a5.wav,Mechanical_fan Waves_and_surf Drawer_open_or_close
38b9ff18.wav,Child_speech_and_kid_speaking Drawer_open_or_close Cupboard_open_or_close
38d29a00.wav,Run Zipper_(clothing) Bathtub_(filling_or_washing)
38d378d8.wav,Mechanical_fan Accelerating_and_revving_and_vroom Car_passing_by
38d50e59.wav,Raindrop Male_speech_and_man_speaking Chewing_and_mastication
38d5d026.wav,Drawer_open_or_close Zipper_(clothing) Gasp
38e43355.wav,Male_singing Female_speech_and_woman_speaking Child_speech_and_kid_speaking
38ea5df2.wav,Drawer_open_or_close Tick-tock Printer
38f6aa5e.wav,Screaming Harmonica Toilet_flush
38fea590.wav,Electric_guitar Church_bell Harmonica
390789a8.wav,Gurgling Motorcycle Purr
390995ef.wav,Chewing_and_mastication Fart Hi-hat
39189c31.wav,Printer Burping_and_eructation Screaming
391fbd47.wav,Drawer_open_or_close Tick-tock Tap
392e88d7.wav,Cricket Purr Motorcycle
3939b821.wav,Scissors Writing Male_speech_and_man_speaking
39467410.wav,Church_bell Microwave_oven Printer
394b8ce2.wav,Run Walk_and_footsteps Zipper_(clothing)
395de76a.wav,Clapping Waves_and_surf Accelerating_and_revving_and_vroom
395df625.wav,Male_speech_and_man_speaking Burping_and_eructation Printer
396d793f.wav,Chewing_and_mastication Run Zipper_(clothing)
39723c0e.wav,Marimba_and_xylophone Gong Buzz
39768e2a.wav,Male_speech_and_man_speaking Gurgling Female_speech_and_woman_speaking
3987fc79.wav,Purr Burping_and_eructation Cricket
398b6fa6.wav,Drawer_open_or_close Run Skateboard
399732ec.wav,Screaming Harmonica Burping_and_eructation
39a8ac5c.wav,Run Computer_keyboard Crackle
39b6cc75.wav,Bathtub_(filling_or_washing) Crackle Frying_(food)
39bbcabd.wav,Car_passing_by Mechanical_fan Slam
39c1f2fd.wav,Microwave_oven Run Skateboard
39d1b554.wav,Zipper_(clothing) Bathtub_(filling_or_washing) Gasp
39e1b8cc.wav,Fill_(with_liquid) Bathtub_(filling_or_washing) Toilet_flush
39e2f767.wav,Sneeze Meow Burping_and_eructation
39e35f03.wav,Screaming Printer Buzz
39eb6dd5.wav,Slam Run Bass_drum
39f19344.wav,Drawer_open_or_close Accelerating_and_revving_and_vroom Hiss
3a2353bb.wav,Chink_and_clink Sigh Gasp
3a28e28a.wav,Mechanical_fan Accelerating_and_revving_and_vroom Car_passing_by
3a2a4822.wav,Bass_drum Clapping Tap
3a3e4b29.wav,Electric_guitar Male_singing Race_car_and_auto_racing
3a49d5ed.wav,Gurgling Computer_keyboard Fill_(with_liquid)
3a4cf709.wav,Chink_and_clink Screaming Burping_and_eructation
3a5e6dde.wav,Frying_(food) Bathtub_(filling_or_washing) Meow
3a66e3df.wav,Chewing_and_mastication Writing Bathtub_(filling_or_washing)
3a87c628.wav,Waves_and_surf Drawer_open_or_close Zipper_(clothing)
3a885c38.wav,Mechanical_fan Waves_and_surf Purr
3a8b9afe.wav,Electric_guitar Accordion Church_bell
3aa5b432.wav,Waves_and_surf Bathtub_(filling_or_washing) Stream
3ac609e1.wav,Mechanical_fan Accelerating_and_revving_and_vroom Car_passing_by
3acbee34.wav,Screaming Chewing_and_mastication Meow
3adfb8f0.wav,Printer Bathtub_(filling_or_washing) Fill_(with_liquid)
3ae08e83.wav,Bathtub_(filling_or_washing) Printer Buzz
3ae0ea8b.wav,Microwave_oven Tick-tock Sigh
3b0a3361.wav,Toilet_flush Church_bell Female_singing
3b0b13f4.wav,Sneeze Female_speech_and_woman_speaking Male_speech_and_man_speaking
3b13f6a1.wav,Waves_and_surf Stream Car_passing_by
3b23ed90.wav,Microwave_oven Whispering Church_bell
3b252939.wav,Gasp Zipper_(clothing) Printer
3b277890.wav,Child_speech_and_kid_speaking Skateboard Printer
3b382171.wav,Sneeze Burping_and_eructation Gurgling
3b3c2c67.wav,Computer_keyboard Chewing_and_mastication Scissors
3b75b456.wav,Accelerating_and_revving_and_vroom Race_car_and_auto_racing Stream
3b7c7f94.wav,Run Drawer_open_or_close Walk_and_footsteps
3bb6024f.wav,Motorcycle Zipper_(clothing) Bass_drum
3bb7c24d.wav,Zipper_(clothing) Knock Tap
3bb9a722.wav,Fart Zipper_(clothing) Hiss
3bda5fb0.wav,Mechanical_fan Car_passing_by Accelerating_and_revving_and_vroom
3bfcab18.wav,Bass_guitar Electric_guitar Gong
3c0370c8.wav,Bass_drum Drawer_open_or_close Purr
3c1b9399.wav,Printer Run Chewing_and_mastication
3c20c95f.wav,Zipper_(clothing) Drawer_open_or_close Run
3c216393.wav,Burping_and_eructation Male_speech_and_man_speaking Gurgling
3c244ade.wav,Bathtub_(filling_or_washing) Stream Toilet_flush
3c348e5c.wav,Fill_(with_liquid) Bathtub_(filling_or_washing) Hi-hat
3c35237b.wav,Car_passing_by Mechanical_fan Accelerating_and_revving_and_vroom
3c40f472.wav,Male_singing Meow Electric_guitar
3c525c1f.wav,Frying_(food) Bathtub_(filling_or_washing) Drawer_open_or_close
3c590143.wav,Motorcycle Buzz Bass_drum
3c90b11b.wav,Hiss Chewing_and_mastication Tick-tock
3c95067e.wav,Bathtub_(filling_or_washing) Waves_and_surf Skateboard
3ca6b1a3.wav,Fill_(with_liquid) Screaming Trickle_and_dribble
3caf1f70.wav,Crackle Purr Zipper_(clothing)
3cc51361.wav,Electric_guitar Male_speech_and_man_speaking Male_singing
3cd30520.wav,Printer Fart Chewing_and_mastication
3ce0dcd0.wav,Printer Toilet_flush Bathtub_(filling_or_washing)
3ce9fd74.wav,Harmonica Screaming Meow
3cfeb0cd.wav,Bathtub_(filling_or_washing) Frying_(food) Hiss
3d07c63a.wav,Drawer_open_or_close Tap Crackle
3d0beb6f.wav,Printer Drawer_open_or_close Run
3d0dca90.wav,Electric_guitar Church_bell Female_singing
3d1d3f2b.wav,Stream Printer Waves_and_surf
3d27f415.wav,Harmonica Gong Church_bell
3d287b47.wav,Car_passing_by Waves_and_surf Crackle
3d4e1dea.wav,Female_speech_and_woman_speaking Male_singing Electric_guitar
3d58d893.wav,Waves_and_surf Stream Printer
3d5f899d.wav,Gong Accelerating_and_revving_and_vroom Chink_and_clink
3d633399.wav,Burping_and_eructation Printer Sigh
3d7309d7.wav,Stream Bathtub_(filling_or_washing) Fill_(with_liquid)
3d921767.wav,Bass_guitar Electric_guitar Gong
3d9a715d.wav,Stream Bathtub_(filling_or_washing) Toilet_flush
3db04d3f.wav,Bass_guitar Gong Bass_drum
3db44f6c.wav,Harmonica Screaming Yell
3ddb4122.wav,Chewing_and_mastication Purr Hiss
3dedbba9.wav,Cutlery_and_silverware Hiss Bathtub_(filling_or_washing)
3df2fc0e.wav,Car_passing_by Mechanical_fan Microwave_oven
3df5c540.wav,Clapping Bathtub_(filling_or_washing) Toilet_flush
3e230352.wav,Screaming Toilet_flush Fill_(with_liquid)
3e3a6910.wav,Drawer_open_or_close Cupboard_open_or_close Sigh
3e4755ba.wav,Bass_guitar Gong Tap
3e52f857.wav,Gurgling Screaming Purr
3e5ce660.wav,Mechanical_fan Car_passing_by Waves_and_surf
3e656c6e.wav,Bicycle_bell Chink_and_clink Burping_and_eructation
3e65a00d.wav,Waves_and_surf Stream Mechanical_fan
3e691b83.wav,Run Slam Tap
3e7889ed.wav,Burping_and_eructation Cutlery_and_silverware Printer
3e83500f.wav,Knock Car_passing_by Clapping
3e9967cf.wav,Purr Sigh Drawer_open_or_close
3ebaff6d.wav,Car_passing_by Waves_and_surf Mechanical_fan
3ecc19c5.wav,Skateboard Race_car_and_auto_racing Hi-hat
3ed6c2b5.wav,Church_bell Gong Microwave_oven
3efc0912.wav,Harmonica Church_bell Yell
3f0f92ff.wav,Tick-tock Marimba_and_xylophone Clapping
3f15fd07.wav,Bathtub_(filling_or_washing) Gurgling Run
3f16d9f3.wav,Gong Church_bell Race_car_and_auto_racing
3f19e53c.wav,Motorcycle Purr Car_passing_by
3f1ca1bb.wav,Toilet_flush Bathtub_(filling_or_washing) Printer
3f29038e.wav,Female_speech_and_woman_speaking Male_singing Electric_guitar
3f2dbd00.wav,Drawer_open_or_close Tap Sigh
3f4f4808.wav,Waves_and_surf Stream Motorcycle
3f53a02f.wav,Printer Race_car_and_auto_racing Cupboard_open_or_close
3f7043d9.wav,Drawer_open_or_close Frying_(food) Bathtub_(filling_or_washing)
3f80cc56.wav,Buzz Bathtub_(filling_or_washing) Hiss
3f96494a.wav,Drawer_open_or_close Car_passing_by Slam
3faf10be.wav,Car_passing_by Mechanical_fan Motorcycle
3fd4d55a.wav,Clapping Finger_snapping Crackle
400ff09d.wav,Fill_(with_liquid) Toilet_flush Bathtub_(filling_or_washing)
402e2d1b.wav,Tap Zipper_(clothing) Bass_drum
4030a4f2.wav,Crackle Knock Slam
4034f327.wav,Toilet_flush Stream Bathtub_(filling_or_washing)
4037cd65.wav,Chirp_and_tweet Screaming Printer
4040f015.wav,Drawer_open_or_close Printer Cupboard_open_or_close
40449ca7.wav,Hiss Bathtub_(filling_or_washing) Frying_(food)
404b54c0.wav,Printer Hiss Frying_(food)
404fb677.wav,Car_passing_by Mechanical_fan Bus
4053b801.wav,Sneeze Gasp Gurgling
405c66af.wav,Crackle Bathtub_(filling_or_washing) Cutlery_and_silverware
406306b6.wav,Church_bell Glockenspiel Marimba_and_xylophone
406a1cc1.wav,Chink_and_clink Sneeze Burping_and_eructation
406ade5e.wav,Buzz Frying_(food) Writing
4093913f.wav,Toilet_flush Electric_guitar Female_singing
40957335.wav,Screaming Burping_and_eructation Cupboard_open_or_close
4098028d.wav,Drawer_open_or_close Tick-tock Printer
40afd1b3.wav,Chewing_and_mastication Sneeze Hiss
40c1ed87.wav,Shatter Raindrop Fart
40c50046.wav,Run Drawer_open_or_close Buzz
40d0726d.wav,Mechanical_fan Bus Accelerating_and_revving_and_vroom
40dd1274.wav,Church_bell Yell Zipper_(clothing)
40e25750.wav,Burping_and_eructation Screaming Sneeze
410837eb.wav,Buzz Zipper_(clothing) Sneeze
410c2138.wav,Sigh Printer Cutlery_and_silverware
411993fd.wav,Fart Crackle Clapping
413b5427.wav,Harmonica Chink_and_clink Hi-hat
41522a65.wav,Waves_and_surf Hiss Computer_keyboard
415f4c8f.wav,Hiss Burping_and_eructation Sigh
41759973.wav,Stream Waves_and_surf Bus
419271cc.wav,Printer Gurgling Burping_and_eructation
4195cb1a.wav,Burping_and_eructation Harmonica Screaming
41af688a.wav,Zipper_(clothing) Chewing_and_mastication Bathtub_(filling_or_washing)
41c60bba.wav,Run Zipper_(clothing) Walk_and_footsteps
41cfee6d.wav,Accordion Harmonica Buzz
41f16193.wav,Run Car_passing_by Computer_keyboard
41f1ea4a.wav,Buzz Electric_guitar Motorcycle
41f86bc4.wav,Stream Toilet_flush Bathtub_(filling_or_washing)
4215309a.wav,Tap Gong Tick-tock
4248d196.wav,Waves_and_surf Stream Bathtub_(filling_or_washing)
42542036.wav,Church_bell Electric_guitar Accelerating_and_revving_and_vroom
