fname,label
000ccb97.wav,Clapping Hiss Writing
0012633b.wav,Run Drawer_open_or_close Walk_and_footsteps
001ed5f1.wav,Crackle Run Slam
00294be0.wav,Purr Chewing_and_mastication Gurgling
003fde7a.wav,Marimba_and_xylophone Bicycle_bell Microwave_oven
0040ccc9.wav,Bass_drum Marimba_and_xylophone Tap
0046b732.wav,Sneeze Cupboard_open_or_close Meow
004f3bbc.wav,Crackle Bass_drum Cupboard_open_or_close
00526050.wav,Slam Bass_drum Crackle
00559da4.wav,Run Chewing_and_mastication Crackle
00582bbe.wav,Marimba_and_xylophone Microwave_oven Knock
0064aedf.wav,Drawer_open_or_close Crackle Run
0065512b.wav,Drawer_open_or_close Tick-tock Run
006a91d2.wav,Waves_and_surf Stream Run
006ea9ee.wav,Hiss Sigh Gong
006f9dca.wav,Hiss Bathtub_(filling_or_washing) Frying_(food)
007450dc.wav,Screaming Squeak Marimba_and_xylophone
00979c8a.wav,Knock Chewing_and_mastication Run
00992464.wav,Male_speech_and_man_speaking Fill_(with_liquid) Bathtub_(filling_or_washing)
00b44a8a.wav,Hiss Cutlery_and_silverware Cricket
00bfaaaf.wav,Gasp Bathtub_(filling_or_washing) Sigh
00cf9680.wav,Tick-tock Crackle Scissors
00eae94d.wav,Hiss Crackle Finger_snapping
011ec5b8.wav,Chewing_and_mastication Purr Male_speech_and_man_speaking
013200dc.wav,Chewing_and_mastication Writing Tick-tock
01440c2e.wav,Harmonica Meow Electric_guitar
01567a3d.wav,Slam Cupboard_open_or_close Tap
0163d203.wav,Purr Chewing_and_mastication Run
017c24b2.wav,Church_bell Tick-tock Meow
01a992c5.wav,Cricket Chewing_and_mastication Purr
01b1d976.wav,Finger_snapping Chewing_and_mastication Whispering
01c1c371.wav,Tick-tock Marimba_and_xylophone Gurgling
01cf8354.wav,Sneeze Child_speech_and_kid_speaking Marimba_and_xylophone
01d2c640.wav,Writing Chewing_and_mastication Computer_keyboard
01d69423.wav,Tap Drawer_open_or_close Knock
01e9170b.wav,Electric_guitar Accordion Harmonica
01f2901a.wav,Bathtub_(filling_or_washing) Hiss Frying_(food)
020b1fdf.wav,Burping_and_eructation Bus Sigh
021457df.wav,Fill_(with_liquid) Chewing_and_mastication Trickle_and_dribble
02173589.wav,Harmonica Screaming Meow
021ac082.wav,Stream Waves_and_surf Crackle
02200884.wav,Writing Chewing_and_mastication Cutlery_and_silverware
02213278.wav,Crackle Scissors Bathtub_(filling_or_washing)
022e3b2c.wav,Chewing_and_mastication Waves_and_surf Run
023081f2.wav,Marimba_and_xylophone Glockenspiel Tick-tock
02596541.wav,Electric_guitar Meow Squeak
0289b79b.wav,Motorcycle Printer Cupboard_open_or_close
028cf9db.wav,Child_speech_and_kid_speaking Meow Female_singing
028d26f7.wav,Shatter Cutlery_and_silverware Keys_jangling
02ab2a72.wav,Bathtub_(filling_or_washing) Accelerating_and_revving_and_vroom Meow
02c02ec1.wav,Church_bell Harmonica Printer
02ce28a1.wav,Traffic_noise_and_roadway_noise Purr Car_passing_by
02d01f40.wav,Scissors Keys_jangling Writing
02da7457.wav,Toilet_flush Frying_(food) Scissors
02e17633.wav,Knock Zipper_(clothing) Run
02e8059d.wav,Male_speech_and_man_speaking Electric_guitar Cutlery_and_silverware
02f71319.wav,Hiss Frying_(food) Hi-hat
03090fb0.wav,Meow Marimba_and_xylophone Harmonica
03162c23.wav,Marimba_and_xylophone Tick-tock Sigh
032f518c.wav,Electric_guitar Marimba_and_xylophone Bass_guitar
03300fcb.wav,Electric_guitar Harmonica Gong
035dd895.wav,Sneeze Printer Drawer_open_or_close
03754ab4.wav,Hiss Bathtub_(filling_or_washing) Tick-tock
037b47c4.wav,Sneeze Tick-tock Yell
03887635.wav,Tick-tock Crackle Chewing_and_mastication
03931594.wav,Sneeze Gasp Fart
039d2821.wav,Female_speech_and_woman_speaking Male_speech_and_man_speaking Child_speech_and_kid_speaking
03a47c4a.wav,Tick-tock Crackle Sneeze
03b80975.wav,Traffic_noise_and_roadway_noise Waves_and_surf Bus
03c5e8d0.wav,Computer_keyboard Crackle Tick-tock
03fe2971.wav,Marimba_and_xylophone Tap Sneeze
04008bb5.wav,Keys_jangling Shatter Cutlery_and_silverware
040c5c0c.wav,Run Chewing_and_mastication Computer_keyboard
041cff59.wav,Computer_keyboard Drawer_open_or_close Writing
042b07a4.wav,Church_bell Race_car_and_auto_racing Bark
042b542f.wav,Electric_guitar Chirp_and_tweet Marimba_and_xylophone
04308d8d.wav,Meow Marimba_and_xylophone Female_speech_and_woman_speaking
04355ea8.wav,Female_speech_and_woman_speaking Fill_(with_liquid) Chirp_and_tweet
0442a617.wav,Screaming Yell Harmonica
0443f812.wav,Sigh Sneeze Tick-tock
04441d5b.wav,Tick-tock Writing Run
0453bb71.wav,Harmonica Yell Hiss
04702c1c.wav,Sneeze Toilet_flush Scissors
047ba0e1.wav,Keys_jangling Cutlery_and_silverware Scissors
04877d29.wav,Electric_guitar Mechanical_fan Race_car_and_auto_racing
048c3418.wav,Stream Waves_and_surf Toilet_flush
04a5c9eb.wav,Printer Microwave_oven Accelerating_and_revving_and_vroom
04ad8e52.wav,Toilet_flush Gurgling Writing
04af82d9.wav,Male_speech_and_man_speaking Gurgling Chink_and_clink
04b1558a.wav,Bathtub_(filling_or_washing) Fill_(with_liquid) Chewing_and_mastication
04de7b9a.wav,Run Scissors Shatter
04e8bf2a.wav,Knock Drawer_open_or_close Tap
04f004fe.wav,Computer_keyboard Chewing_and_mastication Purr
04f48f10.wav,Clapping Bathtub_(filling_or_washing) Hiss
0506eee8.wav,Traffic_noise_and_roadway_noise Motorcycle Car_passing_by
050eb97f.wav,Accelerating_and_revving_and_vroom Cupboard_open_or_close Motorcycle
051bda9a.wav,Chewing_and_mastication Tick-tock Purr
057a3c2e.wav,Crackle Computer_keyboard Raindrop
057c13c8.wav,Screaming Meow Harmonica
058a4a79.wav,Bathtub_(filling_or_washing) Sneeze Toilet_flush
058ec864.wav,Bicycle_bell Chirp_and_tweet Microwave_oven
05af19b1.wav,Race_car_and_auto_racing Traffic_noise_and_roadway_noise Motorcycle
05c881c4.wav,Hiss Tick-tock Scissors
05d775e9.wav,Hiss Bathtub_(filling_or_washing) Stream
05dae80d.wav,Tap Knock Marimba_and_xylophone
05e34a55.wav,Frying_(food) Hiss Crackle
05edaa47.wav,Chewing_and_mastication Computer_keyboard Tick-tock
060b802f.wav,Hiss Gasp Cutlery_and_silverware
060d2d47.wav,Tick-tock Writing Knock
062e94dd.wav,Marimba_and_xylophone Chink_and_clink Gong
06345241.wav,Screaming Squeak Meow
0648b115.wav,Gasp Sigh Zipper_(clothing)
06526954.wav,Chewing_and_mastication Crackle Run
065b49ec.wav,Whispering Meow Crackle
06604d51.wav,Tap Marimba_and_xylophone Fill_(with_liquid)
068b717f.wav,Meow Bark Child_speech_and_kid_speaking
069b2f91.wav,Burping_and_eructation Sneeze Harmonica
069f3ce5.wav,Sneeze Tick-tock Female_speech_and_woman_speaking
06a23eb9.wav,Chirp_and_tweet Writing Accelerating_and_revving_and_vroom
06c34152.wav,Gasp Toilet_flush Skateboard
06feb5cf.wav,Accelerating_and_revving_and_vroom Race_car_and_auto_racing Motorcycle
0718ce8d.wav,Run Computer_keyboard Chewing_and_mastication
07295dd0.wav,Bass_drum Slam Knock
072ee4b2.wav,Tick-tock Chewing_and_mastication Sneeze
074cbe2b.wav,Meow Screaming Female_speech_and_woman_speaking
07502956.wav,Crackle Finger_snapping Chewing_and_mastication
07603ad3.wav,Traffic_noise_and_roadway_noise Mechanical_fan Hiss
07670752.wav,Trickle_and_dribble Fill_(with_liquid) Hiss
077f270d.wav,Marimba_and_xylophone Tap Writing
0782d022.wav,Screaming Marimba_and_xylophone Squeak
078464b8.wav,Stream Hiss Waves_and_surf
07a82fbe.wav,Drawer_open_or_close Microwave_oven Knock
07bca33c.wav,Chink_and_clink Marimba_and_xylophone Sneeze
07da8ebf.wav,Screaming Child_speech_and_kid_speaking Squeak
07dff283.wav,Drawer_open_or_close Run Slam
07f965a0.wav,Stream Waves_and_surf Toilet_flush
07fa6e7e.wav,Sneeze Burping_and_eructation Printer
08087580.wav,Stream Bathtub_(filling_or_washing) Trickle_and_dribble
0814db2b.wav,Harmonica Accordion Meow
0815543c.wav,Fart Chirp_and_tweet Sneeze
081d6520.wav,Shatter Scissors Hi-hat
081f2b5a.wav,Knock Computer_keyboard Run
0824bbdb.wav,Keys_jangling Hiss Cutlery_and_silverware
08272d1c.wav,Bus Cricket Chirp_and_tweet
08278440.wav,Sneeze Burping_and_eructation Male_speech_and_man_speaking
0837e041.wav,Drawer_open_or_close Run Slam
08390e01.wav,Hiss Cricket Purr
083cc652.wav,Child_speech_and_kid_speaking Bark Female_singing
08458ab2.wav,Chewing_and_mastication Computer_keyboard Run
0849057f.wav,Male_speech_and_man_speaking Marimba_and_xylophone Meow
084e5784.wav,Sneeze Male_speech_and_man_speaking Gasp
085f174a.wav,Harmonica Electric_guitar Marimba_and_xylophone
0865816c.wav,Tick-tock Drawer_open_or_close Tap
086ce4a5.wav,Meow Microwave_oven Screaming
086ebb95.wav,Microwave_oven Motorcycle Car_passing_by
08810dd4.wav,Crackle Computer_keyboard Trickle_and_dribble
08b06642.wav,Female_singing Male_singing Screaming
08b2d04c.wav,Child_speech_and_kid_speaking Electric_guitar Harmonica
08bc3e2d.wav,Meow Drawer_open_or_close Bathtub_(filling_or_washing)
08d46566.wav,Tick-tock Keys_jangling Crackle
08d4acca.wav,Church_bell Electric_guitar Race_car_and_auto_racing
08d5d316.wav,Waves_and_surf Stream Traffic_noise_and_roadway_noise
08dfe75d.wav,Slam Knock Crackle
08eb3a69.wav,Chewing_and_mastication Purr Zipper_(clothing)
08f36895.wav,Run Computer_keyboard Tick-tock
08facc12.wav,Trickle_and_dribble Fill_(with_liquid) Whispering
090cc523.wav,Fill_(with_liquid) Raindrop Trickle_and_dribble
091fa206.wav,Zipper_(clothing) Hiss Chewing_and_mastication
092d8e54.wav,Run Waves_and_surf Knock
094761b8.wav,Tick-tock Buzz Crackle
0963270d.wav,Computer_keyboard Gurgling Run
0992b95a.wav,Purr Chewing_and_mastication Gurgling
0997968e.wav,Stream Zipper_(clothing) Bathtub_(filling_or_washing)
09a67356.wav,Cupboard_open_or_close Sigh Slam
09d085e3.wav,Waves_and_surf Bus Chewing_and_mastication
0a31c905.wav,Sigh Drawer_open_or_close Toilet_flush
0a3c2351.wav,Tick-tock Scissors Writing
0a4d3800.wav,Tick-tock Chewing_and_mastication Walk_and_footsteps
0a4ff0fb.wav,Fart Shatter Cupboard_open_or_close
0a56e261.wav,Gong Meow Cupboard_open_or_close
0a64010f.wav,Screaming Meow Bark
0a683136.wav,Bass_guitar Motorcycle Electric_guitar
0a6e6889.wav,Gong Marimba_and_xylophone Drawer_open_or_close
0a8e1630.wav,Crackle Run Tick-tock
0a950c32.wav,Marimba_and_xylophone Bass_guitar Male_speech_and_man_speaking
0aee7a2a.wav,Stream Waves_and_surf Run
0af7446d.wav,Tick-tock Writing Slam
0b1503e8.wav,Sigh Harmonica Screaming
0b33d746.wav,Meow Harmonica Screaming
0b4819f1.wav,Fart Printer Writing
0b5c6535.wav,Trickle_and_dribble Crackle Tick-tock
0b73077e.wav,Yell Screaming Meow
0b9e93e6.wav,Writing Hiss Chewing_and_mastication
0ba7fe6b.wav,Knock Bass_drum Tap
0bacb61b.wav,Crackle Tick-tock Trickle_and_dribble
0bb86b6c.wav,Burping_and_eructation Sneeze Sigh
0bbe8308.wav,Sneeze Tap Burping_and_eructation
0bc36580.wav,Bark Female_singing Screaming
0bc7822a.wav,Tick-tock Writing Chewing_and_mastication
0bdcdfba.wav,Trickle_and_dribble Crackle Raindrop
0bec3f54.wav,Crackle Tick-tock Trickle_and_dribble
0c151ad3.wav,Waves_and_surf Traffic_noise_and_roadway_noise Stream
0c16f612.wav,Meow Harmonica Screaming
0c32d940.wav,Burping_and_eructation Sneeze Marimba_and_xylophone
0c390f3c.wav,Burping_and_eructation Chink_and_clink Sigh
0c3b2573.wav,Motorcycle Car_passing_by Traffic_noise_and_roadway_noise
0c5ba768.wav,Zipper_(clothing) Sneeze Knock
0c698ef7.wav,Tick-tock Crackle Scissors
0c8d9148.wav,Crackle Tick-tock Toilet_flush
0c8def18.wav,Traffic_noise_and_roadway_noise Car_passing_by Motorcycle
0c949702.wav,Hiss Toilet_flush Frying_(food)
0cb33d03.wav,Whispering Sigh Tick-tock
0cb4cde3.wav,Tick-tock Chewing_and_mastication Writing
0cdddb37.wav,Tick-tock Drawer_open_or_close Crackle
0ce84f9b.wav,Motorcycle Mechanical_fan Accelerating_and_revving_and_vroom
0cfe3f96.wav,Bathtub_(filling_or_washing) Hiss Whispering
0d000cd7.wav,Male_speech_and_man_speaking Gasp Fart
0d1b11e0.wav,Sigh Gasp Sneeze
0d2230eb.wav,Hiss Bathtub_(filling_or_washing) Chewing_and_mastication
0d2707f4.wav,Glockenspiel Sigh Harmonica
0d34341d.wav,Electric_guitar Drawer_open_or_close Purr
0d3dc96c.wav,Shatter Sneeze Sigh
0d507c20.wav,Meow Harmonica Church_bell
0d540ee1.wav,Tick-tock Scissors Writing
0d5516ef.wav,Screaming Chirp_and_tweet Squeak
0d6564bb.wav,Bark Male_singing Female_singing
0d673a8c.wav,Writing Chirp_and_tweet Microwave_oven
0d74277e.wav,Traffic_noise_and_roadway_noise Toilet_flush Motorcycle
0d8d7af9.wav,Run Crackle Zipper_(clothing)
0d8e2166.wav,Keys_jangling Shatter Toilet_flush
0d8f3f54.wav,Bass_drum Cupboard_open_or_close Slam
0d9caeeb.wav,Traffic_noise_and_roadway_noise Microwave_oven Motorcycle
0da3d582.wav,Gurgling Whispering Chewing_and_mastication
0dc06757.wav,Child_speech_and_kid_speaking Meow Female_singing
0dc813d8.wav,Crackle Scissors Run
0dce3e5f.wav,Stream Bathtub_(filling_or_washing) Toilet_flush
0dcf1534.wav,Waves_and_surf Run Walk_and_footsteps
0dda644b.wav,Bathtub_(filling_or_washing) Chewing_and_mastication Hiss
0ddd0393.wav,Finger_snapping Clapping Tap
0de2a4b2.wav,Male_speech_and_man_speaking Fill_(with_liquid) Chirp_and_tweet
0de4fc92.wav,Male_singing Electric_guitar Gasp
0df1484c.wav,Writing Meow Computer_keyboard
0e18c7d2.wav,Crackle Tick-tock Trickle_and_dribble
0e3e2590.wav,Printer Cupboard_open_or_close Microwave_oven
0e4be6a4.wav,Bus Car_passing_by Traffic_noise_and_roadway_noise
0e6552c7.wav,Slam Drawer_open_or_close Run
0e70a285.wav,Bathtub_(filling_or_washing) Stream Hiss
0e7f5c7e.wav,Fill_(with_liquid) Waves_and_surf Stream
0e9e941b.wav,Gurgling Fill_(with_liquid) Trickle_and_dribble
0ea99bf4.wav,Bark Hiss Sigh
0eaf6d60.wav,Crackle Walk_and_footsteps Slam
0ec7e315.wav,Mechanical_fan Crackle Traffic_noise_and_roadway_noise
0ed20fe2.wav,Waves_and_surf Run Crackle
0ee80cb7.wav,Female_speech_and_woman_speaking Male_singing Female_singing
0ef6fb07.wav,Sigh Cutlery_and_silverware Shatter
0f07f15f.wav,Crackle Tick-tock Clapping
0f08a4c8.wav,Crackle Purr Mechanical_fan
0f096853.wav,Motorcycle Traffic_noise_and_roadway_noise Microwave_oven
0f1ab7b0.wav,Crackle Run Trickle_and_dribble
0f3fe29d.wav,Stream Waves_and_surf Run
0f50ef2b.wav,Motorcycle Traffic_noise_and_roadway_noise Printer
0f61907d.wav,Race_car_and_auto_racing Electric_guitar Car_passing_by
0f663341.wav,Tick-tock Drawer_open_or_close Walk_and_footsteps
0f81d5bc.wav,Tick-tock Computer_keyboard Chewing_and_mastication
0faf5b2e.wav,Electric_guitar Motorcycle Accelerating_and_revving_and_vroom
0fc07a52.wav,Run Tick-tock Chewing_and_mastication
0fc6a683.wav,Hiss Bathtub_(filling_or_washing) Frying_(food)
0fccb2e5.wav,Whispering Hiss Sigh
0fd91890.wav,Tick-tock Meow Sneeze
0fdb30c1.wav,Drawer_open_or_close Run Walk_and_footsteps
0fed6565.wav,Toilet_flush Hiss Frying_(food)
0ff0e483.wav,Child_speech_and_kid_speaking Female_speech_and_woman_speaking Sneeze
0fffc208.wav,Drawer_open_or_close Bathtub_(filling_or_washing) Tap
100e123a.wav,Shatter Bus Fill_(with_liquid)
100faf3f.wav,Whispering Gong Cricket
101b2011.wav,Tap Marimba_and_xylophone Microwave_oven
10234fef.wav,Bass_drum Slam Cupboard_open_or_close
10236f0e.wav,Fart Purr Cricket
102fb14f.wav,Marimba_and_xylophone Electric_guitar Bass_guitar
1052e52b.wav,Fart Cupboard_open_or_close Burping_and_eructation
105460cd.wav,Whispering Trickle_and_dribble Yell
10678d21.wav,Keys_jangling Shatter Frying_(food)
107f3deb.wav,Run Frying_(food) Walk_and_footsteps
10811159.wav,Stream Bathtub_(filling_or_washing) Skateboard
10a1aa40.wav,Motorcycle Mechanical_fan Toilet_flush
10a7b8f3.wav,Harmonica Meow Female_singing
10acf1b6.wav,Chewing_and_mastication Hiss Purr
10c170b1.wav,Shatter Cutlery_and_silverware Bicycle_bell
10d026e9.wav,Knock Slam Drawer_open_or_close
10d94568.wav,Zipper_(clothing) Computer_keyboard Chewing_and_mastication
10e6a6ac.wav,Crackle Tick-tock Trickle_and_dribble
10e6db66.wav,Male_speech_and_man_speaking Sneeze Gasp
10e92421.wav,Zipper_(clothing) Chewing_and_mastication Electric_guitar
10f58e51.wav,Electric_guitar Chirp_and_tweet Race_car_and_auto_racing
11071bad.wav,Tap Marimba_and_xylophone Sneeze
111f9431.wav,Writing Chewing_and_mastication Tick-tock
112bdb70.wav,Child_speech_and_kid_speaking Harmonica Screaming
113290e8.wav,Keys_jangling Cutlery_and_silverware Scissors
1142def0.wav,Keys_jangling Scissors Cutlery_and_silverware
1147c12b.wav,Microwave_oven Chirp_and_tweet Chink_and_clink
1158e587.wav,Keys_jangling Cutlery_and_silverware Shatter
11641eb8.wav,Run Crackle Chewing_and_mastication
1167b492.wav,Shatter Whispering Sneeze
1172c5fb.wav,Church_bell Printer Race_car_and_auto_racing
117358df.wav,Knock Tick-tock Crackle
1175ac74.wav,Bathtub_(filling_or_washing) Waves_and_surf Run
11b6c488.wav,Stream Toilet_flush Hiss
11cc8bcb.wav,Chewing_and_mastication Gurgling Purr
12264142.wav,Chirp_and_tweet Male_speech_and_man_speaking Whispering
1226b0e0.wav,Writing Gurgling Computer_keyboard
1247b7e3.wav,Marimba_and_xylophone Glockenspiel Microwave_oven
124a286f.wav,Trickle_and_dribble Fill_(with_liquid) Male_speech_and_man_speaking
12600be5.wav,Crackle Tick-tock Computer_keyboard
12689530.wav,Harmonica Squeak Accordion
126b674b.wav,Scissors Keys_jangling Writing
127adb78.wav,Yell Female_singing Female_speech_and_woman_speaking
12849e29.wav,Harmonica Hiss Yell
128a67de.wav,Tick-tock Chewing_and_mastication Trickle_and_dribble
12bcd3ec.wav,Stream Chewing_and_mastication Writing
12d3e91f.wav,Slam Zipper_(clothing) Sigh
12d8c07f.wav,Car_passing_by Traffic_noise_and_roadway_noise Microwave_oven
12ddf239.wav,Tick-tock Chewing_and_mastication Crackle
12df81e8.wav,Waves_and_surf Stream Run
12ee0010.wav,Trickle_and_dribble Chewing_and_mastication Computer_keyboard
12fe33b6.wav,Shatter Whispering Motorcycle
130e4d2f.wav,Male_speech_and_man_speaking Gasp Bark
13237edd.wav,Whispering Fill_(with_liquid) Raindrop
134c3fea.wav,Burping_and_eructation Sigh Hiss
134c95a2.wav,Scissors Trickle_and_dribble Writing
13694181.wav,Crackle Drawer_open_or_close Slam
13728313.wav,Race_car_and_auto_racing Traffic_noise_and_roadway_noise Electric_guitar
13ae306e.wav,Chirp_and_tweet Marimba_and_xylophone Cricket
13cfa025.wav,Traffic_noise_and_roadway_noise Bus Waves_and_surf
13e3453c.wav,Hiss Bathtub_(filling_or_washing) Frying_(food)
13e84f69.wav,Screaming Chirp_and_tweet Marimba_and_xylophone
14096fd8.wav,Chewing_and_mastication Writing Computer_keyboard
142b9865.wav,Crackle Scissors Trickle_and_dribble
1438cfd0.wav,Writing Female_speech_and_woman_speaking Sigh
143e6d96.wav,Chirp_and_tweet Screaming Cricket
14416af5.wav,Marimba_and_xylophone Whispering Writing
1451986d.wav,Sneeze Yell Cupboard_open_or_close
145a10e4.wav,Run Walk_and_footsteps Drawer_open_or_close
146c73a3.wav,Harmonica Meow Tick-tock
14ab7f13.wav,Run Sigh Hiss
14cbc626.wav,Writing Slam Chewing_and_mastication
14d22f20.wav,Tick-tock Keys_jangling Writing
14e86cfb.wav,Finger_snapping Child_speech_and_kid_speaking Meow
14fd704c.wav,Computer_keyboard Crackle Tick-tock
151ea709.wav,Bathtub_(filling_or_washing) Clapping Whispering
15288481.wav,Electric_guitar Church_bell Purr
152a4e09.wav,Chewing_and_mastication Writing Toilet_flush
153579d9.wav,Run Waves_and_surf Crackle
1544427c.wav,Crackle Chewing_and_mastication Finger_snapping
154696fd.wav,Waves_and_surf Slam Motorcycle
156bf74f.wav,Hiss Stream Waves_and_surf
156c1736.wav,Church_bell Toilet_flush Accelerating_and_revving_and_vroom
15776b9c.wav,Fill_(with_liquid) Meow Male_speech_and_man_speaking
157dd023.wav,Gong Hi-hat Chink_and_clink
15849032.wav,Hiss Cricket Bathtub_(filling_or_washing)
15868ee8.wav,Purr Hiss Toilet_flush
159b8b9b.wav,Chewing_and_mastication Writing Bathtub_(filling_or_washing)
159d2208.wav,Tick-tock Sneeze Writing
15a78daf.wav,Scissors Computer_keyboard Microwave_oven
15a98fd7.wav,Bass_drum Tap Knock
15b0d4ec.wav,Crackle Tick-tock Knock
15bcf71d.wav,Bass_guitar Accelerating_and_revving_and_vroom Motorcycle
15c34c4f.wav,Whispering Tick-tock Computer_keyboard
15e2bcaa.wav,Electric_guitar Accordion Harmonica
15e7bb78.wav,Shatter Cutlery_and_silverware Keys_jangling
160105ad.wav,Electric_guitar Male_singing Harmonica
1604a3fa.wav,Scissors Writing Computer_keyboard
1606f119.wav,Gasp Zipper_(clothing) Sigh
160acbb0.wav,Cricket Chirp_and_tweet Hiss
165fd18a.wav,Knock Computer_keyboard Chewing_and_mastication
166a05c0.wav,Stream Skateboard Fill_(with_liquid)
1670b964.wav,Zipper_(clothing) Chewing_and_mastication Waves_and_surf
167a4f00.wav,Cricket Hiss Chirp_and_tweet
168be388.wav,Tap Sneeze Screaming
16b56d33.wav,Keys_jangling Raindrop Tap
16bc3f60.wav,Scissors Writing Bathtub_(filling_or_washing)
16c7da35.wav,Toilet_flush Stream Tick-tock
16d80f68.wav,Harmonica Squeak Screaming
16e17bed.wav,Bark Waves_and_surf Race_car_and_auto_racing
16f7ac14.wav,Motorcycle Printer Sigh
16fd3589.wav,Run Computer_keyboard Chewing_and_mastication
17135192.wav,Chirp_and_tweet Bicycle_bell Cricket
17140de5.wav,Chewing_and_mastication Bathtub_(filling_or_washing) Buzz
171aa36c.wav,Whispering Trickle_and_dribble Fill_(with_liquid)
17361a5c.wav,Stream Waves_and_surf Bathtub_(filling_or_washing)
1751bb8a.wav,Scissors Chewing_and_mastication Writing
1779b015.wav,Electric_guitar Church_bell Chirp_and_tweet
17b6e84f.wav,Tick-tock Hiss Frying_(food)
17c4b25f.wav,Toilet_flush Stream Bathtub_(filling_or_washing)
17dfb6db.wav,Tick-tock Computer_keyboard Sigh
1802421a.wav,Printer Waves_and_surf Cupboard_open_or_close
18183321.wav,Traffic_noise_and_roadway_noise Waves_and_surf Sigh
183948d1.wav,Printer Bathtub_(filling_or_washing) Hiss
183fb536.wav,Sigh Screaming Whispering
1843680b.wav,Chewing_and_mastication Run Fill_(with_liquid)
184aca02.wav,Crackle Frying_(food) Hiss
18551bc1.wav,Sneeze Gasp Female_speech_and_woman_speaking
1859b7f7.wav,Scissors Writing Keys_jangling
1877623e.wav,Tap Sneeze Sigh
1889c58d.wav,Bark Male_speech_and_man_speaking Hiss
18929e41.wav,Harmonica Squeak Meow
1899de05.wav,Slam Tick-tock Crackle
18ace84c.wav,Bark Screaming Squeak
18be000d.wav,Waves_and_surf Walk_and_footsteps Run
18c94757.wav,Harmonica Printer Church_bell
18ea2e9e.wav,Shatter Fill_(with_liquid) Chewing_and_mastication
18fda5a4.wav,Bus Motorcycle Accelerating_and_revving_and_vroom
1904f396.wav,Gurgling Sneeze Bark
19135157.wav,Tick-tock Crackle Run
191adc5f.wav,Female_speech_and_woman_speaking Child_speech_and_kid_speaking Gasp
19303d26.wav,Bus Chirp_and_tweet Cricket
193a6063.wav,Tick-tock Crackle Chewing_and_mastication
1945b8ca.wav,Toilet_flush Frying_(food) Hiss
19508dc0.wav,Motorcycle Accelerating_and_revving_and_vroom Race_car_and_auto_racing
1960e51e.wav,Male_speech_and_man_speaking Gurgling Purr
19754d94.wav,Female_singing Female_speech_and_woman_speaking Buzz
197ce5b2.wav,Female_speech_and_woman_speaking Male_singing Male_speech_and_man_speaking
199d4d12.wav,Male_speech_and_man_speaking Gurgling Fill_(with_liquid)
19a7dec3.wav,Male_speech_and_man_speaking Gurgling Fill_(with_liquid)
19bb5700.wav,Toilet_flush Whispering Fill_(with_liquid)
19c7c900.wav,Meow Female_singing Screaming
19d9401d.wav,Sneeze Clapping Crackle
19dcb315.wav,Tick-tock Writing Scissors
1a068a84.wav,Bass_guitar Race_car_and_auto_racing Male_singing
1a0d1b78.wav,Waves_and_surf Bus Motorcycle
1a110901.wav,Toilet_flush Frying_(food) Hiss
1a1de9b9.wav,Meow Hi-hat Printer
1a1def6e.wav,Zipper_(clothing) Bathtub_(filling_or_washing) Bark
1a1edda6.wav,Female_speech_and_woman_speaking Child_speech_and_kid_speaking Meow
1a2580e1.wav,Car_passing_by Purr Traffic_noise_and_roadway_noise
1a35ded5.wav,Hiss Frying_(food) Toilet_flush
1a362723.wav,Meow Screaming Squeak
1a44ace1.wav,Knock Marimba_and_xylophone Tap
1a51eefe.wav,Fill_(with_liquid) Yell Male_speech_and_man_speaking
1a5c4e84.wav,Run Waves_and_surf Walk_and_footsteps
1a606ef2.wav,Hiss Purr Mechanical_fan
1a6925fa.wav,Keys_jangling Shatter Scissors
1a884f9e.wav,Computer_keyboard Writing Tick-tock
1abdac69.wav,Fill_(with_liquid) Chewing_and_mastication Trickle_and_dribble
1ac6f6f3.wav,Bark Burping_and_eructation Sneeze
1acae695.wav,Waves_and_surf Traffic_noise_and_roadway_noise Walk_and_footsteps
1acb3d32.wav,Meow Marimba_and_xylophone Toilet_flush
1ad7f703.wav,Chewing_and_mastication Writing Fill_(with_liquid)
1ae3ca16.wav,Hiss Tick-tock Sigh
1aec75a6.wav,Crackle Fill_(with_liquid) Computer_keyboard
1b0687b2.wav,Squeak Trickle_and_dribble Crackle
1b086eb7.wav,Chewing_and_mastication Purr Walk_and_footsteps
1b0a3884.wav,Whispering Sigh Bark
1b1d1b2d.wav,Bathtub_(filling_or_washing) Hiss Toilet_flush
1b3ecd82.wav,Motorcycle Bus Accelerating_and_revving_and_vroom
1b5b6468.wav,Whispering Meow Tap
1b5daf72.wav,Crackle Run Tick-tock
1b68d94a.wav,Sigh Whispering Keys_jangling
1ba04ecc.wav,Crackle Frying_(food) Tick-tock
1bc14732.wav,Meow Squeak Shatter
1bcfdfb5.wav,Sneeze Marimba_and_xylophone Male_speech_and_man_speaking
1bd82417.wav,Gong Harmonica Marimba_and_xylophone
1be1c727.wav,Drawer_open_or_close Run Computer_keyboard
1bfd4be2.wav,Skateboard Whispering Printer
1c0e284a.wav,Printer Mechanical_fan Motorcycle
1c0fbe4b.wav,Meow Child_speech_and_kid_speaking Yell
1c1dd720.wav,Male_speech_and_man_speaking Bathtub_(filling_or_washing) Chewing_and_mastication
1c3bd325.wav,Sigh Cutlery_and_silverware Hiss
1c699cb7.wav,Microwave_oven Chirp_and_tweet Meow
1c6d56db.wav,Screaming Gong Whispering
1c77cedf.wav,Crackle Waves_and_surf Stream
1c785226.wav,Tick-tock Run Chewing_and_mastication
1c79ca96.wav,Crackle Tick-tock Trickle_and_dribble
1c8369cf.wav,Drawer_open_or_close Knock Writing
1c983e19.wav,Drawer_open_or_close Printer Buzz
1c9e3f10.wav,Crackle Cupboard_open_or_close Slam
1cc5b5f7.wav,Trickle_and_dribble Chewing_and_mastication Computer_keyboard
1cd55ad6.wav,Motorcycle Bus Mechanical_fan
1cf8379b.wav,Hiss Frying_(food) Bathtub_(filling_or_washing)
1d11b910.wav,Frying_(food) Hiss Bathtub_(filling_or_washing)
1d1778c4.wav,Marimba_and_xylophone Bass_drum Slam
1d1863a4.wav,Motorcycle Mechanical_fan Accelerating_and_revving_and_vroom
1d2459ce.wav,Sneeze Male_speech_and_man_speaking Gasp
1d279116.wav,Crackle Computer_keyboard Drawer_open_or_close
1d33f8e1.wav,Hiss Cutlery_and_silverware Hi-hat
1d4ae8ab.wav,Computer_keyboard Tick-tock Chewing_and_mastication
1d58040b.wav,Meow Squeak Harmonica
1d6f2b16.wav,Female_speech_and_woman_speaking Male_singing Female_singing
1d7d2a17.wav,Purr Zipper_(clothing) Chewing_and_mastication
1db41feb.wav,Screaming Gong Female_singing
1dbcd4ba.wav,Bathtub_(filling_or_washing) Tick-tock Chewing_and_mastication
1dc3166b.wav,Sneeze Fart Printer
1dc417cd.wav,Crackle Tick-tock Run
1dcc4dd4.wav,Motorcycle Microwave_oven Slam
1de84153.wav,Race_car_and_auto_racing Motorcycle Bus
1ded5864.wav,Crackle Tick-tock Computer_keyboard
1def6435.wav,Run Chewing_and_mastication Slam
1dfa910d.wav,Tick-tock Crackle Sneeze
1e0b81a9.wav,Electric_guitar Yell Meow
1e1a72d5.wav,Crackle Drawer_open_or_close Tick-tock
1e1e674a.wav,Bathtub_(filling_or_washing) Hiss Zipper_(clothing)
1e3763ba.wav,Meow Harmonica Screaming
1e3cd2f0.wav,Child_speech_and_kid_speaking Female_speech_and_woman_speaking Yell
1e6572de.wav,Meow Harmonica Sigh
1e6e9131.wav,Bus Whispering Sneeze
1e6fe316.wav,Stream Bathtub_(filling_or_washing) Waves_and_surf
1e7b59a7.wav,Sneeze Child_speech_and_kid_speaking Yell
1e8a965c.wav,Waves_and_surf Motorcycle Traffic_noise_and_roadway_noise
1e8fe3d2.wav,Male_singing Bark Female_singing
1ea533ec.wav,Crackle Tick-tock Trickle_and_dribble
1eac92a1.wav,Accordion Harmonica Squeak
1ec2f60d.wav,Shatter Crackle Scissors
1eda3d26.wav,Screaming Meow Harmonica
1f27827e.wav,Harmonica Screaming Meow
1f293888.wav,Slam Cupboard_open_or_close Drawer_open_or_close
1f3d2f22.wav,Hiss Stream Waves_and_surf
1f52baf2.wav,Whispering Sigh Keys_jangling
1f58cc84.wav,Male_singing Female_speech_and_woman_speaking Female_singing
1f63c45e.wav,Walk_and_footsteps Bathtub_(filling_or_washing) Chewing_and_mastication
1f85a5c7.wav,Whispering Sneeze Gasp
1f9c1f3e.wav,Church_bell Marimba_and_xylophone Race_car_and_auto_racing
1fc0282a.wav,Hiss Run Chewing_and_mastication
1fc8f9a5.wav,Bicycle_bell Microwave_oven Marimba_and_xylophone
1fd74cc3.wav,Marimba_and_xylophone Sigh Tick-tock
1fde2c61.wav,Run Drawer_open_or_close Zipper_(clothing)
1fe639ee.wav,Chewing_and_mastication Computer_keyboard Run
1fec2121.wav,Run Walk_and_footsteps Zipper_(clothing)
1ff215f3.wav,Run Drawer_open_or_close Waves_and_surf
200b6920.wav,Bus Sigh Printer
2012b2f4.wav,Drawer_open_or_close Zipper_(clothing) Slam
201c18ee.wav,Run Drawer_open_or_close Microwave_oven
20612e10.wav,Toilet_flush Screaming Hiss
2069253a.wav,Male_speech_and_man_speaking Gurgling Chirp_and_tweet
206c0a24.wav,Writing Chewing_and_mastication Computer_keyboard
20801c98.wav,Traffic_noise_and_roadway_noise Whispering Sigh
2087f937.wav,Writing Tick-tock Trickle_and_dribble
20898b89.wav,Stream Hiss Bathtub_(filling_or_washing)
20b16812.wav,Microwave_oven Keys_jangling Bicycle_bell
20c3541c.wav,Shatter Writing Keys_jangling
20d2ad1c.wav,Meow Chirp_and_tweet Microwave_oven
20dc6392.wav,Scissors Writing Computer_keyboard
20e285c7.wav,Race_car_and_auto_racing Male_singing Accelerating_and_revving_and_vroom
21102a3a.wav,Chewing_and_mastication Computer_keyboard Trickle_and_dribble
2113043a.wav,Female_singing Screaming Meow
2142adda.wav,Meow Male_speech_and_man_speaking Trickle_and_dribble
21447ea7.wav,Harmonica Electric_guitar Squeak
21455882.wav,Writing Bathtub_(filling_or_washing) Hiss
2157612c.wav,Toilet_flush Hiss Buzz
2159eea8.wav,Gasp Fart Sigh
2175b26d.wav,Bass_guitar Hiss Male_speech_and_man_speaking
217b109a.wav,Car_passing_by Motorcycle Mechanical_fan
2189acc6.wav,Harmonica Accordion Meow
218b15dc.wav,Bark Male_speech_and_man_speaking Yell
218c8907.wav,Fill_(with_liquid) Chewing_and_mastication Whispering
21b0c9cb.wav,Run Crackle Waves_and_surf
21b24d69.wav,Bass_drum Knock Slam
21b601cd.wav,Harmonica Meow Bark
21d2eb4c.wav,Sneeze Sigh Chirp_and_tweet
21d49986.wav,Crackle Slam Tick-tock
21e8d6a9.wav,Writing Knock Tick-tock
21eb5d58.wav,Printer Hiss Waves_and_surf
21eca32f.wav,Crackle Tick-tock Tap
21fa3245.wav,Tick-tock Scissors Hiss
2210c997.wav,Meow Yell Screaming
2216c947.wav,Purr Chirp_and_tweet Bus
223032ba.wav,Cricket Chirp_and_tweet Hiss
2236c850.wav,Crackle Purr Chewing_and_mastication
223a5173.wav,Sneeze Male_speech_and_man_speaking Male_singing
22522048.wav,Sigh Whispering Walk_and_footsteps
2263763d.wav,Purr Cricket Chirp_and_tweet
228a538c.wav,Crackle Tick-tock Knock
22a7e375.wav,Writing Stream Trickle_and_dribble
22b07889.wav,Screaming Child_speech_and_kid_speaking Gasp
22b6b9aa.wav,Clapping Sneeze Skateboard
22c5ea2f.wav,Motorcycle Fill_(with_liquid) Race_car_and_auto_racing
22c78043.wav,Traffic_noise_and_roadway_noise Car_passing_by Sneeze
22c98028.wav,Trickle_and_dribble Traffic_noise_and_roadway_noise Chewing_and_mastication
22c9b301.wav,Waves_and_surf Run Traffic_noise_and_roadway_noise
22cd860e.wav,Computer_keyboard Writing Chewing_and_mastication
22f22fc9.wav,Marimba_and_xylophone Computer_keyboard Motorcycle
22f2d98a.wav,Marimba_and_xylophone Trickle_and_dribble Writing
2303e210.wav,Tick-tock Whispering Sneeze
23244f49.wav,Whispering Chewing_and_mastication Writing
2327b6de.wav,Tap Bass_drum Cupboard_open_or_close
2343daa5.wav,Toilet_flush Hiss Printer
235213ce.wav,Whispering Trickle_and_dribble Cutlery_and_silverware
235f959c.wav,Meow Female_speech_and_woman_speaking Female_singing
236e7ce1.wav,Hiss Bathtub_(filling_or_washing) Frying_(food)
23726888.wav,Marimba_and_xylophone Electric_guitar Printer
23756062.wav,Car_passing_by Traffic_noise_and_roadway_noise Purr
238b11f0.wav,Trickle_and_dribble Whispering Gurgling
23a07927.wav,Gurgling Sneeze Marimba_and_xylophone
23a2669b.wav,Printer Drawer_open_or_close Buzz
23c4613e.wav,Run Crackle Tick-tock
23c714b5.wav,Bass_drum Crackle Bass_guitar
23d35eea.wav,Tick-tock Walk_and_footsteps Sneeze
23fabbb4.wav,Stream Waves_and_surf Bathtub_(filling_or_washing)
23fe505d.wav,Chewing_and_mastication Fill_(with_liquid) Writing
2406d1de.wav,Motorcycle Walk_and_footsteps Sigh
240e9caa.wav,Female_singing Child_speech_and_kid_speaking Meow
24456657.wav,Stream Waves_and_surf Skateboard
244a60cd.wav,Finger_snapping Tap Whispering
2451cad9.wav,Meow Bark Harmonica
2451d17b.wav,Gong Harmonica Squeak
245c01e6.wav,Race_car_and_auto_racing Electric_guitar Church_bell
2462f236.wav,Male_singing Female_singing Buzz
24ae5bef.wav,Sneeze Marimba_and_xylophone Chink_and_clink
24ce9114.wav,Male_speech_and_man_speaking Writing Female_speech_and_woman_speaking
24dda4ed.wav,Hiss Bathtub_(filling_or_washing) Scissors
24ecb25d.wav,Harmonica Meow Yell
24f04ba5.wav,Traffic_noise_and_roadway_noise Car_passing_by Waves_and_surf
2548960b.wav,Sneeze Hiss Sigh
256d567f.wav,Chewing_and_mastication Purr Scissors
2583a54d.wav,Crackle Tick-tock Chewing_and_mastication
2599ff86.wav,Child_speech_and_kid_speaking Screaming Female_singing
259e3fa7.wav,Chewing_and_mastication Whispering Computer_keyboard
25a8ef58.wav,Bass_drum Slam Cupboard_open_or_close
25a991a1.wav,Crackle Tick-tock Trickle_and_dribble
25beac1d.wav,Tap Crackle Sneeze
25c32640.wav,Chewing_and_mastication Tick-tock Crackle
25c8686f.wav,Sneeze Gasp Gurgling
25d481d6.wav,Bass_drum Slam Tap
25e059d3.wav,Bus Waves_and_surf Traffic_noise_and_roadway_noise
25e23528.wav,Screaming Harmonica Meow
25e75fa8.wav,Writing Computer_keyboard Fill_(with_liquid)
261cdf15.wav,Printer Waves_and_surf Motorcycle
262131af.wav,Electric_guitar Motorcycle Accelerating_and_revving_and_vroom
2624e8ff.wav,Male_speech_and_man_speaking Whispering Fill_(with_liquid)
26263cf0.wav,Meow Cupboard_open_or_close Marimba_and_xylophone
262a7108.wav,Slam Walk_and_footsteps Cupboard_open_or_close
262d4cca.wav,Harmonica Screaming Church_bell
2655ac2c.wav,Harmonica Electric_guitar Accordion
26a25f5d.wav,Marimba_and_xylophone Tap Sneeze
26a4977c.wav,Purr Fill_(with_liquid) Chewing_and_mastication
26a6c2f3.wav,Shatter Chewing_and_mastication Stream
26abfa32.wav,Writing Chewing_and_mastication Fill_(with_liquid)
26c001b7.wav,Waves_and_surf Stream Run
26c01e3f.wav,Male_speech_and_man_speaking Female_speech_and_woman_speaking Male_singing
26f921e3.wav,Chewing_and_mastication Fill_(with_liquid) Whispering
2707f8b0.wav,Female_speech_and_woman_speaking Male_singing Male_speech_and_man_speaking
27080c56.wav,Meow Car_passing_by Skateboard
271ade69.wav,Accelerating_and_revving_and_vroom Purr Motorcycle
272d95c7.wav,Waves_and_surf Traffic_noise_and_roadway_noise Car_passing_by
2733bb3f.wav,Female_singing Male_singing Child_speech_and_kid_speaking
27446bcd.wav,Cupboard_open_or_close Drawer_open_or_close Slam
2756ca54.wav,Chewing_and_mastication Sneeze Zipper_(clothing)
2758a116.wav,Female_singing Male_singing Child_speech_and_kid_speaking
275e1bb6.wav,Fill_(with_liquid) Male_speech_and_man_speaking Gurgling
278a19ee.wav,Male_singing Female_singing Accordion
27903ab8.wav,Zipper_(clothing) Chewing_and_mastication Fill_(with_liquid)
27924331.wav,Whispering Fill_(with_liquid) Female_speech_and_woman_speaking
279d4550.wav,Writing Chewing_and_mastication Scissors
27a4f4a8.wav,Church_bell Printer Electric_guitar
27a8cf7f.wav,Tap Sneeze Writing
27b8db15.wav,Waves_and_surf Walk_and_footsteps Run
27c8eacc.wav,Crackle Scissors Tick-tock
27ce0e90.wav,Chewing_and_mastication Writing Computer_keyboard
27d07e83.wav,Cricket Chirp_and_tweet Bicycle_bell
27d43eba.wav,Toilet_flush Buzz Printer
27df10d1.wav,Male_speech_and_man_speaking Gurgling Chirp_and_tweet
27e085c0.wav,Toilet_flush Buzz Cupboard_open_or_close
280c07e4.wav,Screaming Sigh Harmonica
2810d717.wav,Whispering Crackle Chewing_and_mastication
28142c7d.wav,Crackle Tick-tock Knock
28199c01.wav,Tap Sigh Tick-tock
2833e567.wav,Fill_(with_liquid) Trickle_and_dribble Female_speech_and_woman_speaking
28383990.wav,Hi-hat Hiss Cutlery_and_silverware
283bc0ea.wav,Run Tick-tock Bathtub_(filling_or_washing)
2842be8c.wav,Gurgling Computer_keyboard Run
28849a80.wav,Crackle Tick-tock Drawer_open_or_close
288a89c1.wav,Car_passing_by Stream Mechanical_fan
2894416d.wav,Computer_keyboard Crackle Tick-tock
289fb0b8.wav,Toilet_flush Motorcycle Car_passing_by
28a2ff49.wav,Writing Meow Harmonica
28a9213d.wav,Computer_keyboard Run Chewing_and_mastication
28d22d2e.wav,Printer Motorcycle Toilet_flush
28d2f36f.wav,Screaming Cupboard_open_or_close Chink_and_clink
28e13187.wav,Knock Bass_drum Purr
28e32693.wav,Motorcycle Car_passing_by Traffic_noise_and_roadway_noise
28f49053.wav,Waves_and_surf Stream Run
28ff0651.wav,Electric_guitar Church_bell Male_singing
290e30df.wav,Fart Skateboard Sneeze
292ef00f.wav,Female_speech_and_woman_speaking Female_singing Male_speech_and_man_speaking
2934735d.wav,Sneeze Drawer_open_or_close Zipper_(clothing)
2934d413.wav,Run Tick-tock Crackle
29365227.wav,Tick-tock Computer_keyboard Chewing_and_mastication
295268ea.wav,Waves_and_surf Run Chewing_and_mastication
29699f09.wav,Chewing_and_mastication Computer_keyboard Tick-tock
297219cc.wav,Finger_snapping Tap Whispering
2980d500.wav,Tick-tock Harmonica Meow
29826356.wav,Tap Marimba_and_xylophone Tick-tock
29b0574f.wav,Chewing_and_mastication Zipper_(clothing) Run
29d72dfb.wav,Accelerating_and_revving_and_vroom Traffic_noise_and_roadway_noise Car_passing_by
29dd29fb.wav,Drawer_open_or_close Tick-tock Cupboard_open_or_close
29e4880e.wav,Tick-tock Crackle Chewing_and_mastication
2a0893c6.wav,Bass_guitar Gong Marimba_and_xylophone
2a0a3828.wav,Gurgling Whispering Purr
2a484593.wav,Tick-tock Scissors Sneeze
2a557637.wav,Scissors Tick-tock Writing
2a79d0a8.wav,Tick-tock Gong Marimba_and_xylophone
2a9c7202.wav,Frying_(food) Hiss Bathtub_(filling_or_washing)
2aa1e0b8.wav,Sneeze Child_speech_and_kid_speaking Yell
2ac8607d.wav,Screaming Meow Harmonica
2ad174b4.wav,Writing Run Crackle
2ae04dd7.wav,Traffic_noise_and_roadway_noise Waves_and_surf Run
2aedff46.wav,Shatter Keys_jangling Cutlery_and_silverware
2af10e99.wav,Tick-tock Drawer_open_or_close Crackle
2af77e7f.wav,Purr Traffic_noise_and_roadway_noise Accelerating_and_revving_and_vroom
2b160bb2.wav,Writing Computer_keyboard Scissors
2b2613d8.wav,Toilet_flush Chewing_and_mastication Writing
2b6ee441.wav,Tick-tock Crackle Hiss
2b95327b.wav,Motorcycle Accelerating_and_revving_and_vroom Mechanical_fan
2b9ca464.wav,Knock Slam Computer_keyboard
2bab5b09.wav,Sneeze Tick-tock Walk_and_footsteps
2bb1503c.wav,Male_speech_and_man_speaking Chirp_and_tweet Female_speech_and_woman_speaking
2bbf558e.wav,Shatter Writing Microwave_oven
2be779a7.wav,Tick-tock Drawer_open_or_close Slam
2c010e00.wav,Sigh Microwave_oven Meow
2c2a3c77.wav,Chewing_and_mastication Writing Sigh
2c2d400b.wav,Scissors Shatter Keys_jangling
2c39bb30.wav,Church_bell Gurgling Traffic_noise_and_roadway_noise
2c3a44f2.wav,Trickle_and_dribble Male_speech_and_man_speaking Raindrop
2c7a5078.wav,Electric_guitar Chirp_and_tweet Male_singing
2c809d4f.wav,Computer_keyboard Writing Scissors
2c8b8812.wav,Writing Run Tick-tock
2c924848.wav,Marimba_and_xylophone Sneeze Meow
2cc7f972.wav,Car_passing_by Traffic_noise_and_roadway_noise Mechanical_fan
2cd526f7.wav,Crackle Computer_keyboard Writing
2cdfa8c1.wav,Toilet_flush Writing Chewing_and_mastication
2cf4955c.wav,Motorcycle Bus Sigh
2cfdaecd.wav,Hiss Bathtub_(filling_or_washing) Frying_(food)
2d0863b7.wav,Toilet_flush Tick-tock Writing
2d09c7ca.wav,Whispering Chirp_and_tweet Cricket
2d15ca77.wav,Bathtub_(filling_or_washing) Clapping Skateboard
2d209c25.wav,Writing Tick-tock Computer_keyboard
2d21dbf4.wav,Purr Car_passing_by Traffic_noise_and_roadway_noise
2d455ed9.wav,Scissors Chewing_and_mastication Writing
2d4961a8.wav,Crackle Tick-tock Drawer_open_or_close
2d4a0250.wav,Bathtub_(filling_or_washing) Zipper_(clothing) Hiss
2d56c2ae.wav,Writing Scissors Keys_jangling
2d5dcc5d.wav,Bathtub_(filling_or_washing) Accelerating_and_revving_and_vroom Bark
2d666c1d.wav,Marimba_and_xylophone Cupboard_open_or_close Meow
2d6d99d4.wav,Sneeze Female_speech_and_woman_speaking Fart
2d7218f8.wav,Gasp Sneeze Fart
2d7ae271.wav,Male_singing Chirp_and_tweet Sneeze
2d8135cc.wav,Waves_and_surf Stream Run
2d88fa59.wav,Sigh Microwave_oven Whispering
2da4c729.wav,Bus Motorcycle Waves_and_surf
2db579cb.wav,Knock Tap Walk_and_footsteps
2db63f0d.wav,Zipper_(clothing) Run Bathtub_(filling_or_washing)
2dd2a6bf.wav,Waves_and_surf Stream Traffic_noise_and_roadway_noise
2df0cf1f.wav,Sneeze Tick-tock Hiss
2df1f901.wav,Fill_(with_liquid) Female_speech_and_woman_speaking Harmonica
2dfd32a3.wav,Toilet_flush Tick-tock Hiss
2e61e614.wav,Tick-tock Sneeze Writing
2e820b05.wav,Chirp_and_tweet Electric_guitar Squeak
2e8b4709.wav,Male_speech_and_man_speaking Gurgling Chirp_and_tweet
2e9ced66.wav,Bathtub_(filling_or_washing) Hiss Toilet_flush
2ea33689.wav,Church_bell Toilet_flush Buzz
2eade3e1.wav,Trickle_and_dribble Meow Whispering
2eb3002c.wav,Meow Screaming Yell
2eb51f57.wav,Marimba_and_xylophone Glockenspiel Sigh
2ed9ce69.wav,Squeak Male_singing Harmonica
2edb4142.wav,Sneeze Writing Child_speech_and_kid_speaking
2ee3ef28.wav,Female_speech_and_woman_speaking Male_singing Buzz
2ee9f139.wav,Sneeze Female_speech_and_woman_speaking Child_speech_and_kid_speaking
2eeb7f35.wav,Screaming Meow Harmonica
2eec6eda.wav,Harmonica Tick-tock Frying_(food)
2f00863c.wav,Gong Accelerating_and_revving_and_vroom Hiss
2f14d3b3.wav,Writing Tick-tock Harmonica
2f2ab304.wav,Buzz Harmonica Printer
2f41afe1.wav,Church_bell Race_car_and_auto_racing Electric_guitar
2f529eb8.wav,Trickle_and_dribble Harmonica Fill_(with_liquid)
2f5cbf20.wav,Cupboard_open_or_close Slam Drawer_open_or_close
2f6331aa.wav,Cutlery_and_silverware Whispering Hi-hat
2f643c50.wav,Tick-tock Meow Chink_and_clink
2f785877.wav,Bass_drum Slam Cupboard_open_or_close
2f84c8e9.wav,Scissors Writing Shatter
2f8dd247.wav,Run Waves_and_surf Walk_and_footsteps
2f94fca3.wav,Sneeze Burping_and_eructation Fart
2fa1cc09.wav,Tick-tock Crackle Scissors
2fc6ede8.wav,Drawer_open_or_close Meow Buzz
2fe3ae63.wav,Marimba_and_xylophone Tap Writing
2ffd2145.wav,Child_speech_and_kid_speaking Sneeze Tick-tock
3011c55b.wav,Harmonica Female_singing Screaming
3012731a.wav,Waves_and_surf Bus Accelerating_and_revving_and_vroom
302f4eb8.wav,Sigh Drawer_open_or_close Printer
303d4668.wav,Keys_jangling Scissors Writing
304d8a8e.wav,Sigh Tick-tock Marimba_and_xylophone
304f25f4.wav,Motorcycle Microwave_oven Run
3052fe86.wav,Bus Sigh Sneeze
3061e8d1.wav,Meow Harmonica Squeak
309169fa.wav,Sneeze Child_speech_and_kid_speaking Female_speech_and_woman_speaking
30960f70.wav,Traffic_noise_and_roadway_noise Car_passing_by Bus
309eea85.wav,Screaming Harmonica Meow
30ac78a6.wav,Tick-tock Crackle Sneeze
30d1840b.wav,Scissors Frying_(food) Writing
30dc07a7.wav,Crackle Bass_drum Knock
30e1162a.wav,Child_speech_and_kid_speaking Female_speech_and_woman_speaking Yell
30e40cc3.wav,Printer Buzz Harmonica
30f7577e.wav,Hiss Toilet_flush Frying_(food)
30f8ba51.wav,Bass_guitar Bass_drum Electric_guitar
3102ff8d.wav,Run Tick-tock Chewing_and_mastication
311fcc0d.wav,Hiss Frying_(food) Bathtub_(filling_or_washing)
3129e5b4.wav,Bass_drum Slam Knock
312c730c.wav,Writing Hiss Frying_(food)
312e1179.wav,Frying_(food) Bathtub_(filling_or_washing) Hiss
312e698e.wav,Gurgling Male_speech_and_man_speaking Chirp_and_tweet
31312cda.wav,Tap Marimba_and_xylophone Knock
3134c1f5.wav,Tick-tock Chewing_and_mastication Scissors
31452d93.wav,Waves_and_surf Bus Traffic_noise_and_roadway_noise
314a8107.wav,Meow Burping_and_eructation Sigh
3174521f.wav,Drawer_open_or_close Tick-tock Cupboard_open_or_close
3177529f.wav,Run Tick-tock Chewing_and_mastication
317e5fda.wav,Chewing_and_mastication Computer_keyboard Writing
3190ca46.wav,Frying_(food) Bathtub_(filling_or_washing) Hi-hat
31ab1bc4.wav,Burping_and_eructation Sneeze Gasp
31b883cb.wav,Male_speech_and_man_speaking Fart Electric_guitar
31bf8f6c.wav,Chewing_and_mastication Female_speech_and_woman_speaking Gurgling
31c60809.wav,Gasp Writing Finger_snapping
31c7a683.wav,Cricket Bicycle_bell Chirp_and_tweet
31cfaf7c.wav,Sneeze Male_speech_and_man_speaking Bark
31ea3391.wav,Motorcycle Race_car_and_auto_racing Bus
31f4d839.wav,Tick-tock Chewing_and_mastication Trickle_and_dribble
31fe4058.wav,Tick-tock Knock Slam
31ff4a9f.wav,Cricket Keys_jangling Chirp_and_tweet
320adc8a.wav,Frying_(food) Hiss Hi-hat
320b9457.wav,Clapping Waves_and_surf Skateboard
320cb73f.wav,Waves_and_surf Stream Bathtub_(filling_or_washing)
321c61dd.wav,Tick-tock Hiss Frying_(food)
321d7624.wav,Bass_guitar Gong Purr
322c634e.wav,Female_speech_and_woman_speaking Toilet_flush Buzz
3246e22c.wav,Toilet_flush Tick-tock Cupboard_open_or_close
32663622.wav,Slam Computer_keyboard Drawer_open_or_close
3273193a.wav,Harmonica Buzz Church_bell
327ff97c.wav,Chewing_and_mastication Hiss Cricket
3288c908.wav,Motorcycle Electric_guitar Car_passing_by
329d5f81.wav,Marimba_and_xylophone Sneeze Microwave_oven
32aaacf1.wav,Gurgling Bathtub_(filling_or_washing) Shatter
32ad561a.wav,Male_singing Female_speech_and_woman_speaking Chirp_and_tweet
32b66826.wav,Skateboard Bus Whispering
32bf8f9d.wav,Marimba_and_xylophone Raindrop Computer_keyboard
32cce167.wav,Whispering Shatter Writing
32d21079.wav,Bicycle_bell Chink_and_clink Shatter
32e0e55a.wav,Frying_(food) Crackle Buzz
32f26b94.wav,Run Tick-tock Keys_jangling
330b1461.wav,Microwave_oven Motorcycle Printer
3313662e.wav,Drawer_open_or_close Slam Cupboard_open_or_close
33139052.wav,Hiss Gong Tick-tock
33170581.wav,Screaming Meow Burping_and_eructation
332246f6.wav,Whispering Chirp_and_tweet Trickle_and_dribble
33355c50.wav,Church_bell Electric_guitar Marimba_and_xylophone
3347121c.wav,Tick-tock Writing Drawer_open_or_close
3353d705.wav,Mechanical_fan Motorcycle Cupboard_open_or_close
335d2ea3.wav,Screaming Toilet_flush Meow
336a88c3.wav,Bicycle_bell Microwave_oven Cricket
338669d9.wav,Tick-tock Chewing_and_mastication Whispering
33a61f8d.wav,Slam Bass_drum Cupboard_open_or_close
33bc9deb.wav,Keys_jangling Cutlery_and_silverware Shatter
33c82ad4.wav,Meow Sneeze Yell
33ef8393.wav,Bicycle_bell Chirp_and_tweet Microwave_oven
33fbfca7.wav,Hiss Bathtub_(filling_or_washing) Cricket
34035cf8.wav,Computer_keyboard Chewing_and_mastication Writing
340d5db4.wav,Motorcycle Accelerating_and_revving_and_vroom Drawer_open_or_close
340da762.wav,Purr Gurgling Chewing_and_mastication
34120253.wav,Harmonica Meow Female_singing
341efc4b.wav,Traffic_noise_and_roadway_noise Bus Male_singing
342cc3ae.wav,Male_singing Church_bell Fill_(with_liquid)
34486c7f.wav,Bass_guitar Electric_guitar Motorcycle
34510c7a.wav,Tick-tock Run Drawer_open_or_close
34512413.wav,Scissors Chewing_and_mastication Writing
346fc59c.wav,Chewing_and_mastication Tick-tock Writing
3474d7cd.wav,Crackle Scissors Tick-tock
348aaf17.wav,Writing Chirp_and_tweet Chewing_and_mastication
349e5ea7.wav,Sneeze Marimba_and_xylophone Whispering
34aac2b5.wav,Harmonica Yell Meow
34c53320.wav,Sneeze Burping_and_eructation Gasp
34cca3b3.wav,Church_bell Harmonica Race_car_and_auto_racing
34d0b2ca.wav,Bark Male_speech_and_man_speaking Sneeze
34d4cfda.wav,Meow Harmonica Traffic_noise_and_roadway_noise
34dc323b.wav,Tick-tock Clapping Chink_and_clink
34e6a0de.wav,Cricket Chirp_and_tweet Purr
34f2c99d.wav,Chewing_and_mastication Writing Knock
34fbb318.wav,Fill_(with_liquid) Writing Chewing_and_mastication
3500ed9d.wav,Tap Slam Drawer_open_or_close
350942d1.wav,Frying_(food) Toilet_flush Hiss
351a8abe.wav,Purr Accelerating_and_revving_and_vroom Race_car_and_auto_racing
352ce267.wav,Bass_drum Slam Tap
3544797d.wav,Chewing_and_mastication Run Computer_keyboard
354d467a.wav,Zipper_(clothing) Sneeze Tick-tock
355ddeda.wav,Fill_(with_liquid) Crackle Computer_keyboard
356adc0d.wav,Sneeze Tick-tock Sigh
356b99de.wav,Chirp_and_tweet Screaming Meow
35930583.wav,Female_singing Female_speech_and_woman_speaking Male_singing
359a6e84.wav,Toilet_flush Printer Bus
35a7edad.wav,Bass_drum Slam Cupboard_open_or_close
35a8a688.wav,Trickle_and_dribble Fill_(with_liquid) Chewing_and_mastication
35d5aca3.wav,Child_speech_and_kid_speaking Sneeze Squeak
35dbfd81.wav,Harmonica Church_bell Toilet_flush
36027dca.wav,Bass_drum Slam Knock
361237d6.wav,Microwave_oven Writing Fill_(with_liquid)
361c9c0e.wav,Bicycle_bell Glockenspiel Marimba_and_xylophone
3623b13a.wav,Male_singing Female_singing Child_speech_and_kid_speaking
3626ac5a.wav,Purr Hiss Cricket
362f92f4.wav,Child_speech_and_kid_speaking Female_speech_and_woman_speaking Female_singing
366d25a7.wav,Hiss Electric_guitar Printer
366d6820.wav,Stream Bathtub_(filling_or_washing) Frying_(food)
367ef5a8.wav,Motorcycle Accelerating_and_revving_and_vroom Microwave_oven
36896b31.wav,Bus Sigh Whispering
368e3f09.wav,Tick-tock Crackle Hiss
36b92bec.wav,Hi-hat Cupboard_open_or_close Hiss
36beb3fd.wav,Male_singing Male_speech_and_man_speaking Chirp_and_tweet
36c459de.wav,Harmonica Screaming Meow
36dfae4f.wav,Tick-tock Meow Child_speech_and_kid_speaking
36fe695f.wav,Cupboard_open_or_close Drawer_open_or_close Computer_keyboard
37053a90.wav,Gurgling Male_speech_and_man_speaking Chirp_and_tweet
370eaa84.wav,Printer Toilet_flush Motorcycle
37155f3a.wav,Car_passing_by Traffic_noise_and_roadway_noise Purr
37790f99.wav,Bathtub_(filling_or_washing) Frying_(food) Hiss
378216b2.wav,Waves_and_surf Traffic_noise_and_roadway_noise Bus
37856035.wav,Stream Bathtub_(filling_or_washing) Fill_(with_liquid)
3792237d.wav,Tick-tock Crackle Drawer_open_or_close
37941050.wav,Cupboard_open_or_close Motorcycle Accelerating_and_revving_and_vroom
379ae4e1.wav,Hiss Frying_(food) Bathtub_(filling_or_washing)
379b7e21.wav,Bathtub_(filling_or_washing) Stream Hiss
379c063d.wav,Male_speech_and_man_speaking Fart Female_speech_and_woman_speaking
37a1946c.wav,Zipper_(clothing) Whispering Bathtub_(filling_or_washing)
37a7927f.wav,Knock Computer_keyboard Drawer_open_or_close
37c95c1c.wav,Female_speech_and_woman_speaking Meow Gasp
37ccc1ea.wav,Bathtub_(filling_or_washing) Frying_(food) Hiss
37d609aa.wav,Frying_(food) Bathtub_(filling_or_washing) Scissors
37dc178a.wav,Printer Motorcycle Hiss
37f5f0d8.wav,Traffic_noise_and_roadway_noise Car_passing_by Waves_and_surf
382587b8.wav,Slam Crackle Sneeze
382cd8c5.wav,Drawer_open_or_close Run Zipper_(clothing)
38368c9b.wav,Chewing_and_mastication Writing Shatter
384b0ff2.wav,Gong Marimba_and_xylophone Electric_guitar
38544190.wav,Computer_keyboard Writing Knock
38558ab1.wav,Male_speech_and_man_speaking Chirp_and_tweet Gasp
3858d281.wav,Cupboard_open_or_close Slam Buzz
385e8b0f.wav,Run Knock Walk_and_footsteps
38636d71.wav,Yell Female_speech_and_woman_speaking Meow
38669440.wav,Purr Chirp_and_tweet Fill_(with_liquid)
387014ab.wav,Toilet_flush Frying_(food) Hiss
3876c193.wav,Meow Sigh Female_speech_and_woman_speaking
388f70a5.wav,Waves_and_surf Traffic_noise_and_roadway_noise Run
38b9ff18.wav,Child_speech_and_kid_speaking Meow Sneeze
38d29a00.wav,Zipper_(clothing) Run Knock
38d378d8.wav,Motorcycle Accelerating_and_revving_and_vroom Mechanical_fan
38d50e59.wav,Bathtub_(filling_or_washing) Gurgling Scissors
38d5d026.wav,Sneeze Zipper_(clothing) Child_speech_and_kid_speaking
38e43355.wav,Child_speech_and_kid_speaking Electric_guitar Meow
38ea5df2.wav,Hiss Writing Bathtub_(filling_or_washing)
38f6aa5e.wav,Toilet_flush Stream Screaming
38fea590.wav,Church_bell Electric_guitar Purr
390789a8.wav,Cricket Chirp_and_tweet Fill_(with_liquid)
390995ef.wav,Scissors Fill_(with_liquid) Gurgling
39189c31.wav,Bus Printer Toilet_flush
391fbd47.wav,Tick-tock Hiss Sneeze
392e88d7.wav,Cricket Purr Chirp_and_tweet
3939b821.wav,Tick-tock Writing Chink_and_clink
39467410.wav,Buzz Female_singing Toilet_flush
394b8ce2.wav,Computer_keyboard Run Chewing_and_mastication
395de76a.wav,Scissors Toilet_flush Stream
395df625.wav,Burping_and_eructation Gurgling Male_speech_and_man_speaking
396d793f.wav,Tick-tock Chewing_and_mastication Writing
39723c0e.wav,Bark Harmonica Female_singing
39768e2a.wav,Male_speech_and_man_speaking Gurgling Chirp_and_tweet
3987fc79.wav,Purr Waves_and_surf Walk_and_footsteps
398b6fa6.wav,Drawer_open_or_close Tick-tock Run
399732ec.wav,Screaming Sigh Raindrop
39a8ac5c.wav,Tick-tock Run Chewing_and_mastication
39b6cc75.wav,Tick-tock Crackle Knock
39bbcabd.wav,Run Cupboard_open_or_close Sneeze
39c1f2fd.wav,Sneeze Drawer_open_or_close Whispering
39d1b554.wav,Tick-tock Writing Sneeze
39e1b8cc.wav,Female_speech_and_woman_speaking Fill_(with_liquid) Writing
39e2f767.wav,Meow Sneeze Gasp
39e35f03.wav,Hiss Tick-tock Yell
39eb6dd5.wav,Drawer_open_or_close Knock Slam
39f19344.wav,Race_car_and_auto_racing Traffic_noise_and_roadway_noise Skateboard
3a2353bb.wav,Tick-tock Sigh Child_speech_and_kid_speaking
3a28e28a.wav,Car_passing_by Mechanical_fan Traffic_noise_and_roadway_noise
3a2a4822.wav,Tap Finger_snapping Crackle
3a3e4b29.wav,Male_singing Chirp_and_tweet Church_bell
3a49d5ed.wav,Computer_keyboard Gurgling Fill_(with_liquid)
3a4cf709.wav,Meow Screaming Squeak
3a5e6dde.wav,Hiss Bathtub_(filling_or_washing) Stream
3a66e3df.wav,Trickle_and_dribble Hiss Writing
3a87c628.wav,Run Waves_and_surf Drawer_open_or_close
3a885c38.wav,Traffic_noise_and_roadway_noise Car_passing_by Mechanical_fan
3a8b9afe.wav,Electric_guitar Marimba_and_xylophone Chirp_and_tweet
3aa5b432.wav,Stream Waves_and_surf Skateboard
3ac609e1.wav,Traffic_noise_and_roadway_noise Car_passing_by Mechanical_fan
3acbee34.wav,Trickle_and_dribble Raindrop Marimba_and_xylophone
3adfb8f0.wav,Cupboard_open_or_close Run Hiss
3ae08e83.wav,Printer Toilet_flush Hiss
3ae0ea8b.wav,Motorcycle Crackle Cupboard_open_or_close
3b0a3361.wav,Stream Toilet_flush Waves_and_surf
3b0b13f4.wav,Sneeze Gasp Whispering
3b13f6a1.wav,Stream Bathtub_(filling_or_washing) Hiss
3b23ed90.wav,Gurgling Shatter Whispering
3b252939.wav,Male_singing Bark Sneeze
3b277890.wav,Hiss Harmonica Child_speech_and_kid_speaking
3b382171.wav,Screaming Yell Male_speech_and_man_speaking
3b3c2c67.wav,Computer_keyboard Trickle_and_dribble Raindrop
3b75b456.wav,Bus Waves_and_surf Race_car_and_auto_racing
3b7c7f94.wav,Drawer_open_or_close Walk_and_footsteps Run
3bb6024f.wav,Stream Bathtub_(filling_or_washing) Motorcycle
3bb7c24d.wav,Crackle Run Computer_keyboard
3bb9a722.wav,Whispering Burping_and_eructation Skateboard
3bda5fb0.wav,Traffic_noise_and_roadway_noise Car_passing_by Waves_and_surf
3bfcab18.wav,Electric_guitar Chirp_and_tweet Marimba_and_xylophone
3c0370c8.wav,Computer_keyboard Sigh Tick-tock
3c1b9399.wav,Bus Stream Writing
3c20c95f.wav,Run Tick-tock Crackle
3c216393.wav,Chewing_and_mastication Tick-tock Whispering
3c244ade.wav,Toilet_flush Hiss Bathtub_(filling_or_washing)
3c348e5c.wav,Bathtub_(filling_or_washing) Fill_(with_liquid) Toilet_flush
3c35237b.wav,Motorcycle Microwave_oven Slam
3c40f472.wav,Female_speech_and_woman_speaking Male_singing Child_speech_and_kid_speaking
3c525c1f.wav,Hiss Frying_(food) Bathtub_(filling_or_washing)
3c590143.wav,Chewing_and_mastication Writing Purr
3c90b11b.wav,Tick-tock Writing Scissors
3c95067e.wav,Bathtub_(filling_or_washing) Run Crackle
3ca6b1a3.wav,Trickle_and_dribble Fill_(with_liquid) Whispering
3caf1f70.wav,Crackle Chewing_and_mastication Tick-tock
3cc51361.wav,Male_speech_and_man_speaking Chewing_and_mastication Purr
3cd30520.wav,Male_speech_and_man_speaking Fill_(with_liquid) Female_speech_and_woman_speaking
3ce0dcd0.wav,Hiss Writing Tick-tock
3ce9fd74.wav,Harmonica Meow Screaming
3cfeb0cd.wav,Frying_(food) Toilet_flush Hiss
3d07c63a.wav,Tick-tock Bass_drum Crackle
3d0beb6f.wav,Writing Scissors Computer_keyboard
3d0dca90.wav,Race_car_and_auto_racing Toilet_flush Accelerating_and_revving_and_vroom
3d1d3f2b.wav,Motorcycle Fill_(with_liquid) Traffic_noise_and_roadway_noise
3d27f415.wav,Glockenspiel Harmonica Marimba_and_xylophone
3d287b47.wav,Run Walk_and_footsteps Tick-tock
3d4e1dea.wav,Male_speech_and_man_speaking Female_speech_and_woman_speaking Male_singing
3d58d893.wav,Waves_and_surf Stream Run
3d5f899d.wav,Gong Chink_and_clink Marimba_and_xylophone
3d633399.wav,Motorcycle Car_passing_by Traffic_noise_and_roadway_noise
3d7309d7.wav,Stream Scissors Chewing_and_mastication
3d921767.wav,Bass_guitar Accelerating_and_revving_and_vroom Marimba_and_xylophone
3d9a715d.wav,Bathtub_(filling_or_washing) Stream Hiss
3db04d3f.wav,Gurgling Marimba_and_xylophone Male_speech_and_man_speaking
3db44f6c.wav,Screaming Harmonica Meow
3ddb4122.wav,Crackle Sneeze Chewing_and_mastication
3dedbba9.wav,Shatter Cutlery_and_silverware Printer
3df2fc0e.wav,Motorcycle Traffic_noise_and_roadway_noise Accelerating_and_revving_and_vroom
3df5c540.wav,Tick-tock Run Crackle
3e230352.wav,Hiss Toilet_flush Whispering
3e3a6910.wav,Car_passing_by Bus Purr
3e4755ba.wav,Gurgling Male_speech_and_man_speaking Computer_keyboard
3e52f857.wav,Computer_keyboard Gurgling Writing
3e5ce660.wav,Cricket Fill_(with_liquid) Writing
3e656c6e.wav,Sigh Sneeze Bicycle_bell
3e65a00d.wav,Waves_and_surf Stream Traffic_noise_and_roadway_noise
3e691b83.wav,Crackle Drawer_open_or_close Tap
3e7889ed.wav,Marimba_and_xylophone Shatter Microwave_oven
3e83500f.wav,Crackle Run Frying_(food)
3e9967cf.wav,Chewing_and_mastication Zipper_(clothing) Computer_keyboard
3ebaff6d.wav,Motorcycle Accelerating_and_revving_and_vroom Mechanical_fan
3ecc19c5.wav,Toilet_flush Hiss Skateboard
3ed6c2b5.wav,Toilet_flush Hiss Female_singing
3efc0912.wav,Harmonica Meow Church_bell
3f0f92ff.wav,Chewing_and_mastication Fill_(with_liquid) Whispering
3f15fd07.wav,Chewing_and_mastication Fill_(with_liquid) Bathtub_(filling_or_washing)
3f16d9f3.wav,Electric_guitar Marimba_and_xylophone Church_bell
3f19e53c.wav,Fart Chirp_and_tweet Waves_and_surf
3f1ca1bb.wav,Toilet_flush Bathtub_(filling_or_washing) Frying_(food)
3f29038e.wav,Male_speech_and_man_speaking Female_speech_and_woman_speaking Male_singing
3f2dbd00.wav,Gasp Tap Sigh
3f4f4808.wav,Waves_and_surf Run Traffic_noise_and_roadway_noise
3f53a02f.wav,Cupboard_open_or_close Sigh Accelerating_and_revving_and_vroom
3f7043d9.wav,Run Walk_and_footsteps Tick-tock
3f80cc56.wav,Tick-tock Writing Computer_keyboard
3f96494a.wav,Fart Sneeze Zipper_(clothing)
3faf10be.wav,Bus Motorcycle Traffic_noise_and_roadway_noise
3fd4d55a.wav,Tap Clapping Finger_snapping
400ff09d.wav,Fill_(with_liquid) Chewing_and_mastication Gurgling
402e2d1b.wav,Drawer_open_or_close Gurgling Meow
4030a4f2.wav,Crackle Slam Knock
4034f327.wav,Toilet_flush Stream Bathtub_(filling_or_washing)
4037cd65.wav,Male_speech_and_man_speaking Female_speech_and_woman_speaking Male_singing
4040f015.wav,Run Slam Buzz
40449ca7.wav,Hiss Toilet_flush Printer
404b54c0.wav,Fart Stream Waves_and_surf
404fb677.wav,Traffic_noise_and_roadway_noise Car_passing_by Bus
4053b801.wav,Sneeze Gasp Tick-tock
405c66af.wav,Shatter Crackle Frying_(food)
406306b6.wav,Harmonica Printer Church_bell
406a1cc1.wav,Bathtub_(filling_or_washing) Hiss Scissors
406ade5e.wav,Hiss Fill_(with_liquid) Frying_(food)
4093913f.wav,Toilet_flush Harmonica Printer
40957335.wav,Female_speech_and_woman_speaking Sigh Male_speech_and_man_speaking
4098028d.wav,Computer_keyboard Chewing_and_mastication Writing
40afd1b3.wav,Tick-tock Chewing_and_mastication Hiss
40c1ed87.wav,Tap Sneeze Shatter
40c50046.wav,Writing Run Computer_keyboard
40d0726d.wav,Traffic_noise_and_roadway_noise Waves_and_surf Walk_and_footsteps
40dd1274.wav,Scissors Female_singing Bathtub_(filling_or_washing)
40e25750.wav,Burping_and_eructation Sigh Sneeze
410837eb.wav,Sneeze Microwave_oven Marimba_and_xylophone
410c2138.wav,Frying_(food) Toilet_flush Printer
411993fd.wav,Hi-hat Clapping Tap
413b5427.wav,Harmonica Meow Screaming
41522a65.wav,Purr Cricket Chirp_and_tweet
415f4c8f.wav,Keys_jangling Glockenspiel Shatter
41759973.wav,Stream Waves_and_surf Traffic_noise_and_roadway_noise
419271cc.wav,Chirp_and_tweet Squeak Bicycle_bell
4195cb1a.wav,Male_speech_and_man_speaking Bathtub_(filling_or_washing) Tick-tock
41af688a.wav,Zipper_(clothing) Bark Whispering
41c60bba.wav,Run Computer_keyboard Slam
41cfee6d.wav,Accordion Harmonica Squeak
41f16193.wav,Sneeze Sigh Tick-tock
41f1ea4a.wav,Traffic_noise_and_roadway_noise Hiss Printer
41f86bc4.wav,Toilet_flush Stream Bathtub_(filling_or_washing)
4215309a.wav,Scissors Tick-tock Computer_keyboard
4248d196.wav,Stream Waves_and_surf Traffic_noise_and_roadway_noise
42542036.wav,Church_bell Toilet_flush Female_singing
