fname,label
000ccb97.wav,Keys_jangling Hiss Scissors
0012633b.wav,Tick-tock Toilet_flush Drawer_open_or_close
001ed5f1.wav,Knock Run Computer_keyboard
00294be0.wav,Tick-tock Gurgling Chink_and_clink
003fde7a.wav,Glockenspiel Bicycle_bell Marimba_and_xylophone
0040ccc9.wav,Bass_drum Knock Slam
0046b732.wav,Cupboard_open_or_close Printer Sigh
004f3bbc.wav,Purr Bass_guitar Mechanical_fan
00526050.wav,Bass_drum Knock Tap
00559da4.wav,Run Stream Walk_and_footsteps
00582bbe.wav,Computer_keyboard Drawer_open_or_close Car_passing_by
0064aedf.wav,Drawer_open_or_close Computer_keyboard Tick-tock
0065512b.wav,Tick-tock Car_passing_by Computer_keyboard
006a91d2.wav,Stream Waves_and_surf Toilet_flush
006ea9ee.wav,Gong Computer_keyboard Tap
006f9dca.wav,Hiss Fill_(with_liquid) Tick-tock
007450dc.wav,Harmonica Accordion Sigh
00979c8a.wav,Computer_keyboard Drawer_open_or_close Knock
00992464.wav,Gurgling Trickle_and_dribble Fill_(with_liquid)
00b44a8a.wav,Printer Shatter Cutlery_and_silverware
00bfaaaf.wav,Sigh Burping_and_eructation Gasp
00cf9680.wav,Frying_(food) Keys_jangling Scissors
00eae94d.wav,Scissors Hiss Computer_keyboard
011ec5b8.wav,Knock Cricket Male_speech_and_man_speaking
013200dc.wav,Tick-tock Scissors Gurgling
01440c2e.wav,Marimba_and_xylophone Church_bell Bicycle_bell
01567a3d.wav,Knock Tap Cupboard_open_or_close
0163d203.wav,Computer_keyboard Tick-tock Writing
017c24b2.wav,Church_bell Toilet_flush Bark
01a992c5.wav,Mechanical_fan Cricket Fart
01b1d976.wav,Computer_keyboard Finger_snapping Scissors
01c1c371.wav,Tick-tock Computer_keyboard Printer
01cf8354.wav,Tick-tock Burping_and_eructation Chink_and_clink
01d2c640.wav,Buzz Computer_keyboard Writing
01d69423.wav,Computer_keyboard Glockenspiel Sigh
01e9170b.wav,Electric_guitar Fart Printer
01f2901a.wav,Frying_(food) Bathtub_(filling_or_washing) Scissors
020b1fdf.wav,Bus Motorcycle Mechanical_fan
021457df.wav,Computer_keyboard Writing Knock
02173589.wav,Meow Screaming Bark
021ac082.wav,Toilet_flush Bathtub_(filling_or_washing) Stream
02200884.wav,Computer_keyboard Keys_jangling Writing
02213278.wav,Toilet_flush Skateboard Printer
022e3b2c.wav,Computer_keyboard Writing Tick-tock
023081f2.wav,Glockenspiel Marimba_and_xylophone Tick-tock
02596541.wav,Glockenspiel Marimba_and_xylophone Bicycle_bell
0289b79b.wav,Computer_keyboard Mechanical_fan Sigh
028cf9db.wav,Tick-tock Child_speech_and_kid_speaking Marimba_and_xylophone
028d26f7.wav,Keys_jangling Bicycle_bell Cutlery_and_silverware
02ab2a72.wav,Skateboard Computer_keyboard Drawer_open_or_close
02c02ec1.wav,Church_bell Race_car_and_auto_racing Bark
02ce28a1.wav,Waves_and_surf Motorcycle Mechanical_fan
02d01f40.wav,Scissors Frying_(food) Tick-tock
02da7457.wav,Printer Fart Skateboard
02e17633.wav,Computer_keyboard Writing Run
02e8059d.wav,Male_speech_and_man_speaking Finger_snapping Knock
02f71319.wav,Harmonica Hiss Bathtub_(filling_or_washing)
03090fb0.wav,Glockenspiel Bicycle_bell Computer_keyboard
03162c23.wav,Printer Drawer_open_or_close Motorcycle
032f518c.wav,Bass_guitar Gong Printer
03300fcb.wav,Female_singing Gong Child_speech_and_kid_speaking
035dd895.wav,Drawer_open_or_close Waves_and_surf Computer_keyboard
03754ab4.wav,Toilet_flush Printer Shatter
037b47c4.wav,Whispering Marimba_and_xylophone Clapping
03887635.wav,Tick-tock Crackle Writing
03931594.wav,Scissors Writing Trickle_and_dribble
039d2821.wav,Female_speech_and_woman_speaking Electric_guitar Male_singing
03a47c4a.wav,Tick-tock Frying_(food) Keys_jangling
03b80975.wav,Traffic_noise_and_roadway_noise Stream Waves_and_surf
03c5e8d0.wav,Crackle Tick-tock Drawer_open_or_close
03fe2971.wav,Burping_and_eructation Sigh Whispering
04008bb5.wav,Keys_jangling Chink_and_clink Whispering
040c5c0c.wav,Computer_keyboard Tick-tock Crackle
041cff59.wav,Computer_keyboard Tick-tock Glockenspiel
042b07a4.wav,Church_bell Race_car_and_auto_racing Traffic_noise_and_roadway_noise
042b542f.wav,Electric_guitar Gong Accordion
04308d8d.wav,Burping_and_eructation Keys_jangling Bicycle_bell
04355ea8.wav,Purr Cricket Writing
0442a617.wav,Screaming Whispering Cupboard_open_or_close
0443f812.wav,Whispering Keys_jangling Glockenspiel
04441d5b.wav,Computer_keyboard Knock Tap
0453bb71.wav,Harmonica Chink_and_clink Whispering
04702c1c.wav,Whispering Drawer_open_or_close Bark
047ba0e1.wav,Keys_jangling Scissors Shatter
04877d29.wav,Gong Race_car_and_auto_racing Electric_guitar
048c3418.wav,Toilet_flush Skateboard Sigh
04a5c9eb.wav,Accelerating_and_revving_and_vroom Race_car_and_auto_racing Car_passing_by
04ad8e52.wav,Gurgling Fart Shatter
04af82d9.wav,Marimba_and_xylophone Burping_and_eructation Bicycle_bell
04b1558a.wav,Gurgling Whispering Chewing_and_mastication
04de7b9a.wav,Scissors Keys_jangling Computer_keyboard
04e8bf2a.wav,Drawer_open_or_close Gong Computer_keyboard
04f004fe.wav,Computer_keyboard Printer Sigh
04f48f10.wav,Computer_keyboard Drawer_open_or_close Car_passing_by
0506eee8.wav,Race_car_and_auto_racing Mechanical_fan Accelerating_and_revving_and_vroom
050eb97f.wav,Drawer_open_or_close Toilet_flush Accelerating_and_revving_and_vroom
051bda9a.wav,Tick-tock Writing Printer
057a3c2e.wav,Computer_keyboard Tick-tock Knock
057c13c8.wav,Marimba_and_xylophone Child_speech_and_kid_speaking Bark
058a4a79.wav,Fart Chewing_and_mastication Run
058ec864.wav,Bicycle_bell Glockenspiel Microwave_oven
05af19b1.wav,Traffic_noise_and_roadway_noise Motorcycle Bus
05c881c4.wav,Toilet_flush Hiss Frying_(food)
05d775e9.wav,Toilet_flush Stream Skateboard
05dae80d.wav,Microwave_oven Tap Computer_keyboard
05e34a55.wav,Bathtub_(filling_or_washing) Frying_(food) Crackle
05edaa47.wav,Computer_keyboard Tick-tock Chewing_and_mastication
060b802f.wav,Computer_keyboard Toilet_flush Chewing_and_mastication
060d2d47.wav,Computer_keyboard Writing Tick-tock
062e94dd.wav,Marimba_and_xylophone Sigh Chink_and_clink
06345241.wav,Glockenspiel Whispering Screaming
0648b115.wav,Whispering Zipper_(clothing) Writing
06526954.wav,Computer_keyboard Zipper_(clothing) Crackle
065b49ec.wav,Tick-tock Drawer_open_or_close Knock
06604d51.wav,Knock Writing Zipper_(clothing)
068b717f.wav,Bus Child_speech_and_kid_speaking Meow
069b2f91.wav,Burping_and_eructation Male_singing Hiss
069f3ce5.wav,Tick-tock Chink_and_clink Meow
06a23eb9.wav,Traffic_noise_and_roadway_noise Car_passing_by Motorcycle
06c34152.wav,Race_car_and_auto_racing Printer Computer_keyboard
06feb5cf.wav,Accelerating_and_revving_and_vroom Car_passing_by Race_car_and_auto_racing
0718ce8d.wav,Computer_keyboard Run Scissors
07295dd0.wav,Bass_drum Knock Waves_and_surf
072ee4b2.wav,Writing Computer_keyboard Tick-tock
074cbe2b.wav,Gong Meow Cupboard_open_or_close
07502956.wav,Computer_keyboard Tick-tock Knock
07603ad3.wav,Tick-tock Writing Zipper_(clothing)
07670752.wav,Stream Bathtub_(filling_or_washing) Clapping
077f270d.wav,Marimba_and_xylophone Gong Car_passing_by
0782d022.wav,Chirp_and_tweet Screaming Bicycle_bell
078464b8.wav,Waves_and_surf Hiss Mechanical_fan
07a82fbe.wav,Knock Computer_keyboard Tap
07bca33c.wav,Chink_and_clink Tick-tock Sigh
07da8ebf.wav,Gasp Squeak Whispering
07dff283.wav,Computer_keyboard Traffic_noise_and_roadway_noise Car_passing_by
07f965a0.wav,Stream Toilet_flush Skateboard
07fa6e7e.wav,Burping_and_eructation Tick-tock Tap
08087580.wav,Stream Bathtub_(filling_or_washing) Fill_(with_liquid)
0814db2b.wav,Church_bell Bus Race_car_and_auto_racing
0815543c.wav,Fart Skateboard Zipper_(clothing)
081d6520.wav,Shatter Keys_jangling Cutlery_and_silverware
081f2b5a.wav,Knock Computer_keyboard Tap
0824bbdb.wav,Keys_jangling Glockenspiel Cutlery_and_silverware
08272d1c.wav,Cricket Whispering Bicycle_bell
08278440.wav,Burping_and_eructation Gasp Chink_and_clink
0837e041.wav,Computer_keyboard Tick-tock Drawer_open_or_close
08390e01.wav,Hiss Cricket Frying_(food)
083cc652.wav,Child_speech_and_kid_speaking Sigh Chink_and_clink
08458ab2.wav,Computer_keyboard Chewing_and_mastication Crackle
0849057f.wav,Male_speech_and_man_speaking Writing Gasp
084e5784.wav,Sigh Gasp Male_speech_and_man_speaking
085f174a.wav,Printer Sigh Harmonica
0865816c.wav,Knock Computer_keyboard Slam
086ce4a5.wav,Marimba_and_xylophone Printer Church_bell
086ebb95.wav,Mechanical_fan Car_passing_by Traffic_noise_and_roadway_noise
08810dd4.wav,Computer_keyboard Tick-tock Writing
08b06642.wav,Male_singing Church_bell Bark
08b2d04c.wav,Child_speech_and_kid_speaking Female_singing Gasp
08bc3e2d.wav,Computer_keyboard Drawer_open_or_close Tap
08d46566.wav,Keys_jangling Tick-tock Computer_keyboard
08d4acca.wav,Gong Bass_guitar Hi-hat
08d5d316.wav,Stream Waves_and_surf Skateboard
08dfe75d.wav,Knock Tick-tock Purr
08eb3a69.wav,Purr Drawer_open_or_close Bus
08f36895.wav,Skateboard Drawer_open_or_close Computer_keyboard
08facc12.wav,Bark Whispering Finger_snapping
090cc523.wav,Fill_(with_liquid) Trickle_and_dribble Bathtub_(filling_or_washing)
091fa206.wav,Writing Purr Whispering
092d8e54.wav,Run Computer_keyboard Knock
094761b8.wav,Sigh Drawer_open_or_close Computer_keyboard
0963270d.wav,Computer_keyboard Run Drawer_open_or_close
0992b95a.wav,Fill_(with_liquid) Computer_keyboard Purr
0997968e.wav,Stream Zipper_(clothing) Skateboard
09a67356.wav,Tick-tock Computer_keyboard Whispering
09d085e3.wav,Whispering Computer_keyboard Waves_and_surf
0a31c905.wav,Toilet_flush Skateboard Microwave_oven
0a3c2351.wav,Tap Drawer_open_or_close Scissors
0a4d3800.wav,Purr Computer_keyboard Writing
0a4ff0fb.wav,Printer Scissors Writing
0a56e261.wav,Gong Hiss Cupboard_open_or_close
0a64010f.wav,Meow Printer Cupboard_open_or_close
0a683136.wav,Computer_keyboard Bass_guitar Gong
0a6e6889.wav,Gong Tick-tock Printer
0a8e1630.wav,Knock Crackle Computer_keyboard
0a950c32.wav,Marimba_and_xylophone Purr Tick-tock
0aee7a2a.wav,Computer_keyboard Skateboard Toilet_flush
0af7446d.wav,Writing Tick-tock Computer_keyboard
0b1503e8.wav,Glockenspiel Gong Marimba_and_xylophone
0b33d746.wav,Toilet_flush Gong Glockenspiel
0b4819f1.wav,Printer Mechanical_fan Computer_keyboard
0b5c6535.wav,Tick-tock Crackle Keys_jangling
0b73077e.wav,Bark Female_singing Whispering
0b9e93e6.wav,Computer_keyboard Car_passing_by Drawer_open_or_close
0ba7fe6b.wav,Knock Tap Bass_drum
0bacb61b.wav,Tick-tock Keys_jangling Scissors
0bb86b6c.wav,Burping_and_eructation Cupboard_open_or_close Tick-tock
0bbe8308.wav,Finger_snapping Tap Whispering
0bc36580.wav,Bark Gasp Screaming
0bc7822a.wav,Keys_jangling Computer_keyboard Whispering
0bdcdfba.wav,Computer_keyboard Cupboard_open_or_close Knock
0bec3f54.wav,Keys_jangling Frying_(food) Tick-tock
0c151ad3.wav,Waves_and_surf Stream Mechanical_fan
0c16f612.wav,Squeak Meow Hiss
0c32d940.wav,Child_speech_and_kid_speaking Female_singing Sneeze
0c390f3c.wav,Gurgling Burping_and_eructation Chink_and_clink
0c3b2573.wav,Car_passing_by Traffic_noise_and_roadway_noise Motorcycle
0c5ba768.wav,Tick-tock Tap Drawer_open_or_close
0c698ef7.wav,Tick-tock Keys_jangling Frying_(food)
0c8d9148.wav,Computer_keyboard Toilet_flush Tick-tock
0c8def18.wav,Traffic_noise_and_roadway_noise Car_passing_by Waves_and_surf
0c949702.wav,Toilet_flush Bathtub_(filling_or_washing) Frying_(food)
0cb33d03.wav,Bicycle_bell Whispering Cupboard_open_or_close
0cb4cde3.wav,Tick-tock Computer_keyboard Whispering
0cdddb37.wav,Tick-tock Computer_keyboard Keys_jangling
0ce84f9b.wav,Car_passing_by Mechanical_fan Traffic_noise_and_roadway_noise
0cfe3f96.wav,Gurgling Whispering Tick-tock
0d000cd7.wav,Gasp Writing Whispering
0d1b11e0.wav,Fart Printer Gasp
0d2230eb.wav,Cricket Hiss Whispering
0d2707f4.wav,Glockenspiel Whispering Meow
0d34341d.wav,Drawer_open_or_close Microwave_oven Printer
0d3dc96c.wav,Whispering Shatter Keys_jangling
0d507c20.wav,Electric_guitar Printer Accordion
0d540ee1.wav,Keys_jangling Toilet_flush Scissors
0d5516ef.wav,Bicycle_bell Glockenspiel Screaming
0d6564bb.wav,Female_singing Bark Child_speech_and_kid_speaking
0d673a8c.wav,Whispering Sigh Gasp
0d74277e.wav,Computer_keyboard Printer Microwave_oven
0d8d7af9.wav,Computer_keyboard Drawer_open_or_close Tap
0d8e2166.wav,Keys_jangling Printer Computer_keyboard
0d8f3f54.wav,Bass_drum Cupboard_open_or_close Drawer_open_or_close
0d9caeeb.wav,Car_passing_by Waves_and_surf Computer_keyboard
0da3d582.wav,Computer_keyboard Keys_jangling Whispering
0dc06757.wav,Child_speech_and_kid_speaking Marimba_and_xylophone Tick-tock
0dc813d8.wav,Crackle Keys_jangling Frying_(food)
0dce3e5f.wav,Frying_(food) Keys_jangling Toilet_flush
0dcf1534.wav,Car_passing_by Stream Knock
0dda644b.wav,Scissors Tick-tock Frying_(food)
0ddd0393.wav,Tap Finger_snapping Whispering
0de2a4b2.wav,Male_speech_and_man_speaking Gurgling Fart
0de4fc92.wav,Electric_guitar Gong Church_bell
0df1484c.wav,Writing Printer Drawer_open_or_close
0e18c7d2.wav,Tick-tock Frying_(food) Computer_keyboard
0e3e2590.wav,Sigh Printer Traffic_noise_and_roadway_noise
0e4be6a4.wav,Waves_and_surf Mechanical_fan Race_car_and_auto_racing
0e6552c7.wav,Tick-tock Crackle Knock
0e70a285.wav,Hiss Cricket Writing
0e7f5c7e.wav,Stream Bathtub_(filling_or_washing) Crackle
0e9e941b.wav,Gurgling Whispering Stream
0ea99bf4.wav,Bark Sigh Gasp
0eaf6d60.wav,Car_passing_by Tick-tock Knock
0ec7e315.wav,Mechanical_fan Waves_and_surf Accelerating_and_revving_and_vroom
0ed20fe2.wav,Crackle Drawer_open_or_close Stream
0ee80cb7.wav,Cricket Female_speech_and_woman_speaking Female_singing
0ef6fb07.wav,Printer Tick-tock Keys_jangling
0f07f15f.wav,Tap Tick-tock Computer_keyboard
0f08a4c8.wav,Purr Knock Mechanical_fan
0f096853.wav,Whispering Car_passing_by Motorcycle
0f1ab7b0.wav,Crackle Computer_keyboard Drawer_open_or_close
0f3fe29d.wav,Stream Toilet_flush Skateboard
0f50ef2b.wav,Stream Traffic_noise_and_roadway_noise Toilet_flush
0f61907d.wav,Car_passing_by Traffic_noise_and_roadway_noise Mechanical_fan
0f663341.wav,Knock Computer_keyboard Tap
0f81d5bc.wav,Tick-tock Computer_keyboard Keys_jangling
0faf5b2e.wav,Motorcycle Accelerating_and_revving_and_vroom Microwave_oven
0fc07a52.wav,Computer_keyboard Tick-tock Frying_(food)
0fc6a683.wav,Hiss Scissors Computer_keyboard
0fccb2e5.wav,Shatter Cutlery_and_silverware Keys_jangling
0fd91890.wav,Tick-tock Marimba_and_xylophone Bark
0fdb30c1.wav,Computer_keyboard Tap Zipper_(clothing)
0fed6565.wav,Printer Scissors Writing
0ff0e483.wav,Female_singing Child_speech_and_kid_speaking Gasp
0fffc208.wav,Tick-tock Whispering Tap
100e123a.wav,Bus Traffic_noise_and_roadway_noise Waves_and_surf
100faf3f.wav,Glockenspiel Computer_keyboard Fill_(with_liquid)
101b2011.wav,Tick-tock Purr Marimba_and_xylophone
10234fef.wav,Bass_drum Cupboard_open_or_close Slam
10236f0e.wav,Car_passing_by Cricket Mechanical_fan
102fb14f.wav,Bass_guitar Gong Purr
1052e52b.wav,Hiss Writing Tick-tock
105460cd.wav,Burping_and_eructation Hi-hat Sigh
10678d21.wav,Keys_jangling Cutlery_and_silverware Scissors
107f3deb.wav,Toilet_flush Computer_keyboard Skateboard
10811159.wav,Skateboard Stream Clapping
10a1aa40.wav,Motorcycle Traffic_noise_and_roadway_noise Waves_and_surf
10a7b8f3.wav,Female_singing Harmonica Hiss
10acf1b6.wav,Cricket Hiss Writing
10c170b1.wav,Sigh Shatter Whispering
10d026e9.wav,Knock Tap Zipper_(clothing)
10d94568.wav,Computer_keyboard Zipper_(clothing) Writing
10e6a6ac.wav,Computer_keyboard Tick-tock Keys_jangling
10e6db66.wav,Male_speech_and_man_speaking Gasp Finger_snapping
10e92421.wav,Gong Electric_guitar Computer_keyboard
10f58e51.wav,Electric_guitar Accordion Bass_guitar
11071bad.wav,Finger_snapping Tap Whispering
111f9431.wav,Computer_keyboard Writing Whispering
112bdb70.wav,Marimba_and_xylophone Printer Sigh
113290e8.wav,Keys_jangling Computer_keyboard Scissors
1142def0.wav,Frying_(food) Scissors Keys_jangling
1147c12b.wav,Bicycle_bell Microwave_oven Marimba_and_xylophone
1158e587.wav,Keys_jangling Gong Cutlery_and_silverware
11641eb8.wav,Computer_keyboard Tick-tock Drawer_open_or_close
1167b492.wav,Tap Microwave_oven Drawer_open_or_close
1172c5fb.wav,Gong Tick-tock Race_car_and_auto_racing
117358df.wav,Computer_keyboard Tick-tock Keys_jangling
1175ac74.wav,Knock Whispering Tap
11b6c488.wav,Toilet_flush Bathtub_(filling_or_washing) Frying_(food)
11cc8bcb.wav,Computer_keyboard Drawer_open_or_close Tick-tock
12264142.wav,Tap Whispering Finger_snapping
1226b0e0.wav,Computer_keyboard Writing Scissors
1247b7e3.wav,Tick-tock Marimba_and_xylophone Church_bell
124a286f.wav,Bathtub_(filling_or_washing) Gurgling Fill_(with_liquid)
12600be5.wav,Tick-tock Computer_keyboard Knock
12689530.wav,Female_singing Sigh Chink_and_clink
126b674b.wav,Keys_jangling Scissors Frying_(food)
127adb78.wav,Female_singing Child_speech_and_kid_speaking Bark
12849e29.wav,Printer Gong Writing
128a67de.wav,Tick-tock Knock Zipper_(clothing)
12bcd3ec.wav,Computer_keyboard Scissors Tick-tock
12d3e91f.wav,Writing Zipper_(clothing) Fart
12d8c07f.wav,Traffic_noise_and_roadway_noise Car_passing_by Race_car_and_auto_racing
12ddf239.wav,Drawer_open_or_close Computer_keyboard Crackle
12df81e8.wav,Stream Waves_and_surf Toilet_flush
12ee0010.wav,Computer_keyboard Keys_jangling Whispering
12fe33b6.wav,Printer Fart Computer_keyboard
130e4d2f.wav,Marimba_and_xylophone Burping_and_eructation Whispering
13237edd.wav,Scissors Raindrop Finger_snapping
134c3fea.wav,Tick-tock Computer_keyboard Knock
134c95a2.wav,Tick-tock Crackle Computer_keyboard
13694181.wav,Knock Tap Cupboard_open_or_close
13728313.wav,Race_car_and_auto_racing Traffic_noise_and_roadway_noise Bark
13ae306e.wav,Female_singing Bus Burping_and_eructation
13cfa025.wav,Race_car_and_auto_racing Church_bell Car_passing_by
13e3453c.wav,Frying_(food) Toilet_flush Keys_jangling
13e84f69.wav,Bicycle_bell Keys_jangling Whispering
14096fd8.wav,Computer_keyboard Writing Tick-tock
142b9865.wav,Crackle Keys_jangling Scissors
1438cfd0.wav,Cricket Printer Sigh
143e6d96.wav,Bicycle_bell Keys_jangling Computer_keyboard
14416af5.wav,Tick-tock Whispering Glockenspiel
1451986d.wav,Child_speech_and_kid_speaking Fart Cupboard_open_or_close
145a10e4.wav,Computer_keyboard Tap Knock
146c73a3.wav,Burping_and_eructation Meow Printer
14ab7f13.wav,Computer_keyboard Knock Drawer_open_or_close
14cbc626.wav,Writing Gurgling Tick-tock
14d22f20.wav,Keys_jangling Shatter Tick-tock
14e86cfb.wav,Finger_snapping Computer_keyboard Slam
14fd704c.wav,Tick-tock Writing Microwave_oven
151ea709.wav,Toilet_flush Skateboard Waves_and_surf
15288481.wav,Computer_keyboard Printer Tick-tock
152a4e09.wav,Cricket Buzz Motorcycle
153579d9.wav,Stream Waves_and_surf Zipper_(clothing)
1544427c.wav,Computer_keyboard Zipper_(clothing) Writing
154696fd.wav,Computer_keyboard Car_passing_by Drawer_open_or_close
156bf74f.wav,Race_car_and_auto_racing Accelerating_and_revving_and_vroom Mechanical_fan
156c1736.wav,Church_bell Race_car_and_auto_racing Printer
15776b9c.wav,Whispering Computer_keyboard Fill_(with_liquid)
157dd023.wav,Keys_jangling Squeak Scissors
15849032.wav,Bathtub_(filling_or_washing) Scissors Keys_jangling
15868ee8.wav,Cricket Computer_keyboard Hiss
159b8b9b.wav,Scissors Tick-tock Computer_keyboard
159d2208.wav,Tick-tock Drawer_open_or_close Computer_keyboard
15a78daf.wav,Glockenspiel Tap Computer_keyboard
15a98fd7.wav,Bass_drum Knock Waves_and_surf
15b0d4ec.wav,Tick-tock Keys_jangling Scissors
15bcf71d.wav,Bass_guitar Purr Motorcycle
15c34c4f.wav,Computer_keyboard Writing Whispering
15e2bcaa.wav,Accordion Gong Squeak
15e7bb78.wav,Keys_jangling Frying_(food) Scissors
160105ad.wav,Printer Sigh Male_singing
1604a3fa.wav,Tick-tock Computer_keyboard Writing
1606f119.wav,Tap Bark Zipper_(clothing)
160acbb0.wav,Cricket Hiss Bark
165fd18a.wav,Computer_keyboard Run Drawer_open_or_close
166a05c0.wav,Skateboard Car_passing_by Race_car_and_auto_racing
1670b964.wav,Knock Zipper_(clothing) Tick-tock
167a4f00.wav,Purr Motorcycle Mechanical_fan
168be388.wav,Marimba_and_xylophone Meow Sneeze
16b56d33.wav,Bicycle_bell Keys_jangling Cutlery_and_silverware
16bc3f60.wav,Toilet_flush Skateboard Whispering
16c7da35.wav,Stream Toilet_flush Waves_and_surf
16d80f68.wav,Church_bell Accordion Electric_guitar
16e17bed.wav,Race_car_and_auto_racing Church_bell Traffic_noise_and_roadway_noise
16f7ac14.wav,Car_passing_by Traffic_noise_and_roadway_noise Computer_keyboard
16fd3589.wav,Computer_keyboard Writing Run
17135192.wav,Bicycle_bell Cricket Glockenspiel
17140de5.wav,Bathtub_(filling_or_washing) Keys_jangling Toilet_flush
171aa36c.wav,Fart Cupboard_open_or_close Computer_keyboard
17361a5c.wav,Stream Skateboard Waves_and_surf
1751bb8a.wav,Tick-tock Keys_jangling Scissors
1779b015.wav,Electric_guitar Accordion Fart
17b6e84f.wav,Keys_jangling Tick-tock Scissors
17c4b25f.wav,Bark Stream Toilet_flush
17dfb6db.wav,Drawer_open_or_close Cupboard_open_or_close Knock
1802421a.wav,Toilet_flush Tick-tock Race_car_and_auto_racing
18183321.wav,Motorcycle Mechanical_fan Car_passing_by
183948d1.wav,Clapping Skateboard Bark
183fb536.wav,Car_passing_by Whispering Traffic_noise_and_roadway_noise
1843680b.wav,Whispering Zipper_(clothing) Gurgling
184aca02.wav,Frying_(food) Crackle Bathtub_(filling_or_washing)
18551bc1.wav,Scissors Tick-tock Printer
1859b7f7.wav,Keys_jangling Computer_keyboard Scissors
1877623e.wav,Tap Tick-tock Gasp
1889c58d.wav,Bark Male_speech_and_man_speaking Whispering
18929e41.wav,Accordion Harmonica Female_singing
1899de05.wav,Knock Tap Slam
18ace84c.wav,Gasp Sigh Child_speech_and_kid_speaking
18be000d.wav,Drawer_open_or_close Computer_keyboard Waves_and_surf
18c94757.wav,Marimba_and_xylophone Shatter Printer
18ea2e9e.wav,Skateboard Whispering Computer_keyboard
18fda5a4.wav,Motorcycle Traffic_noise_and_roadway_noise Toilet_flush
1904f396.wav,Whispering Gurgling Tap
19135157.wav,Computer_keyboard Drawer_open_or_close Tick-tock
191adc5f.wav,Gong Keys_jangling Tick-tock
19303d26.wav,Purr Printer Motorcycle
193a6063.wav,Tick-tock Computer_keyboard Drawer_open_or_close
1945b8ca.wav,Toilet_flush Printer Frying_(food)
19508dc0.wav,Race_car_and_auto_racing Traffic_noise_and_roadway_noise Car_passing_by
1960e51e.wav,Gurgling Male_speech_and_man_speaking Marimba_and_xylophone
19754d94.wav,Electric_guitar Bass_guitar Cricket
197ce5b2.wav,Male_singing Female_speech_and_woman_speaking Male_speech_and_man_speaking
199d4d12.wav,Gurgling Male_speech_and_man_speaking Fart
19a7dec3.wav,Gurgling Fill_(with_liquid) Whispering
19bb5700.wav,Sigh Drawer_open_or_close Printer
19c7c900.wav,Keys_jangling Hiss Meow
19d9401d.wav,Whispering Printer Writing
19dcb315.wav,Tick-tock Computer_keyboard Scissors
1a068a84.wav,Burping_and_eructation Purr Accelerating_and_revving_and_vroom
1a0d1b78.wav,Race_car_and_auto_racing Traffic_noise_and_roadway_noise Church_bell
1a110901.wav,Toilet_flush Printer Tick-tock
1a1de9b9.wav,Marimba_and_xylophone Meow Trickle_and_dribble
1a1def6e.wav,Skateboard Bark Stream
1a1edda6.wav,Gurgling Squeak Child_speech_and_kid_speaking
1a2580e1.wav,Car_passing_by Traffic_noise_and_roadway_noise Purr
1a35ded5.wav,Frying_(food) Crackle Hiss
1a362723.wav,Meow Screaming Bark
1a44ace1.wav,Gong Tap Knock
1a51eefe.wav,Bathtub_(filling_or_washing) Stream Gurgling
1a5c4e84.wav,Knock Waves_and_surf Writing
1a606ef2.wav,Purr Mechanical_fan Cupboard_open_or_close
1a6925fa.wav,Keys_jangling Glockenspiel Cutlery_and_silverware
1a884f9e.wav,Computer_keyboard Keys_jangling Writing
1abdac69.wav,Scissors Computer_keyboard Raindrop
1ac6f6f3.wav,Sigh Bark Whispering
1acae695.wav,Car_passing_by Drawer_open_or_close Waves_and_surf
1acb3d32.wav,Printer Gasp Gong
1ad7f703.wav,Writing Purr Tick-tock
1ae3ca16.wav,Tick-tock Writing Computer_keyboard
1aec75a6.wav,Crackle Tick-tock Scissors
1b0687b2.wav,Scissors Keys_jangling Computer_keyboard
1b086eb7.wav,Computer_keyboard Writing Zipper_(clothing)
1b0a3884.wav,Whispering Sigh Bark
1b1d1b2d.wav,Hiss Toilet_flush Scissors
1b3ecd82.wav,Race_car_and_auto_racing Printer Church_bell
1b5b6468.wav,Whispering Computer_keyboard Tick-tock
1b5daf72.wav,Computer_keyboard Tick-tock Zipper_(clothing)
1b68d94a.wav,Whispering Cupboard_open_or_close Tick-tock
1ba04ecc.wav,Keys_jangling Tick-tock Computer_keyboard
1bc14732.wav,Sigh Gasp Burping_and_eructation
1bcfdfb5.wav,Purr Sigh Bass_guitar
1bd82417.wav,Gong Marimba_and_xylophone Chink_and_clink
1be1c727.wav,Drawer_open_or_close Waves_and_surf Computer_keyboard
1bfd4be2.wav,Skateboard Zipper_(clothing) Clapping
1c0e284a.wav,Tick-tock Computer_keyboard Keys_jangling
1c0fbe4b.wav,Printer Meow Marimba_and_xylophone
1c1dd720.wav,Tick-tock Zipper_(clothing) Writing
1c3bd325.wav,Keys_jangling Glockenspiel Whispering
1c699cb7.wav,Microwave_oven Hiss Cricket
1c6d56db.wav,Bicycle_bell Cricket Bark
1c77cedf.wav,Stream Waves_and_surf Toilet_flush
1c785226.wav,Tick-tock Computer_keyboard Drawer_open_or_close
1c79ca96.wav,Keys_jangling Tick-tock Frying_(food)
1c8369cf.wav,Zipper_(clothing) Computer_keyboard Whispering
1c983e19.wav,Race_car_and_auto_racing Printer Church_bell
1c9e3f10.wav,Cupboard_open_or_close Microwave_oven Fart
1cc5b5f7.wav,Computer_keyboard Gurgling Whispering
1cd55ad6.wav,Traffic_noise_and_roadway_noise Bus Motorcycle
1cf8379b.wav,Hiss Scissors Cricket
1d11b910.wav,Frying_(food) Crackle Scissors
1d1778c4.wav,Bass_drum Slam Bass_guitar
1d1863a4.wav,Mechanical_fan Purr Car_passing_by
1d2459ce.wav,Gasp Sigh Tick-tock
1d279116.wav,Drawer_open_or_close Tap Computer_keyboard
1d33f8e1.wav,Hiss Hi-hat Scissors
1d4ae8ab.wav,Tick-tock Computer_keyboard Scissors
1d58040b.wav,Meow Gong Child_speech_and_kid_speaking
1d6f2b16.wav,Female_speech_and_woman_speaking Yell Male_singing
1d7d2a17.wav,Mechanical_fan Waves_and_surf Computer_keyboard
1db41feb.wav,Church_bell Female_singing Bark
1dbcd4ba.wav,Stream Tick-tock Toilet_flush
1dc3166b.wav,Sigh Drawer_open_or_close Fart
1dc417cd.wav,Crackle Tick-tock Computer_keyboard
1dcc4dd4.wav,Car_passing_by Mechanical_fan Traffic_noise_and_roadway_noise
1de84153.wav,Mechanical_fan Waves_and_surf Accelerating_and_revving_and_vroom
1ded5864.wav,Knock Computer_keyboard Tick-tock
1def6435.wav,Run Writing Scissors
1dfa910d.wav,Frying_(food) Keys_jangling Tick-tock
1e0b81a9.wav,Cupboard_open_or_close Computer_keyboard Knock
1e1a72d5.wav,Computer_keyboard Zipper_(clothing) Tick-tock
1e1e674a.wav,Hiss Skateboard Bathtub_(filling_or_washing)
1e3763ba.wav,Gong Meow Bicycle_bell
1e3cd2f0.wav,Child_speech_and_kid_speaking Screaming Gurgling
1e6572de.wav,Cupboard_open_or_close Squeak Screaming
1e6e9131.wav,Skateboard Zipper_(clothing) Male_speech_and_man_speaking
1e6fe316.wav,Stream Toilet_flush Bark
1e7b59a7.wav,Sneeze Drawer_open_or_close Gasp
1e8a965c.wav,Waves_and_surf Traffic_noise_and_roadway_noise Car_passing_by
1e8fe3d2.wav,Bark Female_singing Child_speech_and_kid_speaking
1ea533ec.wav,Tick-tock Scissors Frying_(food)
1eac92a1.wav,Accordion Female_singing Gong
1ec2f60d.wav,Computer_keyboard Drawer_open_or_close Microwave_oven
1eda3d26.wav,Sigh Church_bell Bark
1f27827e.wav,Female_singing Marimba_and_xylophone Burping_and_eructation
1f293888.wav,Slam Knock Drawer_open_or_close
1f3d2f22.wav,Traffic_noise_and_roadway_noise Waves_and_surf Stream
1f52baf2.wav,Keys_jangling Bicycle_bell Chink_and_clink
1f58cc84.wav,Female_singing Child_speech_and_kid_speaking Cupboard_open_or_close
1f63c45e.wav,Writing Computer_keyboard Run
1f85a5c7.wav,Skateboard Clapping Tap
1f9c1f3e.wav,Burping_and_eructation Purr Church_bell
1fc0282a.wav,Keys_jangling Computer_keyboard Scissors
1fc8f9a5.wav,Bicycle_bell Keys_jangling Glockenspiel
1fd74cc3.wav,Glockenspiel Marimba_and_xylophone Tick-tock
1fde2c61.wav,Tap Tick-tock Microwave_oven
1fe639ee.wav,Computer_keyboard Scissors Tick-tock
1fec2121.wav,Computer_keyboard Toilet_flush Scissors
1ff215f3.wav,Computer_keyboard Drawer_open_or_close Toilet_flush
200b6920.wav,Tick-tock Toilet_flush Computer_keyboard
2012b2f4.wav,Knock Computer_keyboard Slam
201c18ee.wav,Drawer_open_or_close Waves_and_surf Run
20612e10.wav,Church_bell Toilet_flush Bark
2069253a.wav,Child_speech_and_kid_speaking Marimba_and_xylophone Church_bell
206c0a24.wav,Computer_keyboard Scissors Drawer_open_or_close
20801c98.wav,Hiss Sigh Whispering
2087f937.wav,Glockenspiel Chink_and_clink Computer_keyboard
20898b89.wav,Stream Bathtub_(filling_or_washing) Fill_(with_liquid)
20b16812.wav,Cutlery_and_silverware Bicycle_bell Hi-hat
20c3541c.wav,Keys_jangling Computer_keyboard Scissors
20d2ad1c.wav,Glockenspiel Meow Chink_and_clink
20dc6392.wav,Computer_keyboard Writing Zipper_(clothing)
20e285c7.wav,Bark Church_bell Skateboard
21102a3a.wav,Whispering Keys_jangling Computer_keyboard
2113043a.wav,Glockenspiel Gong Marimba_and_xylophone
2142adda.wav,Meow Tick-tock Glockenspiel
21447ea7.wav,Accordion Church_bell Harmonica
21455882.wav,Hiss Cricket Frying_(food)
2157612c.wav,Sigh Traffic_noise_and_roadway_noise Toilet_flush
2159eea8.wav,Cupboard_open_or_close Cutlery_and_silverware Writing
2175b26d.wav,Bass_guitar Gong Marimba_and_xylophone
217b109a.wav,Car_passing_by Waves_and_surf Stream
2189acc6.wav,Accordion Female_singing Harmonica
218b15dc.wav,Male_speech_and_man_speaking Bark Whispering
218c8907.wav,Skateboard Waves_and_surf Toilet_flush
21b0c9cb.wav,Stream Computer_keyboard Zipper_(clothing)
21b24d69.wav,Knock Bass_drum Tap
21b601cd.wav,Gong Cupboard_open_or_close Drawer_open_or_close
21d2eb4c.wav,Whispering Writing Cricket
21d49986.wav,Crackle Knock Waves_and_surf
21e8d6a9.wav,Computer_keyboard Tap Tick-tock
21eb5d58.wav,Waves_and_surf Stream Traffic_noise_and_roadway_noise
21eca32f.wav,Computer_keyboard Scissors Writing
21fa3245.wav,Keys_jangling Tick-tock Hiss
2210c997.wav,Chink_and_clink Keys_jangling Glockenspiel
2216c947.wav,Male_singing Hiss Burping_and_eructation
223032ba.wav,Cricket Hiss Computer_keyboard
2236c850.wav,Purr Mechanical_fan Crackle
223a5173.wav,Fart Sneeze Sigh
22522048.wav,Bark Sigh Church_bell
2263763d.wav,Cricket Fart Bus
228a538c.wav,Keys_jangling Tick-tock Computer_keyboard
22a7e375.wav,Traffic_noise_and_roadway_noise Toilet_flush Car_passing_by
22b07889.wav,Meow Keys_jangling Sneeze
22b6b9aa.wav,Finger_snapping Writing Scissors
22c5ea2f.wav,Traffic_noise_and_roadway_noise Motorcycle Car_passing_by
22c78043.wav,Knock Purr Tap
22c98028.wav,Computer_keyboard Tick-tock Waves_and_surf
22c9b301.wav,Car_passing_by Motorcycle Drawer_open_or_close
22cd860e.wav,Computer_keyboard Tick-tock Whispering
22f22fc9.wav,Computer_keyboard Purr Knock
22f2d98a.wav,Keys_jangling Glockenspiel Shatter
2303e210.wav,Whispering Keys_jangling Glockenspiel
23244f49.wav,Computer_keyboard Whispering Chewing_and_mastication
2327b6de.wav,Knock Tap Bass_drum
2343daa5.wav,Toilet_flush Skateboard Stream
235213ce.wav,Fill_(with_liquid) Whispering Keys_jangling
235f959c.wav,Meow Cupboard_open_or_close Gong
236e7ce1.wav,Frying_(food) Bathtub_(filling_or_washing) Hiss
23726888.wav,Tick-tock Marimba_and_xylophone Church_bell
23756062.wav,Purr Motorcycle Car_passing_by
238b11f0.wav,Knock Tap Tick-tock
23a07927.wav,Hiss Tick-tock Cricket
23a2669b.wav,Tick-tock Bathtub_(filling_or_washing) Church_bell
23c4613e.wav,Knock Tick-tock Computer_keyboard
23c714b5.wav,Bass_drum Purr Bass_guitar
23d35eea.wav,Skateboard Tick-tock Whispering
23fabbb4.wav,Stream Toilet_flush Skateboard
23fe505d.wav,Computer_keyboard Scissors Cupboard_open_or_close
2406d1de.wav,Motorcycle Drawer_open_or_close Car_passing_by
240e9caa.wav,Child_speech_and_kid_speaking Writing Drawer_open_or_close
24456657.wav,Stream Toilet_flush Car_passing_by
244a60cd.wav,Finger_snapping Tap Computer_keyboard
2451cad9.wav,Printer Marimba_and_xylophone Sigh
2451d17b.wav,Gong Marimba_and_xylophone Gasp
245c01e6.wav,Traffic_noise_and_roadway_noise Church_bell Race_car_and_auto_racing
2462f236.wav,Hiss Male_singing Female_singing
24ae5bef.wav,Race_car_and_auto_racing Electric_guitar Printer
24ce9114.wav,Sigh Cricket Printer
24dda4ed.wav,Toilet_flush Scissors Shatter
24ecb25d.wav,Female_singing Accordion Harmonica
24f04ba5.wav,Waves_and_surf Skateboard Computer_keyboard
2548960b.wav,Purr Printer Burping_and_eructation
256d567f.wav,Chewing_and_mastication Computer_keyboard Keys_jangling
2583a54d.wav,Tick-tock Scissors Computer_keyboard
2599ff86.wav,Toilet_flush Sigh Printer
259e3fa7.wav,Computer_keyboard Chewing_and_mastication Tick-tock
25a8ef58.wav,Bass_drum Knock Purr
25a991a1.wav,Tick-tock Frying_(food) Scissors
25beac1d.wav,Computer_keyboard Tick-tock Tap
25c32640.wav,Computer_keyboard Chewing_and_mastication Writing
25c8686f.wav,Burping_and_eructation Printer Tick-tock
25d481d6.wav,Tap Bass_drum Knock
25e059d3.wav,Waves_and_surf Drawer_open_or_close Skateboard
25e23528.wav,Accordion Harmonica Gong
25e75fa8.wav,Computer_keyboard Keys_jangling Scissors
261cdf15.wav,Printer Buzz Sigh
262131af.wav,Gong Tap Microwave_oven
2624e8ff.wav,Bark Scissors Gurgling
26263cf0.wav,Sigh Burping_and_eructation Gurgling
262a7108.wav,Computer_keyboard Tap Car_passing_by
262d4cca.wav,Marimba_and_xylophone Gong Harmonica
2655ac2c.wav,Printer Hiss Gong
26a25f5d.wav,Whispering Microwave_oven Finger_snapping
26a4977c.wav,Purr Computer_keyboard Writing
26a6c2f3.wav,Whispering Keys_jangling Gurgling
26abfa32.wav,Scissors Computer_keyboard Tick-tock
26c001b7.wav,Toilet_flush Stream Skateboard
26c01e3f.wav,Male_singing Female_singing Bark
26f921e3.wav,Computer_keyboard Fart Finger_snapping
2707f8b0.wav,Child_speech_and_kid_speaking Female_singing Male_singing
27080c56.wav,Drawer_open_or_close Car_passing_by Computer_keyboard
271ade69.wav,Gong Marimba_and_xylophone Computer_keyboard
272d95c7.wav,Skateboard Stream Toilet_flush
2733bb3f.wav,Female_singing Child_speech_and_kid_speaking Yell
27446bcd.wav,Knock Cupboard_open_or_close Tap
2756ca54.wav,Scissors Drawer_open_or_close Zipper_(clothing)
2758a116.wav,Female_singing Yell Male_singing
275e1bb6.wav,Female_speech_and_woman_speaking Cricket Buzz
278a19ee.wav,Sigh Printer Gasp
27903ab8.wav,Computer_keyboard Whispering Chink_and_clink
27924331.wav,Fart Computer_keyboard Drawer_open_or_close
279d4550.wav,Writing Run Computer_keyboard
27a4f4a8.wav,Traffic_noise_and_roadway_noise Printer Church_bell
27a8cf7f.wav,Sigh Tap Tick-tock
27b8db15.wav,Knock Drawer_open_or_close Computer_keyboard
27c8eacc.wav,Computer_keyboard Scissors Keys_jangling
27ce0e90.wav,Computer_keyboard Scissors Keys_jangling
27d07e83.wav,Cricket Whispering Hiss
27d43eba.wav,Printer Race_car_and_auto_racing Sigh
27df10d1.wav,Burping_and_eructation Chink_and_clink Male_speech_and_man_speaking
27e085c0.wav,Printer Cupboard_open_or_close Motorcycle
280c07e4.wav,Meow Screaming Chink_and_clink
2810d717.wav,Tick-tock Computer_keyboard Drawer_open_or_close
28142c7d.wav,Frying_(food) Keys_jangling Tick-tock
28199c01.wav,Finger_snapping Tap Tick-tock
2833e567.wav,Fill_(with_liquid) Whispering Gurgling
28383990.wav,Scissors Glockenspiel Computer_keyboard
283bc0ea.wav,Computer_keyboard Scissors Crackle
2842be8c.wav,Computer_keyboard Fart Car_passing_by
28849a80.wav,Frying_(food) Keys_jangling Tick-tock
288a89c1.wav,Mechanical_fan Car_passing_by Race_car_and_auto_racing
2894416d.wav,Tick-tock Computer_keyboard Zipper_(clothing)
289fb0b8.wav,Traffic_noise_and_roadway_noise Race_car_and_auto_racing Printer
28a2ff49.wav,Glockenspiel Gong Tap
28a9213d.wav,Computer_keyboard Writing Tick-tock
28d22d2e.wav,Printer Microwave_oven Church_bell
28d2f36f.wav,Chink_and_clink Squeak Gurgling
28e13187.wav,Knock Computer_keyboard Zipper_(clothing)
28e32693.wav,Car_passing_by Mechanical_fan Motorcycle
28f49053.wav,Toilet_flush Stream Waves_and_surf
28ff0651.wav,Male_singing Female_singing Cricket
290e30df.wav,Fart Zipper_(clothing) Whispering
292ef00f.wav,Female_singing Child_speech_and_kid_speaking Printer
2934735d.wav,Drawer_open_or_close Gasp Child_speech_and_kid_speaking
2934d413.wav,Tick-tock Keys_jangling Computer_keyboard
29365227.wav,Tick-tock Drawer_open_or_close Computer_keyboard
295268ea.wav,Tick-tock Whispering Cupboard_open_or_close
29699f09.wav,Computer_keyboard Zipper_(clothing) Tick-tock
297219cc.wav,Whispering Computer_keyboard Tick-tock
2980d500.wav,Tick-tock Computer_keyboard Marimba_and_xylophone
29826356.wav,Marimba_and_xylophone Glockenspiel Whispering
29b0574f.wav,Writing Chewing_and_mastication Computer_keyboard
29d72dfb.wav,Drawer_open_or_close Car_passing_by Waves_and_surf
29dd29fb.wav,Computer_keyboard Drawer_open_or_close Tick-tock
29e4880e.wav,Writing Crackle Tick-tock
2a0893c6.wav,Bass_guitar Gong Purr
2a0a3828.wav,Gurgling Chink_and_clink Whispering
2a484593.wav,Knock Clapping Tick-tock
2a557637.wav,Computer_keyboard Scissors Tick-tock
2a79d0a8.wav,Gong Tick-tock Tap
2a9c7202.wav,Bathtub_(filling_or_washing) Hiss Frying_(food)
2aa1e0b8.wav,Chink_and_clink Gasp Sneeze
2ac8607d.wav,Harmonica Female_singing Screaming
2ad174b4.wav,Computer_keyboard Scissors Frying_(food)
2ae04dd7.wav,Car_passing_by Traffic_noise_and_roadway_noise Mechanical_fan
2aedff46.wav,Gong Cutlery_and_silverware Whispering
2af10e99.wav,Scissors Keys_jangling Computer_keyboard
2af77e7f.wav,Car_passing_by Traffic_noise_and_roadway_noise Motorcycle
2b160bb2.wav,Computer_keyboard Scissors Tick-tock
2b2613d8.wav,Toilet_flush Church_bell Race_car_and_auto_racing
2b6ee441.wav,Computer_keyboard Scissors Keys_jangling
2b95327b.wav,Motorcycle Traffic_noise_and_roadway_noise Mechanical_fan
2b9ca464.wav,Knock Purr Computer_keyboard
2bab5b09.wav,Drawer_open_or_close Tick-tock Purr
2bb1503c.wav,Fart Printer Cupboard_open_or_close
2bbf558e.wav,Printer Scissors Computer_keyboard
2be779a7.wav,Computer_keyboard Drawer_open_or_close Run
2c010e00.wav,Bicycle_bell Keys_jangling Cricket
2c2a3c77.wav,Computer_keyboard Writing Cricket
2c2d400b.wav,Computer_keyboard Scissors Frying_(food)
2c39bb30.wav,Church_bell Tick-tock Race_car_and_auto_racing
2c3a44f2.wav,Fill_(with_liquid) Whispering Trickle_and_dribble
2c7a5078.wav,Race_car_and_auto_racing Electric_guitar Church_bell
2c809d4f.wav,Computer_keyboard Tick-tock Scissors
2c8b8812.wav,Computer_keyboard Scissors Tick-tock
2c924848.wav,Sigh Printer Burping_and_eructation
2cc7f972.wav,Car_passing_by Knock Mechanical_fan
2cd526f7.wav,Tick-tock Scissors Drawer_open_or_close
2cdfa8c1.wav,Toilet_flush Race_car_and_auto_racing Gong
2cf4955c.wav,Motorcycle Purr Cricket
2cfdaecd.wav,Bathtub_(filling_or_washing) Hiss Stream
2d0863b7.wav,Computer_keyboard Toilet_flush Skateboard
2d09c7ca.wav,Cricket Whispering Purr
2d15ca77.wav,Skateboard Toilet_flush Computer_keyboard
2d209c25.wav,Computer_keyboard Tick-tock Tap
2d21dbf4.wav,Purr Knock Traffic_noise_and_roadway_noise
2d455ed9.wav,Keys_jangling Tick-tock Computer_keyboard
2d4961a8.wav,Tap Computer_keyboard Drawer_open_or_close
2d4a0250.wav,Tick-tock Toilet_flush Tap
2d56c2ae.wav,Toilet_flush Frying_(food) Keys_jangling
2d5dcc5d.wav,Race_car_and_auto_racing Knock Marimba_and_xylophone
2d666c1d.wav,Burping_and_eructation Printer Sigh
2d6d99d4.wav,Sneeze Gasp Sigh
2d7218f8.wav,Clapping Fart Sneeze
2d7ae271.wav,Cricket Sigh Whispering
2d8135cc.wav,Skateboard Stream Toilet_flush
2d88fa59.wav,Whispering Sigh Cupboard_open_or_close
2da4c729.wav,Mechanical_fan Motorcycle Car_passing_by
2db579cb.wav,Tick-tock Computer_keyboard Whispering
2db63f0d.wav,Computer_keyboard Writing Scissors
2dd2a6bf.wav,Waves_and_surf Toilet_flush Skateboard
2df0cf1f.wav,Burping_and_eructation Tick-tock Whispering
2df1f901.wav,Sigh Whispering Screaming
2dfd32a3.wav,Female_singing Printer Accordion
2e61e614.wav,Drawer_open_or_close Stream Gasp
2e820b05.wav,Glockenspiel Chink_and_clink Whispering
2e8b4709.wav,Male_speech_and_man_speaking Gurgling Zipper_(clothing)
2e9ced66.wav,Cricket Hiss Writing
2ea33689.wav,Printer Race_car_and_auto_racing Church_bell
2eade3e1.wav,Car_passing_by Computer_keyboard Drawer_open_or_close
2eb3002c.wav,Marimba_and_xylophone Printer Gong
2eb51f57.wav,Glockenspiel Marimba_and_xylophone Gong
2ed9ce69.wav,Gong Harmonica Marimba_and_xylophone
2edb4142.wav,Computer_keyboard Drawer_open_or_close Tick-tock
2ee3ef28.wav,Cricket Male_singing Sigh
2ee9f139.wav,Sneeze Gasp Sigh
2eeb7f35.wav,Church_bell Bicycle_bell Glockenspiel
2eec6eda.wav,Hi-hat Harmonica Sigh
2f00863c.wav,Gong Cupboard_open_or_close Computer_keyboard
2f14d3b3.wav,Tick-tock Keys_jangling Shatter
2f2ab304.wav,Meow Church_bell Printer
2f41afe1.wav,Race_car_and_auto_racing Gong Church_bell
2f529eb8.wav,Hi-hat Hiss Bathtub_(filling_or_washing)
2f5cbf20.wav,Cupboard_open_or_close Drawer_open_or_close Tap
2f6331aa.wav,Scissors Gasp Hiss
2f643c50.wav,Cupboard_open_or_close Tick-tock Chink_and_clink
2f785877.wav,Knock Bass_drum Crackle
2f84c8e9.wav,Computer_keyboard Writing Scissors
2f8dd247.wav,Run Buzz Computer_keyboard
2f94fca3.wav,Printer Burping_and_eructation Tick-tock
2fa1cc09.wav,Tick-tock Scissors Computer_keyboard
2fc6ede8.wav,Computer_keyboard Crackle Drawer_open_or_close
2fe3ae63.wav,Computer_keyboard Tick-tock Scissors
2ffd2145.wav,Child_speech_and_kid_speaking Bark Cupboard_open_or_close
3011c55b.wav,Sigh Female_singing Gasp
3012731a.wav,Skateboard Waves_and_surf Toilet_flush
302f4eb8.wav,Tick-tock Computer_keyboard Drawer_open_or_close
303d4668.wav,Keys_jangling Computer_keyboard Frying_(food)
304d8a8e.wav,Computer_keyboard Tick-tock Glockenspiel
304f25f4.wav,Tap Drawer_open_or_close Computer_keyboard
3052fe86.wav,Car_passing_by Mechanical_fan Race_car_and_auto_racing
3061e8d1.wav,Gong Harmonica Squeak
309169fa.wav,Whispering Gurgling Female_speech_and_woman_speaking
30960f70.wav,Waves_and_surf Computer_keyboard Toilet_flush
309eea85.wav,Tick-tock Shatter Scissors
30ac78a6.wav,Frying_(food) Keys_jangling Tick-tock
30d1840b.wav,Keys_jangling Scissors Writing
30dc07a7.wav,Knock Bass_drum Crackle
30e1162a.wav,Child_speech_and_kid_speaking Female_singing Yell
30e40cc3.wav,Buzz Printer Toilet_flush
30f7577e.wav,Toilet_flush Frying_(food) Stream
30f8ba51.wav,Bass_guitar Purr Bass_drum
3102ff8d.wav,Computer_keyboard Zipper_(clothing) Writing
311fcc0d.wav,Frying_(food) Bathtub_(filling_or_washing) Keys_jangling
3129e5b4.wav,Bass_drum Purr Knock
312c730c.wav,Shatter Toilet_flush Scissors
312e1179.wav,Frying_(food) Scissors Bathtub_(filling_or_washing)
312e698e.wav,Fart Printer Purr
31312cda.wav,Marimba_and_xylophone Microwave_oven Gong
3134c1f5.wav,Tick-tock Computer_keyboard Chewing_and_mastication
31452d93.wav,Race_car_and_auto_racing Waves_and_surf Computer_keyboard
314a8107.wav,Cupboard_open_or_close Car_passing_by Electric_guitar
3174521f.wav,Tick-tock Computer_keyboard Drawer_open_or_close
3177529f.wav,Computer_keyboard Run Chewing_and_mastication
317e5fda.wav,Computer_keyboard Keys_jangling Bathtub_(filling_or_washing)
3190ca46.wav,Frying_(food) Scissors Hiss
31ab1bc4.wav,Burping_and_eructation Marimba_and_xylophone Tap
31b883cb.wav,Burping_and_eructation Printer Fart
31bf8f6c.wav,Race_car_and_auto_racing Gong Church_bell
31c60809.wav,Computer_keyboard Writing Finger_snapping
31c7a683.wav,Bicycle_bell Whispering Glockenspiel
31cfaf7c.wav,Sneeze Whispering Gasp
31ea3391.wav,Race_car_and_auto_racing Mechanical_fan Car_passing_by
31f4d839.wav,Computer_keyboard Tick-tock Drawer_open_or_close
31fe4058.wav,Knock Crackle Tick-tock
31ff4a9f.wav,Keys_jangling Glockenspiel Bicycle_bell
320adc8a.wav,Hiss Frying_(food) Keys_jangling
320b9457.wav,Race_car_and_auto_racing Waves_and_surf Mechanical_fan
320cb73f.wav,Stream Toilet_flush Waves_and_surf
321c61dd.wav,Computer_keyboard Whispering Toilet_flush
321d7624.wav,Bass_guitar Purr Bass_drum
322c634e.wav,Printer Child_speech_and_kid_speaking Gong
3246e22c.wav,Race_car_and_auto_racing Toilet_flush Church_bell
32663622.wav,Computer_keyboard Drawer_open_or_close Knock
3273193a.wav,Printer Shatter Toilet_flush
327ff97c.wav,Whispering Gurgling Finger_snapping
3288c908.wav,Gong Computer_keyboard Cupboard_open_or_close
329d5f81.wav,Printer Tap Sigh
32aaacf1.wav,Printer Hiss Scissors
32ad561a.wav,Bark Male_singing Screaming
32b66826.wav,Purr Zipper_(clothing) Clapping
32bf8f9d.wav,Tap Tick-tock Chink_and_clink
32cce167.wav,Keys_jangling Scissors Computer_keyboard
32d21079.wav,Bicycle_bell Cupboard_open_or_close Whispering
32e0e55a.wav,Gong Bass_guitar Buzz
32f26b94.wav,Writing Zipper_(clothing) Computer_keyboard
330b1461.wav,Motorcycle Accelerating_and_revving_and_vroom Church_bell
3313662e.wav,Drawer_open_or_close Knock Microwave_oven
33139052.wav,Hiss Whispering Bathtub_(filling_or_washing)
33170581.wav,Bicycle_bell Glockenspiel Whispering
332246f6.wav,Cupboard_open_or_close Chirp_and_tweet Computer_keyboard
33355c50.wav,Church_bell Marimba_and_xylophone Gong
3347121c.wav,Tick-tock Computer_keyboard Glockenspiel
3353d705.wav,Mechanical_fan Waves_and_surf Accelerating_and_revving_and_vroom
335d2ea3.wav,Church_bell Race_car_and_auto_racing Tick-tock
336a88c3.wav,Bicycle_bell Keys_jangling Whispering
338669d9.wav,Tick-tock Computer_keyboard Writing
33a61f8d.wav,Knock Bass_drum Slam
33bc9deb.wav,Keys_jangling Frying_(food) Cutlery_and_silverware
33c82ad4.wav,Child_speech_and_kid_speaking Female_singing Burping_and_eructation
33ef8393.wav,Bicycle_bell Cricket Female_speech_and_woman_speaking
33fbfca7.wav,Cricket Hiss Tick-tock
34035cf8.wav,Computer_keyboard Run Drawer_open_or_close
340d5db4.wav,Accelerating_and_revving_and_vroom Motorcycle Mechanical_fan
340da762.wav,Purr Tick-tock Writing
34120253.wav,Female_singing Church_bell Sigh
341efc4b.wav,Traffic_noise_and_roadway_noise Purr Walk_and_footsteps
342cc3ae.wav,Female_singing Male_singing Sigh
34486c7f.wav,Marimba_and_xylophone Gong Cupboard_open_or_close
34510c7a.wav,Tick-tock Computer_keyboard Drawer_open_or_close
34512413.wav,Printer Writing Computer_keyboard
346fc59c.wav,Whispering Sigh Fill_(with_liquid)
3474d7cd.wav,Keys_jangling Computer_keyboard Crackle
348aaf17.wav,Scissors Computer_keyboard Finger_snapping
349e5ea7.wav,Bicycle_bell Gurgling Whispering
34aac2b5.wav,Female_singing Printer Yell
34c53320.wav,Burping_and_eructation Male_speech_and_man_speaking Gasp
34cca3b3.wav,Race_car_and_auto_racing Church_bell Accelerating_and_revving_and_vroom
34d0b2ca.wav,Bark Male_speech_and_man_speaking Marimba_and_xylophone
34d4cfda.wav,Church_bell Race_car_and_auto_racing Traffic_noise_and_roadway_noise
34dc323b.wav,Bark Knock Gong
34e6a0de.wav,Bicycle_bell Cricket Glockenspiel
34f2c99d.wav,Knock Zipper_(clothing) Run
34fbb318.wav,Computer_keyboard Keys_jangling Scissors
3500ed9d.wav,Knock Tap Drawer_open_or_close
350942d1.wav,Toilet_flush Stream Frying_(food)
351a8abe.wav,Race_car_and_auto_racing Accelerating_and_revving_and_vroom Mechanical_fan
352ce267.wav,Bass_drum Knock Tap
3544797d.wav,Writing Tick-tock Scissors
354d467a.wav,Tick-tock Zipper_(clothing) Drawer_open_or_close
355ddeda.wav,Waves_and_surf Hiss Fart
356adc0d.wav,Tick-tock Sigh Whispering
356b99de.wav,Tick-tock Chirp_and_tweet Computer_keyboard
35930583.wav,Female_singing Female_speech_and_woman_speaking Male_singing
359a6e84.wav,Waves_and_surf Race_car_and_auto_racing Printer
35a7edad.wav,Bass_drum Knock Slam
35a8a688.wav,Computer_keyboard Tick-tock Keys_jangling
35d5aca3.wav,Child_speech_and_kid_speaking Female_singing Meow
35dbfd81.wav,Female_singing Harmonica Marimba_and_xylophone
36027dca.wav,Bass_drum Slam Purr
361237d6.wav,Printer Fart Gasp
361c9c0e.wav,Bicycle_bell Marimba_and_xylophone Cricket
3623b13a.wav,Female_singing Male_singing Child_speech_and_kid_speaking
3626ac5a.wav,Mechanical_fan Cricket Hiss
362f92f4.wav,Yell Fart Female_singing
366d25a7.wav,Accordion Church_bell Electric_guitar
366d6820.wav,Stream Toilet_flush Skateboard
367ef5a8.wav,Toilet_flush Car_passing_by Motorcycle
36896b31.wav,Hiss Waves_and_surf Sigh
368e3f09.wav,Crackle Tick-tock Bathtub_(filling_or_washing)
36b92bec.wav,Scissors Keys_jangling Frying_(food)
36beb3fd.wav,Male_singing Male_speech_and_man_speaking Gasp
36c459de.wav,Female_singing Harmonica Screaming
36dfae4f.wav,Tick-tock Chink_and_clink Meow
36fe695f.wav,Drawer_open_or_close Computer_keyboard Cupboard_open_or_close
37053a90.wav,Squeak Chirp_and_tweet Electric_guitar
370eaa84.wav,Traffic_noise_and_roadway_noise Printer Bus
37155f3a.wav,Car_passing_by Traffic_noise_and_roadway_noise Race_car_and_auto_racing
37790f99.wav,Frying_(food) Toilet_flush Scissors
378216b2.wav,Waves_and_surf Mechanical_fan Traffic_noise_and_roadway_noise
37856035.wav,Stream Bathtub_(filling_or_washing) Zipper_(clothing)
3792237d.wav,Toilet_flush Drawer_open_or_close Computer_keyboard
37941050.wav,Accelerating_and_revving_and_vroom Mechanical_fan Drawer_open_or_close
379ae4e1.wav,Hiss Bathtub_(filling_or_washing) Fill_(with_liquid)
379b7e21.wav,Stream Skateboard Toilet_flush
379c063d.wav,Male_speech_and_man_speaking Whispering Gasp
37a1946c.wav,Knock Drawer_open_or_close Cupboard_open_or_close
37a7927f.wav,Computer_keyboard Tap Run
37c95c1c.wav,Gasp Screaming Squeak
37ccc1ea.wav,Bathtub_(filling_or_washing) Hiss Toilet_flush
37d609aa.wav,Computer_keyboard Tick-tock Car_passing_by
37dc178a.wav,Motorcycle Traffic_noise_and_roadway_noise Mechanical_fan
37f5f0d8.wav,Waves_and_surf Mechanical_fan Traffic_noise_and_roadway_noise
382587b8.wav,Drawer_open_or_close Crackle Slam
382cd8c5.wav,Keys_jangling Computer_keyboard Toilet_flush
38368c9b.wav,Tick-tock Tap Chink_and_clink
384b0ff2.wav,Marimba_and_xylophone Chink_and_clink Harmonica
38544190.wav,Computer_keyboard Knock Run
38558ab1.wav,Bark Female_singing Screaming
3858d281.wav,Knock Tap Cupboard_open_or_close
385e8b0f.wav,Computer_keyboard Tap Tick-tock
38636d71.wav,Chirp_and_tweet Meow Sigh
38669440.wav,Cricket Computer_keyboard Purr
387014ab.wav,Toilet_flush Frying_(food) Stream
3876c193.wav,Gong Keys_jangling Bark
388f70a5.wav,Car_passing_by Waves_and_surf Stream
38b9ff18.wav,Child_speech_and_kid_speaking Meow Drawer_open_or_close
38d29a00.wav,Computer_keyboard Writing Knock
38d378d8.wav,Printer Race_car_and_auto_racing Bus
38d50e59.wav,Keys_jangling Scissors Tick-tock
38d5d026.wav,Tick-tock Keys_jangling Tap
38e43355.wav,Child_speech_and_kid_speaking Male_singing Female_singing
38ea5df2.wav,Keys_jangling Shatter Toilet_flush
38f6aa5e.wav,Toilet_flush Church_bell Race_car_and_auto_racing
38fea590.wav,Electric_guitar Church_bell Accordion
390789a8.wav,Purr Computer_keyboard Writing
390995ef.wav,Gong Cutlery_and_silverware Glockenspiel
39189c31.wav,Tick-tock Church_bell Race_car_and_auto_racing
391fbd47.wav,Computer_keyboard Glockenspiel Tick-tock
392e88d7.wav,Cricket Mechanical_fan Hiss
3939b821.wav,Tick-tock Whispering Keys_jangling
39467410.wav,Child_speech_and_kid_speaking Cupboard_open_or_close Female_singing
394b8ce2.wav,Computer_keyboard Writing Run
395de76a.wav,Toilet_flush Skateboard Church_bell
395df625.wav,Printer Burping_and_eructation Purr
396d793f.wav,Computer_keyboard Keys_jangling Tick-tock
39723c0e.wav,Church_bell Harmonica Race_car_and_auto_racing
39768e2a.wav,Bicycle_bell Chink_and_clink Male_speech_and_man_speaking
3987fc79.wav,Purr Tick-tock Tap
398b6fa6.wav,Drawer_open_or_close Computer_keyboard Knock
399732ec.wav,Gong Whispering Cupboard_open_or_close
39a8ac5c.wav,Computer_keyboard Tick-tock Zipper_(clothing)
39b6cc75.wav,Tick-tock Writing Frying_(food)
39bbcabd.wav,Mechanical_fan Waves_and_surf Car_passing_by
39c1f2fd.wav,Computer_keyboard Whispering Printer
39d1b554.wav,Tick-tock Scissors Glockenspiel
39e1b8cc.wav,Trickle_and_dribble Fill_(with_liquid) Toilet_flush
39e2f767.wav,Sigh Child_speech_and_kid_speaking Burping_and_eructation
39e35f03.wav,Toilet_flush Meow Whispering
39eb6dd5.wav,Knock Tap Gurgling
39f19344.wav,Race_car_and_auto_racing Sigh Whispering
3a2353bb.wav,Chink_and_clink Tap Tick-tock
3a28e28a.wav,Mechanical_fan Waves_and_surf Car_passing_by
3a2a4822.wav,Computer_keyboard Zipper_(clothing) Whispering
3a3e4b29.wav,Male_singing Electric_guitar Male_speech_and_man_speaking
3a49d5ed.wav,Computer_keyboard Fill_(with_liquid) Gurgling
3a4cf709.wav,Hiss Meow Sigh
3a5e6dde.wav,Hiss Frying_(food) Stream
3a66e3df.wav,Computer_keyboard Fill_(with_liquid) Chewing_and_mastication
3a87c628.wav,Frying_(food) Crackle Tick-tock
3a885c38.wav,Mechanical_fan Car_passing_by Traffic_noise_and_roadway_noise
3a8b9afe.wav,Electric_guitar Bass_guitar Accordion
3aa5b432.wav,Skateboard Stream Waves_and_surf
3ac609e1.wav,Mechanical_fan Car_passing_by Motorcycle
3acbee34.wav,Chirp_and_tweet Raindrop Whispering
3adfb8f0.wav,Toilet_flush Motorcycle Bathtub_(filling_or_washing)
3ae08e83.wav,Tick-tock Toilet_flush Bathtub_(filling_or_washing)
3ae0ea8b.wav,Computer_keyboard Run Drawer_open_or_close
3b0a3361.wav,Toilet_flush Church_bell Bark
3b0b13f4.wav,Drawer_open_or_close Child_speech_and_kid_speaking Gasp
3b13f6a1.wav,Traffic_noise_and_roadway_noise Stream Waves_and_surf
3b23ed90.wav,Cricket Finger_snapping Whispering
3b252939.wav,Bus Church_bell Purr
3b277890.wav,Sigh Child_speech_and_kid_speaking Gasp
3b382171.wav,Bark Male_speech_and_man_speaking Sneeze
3b3c2c67.wav,Computer_keyboard Scissors Raindrop
3b75b456.wav,Traffic_noise_and_roadway_noise Race_car_and_auto_racing Bark
3b7c7f94.wav,Drawer_open_or_close Tap Computer_keyboard
3bb6024f.wav,Race_car_and_auto_racing Church_bell Waves_and_surf
3bb7c24d.wav,Computer_keyboard Knock Tick-tock
3bb9a722.wav,Whispering Writing Cricket
3bda5fb0.wav,Car_passing_by Traffic_noise_and_roadway_noise Waves_and_surf
3bfcab18.wav,Electric_guitar Purr Female_speech_and_woman_speaking
3c0370c8.wav,Computer_keyboard Drawer_open_or_close Tick-tock
3c1b9399.wav,Tick-tock Scissors Computer_keyboard
3c20c95f.wav,Writing Crackle Zipper_(clothing)
3c216393.wav,Computer_keyboard Scissors Tick-tock
3c244ade.wav,Stream Bathtub_(filling_or_washing) Toilet_flush
3c348e5c.wav,Keys_jangling Shatter Whispering
3c35237b.wav,Car_passing_by Motorcycle Accelerating_and_revving_and_vroom
3c40f472.wav,Male_singing Female_speech_and_woman_speaking Buzz
3c525c1f.wav,Computer_keyboard Frying_(food) Crackle
3c590143.wav,Computer_keyboard Run Purr
3c90b11b.wav,Tick-tock Keys_jangling Shatter
3c95067e.wav,Frying_(food) Toilet_flush Stream
3ca6b1a3.wav,Fill_(with_liquid) Trickle_and_dribble Bathtub_(filling_or_washing)
3caf1f70.wav,Drawer_open_or_close Tick-tock Crackle
3cc51361.wav,Male_speech_and_man_speaking Electric_guitar Gurgling
3cd30520.wav,Fart Printer Cupboard_open_or_close
3ce0dcd0.wav,Cricket Female_singing Bicycle_bell
3ce9fd74.wav,Glockenspiel Church_bell Toilet_flush
3cfeb0cd.wav,Toilet_flush Frying_(food) Stream
3d07c63a.wav,Tap Drawer_open_or_close Knock
3d0beb6f.wav,Computer_keyboard Printer Whispering
3d0dca90.wav,Church_bell Race_car_and_auto_racing Printer
3d1d3f2b.wav,Traffic_noise_and_roadway_noise Motorcycle Car_passing_by
3d27f415.wav,Glockenspiel Tick-tock Marimba_and_xylophone
3d287b47.wav,Computer_keyboard Car_passing_by Tick-tock
3d4e1dea.wav,Female_speech_and_woman_speaking Electric_guitar Male_speech_and_man_speaking
3d58d893.wav,Skateboard Waves_and_surf Stream
3d5f899d.wav,Gong Tick-tock Race_car_and_auto_racing
3d633399.wav,Microwave_oven Computer_keyboard Cupboard_open_or_close
3d7309d7.wav,Computer_keyboard Scissors Crackle
3d921767.wav,Bass_guitar Gong Marimba_and_xylophone
3d9a715d.wav,Stream Toilet_flush Frying_(food)
3db04d3f.wav,Bass_guitar Purr Electric_guitar
3db44f6c.wav,Female_singing Harmonica Screaming
3ddb4122.wav,Keys_jangling Tick-tock Computer_keyboard
3dedbba9.wav,Computer_keyboard Scissors Shatter
3df2fc0e.wav,Mechanical_fan Car_passing_by Traffic_noise_and_roadway_noise
3df5c540.wav,Clapping Stream Bark
3e230352.wav,Stream Drawer_open_or_close Toilet_flush
3e3a6910.wav,Drawer_open_or_close Printer Car_passing_by
3e4755ba.wav,Purr Knock Gurgling
3e52f857.wav,Cricket Chirp_and_tweet Cutlery_and_silverware
3e5ce660.wav,Cricket Mechanical_fan Cupboard_open_or_close
3e656c6e.wav,Bicycle_bell Glockenspiel Chink_and_clink
3e65a00d.wav,Waves_and_surf Stream Traffic_noise_and_roadway_noise
3e691b83.wav,Drawer_open_or_close Computer_keyboard Tap
3e7889ed.wav,Glockenspiel Tap Sigh
3e83500f.wav,Car_passing_by Knock Tick-tock
3e9967cf.wav,Computer_keyboard Drawer_open_or_close Writing
3ebaff6d.wav,Car_passing_by Waves_and_surf Mechanical_fan
3ecc19c5.wav,Race_car_and_auto_racing Church_bell Skateboard
3ed6c2b5.wav,Sigh Chink_and_clink Gong
3efc0912.wav,Church_bell Traffic_noise_and_roadway_noise Accordion
3f0f92ff.wav,Tap Computer_keyboard Finger_snapping
3f15fd07.wav,Gurgling Zipper_(clothing) Knock
3f16d9f3.wav,Race_car_and_auto_racing Printer Church_bell
3f19e53c.wav,Traffic_noise_and_roadway_noise Fart Mechanical_fan
3f1ca1bb.wav,Toilet_flush Bathtub_(filling_or_washing) Stream
3f29038e.wav,Electric_guitar Male_singing Fart
3f2dbd00.wav,Gasp Tap Sigh
3f4f4808.wav,Drawer_open_or_close Waves_and_surf Tick-tock
3f53a02f.wav,Printer Fart Race_car_and_auto_racing
3f7043d9.wav,Computer_keyboard Tick-tock Tap
3f80cc56.wav,Sigh Tick-tock Computer_keyboard
3f96494a.wav,Drawer_open_or_close Tick-tock Whispering
3faf10be.wav,Traffic_noise_and_roadway_noise Mechanical_fan Car_passing_by
3fd4d55a.wav,Finger_snapping Tap Knock
400ff09d.wav,Tick-tock Gurgling Fill_(with_liquid)
402e2d1b.wav,Knock Run Writing
4030a4f2.wav,Knock Slam Bass_drum
4034f327.wav,Printer Toilet_flush Computer_keyboard
4037cd65.wav,Cricket Cupboard_open_or_close Male_singing
4040f015.wav,Drawer_open_or_close Printer Computer_keyboard
40449ca7.wav,Hiss Frying_(food) Printer
404b54c0.wav,Computer_keyboard Printer Purr
404fb677.wav,Traffic_noise_and_roadway_noise Mechanical_fan Purr
4053b801.wav,Chink_and_clink Gasp Sneeze
405c66af.wav,Shatter Frying_(food) Scissors
406306b6.wav,Printer Burping_and_eructation Marimba_and_xylophone
406a1cc1.wav,Knock Bark Tap
406ade5e.wav,Frying_(food) Computer_keyboard Keys_jangling
4093913f.wav,Toilet_flush Printer Race_car_and_auto_racing
40957335.wav,Meow Burping_and_eructation Fart
4098028d.wav,Computer_keyboard Car_passing_by Drawer_open_or_close
40afd1b3.wav,Tick-tock Whispering Keys_jangling
40c1ed87.wav,Computer_keyboard Shatter Tap
40c50046.wav,Computer_keyboard Writing Run
40d0726d.wav,Computer_keyboard Cupboard_open_or_close Mechanical_fan
40dd1274.wav,Tap Meow Sigh
40e25750.wav,Sigh Burping_and_eructation Printer
410837eb.wav,Tick-tock Marimba_and_xylophone Knock
410c2138.wav,Mechanical_fan Accelerating_and_revving_and_vroom Sigh
411993fd.wav,Fart Hi-hat Tap
413b5427.wav,Harmonica Accordion Female_singing
41522a65.wav,Cricket Scissors Raindrop
415f4c8f.wav,Bicycle_bell Marimba_and_xylophone Cutlery_and_silverware
41759973.wav,Toilet_flush Tick-tock Stream
419271cc.wav,Fart Chirp_and_tweet Bicycle_bell
4195cb1a.wav,Bicycle_bell Cricket Chirp_and_tweet
41af688a.wav,Male_speech_and_man_speaking Scissors Writing
41c60bba.wav,Drawer_open_or_close Knock Tap
41cfee6d.wav,Accordion Church_bell Gong
41f16193.wav,Shatter Traffic_noise_and_roadway_noise Keys_jangling
41f1ea4a.wav,Whispering Bus Hiss
41f86bc4.wav,Fill_(with_liquid) Stream Trickle_and_dribble
4215309a.wav,Computer_keyboard Scissors Tick-tock
4248d196.wav,Stream Waves_and_surf Traffic_noise_and_roadway_noise
42542036.wav,Race_car_and_auto_racing Church_bell Toilet_flush
