fname,label
000ccb97.wav,Fart Scissors Finger_snapping
0012633b.wav,Zipper_(clothing) Microwave_oven Toilet_flush
001ed5f1.wav,Crackle Writing Knock
00294be0.wav,Chewing_and_mastication Scissors Writing
003fde7a.wav,Church_bell Marimba_and_xylophone Glockenspiel
0040ccc9.wav,Bass_drum Tap Printer
0046b732.wav,Printer Yell Screaming
004f3bbc.wav,Bass_guitar Bass_drum Purr
00526050.wav,Bass_drum Clapping Knock
00559da4.wav,Run Chewing_and_mastication Computer_keyboard
00582bbe.wav,Sneeze Printer Tick-tock
0064aedf.wav,Run Computer_keyboard Tick-tock
0065512b.wav,Clapping Skateboard Zipper_(clothing)
006a91d2.wav,Waves_and_surf Stream Toilet_flush
006ea9ee.wav,Gong Hi-hat Glockenspiel
006f9dca.wav,Scissors Tick-tock Hiss
007450dc.wav,Female_singing Trickle_and_dribble Male_speech_and_man_speaking
00979c8a.wav,Run Zipper_(clothing) Knock
00992464.wav,Fill_(with_liquid) Trickle_and_dribble Screaming
00b44a8a.wav,Sigh Bicycle_bell Cricket
00bfaaaf.wav,Sneeze Gasp Screaming
00cf9680.wav,Finger_snapping Crackle Scissors
00eae94d.wav,Chewing_and_mastication Writing Keys_jangling
011ec5b8.wav,Male_speech_and_man_speaking Bark Female_speech_and_woman_speaking
013200dc.wav,Writing Scissors Keys_jangling
01440c2e.wav,Harmonica Accordion Fart
01567a3d.wav,Skateboard Cupboard_open_or_close Fart
0163d203.wav,Computer_keyboard Run Writing
017c24b2.wav,Bark Chink_and_clink Hi-hat
01a992c5.wav,Cricket Chirp_and_tweet Hiss
01b1d976.wav,Tick-tock Scissors Writing
01c1c371.wav,Gurgling Screaming Sneeze
01cf8354.wav,Burping_and_eructation Tick-tock Gurgling
01d2c640.wav,Tick-tock Bus Drawer_open_or_close
01d69423.wav,Knock Computer_keyboard Tap
01e9170b.wav,Accordion Female_singing Church_bell
01f2901a.wav,Scissors Writing Keys_jangling
020b1fdf.wav,Bus Accordion Traffic_noise_and_roadway_noise
021457df.wav,Writing Computer_keyboard Chewing_and_mastication
02173589.wav,Female_singing Harmonica Accordion
021ac082.wav,Stream Waves_and_surf Bathtub_(filling_or_washing)
02200884.wav,Chewing_and_mastication Tick-tock Cricket
02213278.wav,Skateboard Printer Toilet_flush
022e3b2c.wav,Computer_keyboard Chewing_and_mastication Writing
023081f2.wav,Glockenspiel Hi-hat Marimba_and_xylophone
02596541.wav,Printer Sigh Buzz
0289b79b.wav,Skateboard Zipper_(clothing) Printer
028cf9db.wav,Female_singing Toilet_flush Male_singing
028d26f7.wav,Shatter Keys_jangling Chink_and_clink
02ab2a72.wav,Toilet_flush Stream Waves_and_surf
02c02ec1.wav,Church_bell Toilet_flush Printer
02ce28a1.wav,Bus Waves_and_surf Run
02d01f40.wav,Keys_jangling Writing Shatter
02da7457.wav,Writing Frying_(food) Toilet_flush
02e17633.wav,Run Zipper_(clothing) Waves_and_surf
02e8059d.wav,Male_speech_and_man_speaking Bass_drum Gurgling
02f71319.wav,Harmonica Printer Hi-hat
03090fb0.wav,Screaming Whispering Tick-tock
03162c23.wav,Child_speech_and_kid_speaking Sneeze Gasp
032f518c.wav,Electric_guitar Marimba_and_xylophone Church_bell
03300fcb.wav,Female_singing Buzz Harmonica
035dd895.wav,Run Zipper_(clothing) Writing
03754ab4.wav,Frying_(food) Shatter Toilet_flush
037b47c4.wav,Fart Skateboard Whispering
03887635.wav,Tick-tock Computer_keyboard Writing
03931594.wav,Shatter Sneeze Whispering
039d2821.wav,Female_speech_and_woman_speaking Male_speech_and_man_speaking Electric_guitar
03a47c4a.wav,Scissors Finger_snapping Shatter
03b80975.wav,Stream Waves_and_surf Frying_(food)
03c5e8d0.wav,Computer_keyboard Writing Run
03fe2971.wav,Tap Cupboard_open_or_close Bass_drum
04008bb5.wav,Shatter Keys_jangling Cutlery_and_silverware
040c5c0c.wav,Run Writing Computer_keyboard
041cff59.wav,Tick-tock Writing Crackle
042b07a4.wav,Church_bell Traffic_noise_and_roadway_noise Electric_guitar
042b542f.wav,Electric_guitar Church_bell Marimba_and_xylophone
04308d8d.wav,Female_speech_and_woman_speaking Burping_and_eructation Sneeze
04355ea8.wav,Female_speech_and_woman_speaking Electric_guitar Marimba_and_xylophone
0442a617.wav,Screaming Trickle_and_dribble Chirp_and_tweet
0443f812.wav,Shatter Cutlery_and_silverware Chewing_and_mastication
04441d5b.wav,Knock Writing Computer_keyboard
0453bb71.wav,Harmonica Female_singing Toilet_flush
04702c1c.wav,Tick-tock Female_singing Toilet_flush
047ba0e1.wav,Keys_jangling Shatter Scissors
04877d29.wav,Church_bell Race_car_and_auto_racing Electric_guitar
048c3418.wav,Stream Toilet_flush Waves_and_surf
04a5c9eb.wav,Church_bell Traffic_noise_and_roadway_noise Bus
04ad8e52.wav,Burping_and_eructation Printer Whispering
04af82d9.wav,Cupboard_open_or_close Tick-tock Chirp_and_tweet
04b1558a.wav,Fill_(with_liquid) Trickle_and_dribble Gurgling
04de7b9a.wav,Scissors Chewing_and_mastication Computer_keyboard
04e8bf2a.wav,Knock Scissors Writing
04f004fe.wav,Fart Writing Zipper_(clothing)
04f48f10.wav,Skateboard Drawer_open_or_close Church_bell
0506eee8.wav,Church_bell Electric_guitar Race_car_and_auto_racing
050eb97f.wav,Toilet_flush Accelerating_and_revving_and_vroom Printer
051bda9a.wav,Buzz Fart Printer
057a3c2e.wav,Knock Crackle Writing
057c13c8.wav,Electric_guitar Meow Church_bell
058a4a79.wav,Fart Whispering Chewing_and_mastication
058ec864.wav,Bicycle_bell Marimba_and_xylophone Glockenspiel
05af19b1.wav,Church_bell Motorcycle Traffic_noise_and_roadway_noise
05c881c4.wav,Scissors Tick-tock Writing
05d775e9.wav,Skateboard Toilet_flush Stream
05dae80d.wav,Electric_guitar Church_bell Race_car_and_auto_racing
05e34a55.wav,Frying_(food) Bathtub_(filling_or_washing) Crackle
05edaa47.wav,Writing Chewing_and_mastication Computer_keyboard
060b802f.wav,Screaming Printer Sneeze
060d2d47.wav,Scissors Knock Zipper_(clothing)
062e94dd.wav,Keys_jangling Tick-tock Finger_snapping
06345241.wav,Screaming Meow Bark
0648b115.wav,Fart Sigh Zipper_(clothing)
06526954.wav,Computer_keyboard Run Chewing_and_mastication
065b49ec.wav,Writing Tick-tock Zipper_(clothing)
06604d51.wav,Tick-tock Tap Zipper_(clothing)
068b717f.wav,Child_speech_and_kid_speaking Sneeze Screaming
069b2f91.wav,Burping_and_eructation Sigh Hiss
069f3ce5.wav,Sneeze Child_speech_and_kid_speaking Yell
06a23eb9.wav,Motorcycle Traffic_noise_and_roadway_noise Church_bell
06c34152.wav,Purr Zipper_(clothing) Burping_and_eructation
06feb5cf.wav,Microwave_oven Traffic_noise_and_roadway_noise Buzz
0718ce8d.wav,Run Computer_keyboard Writing
07295dd0.wav,Bass_drum Clapping Tap
072ee4b2.wav,Tick-tock Chewing_and_mastication Computer_keyboard
074cbe2b.wav,Screaming Meow Electric_guitar
07502956.wav,Crackle Scissors Run
07603ad3.wav,Zipper_(clothing) Chewing_and_mastication Writing
07670752.wav,Stream Fill_(with_liquid) Hiss
077f270d.wav,Hi-hat Tick-tock Sigh
0782d022.wav,Female_speech_and_woman_speaking Screaming Chirp_and_tweet
078464b8.wav,Zipper_(clothing) Hiss Waves_and_surf
07a82fbe.wav,Knock Run Zipper_(clothing)
07bca33c.wav,Burping_and_eructation Chink_and_clink Gurgling
07da8ebf.wav,Bark Screaming Female_singing
07dff283.wav,Run Drawer_open_or_close Computer_keyboard
07f965a0.wav,Skateboard Toilet_flush Waves_and_surf
07fa6e7e.wav,Sneeze Burping_and_eructation Shatter
08087580.wav,Fill_(with_liquid) Trickle_and_dribble Stream
0814db2b.wav,Church_bell Accordion Female_singing
0815543c.wav,Fart Whispering Male_speech_and_man_speaking
081d6520.wav,Shatter Cutlery_and_silverware Tap
081f2b5a.wav,Knock Run Tap
0824bbdb.wav,Keys_jangling Writing Scissors
08272d1c.wav,Cricket Bus Bicycle_bell
08278440.wav,Burping_and_eructation Gasp Male_speech_and_man_speaking
0837e041.wav,Drawer_open_or_close Run Writing
08390e01.wav,Cricket Hiss Sigh
083cc652.wav,Screaming Sneeze Female_singing
08458ab2.wav,Computer_keyboard Writing Run
0849057f.wav,Male_speech_and_man_speaking Writing Female_speech_and_woman_speaking
084e5784.wav,Sneeze Gasp Burping_and_eructation
085f174a.wav,Harmonica Fart Frying_(food)
0865816c.wav,Knock Bass_drum Tap
086ce4a5.wav,Electric_guitar Marimba_and_xylophone Meow
086ebb95.wav,Motorcycle Microwave_oven Car_passing_by
08810dd4.wav,Writing Keys_jangling Computer_keyboard
08b06642.wav,Female_singing Male_singing Harmonica
08b2d04c.wav,Zipper_(clothing) Tick-tock Sneeze
08bc3e2d.wav,Knock Run Zipper_(clothing)
08d46566.wav,Keys_jangling Writing Scissors
08d4acca.wav,Church_bell Female_singing Gong
08d5d316.wav,Waves_and_surf Skateboard Traffic_noise_and_roadway_noise
08dfe75d.wav,Knock Crackle Slam
08eb3a69.wav,Chewing_and_mastication Computer_keyboard Whispering
08f36895.wav,Skateboard Fart Zipper_(clothing)
08facc12.wav,Fill_(with_liquid) Trickle_and_dribble Whispering
090cc523.wav,Fill_(with_liquid) Trickle_and_dribble Scissors
091fa206.wav,Sigh Sneeze Zipper_(clothing)
092d8e54.wav,Run Computer_keyboard Knock
094761b8.wav,Hi-hat Gasp Printer
0963270d.wav,Writing Computer_keyboard Gurgling
0992b95a.wav,Chewing_and_mastication Zipper_(clothing) Hiss
0997968e.wav,Stream Bathtub_(filling_or_washing) Run
09a67356.wav,Traffic_noise_and_roadway_noise Shatter Bus
09d085e3.wav,Bus Waves_and_surf Run
0a31c905.wav,Printer Tick-tock Bus
0a3c2351.wav,Zipper_(clothing) Knock Computer_keyboard
0a4d3800.wav,Chewing_and_mastication Scissors Writing
0a4ff0fb.wav,Fart Writing Shatter
0a56e261.wav,Microwave_oven Burping_and_eructation Church_bell
0a64010f.wav,Meow Bus Cupboard_open_or_close
0a683136.wav,Bass_guitar Purr Gong
0a6e6889.wav,Church_bell Gong Marimba_and_xylophone
0a8e1630.wav,Knock Run Drawer_open_or_close
0a950c32.wav,Marimba_and_xylophone Electric_guitar Chink_and_clink
0aee7a2a.wav,Skateboard Stream Waves_and_surf
0af7446d.wav,Writing Tick-tock Keys_jangling
0b1503e8.wav,Whispering Glockenspiel Tick-tock
0b33d746.wav,Screaming Bark Church_bell
0b4819f1.wav,Bus Chirp_and_tweet Whispering
0b5c6535.wav,Keys_jangling Writing Tick-tock
0b73077e.wav,Screaming Trickle_and_dribble Gurgling
0b9e93e6.wav,Printer Writing Scissors
0ba7fe6b.wav,Bass_drum Knock Clapping
0bacb61b.wav,Knock Finger_snapping Scissors
0bb86b6c.wav,Burping_and_eructation Sneeze Sigh
0bbe8308.wav,Fart Sneeze Microwave_oven
0bc36580.wav,Female_singing Screaming Bark
0bc7822a.wav,Keys_jangling Tick-tock Shatter
0bdcdfba.wav,Knock Drawer_open_or_close Slam
0bec3f54.wav,Knock Scissors Crackle
0c151ad3.wav,Waves_and_surf Run Stream
0c16f612.wav,Harmonica Accordion Female_singing
0c32d940.wav,Screaming Bark Electric_guitar
0c390f3c.wav,Burping_and_eructation Fart Male_speech_and_man_speaking
0c3b2573.wav,Motorcycle Traffic_noise_and_roadway_noise Microwave_oven
0c5ba768.wav,Skateboard Zipper_(clothing) Shatter
0c698ef7.wav,Finger_snapping Scissors Knock
0c8d9148.wav,Buzz Toilet_flush Zipper_(clothing)
0c8def18.wav,Waves_and_surf Bus Traffic_noise_and_roadway_noise
0c949702.wav,Toilet_flush Printer Bathtub_(filling_or_washing)
0cb33d03.wav,Whispering Fart Sigh
0cb4cde3.wav,Computer_keyboard Tick-tock Writing
0cdddb37.wav,Finger_snapping Clapping Shatter
0ce84f9b.wav,Motorcycle Skateboard Car_passing_by
0cfe3f96.wav,Sneeze Fart Gasp
0d000cd7.wav,Fart Skateboard Zipper_(clothing)
0d1b11e0.wav,Fart Sneeze Printer
0d2230eb.wav,Cricket Chirp_and_tweet Hiss
0d2707f4.wav,Glockenspiel Marimba_and_xylophone Gong
0d34341d.wav,Buzz Zipper_(clothing) Motorcycle
0d3dc96c.wav,Shatter Sneeze Printer
0d507c20.wav,Bus Cupboard_open_or_close Stream
0d540ee1.wav,Keys_jangling Writing Chewing_and_mastication
0d5516ef.wav,Gasp Cricket Marimba_and_xylophone
0d6564bb.wav,Female_singing Harmonica Screaming
0d673a8c.wav,Hi-hat Finger_snapping Clapping
0d74277e.wav,Toilet_flush Fart Frying_(food)
0d8d7af9.wav,Computer_keyboard Run Crackle
0d8e2166.wav,Shatter Printer Tick-tock
0d8f3f54.wav,Bass_drum Clapping Cupboard_open_or_close
0d9caeeb.wav,Skateboard Car_passing_by Bus
0da3d582.wav,Female_speech_and_woman_speaking Whispering Sneeze
0dc06757.wav,Screaming Meow Electric_guitar
0dc813d8.wav,Computer_keyboard Scissors Writing
0dce3e5f.wav,Stream Bathtub_(filling_or_washing) Zipper_(clothing)
0dcf1534.wav,Waves_and_surf Traffic_noise_and_roadway_noise Buzz
0dda644b.wav,Chewing_and_mastication Bathtub_(filling_or_washing) Tick-tock
0ddd0393.wav,Fart Skateboard Hi-hat
0de2a4b2.wav,Female_speech_and_woman_speaking Electric_guitar Male_speech_and_man_speaking
0de4fc92.wav,Church_bell Electric_guitar Gong
0df1484c.wav,Zipper_(clothing) Skateboard Fart
0e18c7d2.wav,Finger_snapping Crackle Knock
0e3e2590.wav,Accordion Buzz Child_speech_and_kid_speaking
0e4be6a4.wav,Skateboard Accelerating_and_revving_and_vroom Microwave_oven
0e6552c7.wav,Slam Tap Fart
0e70a285.wav,Cricket Chirp_and_tweet Hiss
0e7f5c7e.wav,Stream Bathtub_(filling_or_washing) Zipper_(clothing)
0e9e941b.wav,Fill_(with_liquid) Gurgling Trickle_and_dribble
0ea99bf4.wav,Skateboard Sneeze Fart
0eaf6d60.wav,Skateboard Car_passing_by Walk_and_footsteps
0ec7e315.wav,Crackle Traffic_noise_and_roadway_noise Drawer_open_or_close
0ed20fe2.wav,Run Zipper_(clothing) Waves_and_surf
0ee80cb7.wav,Female_speech_and_woman_speaking Marimba_and_xylophone Female_singing
0ef6fb07.wav,Shatter Keys_jangling Cutlery_and_silverware
0f07f15f.wav,Crackle Tick-tock Knock
0f08a4c8.wav,Knock Crackle Purr
0f096853.wav,Motorcycle Traffic_noise_and_roadway_noise Shatter
0f1ab7b0.wav,Crackle Knock Computer_keyboard
0f3fe29d.wav,Stream Toilet_flush Waves_and_surf
0f50ef2b.wav,Printer Motorcycle Traffic_noise_and_roadway_noise
0f61907d.wav,Electric_guitar Church_bell Motorcycle
0f663341.wav,Zipper_(clothing) Scissors Knock
0f81d5bc.wav,Writing Keys_jangling Scissors
0faf5b2e.wav,Accelerating_and_revving_and_vroom Church_bell Gong
0fc07a52.wav,Run Chewing_and_mastication Writing
0fc6a683.wav,Zipper_(clothing) Bathtub_(filling_or_washing) Scissors
0fccb2e5.wav,Keys_jangling Scissors Writing
0fd91890.wav,Whispering Sneeze Child_speech_and_kid_speaking
0fdb30c1.wav,Knock Run Drawer_open_or_close
0fed6565.wav,Toilet_flush Bathtub_(filling_or_washing) Printer
0ff0e483.wav,Female_speech_and_woman_speaking Male_speech_and_man_speaking Child_speech_and_kid_speaking
0fffc208.wav,Printer Hi-hat Tap
100e123a.wav,Bus Traffic_noise_and_roadway_noise Church_bell
100faf3f.wav,Fill_(with_liquid) Trickle_and_dribble Tick-tock
101b2011.wav,Marimba_and_xylophone Sneeze Tick-tock
10234fef.wav,Bass_drum Cupboard_open_or_close Clapping
10236f0e.wav,Fart Chirp_and_tweet Female_speech_and_woman_speaking
102fb14f.wav,Bass_guitar Gong Electric_guitar
1052e52b.wav,Burping_and_eructation Fart Sigh
105460cd.wav,Female_singing Male_singing Male_speech_and_man_speaking
10678d21.wav,Shatter Keys_jangling Writing
107f3deb.wav,Run Waves_and_surf Frying_(food)
10811159.wav,Stream Skateboard Bathtub_(filling_or_washing)
10a1aa40.wav,Fart Sigh Frying_(food)
10a7b8f3.wav,Female_singing Harmonica Male_singing
10acf1b6.wav,Cricket Hiss Crackle
10c170b1.wav,Harmonica Sigh Screaming
10d026e9.wav,Knock Tap Writing
10d94568.wav,Computer_keyboard Run Chewing_and_mastication
10e6a6ac.wav,Crackle Scissors Tick-tock
10e6db66.wav,Male_speech_and_man_speaking Burping_and_eructation Female_speech_and_woman_speaking
10e92421.wav,Toilet_flush Printer Female_singing
10f58e51.wav,Electric_guitar Marimba_and_xylophone Church_bell
11071bad.wav,Finger_snapping Microwave_oven Whispering
111f9431.wav,Chewing_and_mastication Zipper_(clothing) Sigh
112bdb70.wav,Female_singing Marimba_and_xylophone Screaming
113290e8.wav,Keys_jangling Writing Scissors
1142def0.wav,Keys_jangling Writing Shatter
1147c12b.wav,Tick-tock Microwave_oven Bicycle_bell
1158e587.wav,Keys_jangling Trickle_and_dribble Chirp_and_tweet
11641eb8.wav,Run Computer_keyboard Drawer_open_or_close
1167b492.wav,Fart Male_speech_and_man_speaking Gurgling
1172c5fb.wav,Church_bell Printer Accordion
117358df.wav,Crackle Knock Scissors
1175ac74.wav,Computer_keyboard Run Knock
11b6c488.wav,Toilet_flush Bathtub_(filling_or_washing) Printer
11cc8bcb.wav,Writing Chewing_and_mastication Run
12264142.wav,Electric_guitar Male_speech_and_man_speaking Fart
1226b0e0.wav,Writing Chewing_and_mastication Keys_jangling
1247b7e3.wav,Marimba_and_xylophone Glockenspiel Gong
124a286f.wav,Gurgling Fill_(with_liquid) Chewing_and_mastication
12600be5.wav,Writing Computer_keyboard Keys_jangling
12689530.wav,Church_bell Tick-tock Accordion
126b674b.wav,Shatter Keys_jangling Scissors
127adb78.wav,Male_speech_and_man_speaking Female_singing Female_speech_and_woman_speaking
12849e29.wav,Female_singing Buzz Frying_(food)
128a67de.wav,Scissors Computer_keyboard Crackle
12bcd3ec.wav,Fart Waves_and_surf Zipper_(clothing)
12d3e91f.wav,Fart Zipper_(clothing) Skateboard
12d8c07f.wav,Bus Traffic_noise_and_roadway_noise Drawer_open_or_close
12ddf239.wav,Run Chewing_and_mastication Toilet_flush
12df81e8.wav,Run Waves_and_surf Crackle
12ee0010.wav,Chewing_and_mastication Fill_(with_liquid) Bathtub_(filling_or_washing)
12fe33b6.wav,Zipper_(clothing) Tick-tock Sneeze
130e4d2f.wav,Sneeze Burping_and_eructation Male_speech_and_man_speaking
13237edd.wav,Cricket Chirp_and_tweet Hiss
134c3fea.wav,Zipper_(clothing) Sneeze Tick-tock
134c95a2.wav,Writing Chewing_and_mastication Computer_keyboard
13694181.wav,Knock Writing Crackle
13728313.wav,Electric_guitar Church_bell Race_car_and_auto_racing
13ae306e.wav,Bicycle_bell Slam Cupboard_open_or_close
13cfa025.wav,Printer Bus Traffic_noise_and_roadway_noise
13e3453c.wav,Bathtub_(filling_or_washing) Hiss Chewing_and_mastication
13e84f69.wav,Bicycle_bell Chirp_and_tweet Shatter
14096fd8.wav,Chewing_and_mastication Run Computer_keyboard
142b9865.wav,Writing Keys_jangling Chewing_and_mastication
1438cfd0.wav,Female_speech_and_woman_speaking Male_speech_and_man_speaking Chirp_and_tweet
143e6d96.wav,Shatter Bicycle_bell Cutlery_and_silverware
14416af5.wav,Tick-tock Keys_jangling Whispering
1451986d.wav,Drawer_open_or_close Shatter Computer_keyboard
145a10e4.wav,Skateboard Knock Run
146c73a3.wav,Harmonica Female_singing Child_speech_and_kid_speaking
14ab7f13.wav,Run Writing Chewing_and_mastication
14cbc626.wav,Zipper_(clothing) Sneeze Skateboard
14d22f20.wav,Shatter Writing Keys_jangling
14e86cfb.wav,Tap Zipper_(clothing) Crackle
14fd704c.wav,Zipper_(clothing) Cupboard_open_or_close Purr
151ea709.wav,Toilet_flush Frying_(food) Stream
15288481.wav,Church_bell Marimba_and_xylophone Electric_guitar
152a4e09.wav,Fart Buzz Hiss
153579d9.wav,Run Waves_and_surf Chewing_and_mastication
1544427c.wav,Chewing_and_mastication Computer_keyboard Scissors
154696fd.wav,Bus Traffic_noise_and_roadway_noise Waves_and_surf
156bf74f.wav,Female_singing Toilet_flush Accordion
156c1736.wav,Church_bell Printer Electric_guitar
15776b9c.wav,Chewing_and_mastication Bathtub_(filling_or_washing) Writing
157dd023.wav,Trickle_and_dribble Writing Whispering
15849032.wav,Zipper_(clothing) Cricket Keys_jangling
15868ee8.wav,Frying_(food) Bathtub_(filling_or_washing) Hiss
159b8b9b.wav,Writing Scissors Tick-tock
159d2208.wav,Zipper_(clothing) Sneeze Shatter
15a78daf.wav,Burping_and_eructation Zipper_(clothing) Tick-tock
15a98fd7.wav,Bass_drum Clapping Cupboard_open_or_close
15b0d4ec.wav,Finger_snapping Knock Crackle
15bcf71d.wav,Bass_guitar Gong Bass_drum
15c34c4f.wav,Chewing_and_mastication Computer_keyboard Keys_jangling
15e2bcaa.wav,Electric_guitar Accordion Harmonica
15e7bb78.wav,Keys_jangling Writing Scissors
160105ad.wav,Female_singing Electric_guitar Harmonica
1604a3fa.wav,Keys_jangling Writing Computer_keyboard
1606f119.wav,Zipper_(clothing) Sneeze Printer
160acbb0.wav,Chirp_and_tweet Cricket Female_speech_and_woman_speaking
165fd18a.wav,Gurgling Printer Computer_keyboard
166a05c0.wav,Zipper_(clothing) Stream Printer
1670b964.wav,Computer_keyboard Zipper_(clothing) Knock
167a4f00.wav,Chirp_and_tweet Cricket Hiss
168be388.wav,Cupboard_open_or_close Tap Marimba_and_xylophone
16b56d33.wav,Scissors Burping_and_eructation Chirp_and_tweet
16bc3f60.wav,Zipper_(clothing) Bathtub_(filling_or_washing) Shatter
16c7da35.wav,Stream Waves_and_surf Toilet_flush
16d80f68.wav,Electric_guitar Church_bell Female_singing
16e17bed.wav,Skateboard Church_bell Race_car_and_auto_racing
16f7ac14.wav,Traffic_noise_and_roadway_noise Bus Printer
16fd3589.wav,Run Chewing_and_mastication Writing
17135192.wav,Bicycle_bell Shatter Chirp_and_tweet
17140de5.wav,Bathtub_(filling_or_washing) Stream Fill_(with_liquid)
171aa36c.wav,Chirp_and_tweet Trickle_and_dribble Chewing_and_mastication
17361a5c.wav,Stream Waves_and_surf Toilet_flush
1751bb8a.wav,Scissors Keys_jangling Writing
1779b015.wav,Electric_guitar Mechanical_fan Church_bell
17b6e84f.wav,Chewing_and_mastication Writing Keys_jangling
17c4b25f.wav,Stream Toilet_flush Bathtub_(filling_or_washing)
17dfb6db.wav,Skateboard Zipper_(clothing) Cupboard_open_or_close
1802421a.wav,Skateboard Printer Traffic_noise_and_roadway_noise
18183321.wav,Bus Motorcycle Traffic_noise_and_roadway_noise
183948d1.wav,Printer Toilet_flush Stream
183fb536.wav,Electric_guitar Female_speech_and_woman_speaking Male_speech_and_man_speaking
1843680b.wav,Run Computer_keyboard Zipper_(clothing)
184aca02.wav,Crackle Zipper_(clothing) Computer_keyboard
18551bc1.wav,Fart Printer Sneeze
1859b7f7.wav,Keys_jangling Scissors Writing
1877623e.wav,Sneeze Burping_and_eructation Tick-tock
1889c58d.wav,Bark Gurgling Fill_(with_liquid)
18929e41.wav,Harmonica Female_singing Cupboard_open_or_close
1899de05.wav,Knock Bass_drum Writing
18ace84c.wav,Screaming Yell Sneeze
18be000d.wav,Run Waves_and_surf Drawer_open_or_close
18c94757.wav,Church_bell Printer Traffic_noise_and_roadway_noise
18ea2e9e.wav,Printer Buzz Zipper_(clothing)
18fda5a4.wav,Traffic_noise_and_roadway_noise Church_bell Motorcycle
1904f396.wav,Fart Skateboard Gurgling
19135157.wav,Writing Tick-tock Knock
191adc5f.wav,Sneeze Child_speech_and_kid_speaking Female_speech_and_woman_speaking
19303d26.wav,Bus Motorcycle Church_bell
193a6063.wav,Writing Computer_keyboard Scissors
1945b8ca.wav,Printer Toilet_flush Skateboard
19508dc0.wav,Electric_guitar Church_bell Zipper_(clothing)
1960e51e.wav,Gurgling Male_speech_and_man_speaking Marimba_and_xylophone
19754d94.wav,Electric_guitar Accordion Fart
197ce5b2.wav,Female_speech_and_woman_speaking Screaming Yell
199d4d12.wav,Female_speech_and_woman_speaking Male_speech_and_man_speaking Gurgling
19a7dec3.wav,Male_speech_and_man_speaking Burping_and_eructation Gurgling
19bb5700.wav,Bus Harmonica Fart
19c7c900.wav,Meow Cupboard_open_or_close Chirp_and_tweet
19d9401d.wav,Zipper_(clothing) Fart Skateboard
19dcb315.wav,Tick-tock Chewing_and_mastication Computer_keyboard
1a068a84.wav,Electric_guitar Church_bell Marimba_and_xylophone
1a0d1b78.wav,Skateboard Traffic_noise_and_roadway_noise Waves_and_surf
1a110901.wav,Toilet_flush Printer Bus
1a1de9b9.wav,Marimba_and_xylophone Church_bell Gong
1a1def6e.wav,Skateboard Toilet_flush Printer
1a1edda6.wav,Female_speech_and_woman_speaking Child_speech_and_kid_speaking Chirp_and_tweet
1a2580e1.wav,Skateboard Knock Walk_and_footsteps
1a35ded5.wav,Keys_jangling Crackle Chewing_and_mastication
1a362723.wav,Meow Screaming Trickle_and_dribble
1a44ace1.wav,Purr Gong Bass_guitar
1a51eefe.wav,Fill_(with_liquid) Bathtub_(filling_or_washing) Trickle_and_dribble
1a5c4e84.wav,Skateboard Waves_and_surf Zipper_(clothing)
1a606ef2.wav,Purr Hiss Chewing_and_mastication
1a6925fa.wav,Keys_jangling Writing Scissors
1a884f9e.wav,Fill_(with_liquid) Chewing_and_mastication Keys_jangling
1abdac69.wav,Fill_(with_liquid) Chewing_and_mastication Trickle_and_dribble
1ac6f6f3.wav,Bark Burping_and_eructation Screaming
1acae695.wav,Waves_and_surf Skateboard Traffic_noise_and_roadway_noise
1acb3d32.wav,Child_speech_and_kid_speaking Tick-tock Accordion
1ad7f703.wav,Hiss Chewing_and_mastication Stream
1ae3ca16.wav,Chewing_and_mastication Tick-tock Writing
1aec75a6.wav,Computer_keyboard Chewing_and_mastication Writing
1b0687b2.wav,Chewing_and_mastication Keys_jangling Computer_keyboard
1b086eb7.wav,Run Zipper_(clothing) Computer_keyboard
1b0a3884.wav,Church_bell Tick-tock Run
1b1d1b2d.wav,Sigh Sneeze Printer
1b3ecd82.wav,Stream Bus Printer
1b5b6468.wav,Skateboard Fart Cupboard_open_or_close
1b5daf72.wav,Crackle Tick-tock Computer_keyboard
1b68d94a.wav,Traffic_noise_and_roadway_noise Cupboard_open_or_close Printer
1ba04ecc.wav,Scissors Crackle Keys_jangling
1bc14732.wav,Screaming Gong Sigh
1bcfdfb5.wav,Burping_and_eructation Male_speech_and_man_speaking Bark
1bd82417.wav,Church_bell Marimba_and_xylophone Glockenspiel
1be1c727.wav,Run Drawer_open_or_close Computer_keyboard
1bfd4be2.wav,Skateboard Fart Printer
1c0e284a.wav,Stream Waves_and_surf Motorcycle
1c0fbe4b.wav,Electric_guitar Marimba_and_xylophone Church_bell
1c1dd720.wav,Gurgling Female_singing Screaming
1c3bd325.wav,Keys_jangling Shatter Cutlery_and_silverware
1c699cb7.wav,Microwave_oven Chirp_and_tweet Printer
1c6d56db.wav,Fill_(with_liquid) Trickle_and_dribble Frying_(food)
1c77cedf.wav,Zipper_(clothing) Run Waves_and_surf
1c785226.wav,Chewing_and_mastication Computer_keyboard Zipper_(clothing)
1c79ca96.wav,Scissors Finger_snapping Crackle
1c8369cf.wav,Zipper_(clothing) Crackle Run
1c983e19.wav,Writing Tick-tock Printer
1c9e3f10.wav,Fart Clapping Cupboard_open_or_close
1cc5b5f7.wav,Chewing_and_mastication Computer_keyboard Writing
1cd55ad6.wav,Bus Motorcycle Traffic_noise_and_roadway_noise
1cf8379b.wav,Keys_jangling Cricket Tick-tock
1d11b910.wav,Scissors Zipper_(clothing) Crackle
1d1778c4.wav,Bass_guitar Bass_drum Marimba_and_xylophone
1d1863a4.wav,Fart Mechanical_fan Motorcycle
1d2459ce.wav,Sneeze Child_speech_and_kid_speaking Female_speech_and_woman_speaking
1d279116.wav,Drawer_open_or_close Crackle Computer_keyboard
1d33f8e1.wav,Sigh Hi-hat Gong
1d4ae8ab.wav,Writing Tick-tock Chewing_and_mastication
1d58040b.wav,Meow Screaming Cupboard_open_or_close
1d6f2b16.wav,Female_speech_and_woman_speaking Marimba_and_xylophone Electric_guitar
1d7d2a17.wav,Fart Zipper_(clothing) Bus
1db41feb.wav,Church_bell Female_singing Hi-hat
1dbcd4ba.wav,Fill_(with_liquid) Bathtub_(filling_or_washing) Toilet_flush
1dc3166b.wav,Skateboard Zipper_(clothing) Fart
1dc417cd.wav,Computer_keyboard Tick-tock Scissors
1dcc4dd4.wav,Electric_guitar Church_bell Traffic_noise_and_roadway_noise
1de84153.wav,Microwave_oven Skateboard Accelerating_and_revving_and_vroom
1ded5864.wav,Writing Keys_jangling Tick-tock
1def6435.wav,Chewing_and_mastication Computer_keyboard Writing
1dfa910d.wav,Knock Scissors Crackle
1e0b81a9.wav,Electric_guitar Yell Church_bell
1e1a72d5.wav,Knock Crackle Clapping
1e1e674a.wav,Zipper_(clothing) Sneeze Skateboard
1e3763ba.wav,Meow Cupboard_open_or_close Marimba_and_xylophone
1e3cd2f0.wav,Child_speech_and_kid_speaking Female_speech_and_woman_speaking Chirp_and_tweet
1e6572de.wav,Printer Drawer_open_or_close Church_bell
1e6e9131.wav,Sneeze Printer Screaming
1e6fe316.wav,Run Waves_and_surf Stream
1e7b59a7.wav,Sneeze Child_speech_and_kid_speaking Meow
1e8a965c.wav,Skateboard Mechanical_fan Waves_and_surf
1e8fe3d2.wav,Female_singing Buzz Toilet_flush
1ea533ec.wav,Scissors Knock Crackle
1eac92a1.wav,Marimba_and_xylophone Female_singing Church_bell
1ec2f60d.wav,Shatter Computer_keyboard Run
1eda3d26.wav,Screaming Female_singing Bark
1f27827e.wav,Harmonica Meow Screaming
1f293888.wav,Bass_drum Knock Tap
1f3d2f22.wav,Stream Waves_and_surf Bathtub_(filling_or_washing)
1f52baf2.wav,Cutlery_and_silverware Shatter Bicycle_bell
1f58cc84.wav,Female_speech_and_woman_speaking Screaming Sneeze
1f63c45e.wav,Zipper_(clothing) Tap Skateboard
1f85a5c7.wav,Skateboard Fart Zipper_(clothing)
1f9c1f3e.wav,Electric_guitar Church_bell Meow
1fc0282a.wav,Zipper_(clothing) Writing Scissors
1fc8f9a5.wav,Bicycle_bell Yell Squeak
1fd74cc3.wav,Church_bell Marimba_and_xylophone Glockenspiel
1fde2c61.wav,Run Skateboard Drawer_open_or_close
1fe639ee.wav,Writing Computer_keyboard Chewing_and_mastication
1fec2121.wav,Skateboard Traffic_noise_and_roadway_noise Printer
1ff215f3.wav,Skateboard Printer Tick-tock
200b6920.wav,Traffic_noise_and_roadway_noise Bus Printer
2012b2f4.wav,Skateboard Sneeze Printer
201c18ee.wav,Run Skateboard Waves_and_surf
20612e10.wav,Toilet_flush Church_bell Female_singing
2069253a.wav,Female_singing Marimba_and_xylophone Fill_(with_liquid)
206c0a24.wav,Chewing_and_mastication Writing Shatter
20801c98.wav,Fart Sigh Hiss
2087f937.wav,Printer Tick-tock Whispering
20898b89.wav,Stream Fill_(with_liquid) Hiss
20b16812.wav,Chirp_and_tweet Keys_jangling Shatter
20c3541c.wav,Keys_jangling Writing Shatter
20d2ad1c.wav,Meow Electric_guitar Screaming
20dc6392.wav,Computer_keyboard Writing Chewing_and_mastication
20e285c7.wav,Printer Screaming Skateboard
21102a3a.wav,Tick-tock Scissors Chewing_and_mastication
2113043a.wav,Gong Female_singing Marimba_and_xylophone
2142adda.wav,Screaming Female_speech_and_woman_speaking Marimba_and_xylophone
21447ea7.wav,Accordion Electric_guitar Church_bell
21455882.wav,Hiss Cricket Chirp_and_tweet
2157612c.wav,Printer Screaming Bark
2159eea8.wav,Fart Printer Female_speech_and_woman_speaking
2175b26d.wav,Bass_guitar Gong Purr
217b109a.wav,Waves_and_surf Car_passing_by Skateboard
2189acc6.wav,Harmonica Marimba_and_xylophone Female_singing
218b15dc.wav,Male_speech_and_man_speaking Bark Gurgling
218c8907.wav,Stream Toilet_flush Waves_and_surf
21b0c9cb.wav,Run Computer_keyboard Waves_and_surf
21b24d69.wav,Clapping Bass_drum Cupboard_open_or_close
21b601cd.wav,Female_singing Harmonica Church_bell
21d2eb4c.wav,Female_speech_and_woman_speaking Whispering Screaming
21d49986.wav,Crackle Knock Bass_drum
21e8d6a9.wav,Knock Run Drawer_open_or_close
21eb5d58.wav,Bus Waves_and_surf Run
21eca32f.wav,Writing Shatter Zipper_(clothing)
21fa3245.wav,Keys_jangling Tick-tock Scissors
2210c997.wav,Child_speech_and_kid_speaking Screaming Meow
2216c947.wav,Male_singing Male_speech_and_man_speaking Burping_and_eructation
223032ba.wav,Cricket Fart Zipper_(clothing)
2236c850.wav,Computer_keyboard Chewing_and_mastication Writing
223a5173.wav,Male_speech_and_man_speaking Burping_and_eructation Male_singing
22522048.wav,Church_bell Microwave_oven Motorcycle
2263763d.wav,Cricket Female_speech_and_woman_speaking Screaming
228a538c.wav,Crackle Knock Finger_snapping
22a7e375.wav,Stream Toilet_flush Waves_and_surf
22b07889.wav,Female_speech_and_woman_speaking Whispering Printer
22b6b9aa.wav,Sneeze Shatter Sigh
22c5ea2f.wav,Traffic_noise_and_roadway_noise Cupboard_open_or_close Bus
22c78043.wav,Knock Skateboard Walk_and_footsteps
22c98028.wav,Fart Skateboard Zipper_(clothing)
22c9b301.wav,Waves_and_surf Run Motorcycle
22cd860e.wav,Computer_keyboard Chewing_and_mastication Writing
22f22fc9.wav,Electric_guitar Marimba_and_xylophone Computer_keyboard
22f2d98a.wav,Keys_jangling Scissors Shatter
2303e210.wav,Keys_jangling Shatter Cutlery_and_silverware
23244f49.wav,Keys_jangling Writing Chewing_and_mastication
2327b6de.wav,Bass_drum Knock Tap
2343daa5.wav,Toilet_flush Waves_and_surf Printer
235213ce.wav,Sneeze Fart Printer
235f959c.wav,Meow Cupboard_open_or_close Accordion
236e7ce1.wav,Zipper_(clothing) Scissors Run
23726888.wav,Glockenspiel Hi-hat Buzz
23756062.wav,Zipper_(clothing) Skateboard Sneeze
238b11f0.wav,Computer_keyboard Knock Scissors
23a07927.wav,Female_singing Male_singing Hiss
23a2669b.wav,Female_singing Toilet_flush Harmonica
23c4613e.wav,Computer_keyboard Writing Crackle
23c714b5.wav,Bass_drum Bass_guitar Crackle
23d35eea.wav,Skateboard Zipper_(clothing) Scissors
23fabbb4.wav,Stream Toilet_flush Waves_and_surf
23fe505d.wav,Chewing_and_mastication Scissors Writing
2406d1de.wav,Motorcycle Microwave_oven Fart
240e9caa.wav,Female_singing Tick-tock Accordion
24456657.wav,Skateboard Clapping Waves_and_surf
244a60cd.wav,Finger_snapping Fart Clapping
2451cad9.wav,Meow Accordion Electric_guitar
2451d17b.wav,Marimba_and_xylophone Glockenspiel Gong
245c01e6.wav,Electric_guitar Church_bell Accordion
2462f236.wav,Male_singing Electric_guitar Accordion
24ae5bef.wav,Printer Sneeze Skateboard
24ce9114.wav,Fart Female_speech_and_woman_speaking Sneeze
24dda4ed.wav,Writing Scissors Buzz
24ecb25d.wav,Child_speech_and_kid_speaking Cupboard_open_or_close Meow
24f04ba5.wav,Run Walk_and_footsteps Skateboard
2548960b.wav,Fart Printer Church_bell
256d567f.wav,Chewing_and_mastication Writing Scissors
2583a54d.wav,Crackle Finger_snapping Knock
2599ff86.wav,Printer Screaming Female_singing
259e3fa7.wav,Chewing_and_mastication Computer_keyboard Scissors
25a8ef58.wav,Bass_drum Bass_guitar Marimba_and_xylophone
25a991a1.wav,Scissors Finger_snapping Knock
25beac1d.wav,Fart Shatter Cupboard_open_or_close
25c32640.wav,Zipper_(clothing) Scissors Crackle
25c8686f.wav,Sneeze Burping_and_eructation Chewing_and_mastication
25d481d6.wav,Clapping Bass_drum Tap
25e059d3.wav,Waves_and_surf Skateboard Run
25e23528.wav,Female_singing Harmonica Meow
25e75fa8.wav,Scissors Fill_(with_liquid) Writing
261cdf15.wav,Printer Female_singing Buzz
262131af.wav,Electric_guitar Church_bell Mechanical_fan
2624e8ff.wav,Gasp Sneeze Whispering
26263cf0.wav,Burping_and_eructation Meow Sneeze
262a7108.wav,Printer Knock Skateboard
262d4cca.wav,Marimba_and_xylophone Harmonica Female_singing
2655ac2c.wav,Church_bell Female_singing Electric_guitar
26a25f5d.wav,Finger_snapping Tap Cupboard_open_or_close
26a4977c.wav,Computer_keyboard Chewing_and_mastication Run
26a6c2f3.wav,Shatter Frying_(food) Hiss
26abfa32.wav,Writing Fill_(with_liquid) Bathtub_(filling_or_washing)
26c001b7.wav,Waves_and_surf Stream Toilet_flush
26c01e3f.wav,Electric_guitar Female_speech_and_woman_speaking Marimba_and_xylophone
26f921e3.wav,Female_speech_and_woman_speaking Writing Male_speech_and_man_speaking
2707f8b0.wav,Child_speech_and_kid_speaking Electric_guitar Screaming
27080c56.wav,Skateboard Drawer_open_or_close Shatter
271ade69.wav,Gong Bass_guitar Marimba_and_xylophone
272d95c7.wav,Skateboard Waves_and_surf Stream
2733bb3f.wav,Female_singing Harmonica Trickle_and_dribble
27446bcd.wav,Male_speech_and_man_speaking Burping_and_eructation Tap
2756ca54.wav,Zipper_(clothing) Skateboard Knock
2758a116.wav,Female_singing Accordion Child_speech_and_kid_speaking
275e1bb6.wav,Female_speech_and_woman_speaking Male_speech_and_man_speaking Cricket
278a19ee.wav,Fart Accordion Printer
27903ab8.wav,Whispering Chewing_and_mastication Gurgling
27924331.wav,Sneeze Tick-tock Sigh
279d4550.wav,Fart Writing Scissors
27a4f4a8.wav,Church_bell Motorcycle Traffic_noise_and_roadway_noise
27a8cf7f.wav,Writing Cupboard_open_or_close Tick-tock
27b8db15.wav,Skateboard Waves_and_surf Run
27c8eacc.wav,Writing Run Zipper_(clothing)
27ce0e90.wav,Writing Scissors Chewing_and_mastication
27d07e83.wav,Cricket Chirp_and_tweet Child_speech_and_kid_speaking
27d43eba.wav,Toilet_flush Printer Stream
27df10d1.wav,Male_speech_and_man_speaking Sneeze Female_speech_and_woman_speaking
27e085c0.wav,Buzz Traffic_noise_and_roadway_noise Printer
280c07e4.wav,Harmonica Screaming Frying_(food)
2810d717.wav,Writing Computer_keyboard Scissors
28142c7d.wav,Finger_snapping Knock Crackle
28199c01.wav,Hi-hat Finger_snapping Clapping
2833e567.wav,Fill_(with_liquid) Gurgling Trickle_and_dribble
28383990.wav,Tick-tock Toilet_flush Writing
283bc0ea.wav,Run Writing Computer_keyboard
2842be8c.wav,Run Computer_keyboard Chewing_and_mastication
28849a80.wav,Crackle Scissors Knock
288a89c1.wav,Electric_guitar Mechanical_fan Race_car_and_auto_racing
2894416d.wav,Computer_keyboard Chewing_and_mastication Writing
289fb0b8.wav,Motorcycle Printer Bus
28a2ff49.wav,Printer Sneeze Shatter
28a9213d.wav,Computer_keyboard Run Writing
28d22d2e.wav,Printer Bus Motorcycle
28d2f36f.wav,Meow Screaming Sneeze
28e13187.wav,Knock Tap Computer_keyboard
28e32693.wav,Motorcycle Buzz Printer
28f49053.wav,Waves_and_surf Run Toilet_flush
28ff0651.wav,Church_bell Male_singing Electric_guitar
290e30df.wav,Fart Skateboard Whispering
292ef00f.wav,Child_speech_and_kid_speaking Female_singing Accordion
2934735d.wav,Sneeze Zipper_(clothing) Tick-tock
2934d413.wav,Run Writing Tick-tock
29365227.wav,Writing Computer_keyboard Keys_jangling
295268ea.wav,Skateboard Run Printer
29699f09.wav,Chewing_and_mastication Writing Zipper_(clothing)
297219cc.wav,Clapping Finger_snapping Whispering
2980d500.wav,Tick-tock Writing Printer
29826356.wav,Tick-tock Sneeze Sigh
29b0574f.wav,Run Chewing_and_mastication Computer_keyboard
29d72dfb.wav,Bus Motorcycle Traffic_noise_and_roadway_noise
29dd29fb.wav,Writing Zipper_(clothing) Skateboard
29e4880e.wav,Writing Computer_keyboard Crackle
2a0893c6.wav,Bass_guitar Gong Accelerating_and_revving_and_vroom
2a0a3828.wav,Male_speech_and_man_speaking Whispering Chewing_and_mastication
2a484593.wav,Run Scissors Tick-tock
2a557637.wav,Scissors Keys_jangling Tick-tock
2a79d0a8.wav,Scissors Tick-tock Gong
2a9c7202.wav,Zipper_(clothing) Crackle Hiss
2aa1e0b8.wav,Child_speech_and_kid_speaking Female_speech_and_woman_speaking Screaming
2ac8607d.wav,Female_singing Screaming Harmonica
2ad174b4.wav,Computer_keyboard Run Chewing_and_mastication
2ae04dd7.wav,Traffic_noise_and_roadway_noise Car_passing_by Skateboard
2aedff46.wav,Chirp_and_tweet Cutlery_and_silverware Shatter
2af10e99.wav,Zipper_(clothing) Knock Crackle
2af77e7f.wav,Motorcycle Traffic_noise_and_roadway_noise Microwave_oven
2b160bb2.wav,Computer_keyboard Tick-tock Chewing_and_mastication
2b2613d8.wav,Toilet_flush Printer Tick-tock
2b6ee441.wav,Tick-tock Scissors Writing
2b95327b.wav,Motorcycle Car_passing_by Traffic_noise_and_roadway_noise
2b9ca464.wav,Knock Computer_keyboard Bass_guitar
2bab5b09.wav,Tick-tock Writing Scissors
2bb1503c.wav,Chirp_and_tweet Fart Whispering
2bbf558e.wav,Tick-tock Writing Computer_keyboard
2be779a7.wav,Run Writing Drawer_open_or_close
2c010e00.wav,Cutlery_and_silverware Microwave_oven Cupboard_open_or_close
2c2a3c77.wav,Chewing_and_mastication Bathtub_(filling_or_washing) Tick-tock
2c2d400b.wav,Keys_jangling Chewing_and_mastication Shatter
2c39bb30.wav,Church_bell Hi-hat Burping_and_eructation
2c3a44f2.wav,Fill_(with_liquid) Trickle_and_dribble Screaming
2c7a5078.wav,Electric_guitar Church_bell Race_car_and_auto_racing
2c809d4f.wav,Writing Computer_keyboard Keys_jangling
2c8b8812.wav,Computer_keyboard Chewing_and_mastication Writing
2c924848.wav,Fart Female_speech_and_woman_speaking Marimba_and_xylophone
2cc7f972.wav,Race_car_and_auto_racing Traffic_noise_and_roadway_noise Microwave_oven
2cd526f7.wav,Knock Zipper_(clothing) Finger_snapping
2cdfa8c1.wav,Toilet_flush Printer Writing
2cf4955c.wav,Motorcycle Traffic_noise_and_roadway_noise Printer
2cfdaecd.wav,Bathtub_(filling_or_washing) Tick-tock Scissors
2d0863b7.wav,Gurgling Screaming Fill_(with_liquid)
2d09c7ca.wav,Fart Female_speech_and_woman_speaking Chirp_and_tweet
2d15ca77.wav,Zipper_(clothing) Crackle Shatter
2d209c25.wav,Computer_keyboard Zipper_(clothing) Tick-tock
2d21dbf4.wav,Male_speech_and_man_speaking Purr Knock
2d455ed9.wav,Keys_jangling Chewing_and_mastication Writing
2d4961a8.wav,Knock Scissors Zipper_(clothing)
2d4a0250.wav,Bark Screaming Skateboard
2d56c2ae.wav,Writing Keys_jangling Tick-tock
2d5dcc5d.wav,Church_bell Bark Tick-tock
2d666c1d.wav,Marimba_and_xylophone Harmonica Meow
2d6d99d4.wav,Sneeze Zipper_(clothing) Fart
2d7218f8.wav,Fart Whispering Clapping
2d7ae271.wav,Burping_and_eructation Male_speech_and_man_speaking Electric_guitar
2d8135cc.wav,Skateboard Waves_and_surf Stream
2d88fa59.wav,Whispering Burping_and_eructation Shatter
2da4c729.wav,Bus Motorcycle Accelerating_and_revving_and_vroom
2db579cb.wav,Finger_snapping Clapping Tap
2db63f0d.wav,Run Zipper_(clothing) Writing
2dd2a6bf.wav,Waves_and_surf Stream Skateboard
2df0cf1f.wav,Sigh Burping_and_eructation Sneeze
2df1f901.wav,Screaming Female_singing Bark
2dfd32a3.wav,Toilet_flush Church_bell Accordion
2e61e614.wav,Zipper_(clothing) Sneeze Shatter
2e820b05.wav,Sneeze Chirp_and_tweet Screaming
2e8b4709.wav,Male_speech_and_man_speaking Female_speech_and_woman_speaking Gurgling
2e9ced66.wav,Frying_(food) Bathtub_(filling_or_washing) Stream
2ea33689.wav,Church_bell Motorcycle Traffic_noise_and_roadway_noise
2eade3e1.wav,Church_bell Traffic_noise_and_roadway_noise Drawer_open_or_close
2eb3002c.wav,Marimba_and_xylophone Keys_jangling Church_bell
2eb51f57.wav,Marimba_and_xylophone Glockenspiel Chink_and_clink
2ed9ce69.wav,Female_singing Harmonica Church_bell
2edb4142.wav,Writing Tick-tock Computer_keyboard
2ee3ef28.wav,Female_speech_and_woman_speaking Child_speech_and_kid_speaking Electric_guitar
2ee9f139.wav,Female_speech_and_woman_speaking Sneeze Screaming
2eeb7f35.wav,Bus Screaming Printer
2eec6eda.wav,Tick-tock Bark Yell
2f00863c.wav,Gong Microwave_oven Accelerating_and_revving_and_vroom
2f14d3b3.wav,Writing Tick-tock Scissors
2f2ab304.wav,Church_bell Printer Drawer_open_or_close
2f41afe1.wav,Church_bell Electric_guitar Marimba_and_xylophone
2f529eb8.wav,Hiss Frying_(food) Fill_(with_liquid)
2f5cbf20.wav,Fart Zipper_(clothing) Skateboard
2f6331aa.wav,Sneeze Zipper_(clothing) Sigh
2f643c50.wav,Tick-tock Child_speech_and_kid_speaking Cupboard_open_or_close
2f785877.wav,Bass_drum Knock Cupboard_open_or_close
2f84c8e9.wav,Keys_jangling Scissors Writing
2f8dd247.wav,Run Waves_and_surf Skateboard
2f94fca3.wav,Burping_and_eructation Fart Female_speech_and_woman_speaking
2fa1cc09.wav,Scissors Keys_jangling Computer_keyboard
2fc6ede8.wav,Buzz Writing Cupboard_open_or_close
2fe3ae63.wav,Shatter Keys_jangling Scissors
2ffd2145.wav,Child_speech_and_kid_speaking Cupboard_open_or_close Meow
3011c55b.wav,Female_singing Harmonica Toilet_flush
3012731a.wav,Church_bell Traffic_noise_and_roadway_noise Bus
302f4eb8.wav,Accordion Buzz Traffic_noise_and_roadway_noise
303d4668.wav,Keys_jangling Writing Tick-tock
304d8a8e.wav,Hiss Harmonica Sigh
304f25f4.wav,Tick-tock Microwave_oven Run
3052fe86.wav,Traffic_noise_and_roadway_noise Bus Church_bell
3061e8d1.wav,Screaming Marimba_and_xylophone Female_singing
309169fa.wav,Child_speech_and_kid_speaking Sneeze Yell
30960f70.wav,Bus Traffic_noise_and_roadway_noise Mechanical_fan
309eea85.wav,Female_singing Harmonica Screaming
30ac78a6.wav,Crackle Knock Scissors
30d1840b.wav,Chewing_and_mastication Scissors Writing
30dc07a7.wav,Bass_drum Bass_guitar Knock
30e1162a.wav,Child_speech_and_kid_speaking Female_speech_and_woman_speaking Yell
30e40cc3.wav,Printer Female_singing Church_bell
30f7577e.wav,Toilet_flush Stream Printer
30f8ba51.wav,Bass_guitar Bass_drum Gong
3102ff8d.wav,Run Writing Computer_keyboard
311fcc0d.wav,Keys_jangling Scissors Crackle
3129e5b4.wav,Bass_drum Knock Crackle
312c730c.wav,Toilet_flush Tick-tock Harmonica
312e1179.wav,Tick-tock Frying_(food) Zipper_(clothing)
312e698e.wav,Female_speech_and_woman_speaking Male_speech_and_man_speaking Female_singing
31312cda.wav,Bass_guitar Accelerating_and_revving_and_vroom Buzz
3134c1f5.wav,Keys_jangling Writing Chewing_and_mastication
31452d93.wav,Waves_and_surf Bus Stream
314a8107.wav,Electric_guitar Female_speech_and_woman_speaking Screaming
3174521f.wav,Run Tick-tock Crackle
3177529f.wav,Run Writing Chewing_and_mastication
317e5fda.wav,Chewing_and_mastication Computer_keyboard Scissors
3190ca46.wav,Frying_(food) Bathtub_(filling_or_washing) Zipper_(clothing)
31ab1bc4.wav,Burping_and_eructation Whispering Marimba_and_xylophone
31b883cb.wav,Burping_and_eructation Church_bell Microwave_oven
31bf8f6c.wav,Bark Church_bell Electric_guitar
31c60809.wav,Shatter Zipper_(clothing) Fart
31c7a683.wav,Shatter Bicycle_bell Cutlery_and_silverware
31cfaf7c.wav,Sneeze Yell Gasp
31ea3391.wav,Church_bell Electric_guitar Motorcycle
31f4d839.wav,Computer_keyboard Run Drawer_open_or_close
31fe4058.wav,Bass_drum Knock Tap
31ff4a9f.wav,Keys_jangling Cricket Chirp_and_tweet
320adc8a.wav,Hiss Crackle Frying_(food)
320b9457.wav,Skateboard Toilet_flush Printer
320cb73f.wav,Stream Waves_and_surf Toilet_flush
321c61dd.wav,Clapping Skateboard Zipper_(clothing)
321d7624.wav,Bass_guitar Purr Gong
322c634e.wav,Electric_guitar Female_speech_and_woman_speaking Printer
3246e22c.wav,Toilet_flush Printer Buzz
32663622.wav,Drawer_open_or_close Computer_keyboard Slam
3273193a.wav,Harmonica Accordion Fart
327ff97c.wav,Cutlery_and_silverware Shatter Cricket
3288c908.wav,Electric_guitar Screaming Church_bell
329d5f81.wav,Cupboard_open_or_close Bus Microwave_oven
32aaacf1.wav,Toilet_flush Bathtub_(filling_or_washing) Hiss
32ad561a.wav,Church_bell Electric_guitar Bark
32b66826.wav,Fart Whispering Skateboard
32bf8f9d.wav,Computer_keyboard Knock Keys_jangling
32cce167.wav,Keys_jangling Scissors Shatter
32d21079.wav,Bicycle_bell Shatter Meow
32e0e55a.wav,Bass_guitar Gong Hi-hat
32f26b94.wav,Printer Cupboard_open_or_close Buzz
330b1461.wav,Waves_and_surf Motorcycle Printer
3313662e.wav,Shatter Zipper_(clothing) Skateboard
33139052.wav,Hiss Sigh Cutlery_and_silverware
33170581.wav,Chirp_and_tweet Meow Electric_guitar
332246f6.wav,Whispering Female_speech_and_woman_speaking Fill_(with_liquid)
33355c50.wav,Electric_guitar Church_bell Accordion
3347121c.wav,Tick-tock Writing Printer
3353d705.wav,Fart Mechanical_fan Electric_guitar
335d2ea3.wav,Church_bell Buzz Meow
336a88c3.wav,Bicycle_bell Meow Burping_and_eructation
338669d9.wav,Tick-tock Keys_jangling Chewing_and_mastication
33a61f8d.wav,Bass_drum Cupboard_open_or_close Slam
33bc9deb.wav,Keys_jangling Scissors Chewing_and_mastication
33c82ad4.wav,Church_bell Bus Electric_guitar
33ef8393.wav,Bicycle_bell Shatter Cutlery_and_silverware
33fbfca7.wav,Fart Printer Chirp_and_tweet
34035cf8.wav,Writing Drawer_open_or_close Skateboard
340d5db4.wav,Buzz Printer Motorcycle
340da762.wav,Purr Zipper_(clothing) Computer_keyboard
34120253.wav,Harmonica Accordion Church_bell
341efc4b.wav,Church_bell Traffic_noise_and_roadway_noise Motorcycle
342cc3ae.wav,Female_singing Female_speech_and_woman_speaking Screaming
34486c7f.wav,Church_bell Electric_guitar Bass_guitar
34510c7a.wav,Writing Run Zipper_(clothing)
34512413.wav,Run Chewing_and_mastication Writing
346fc59c.wav,Whispering Sneeze Sigh
3474d7cd.wav,Writing Keys_jangling Scissors
348aaf17.wav,Keys_jangling Scissors Chewing_and_mastication
349e5ea7.wav,Whispering Fart Burping_and_eructation
34aac2b5.wav,Female_singing Harmonica Toilet_flush
34c53320.wav,Burping_and_eructation Male_speech_and_man_speaking Gasp
34cca3b3.wav,Church_bell Accordion Printer
34d0b2ca.wav,Female_singing Sneeze Tick-tock
34d4cfda.wav,Church_bell Bus Traffic_noise_and_roadway_noise
34dc323b.wav,Sneeze Printer Female_singing
34e6a0de.wav,Cricket Chirp_and_tweet Hiss
34f2c99d.wav,Writing Computer_keyboard Chewing_and_mastication
34fbb318.wav,Chewing_and_mastication Computer_keyboard Fill_(with_liquid)
3500ed9d.wav,Skateboard Knock Printer
350942d1.wav,Toilet_flush Frying_(food) Printer
351a8abe.wav,Electric_guitar Mechanical_fan Race_car_and_auto_racing
352ce267.wav,Bass_drum Clapping Tap
3544797d.wav,Run Computer_keyboard Zipper_(clothing)
354d467a.wav,Sneeze Zipper_(clothing) Whispering
355ddeda.wav,Fart Chirp_and_tweet Whispering
356adc0d.wav,Sneeze Whispering Tick-tock
356b99de.wav,Chirp_and_tweet Bicycle_bell Cutlery_and_silverware
35930583.wav,Female_singing Female_speech_and_woman_speaking Screaming
359a6e84.wav,Printer Church_bell Motorcycle
35a7edad.wav,Bass_drum Tap Cupboard_open_or_close
35a8a688.wav,Computer_keyboard Chewing_and_mastication Fill_(with_liquid)
35d5aca3.wav,Bus Printer Toilet_flush
35dbfd81.wav,Female_singing Church_bell Harmonica
36027dca.wav,Bass_drum Cupboard_open_or_close Knock
361237d6.wav,Accordion Electric_guitar Bus
361c9c0e.wav,Bicycle_bell Bark Screaming
3623b13a.wav,Female_singing Male_singing Harmonica
3626ac5a.wav,Cricket Zipper_(clothing) Hiss
362f92f4.wav,Female_speech_and_woman_speaking Child_speech_and_kid_speaking Female_singing
366d25a7.wav,Electric_guitar Accordion Mechanical_fan
366d6820.wav,Skateboard Run Stream
367ef5a8.wav,Motorcycle Microwave_oven Accelerating_and_revving_and_vroom
36896b31.wav,Skateboard Shatter Printer
368e3f09.wav,Keys_jangling Crackle Tick-tock
36b92bec.wav,Keys_jangling Hiss Shatter
36beb3fd.wav,Female_singing Male_speech_and_man_speaking Male_singing
36c459de.wav,Gong Harmonica Church_bell
36dfae4f.wav,Tick-tock Writing Scissors
36fe695f.wav,Fart Printer Writing
37053a90.wav,Chirp_and_tweet Female_speech_and_woman_speaking Female_singing
370eaa84.wav,Bus Church_bell Printer
37155f3a.wav,Race_car_and_auto_racing Church_bell Skateboard
37790f99.wav,Frying_(food) Scissors Writing
378216b2.wav,Skateboard Waves_and_surf Car_passing_by
37856035.wav,Stream Bathtub_(filling_or_washing) Fill_(with_liquid)
3792237d.wav,Zipper_(clothing) Chewing_and_mastication Skateboard
37941050.wav,Zipper_(clothing) Run Frying_(food)
379ae4e1.wav,Hiss Frying_(food) Stream
379b7e21.wav,Stream Crackle Zipper_(clothing)
379c063d.wav,Fart Sneeze Child_speech_and_kid_speaking
37a1946c.wav,Bark Drawer_open_or_close Knock
37a7927f.wav,Knock Skateboard Zipper_(clothing)
37c95c1c.wav,Female_speech_and_woman_speaking Male_speech_and_man_speaking Chirp_and_tweet
37ccc1ea.wav,Fart Zipper_(clothing) Skateboard
37d609aa.wav,Run Computer_keyboard Skateboard
37dc178a.wav,Bus Motorcycle Traffic_noise_and_roadway_noise
37f5f0d8.wav,Traffic_noise_and_roadway_noise Waves_and_surf Skateboard
382587b8.wav,Knock Keys_jangling Slam
382cd8c5.wav,Zipper_(clothing) Run Skateboard
38368c9b.wav,Shatter Sneeze Scissors
384b0ff2.wav,Female_singing Marimba_and_xylophone Chink_and_clink
38544190.wav,Knock Computer_keyboard Run
38558ab1.wav,Sneeze Female_speech_and_woman_speaking Male_speech_and_man_speaking
3858d281.wav,Bass_drum Cupboard_open_or_close Fart
385e8b0f.wav,Run Zipper_(clothing) Computer_keyboard
38636d71.wav,Female_speech_and_woman_speaking Screaming Chirp_and_tweet
38669440.wav,Male_speech_and_man_speaking Female_speech_and_woman_speaking Cricket
387014ab.wav,Toilet_flush Tick-tock Printer
3876c193.wav,Meow Sneeze Yell
388f70a5.wav,Skateboard Waves_and_surf Car_passing_by
38b9ff18.wav,Child_speech_and_kid_speaking Screaming Bus
38d29a00.wav,Computer_keyboard Writing Run
38d378d8.wav,Fart Bus Printer
38d50e59.wav,Scissors Keys_jangling Writing
38d5d026.wav,Sneeze Shatter Zipper_(clothing)
38e43355.wav,Child_speech_and_kid_speaking Female_singing Meow
38ea5df2.wav,Writing Keys_jangling Printer
38f6aa5e.wav,Screaming Stream Fill_(with_liquid)
38fea590.wav,Electric_guitar Church_bell Accordion
390789a8.wav,Fart Chewing_and_mastication Zipper_(clothing)
390995ef.wav,Shatter Female_singing Keys_jangling
39189c31.wav,Female_singing Toilet_flush Harmonica
391fbd47.wav,Scissors Tick-tock Zipper_(clothing)
392e88d7.wav,Cricket Bicycle_bell Chirp_and_tweet
3939b821.wav,Tick-tock Writing Tap
39467410.wav,Church_bell Tick-tock Cupboard_open_or_close
394b8ce2.wav,Writing Computer_keyboard Run
395de76a.wav,Skateboard Stream Clapping
395df625.wav,Burping_and_eructation Gurgling Male_speech_and_man_speaking
396d793f.wav,Keys_jangling Writing Chewing_and_mastication
39723c0e.wav,Church_bell Gong Male_singing
39768e2a.wav,Male_speech_and_man_speaking Gurgling Female_speech_and_woman_speaking
3987fc79.wav,Male_speech_and_man_speaking Accelerating_and_revving_and_vroom Microwave_oven
398b6fa6.wav,Drawer_open_or_close Run Computer_keyboard
399732ec.wav,Harmonica Whispering Male_speech_and_man_speaking
39a8ac5c.wav,Keys_jangling Chewing_and_mastication Writing
39b6cc75.wav,Scissors Knock Crackle
39bbcabd.wav,Run Computer_keyboard Waves_and_surf
39c1f2fd.wav,Skateboard Zipper_(clothing) Run
39d1b554.wav,Tick-tock Scissors Sigh
39e1b8cc.wav,Trickle_and_dribble Fill_(with_liquid) Stream
39e2f767.wav,Sneeze Female_speech_and_woman_speaking Screaming
39e35f03.wav,Toilet_flush Printer Stream
39eb6dd5.wav,Skateboard Zipper_(clothing) Knock
39f19344.wav,Church_bell Traffic_noise_and_roadway_noise Bus
3a2353bb.wav,Sneeze Knock Writing
3a28e28a.wav,Bus Drawer_open_or_close Traffic_noise_and_roadway_noise
3a2a4822.wav,Fart Zipper_(clothing) Skateboard
3a3e4b29.wav,Electric_guitar Female_speech_and_woman_speaking Accordion
3a49d5ed.wav,Gurgling Fill_(with_liquid) Male_speech_and_man_speaking
3a4cf709.wav,Meow Chirp_and_tweet Female_speech_and_woman_speaking
3a5e6dde.wav,Zipper_(clothing) Scissors Hiss
3a66e3df.wav,Fill_(with_liquid) Chewing_and_mastication Trickle_and_dribble
3a87c628.wav,Run Zipper_(clothing) Crackle
3a885c38.wav,Drawer_open_or_close Traffic_noise_and_roadway_noise Car_passing_by
3a8b9afe.wav,Electric_guitar Marimba_and_xylophone Church_bell
3aa5b432.wav,Skateboard Waves_and_surf Stream
3ac609e1.wav,Motorcycle Bus Traffic_noise_and_roadway_noise
3acbee34.wav,Chirp_and_tweet Screaming Female_speech_and_woman_speaking
3adfb8f0.wav,Stream Frying_(food) Run
3ae08e83.wav,Run Tick-tock Waves_and_surf
3ae0ea8b.wav,Run Zipper_(clothing) Tick-tock
3b0a3361.wav,Toilet_flush Printer Stream
3b0b13f4.wav,Sneeze Gasp Zipper_(clothing)
3b13f6a1.wav,Stream Toilet_flush Waves_and_surf
3b23ed90.wav,Cutlery_and_silverware Printer Microwave_oven
3b252939.wav,Printer Motorcycle Microwave_oven
3b277890.wav,Screaming Child_speech_and_kid_speaking Printer
3b382171.wav,Screaming Trickle_and_dribble Bark
3b3c2c67.wav,Gurgling Fill_(with_liquid) Computer_keyboard
3b75b456.wav,Bus Church_bell Stream
3b7c7f94.wav,Run Drawer_open_or_close Skateboard
3bb6024f.wav,Run Computer_keyboard Church_bell
3bb7c24d.wav,Knock Computer_keyboard Writing
3bb9a722.wav,Whispering Fart Male_speech_and_man_speaking
3bda5fb0.wav,Car_passing_by Traffic_noise_and_roadway_noise Drawer_open_or_close
3bfcab18.wav,Electric_guitar Marimba_and_xylophone Bass_guitar
3c0370c8.wav,Drawer_open_or_close Computer_keyboard Run
3c1b9399.wav,Run Stream Waves_and_surf
3c20c95f.wav,Run Zipper_(clothing) Crackle
3c216393.wav,Chewing_and_mastication Sneeze Keys_jangling
3c244ade.wav,Toilet_flush Tick-tock Frying_(food)
3c348e5c.wav,Shatter Bathtub_(filling_or_washing) Scissors
3c35237b.wav,Waves_and_surf Run Skateboard
3c40f472.wav,Female_speech_and_woman_speaking Electric_guitar Screaming
3c525c1f.wav,Tick-tock Zipper_(clothing) Run
3c590143.wav,Writing Chewing_and_mastication Tick-tock
3c90b11b.wav,Shatter Tick-tock Keys_jangling
3c95067e.wav,Skateboard Waves_and_surf Zipper_(clothing)
3ca6b1a3.wav,Fill_(with_liquid) Trickle_and_dribble Gurgling
3caf1f70.wav,Crackle Zipper_(clothing) Computer_keyboard
3cc51361.wav,Male_speech_and_man_speaking Female_speech_and_woman_speaking Electric_guitar
3cd30520.wav,Burping_and_eructation Chewing_and_mastication Gurgling
3ce0dcd0.wav,Cricket Hiss Child_speech_and_kid_speaking
3ce9fd74.wav,Tick-tock Church_bell Screaming
3cfeb0cd.wav,Toilet_flush Frying_(food) Bathtub_(filling_or_washing)
3d07c63a.wav,Skateboard Shatter Zipper_(clothing)
3d0beb6f.wav,Shatter Computer_keyboard Drawer_open_or_close
3d0dca90.wav,Church_bell Traffic_noise_and_roadway_noise Accordion
3d1d3f2b.wav,Stream Fart Waves_and_surf
3d27f415.wav,Glockenspiel Gong Harmonica
3d287b47.wav,Run Skateboard Zipper_(clothing)
3d4e1dea.wav,Female_speech_and_woman_speaking Male_speech_and_man_speaking Electric_guitar
3d58d893.wav,Waves_and_surf Stream Skateboard
3d5f899d.wav,Church_bell Hi-hat Gong
3d633399.wav,Church_bell Bus Traffic_noise_and_roadway_noise
3d7309d7.wav,Writing Chewing_and_mastication Bathtub_(filling_or_washing)
3d921767.wav,Bass_guitar Buzz Motorcycle
3d9a715d.wav,Stream Bathtub_(filling_or_washing) Frying_(food)
3db04d3f.wav,Bass_guitar Male_speech_and_man_speaking Bark
3db44f6c.wav,Female_singing Harmonica Buzz
3ddb4122.wav,Cutlery_and_silverware Shatter Chewing_and_mastication
3dedbba9.wav,Shatter Fart Printer
3df2fc0e.wav,Motorcycle Bus Accelerating_and_revving_and_vroom
3df5c540.wav,Skateboard Run Zipper_(clothing)
3e230352.wav,Toilet_flush Stream Bathtub_(filling_or_washing)
3e3a6910.wav,Skateboard Printer Sneeze
3e4755ba.wav,Bass_guitar Purr Male_speech_and_man_speaking
3e52f857.wav,Chirp_and_tweet Female_speech_and_woman_speaking Cricket
3e5ce660.wav,Cricket Traffic_noise_and_roadway_noise Bus
3e656c6e.wav,Bicycle_bell Shatter Chink_and_clink
3e65a00d.wav,Waves_and_surf Skateboard Stream
3e691b83.wav,Zipper_(clothing) Skateboard Knock
3e7889ed.wav,Whispering Bicycle_bell Tick-tock
3e83500f.wav,Skateboard Waves_and_surf Car_passing_by
3e9967cf.wav,Run Zipper_(clothing) Computer_keyboard
3ebaff6d.wav,Waves_and_surf Motorcycle Printer
3ecc19c5.wav,Church_bell Skateboard Run
3ed6c2b5.wav,Bark Sneeze Yell
3efc0912.wav,Church_bell Accordion Female_singing
3f0f92ff.wav,Computer_keyboard Scissors Tick-tock
3f15fd07.wav,Gurgling Chewing_and_mastication Fill_(with_liquid)
3f16d9f3.wav,Church_bell Electric_guitar Microwave_oven
3f19e53c.wav,Cricket Chirp_and_tweet Female_speech_and_woman_speaking
3f1ca1bb.wav,Toilet_flush Bathtub_(filling_or_washing) Printer
3f29038e.wav,Female_speech_and_woman_speaking Electric_guitar Male_speech_and_man_speaking
3f2dbd00.wav,Skateboard Hi-hat Tap
3f4f4808.wav,Waves_and_surf Run Bus
3f53a02f.wav,Fart Cupboard_open_or_close Printer
3f7043d9.wav,Zipper_(clothing) Scissors Run
3f80cc56.wav,Keys_jangling Cutlery_and_silverware Tick-tock
3f96494a.wav,Skateboard Printer Run
3faf10be.wav,Bus Traffic_noise_and_roadway_noise Waves_and_surf
3fd4d55a.wav,Clapping Finger_snapping Hi-hat
400ff09d.wav,Fill_(with_liquid) Printer Bathtub_(filling_or_washing)
402e2d1b.wav,Knock Skateboard Zipper_(clothing)
4030a4f2.wav,Knock Slam Bass_drum
4034f327.wav,Toilet_flush Stream Bathtub_(filling_or_washing)
4037cd65.wav,Cricket Sneeze Chirp_and_tweet
4040f015.wav,Zipper_(clothing) Run Writing
40449ca7.wav,Hiss Chirp_and_tweet Frying_(food)
404b54c0.wav,Fart Frying_(food) Bus
404fb677.wav,Bus Skateboard Traffic_noise_and_roadway_noise
4053b801.wav,Sneeze Gasp Chink_and_clink
405c66af.wav,Shatter Scissors Zipper_(clothing)
406306b6.wav,Church_bell Hi-hat Accordion
406a1cc1.wav,Bark Male_speech_and_man_speaking Zipper_(clothing)
406ade5e.wav,Crackle Chewing_and_mastication Bathtub_(filling_or_washing)
4093913f.wav,Accordion Buzz Toilet_flush
40957335.wav,Chirp_and_tweet Fart Screaming
4098028d.wav,Computer_keyboard Run Chewing_and_mastication
40afd1b3.wav,Writing Scissors Chewing_and_mastication
40c1ed87.wav,Shatter Finger_snapping Tap
40c50046.wav,Writing Computer_keyboard Run
40d0726d.wav,Bus Traffic_noise_and_roadway_noise Microwave_oven
40dd1274.wav,Church_bell Female_singing Tick-tock
40e25750.wav,Sigh Burping_and_eructation Male_speech_and_man_speaking
410837eb.wav,Tick-tock Purr Knock
410c2138.wav,Printer Accordion Bus
411993fd.wav,Clapping Skateboard Hi-hat
413b5427.wav,Meow Marimba_and_xylophone Accordion
41522a65.wav,Chirp_and_tweet Cricket Sigh
415f4c8f.wav,Shatter Bicycle_bell Keys_jangling
41759973.wav,Printer Toilet_flush Waves_and_surf
419271cc.wav,Chirp_and_tweet Fart Female_speech_and_woman_speaking
4195cb1a.wav,Chirp_and_tweet Screaming Trickle_and_dribble
41af688a.wav,Sneeze Zipper_(clothing) Chewing_and_mastication
41c60bba.wav,Knock Writing Fart
41cfee6d.wav,Accordion Electric_guitar Meow
41f16193.wav,Skateboard Drawer_open_or_close Traffic_noise_and_roadway_noise
41f1ea4a.wav,Bus Chirp_and_tweet Cricket
41f86bc4.wav,Scissors Shatter Skateboard
4215309a.wav,Computer_keyboard Writing Tick-tock
4248d196.wav,Stream Waves_and_surf Skateboard
42542036.wav,Church_bell Electric_guitar Printer
