fname,label
000ccb97.wav,Shatter Finger_snapping Clapping
0012633b.wav,Zipper_(clothing) Drawer_open_or_close Microwave_oven
001ed5f1.wav,Tap Knock Run
00294be0.wav,Fill_(with_liquid) Gurgling Hiss
003fde7a.wav,Glockenspiel Bicycle_bell Marimba_and_xylophone
0040ccc9.wav,Bass_drum Cupboard_open_or_close Finger_snapping
0046b732.wav,Shatter Bus Printer
004f3bbc.wav,Bass_guitar Bass_drum Gong
00526050.wav,Bass_drum Clapping Cupboard_open_or_close
00559da4.wav,Zipper_(clothing) Run Skateboard
00582bbe.wav,Tap Gong Microwave_oven
0064aedf.wav,Run Writing Computer_keyboard
0065512b.wav,Tap Scissors Knock
006a91d2.wav,Stream Bathtub_(filling_or_washing) Waves_and_surf
006ea9ee.wav,Gong Meow Chink_and_clink
006f9dca.wav,Hiss Frying_(food) Bathtub_(filling_or_washing)
007450dc.wav,Harmonica Screaming Meow
00979c8a.wav,Tap Zipper_(clothing) Finger_snapping
00992464.wav,Fill_(with_liquid) Gurgling Bathtub_(filling_or_washing)
00b44a8a.wav,Hiss Cricket Chirp_and_tweet
00bfaaaf.wav,Gasp Cutlery_and_silverware Sigh
00cf9680.wav,Meow Tap Scissors
00eae94d.wav,Finger_snapping Whispering Hiss
011ec5b8.wav,Fart Microwave_oven Hiss
013200dc.wav,Scissors Whispering Writing
01440c2e.wav,Accordion Marimba_and_xylophone Race_car_and_auto_racing
01567a3d.wav,Clapping Tap Cupboard_open_or_close
0163d203.wav,Zipper_(clothing) Drawer_open_or_close Writing
017c24b2.wav,Hi-hat Church_bell Bark
01a992c5.wav,Cricket Chirp_and_tweet Stream
01b1d976.wav,Tap Finger_snapping Gasp
01c1c371.wav,Burping_and_eructation Tick-tock Whispering
01cf8354.wav,Burping_and_eructation Gasp Cutlery_and_silverware
01d2c640.wav,Zipper_(clothing) Hiss Drawer_open_or_close
01d69423.wav,Glockenspiel Tap Meow
01e9170b.wav,Church_bell Hi-hat Printer
01f2901a.wav,Scissors Keys_jangling Frying_(food)
020b1fdf.wav,Run Waves_and_surf Microwave_oven
021457df.wav,Computer_keyboard Writing Run
02173589.wav,Harmonica Church_bell Accordion
021ac082.wav,Traffic_noise_and_roadway_noise Stream Waves_and_surf
02200884.wav,Keys_jangling Tap Writing
02213278.wav,Skateboard Stream Waves_and_surf
022e3b2c.wav,Chewing_and_mastication Walk_and_footsteps Gurgling
023081f2.wav,Gasp Glockenspiel Meow
02596541.wav,Motorcycle Car_passing_by Mechanical_fan
0289b79b.wav,Microwave_oven Printer Motorcycle
028cf9db.wav,Glockenspiel Printer Gurgling
028d26f7.wav,Chirp_and_tweet Shatter Squeak
02ab2a72.wav,Printer Chewing_and_mastication Gurgling
02c02ec1.wav,Church_bell Hi-hat Printer
02ce28a1.wav,Waves_and_surf Mechanical_fan Car_passing_by
02d01f40.wav,Frying_(food) Scissors Keys_jangling
02da7457.wav,Hiss Toilet_flush Frying_(food)
02e17633.wav,Zipper_(clothing) Knock Run
02e8059d.wav,Tap Finger_snapping Marimba_and_xylophone
02f71319.wav,Frying_(food) Cutlery_and_silverware Shatter
03090fb0.wav,Whispering Fill_(with_liquid) Bicycle_bell
03162c23.wav,Tick-tock Burping_and_eructation Drawer_open_or_close
032f518c.wav,Church_bell Electric_guitar Burping_and_eructation
03300fcb.wav,Bass_guitar Electric_guitar Accordion
035dd895.wav,Run Zipper_(clothing) Printer
03754ab4.wav,Frying_(food) Hiss Bathtub_(filling_or_washing)
037b47c4.wav,Clapping Shatter Gasp
03887635.wav,Zipper_(clothing) Writing Scissors
03931594.wav,Shatter Sneeze Cupboard_open_or_close
039d2821.wav,Male_speech_and_man_speaking Fart Female_speech_and_woman_speaking
03a47c4a.wav,Tap Finger_snapping Scissors
03b80975.wav,Stream Traffic_noise_and_roadway_noise Waves_and_surf
03c5e8d0.wav,Computer_keyboard Drawer_open_or_close Scissors
03fe2971.wav,Tap Shatter Chirp_and_tweet
04008bb5.wav,Shatter Keys_jangling Chirp_and_tweet
040c5c0c.wav,Bathtub_(filling_or_washing) Zipper_(clothing) Scissors
041cff59.wav,Gong Writing Drawer_open_or_close
042b07a4.wav,Church_bell Hi-hat Race_car_and_auto_racing
042b542f.wav,Church_bell Electric_guitar Printer
04308d8d.wav,Burping_and_eructation Gurgling Marimba_and_xylophone
04355ea8.wav,Male_singing Female_speech_and_woman_speaking Electric_guitar
0442a617.wav,Screaming Frying_(food) Chirp_and_tweet
0443f812.wav,Shatter Whispering Printer
04441d5b.wav,Tap Computer_keyboard Writing
0453bb71.wav,Harmonica Female_singing Accordion
04702c1c.wav,Tick-tock Meow Bark
047ba0e1.wav,Keys_jangling Scissors Shatter
04877d29.wav,Car_passing_by Gong Church_bell
048c3418.wav,Skateboard Toilet_flush Bathtub_(filling_or_washing)
04a5c9eb.wav,Bus Traffic_noise_and_roadway_noise Motorcycle
04ad8e52.wav,Whispering Shatter Chirp_and_tweet
04af82d9.wav,Burping_and_eructation Bicycle_bell Microwave_oven
04b1558a.wav,Fill_(with_liquid) Bathtub_(filling_or_washing) Whispering
04de7b9a.wav,Scissors Bathtub_(filling_or_washing) Frying_(food)
04e8bf2a.wav,Knock Zipper_(clothing) Tap
04f004fe.wav,Writing Computer_keyboard Gurgling
04f48f10.wav,Tap Gong Microwave_oven
0506eee8.wav,Race_car_and_auto_racing Bus Motorcycle
050eb97f.wav,Run Motorcycle Drawer_open_or_close
051bda9a.wav,Crackle Purr Walk_and_footsteps
057a3c2e.wav,Tap Finger_snapping Computer_keyboard
057c13c8.wav,Printer Harmonica Screaming
058a4a79.wav,Shatter Chirp_and_tweet Yell
058ec864.wav,Bicycle_bell Glockenspiel Whispering
05af19b1.wav,Bus Traffic_noise_and_roadway_noise Mechanical_fan
05c881c4.wav,Cutlery_and_silverware Frying_(food) Hiss
05d775e9.wav,Hiss Bathtub_(filling_or_washing) Stream
05dae80d.wav,Drawer_open_or_close Microwave_oven Bus
05e34a55.wav,Frying_(food) Bathtub_(filling_or_washing) Hiss
05edaa47.wav,Scissors Writing Computer_keyboard
060b802f.wav,Sigh Whispering Cutlery_and_silverware
060d2d47.wav,Tap Knock Meow
062e94dd.wav,Glockenspiel Chink_and_clink Marimba_and_xylophone
06345241.wav,Harmonica Screaming Meow
0648b115.wav,Whispering Finger_snapping Gasp
06526954.wav,Computer_keyboard Run Zipper_(clothing)
065b49ec.wav,Tap Writing Gurgling
06604d51.wav,Tap Finger_snapping Microwave_oven
068b717f.wav,Screaming Yell Printer
069b2f91.wav,Harmonica Burping_and_eructation Cricket
069f3ce5.wav,Meow Child_speech_and_kid_speaking Sigh
06a23eb9.wav,Traffic_noise_and_roadway_noise Bus Waves_and_surf
06c34152.wav,Burping_and_eructation Printer Chink_and_clink
06feb5cf.wav,Accelerating_and_revving_and_vroom Motorcycle Car_passing_by
0718ce8d.wav,Computer_keyboard Run Writing
07295dd0.wav,Bass_drum Cupboard_open_or_close Clapping
072ee4b2.wav,Scissors Tap Zipper_(clothing)
074cbe2b.wav,Sneeze Cutlery_and_silverware Shatter
07502956.wav,Finger_snapping Tap Gasp
07603ad3.wav,Run Zipper_(clothing) Drawer_open_or_close
07670752.wav,Hiss Bathtub_(filling_or_washing) Clapping
077f270d.wav,Glockenspiel Gong Marimba_and_xylophone
0782d022.wav,Burping_and_eructation Sigh Male_singing
078464b8.wav,Bathtub_(filling_or_washing) Stream Waves_and_surf
07a82fbe.wav,Knock Run Microwave_oven
07bca33c.wav,Gasp Printer Microwave_oven
07da8ebf.wav,Screaming Bark Sneeze
07dff283.wav,Run Car_passing_by Traffic_noise_and_roadway_noise
07f965a0.wav,Stream Bathtub_(filling_or_washing) Toilet_flush
07fa6e7e.wav,Burping_and_eructation Tap Marimba_and_xylophone
08087580.wav,Stream Fill_(with_liquid) Bathtub_(filling_or_washing)
0814db2b.wav,Accordion Race_car_and_auto_racing Gong
0815543c.wav,Fart Whispering Clapping
081d6520.wav,Shatter Whispering Chirp_and_tweet
081f2b5a.wav,Walk_and_footsteps Computer_keyboard Bus
0824bbdb.wav,Keys_jangling Shatter Scissors
08272d1c.wav,Hiss Cricket Chirp_and_tweet
08278440.wav,Burping_and_eructation Gasp Printer
0837e041.wav,Drawer_open_or_close Run Computer_keyboard
08390e01.wav,Hiss Frying_(food) Scissors
083cc652.wav,Meow Child_speech_and_kid_speaking Female_singing
08458ab2.wav,Run Computer_keyboard Writing
0849057f.wav,Male_speech_and_man_speaking Fart Sigh
084e5784.wav,Gasp Sneeze Tap
085f174a.wav,Harmonica Marimba_and_xylophone Chink_and_clink
0865816c.wav,Tap Knock Finger_snapping
086ce4a5.wav,Bus Church_bell Accordion
086ebb95.wav,Motorcycle Car_passing_by Accelerating_and_revving_and_vroom
08810dd4.wav,Writing Crackle Finger_snapping
08b06642.wav,Male_singing Harmonica Screaming
08b2d04c.wav,Gasp Glockenspiel Gong
08bc3e2d.wav,Tap Knock Zipper_(clothing)
08d46566.wav,Scissors Keys_jangling Writing
08d4acca.wav,Accordion Church_bell Bass_guitar
08d5d316.wav,Skateboard Car_passing_by Stream
08dfe75d.wav,Bass_drum Slam Knock
08eb3a69.wav,Zipper_(clothing) Writing Printer
08f36895.wav,Run Skateboard Scissors
08facc12.wav,Stream Bathtub_(filling_or_washing) Waves_and_surf
090cc523.wav,Fill_(with_liquid) Trickle_and_dribble Keys_jangling
091fa206.wav,Whispering Hiss Gurgling
092d8e54.wav,Knock Run Computer_keyboard
094761b8.wav,Tap Tick-tock Buzz
0963270d.wav,Run Computer_keyboard Chewing_and_mastication
0992b95a.wav,Gurgling Chewing_and_mastication Zipper_(clothing)
0997968e.wav,Bathtub_(filling_or_washing) Stream Toilet_flush
09a67356.wav,Run Writing Walk_and_footsteps
09d085e3.wav,Run Writing Zipper_(clothing)
0a31c905.wav,Toilet_flush Writing Skateboard
0a3c2351.wav,Tap Microwave_oven Finger_snapping
0a4d3800.wav,Writing Chewing_and_mastication Tick-tock
0a4ff0fb.wav,Fart Shatter Chirp_and_tweet
0a56e261.wav,Harmonica Hiss Meow
0a64010f.wav,Meow Screaming Sigh
0a683136.wav,Gong Bass_guitar Tap
0a6e6889.wav,Church_bell Chink_and_clink Marimba_and_xylophone
0a8e1630.wav,Crackle Knock Run
0a950c32.wav,Marimba_and_xylophone Tick-tock Electric_guitar
0aee7a2a.wav,Bathtub_(filling_or_washing) Skateboard Stream
0af7446d.wav,Writing Keys_jangling Zipper_(clothing)
0b1503e8.wav,Glockenspiel Meow Gasp
0b33d746.wav,Yell Meow Screaming
0b4819f1.wav,Bus Shatter Cricket
0b5c6535.wav,Scissors Zipper_(clothing) Crackle
0b73077e.wav,Yell Screaming Fill_(with_liquid)
0b9e93e6.wav,Zipper_(clothing) Tap Printer
0ba7fe6b.wav,Bass_drum Finger_snapping Tap
0bacb61b.wav,Finger_snapping Tap Scissors
0bb86b6c.wav,Burping_and_eructation Chink_and_clink Gurgling
0bbe8308.wav,Tap Finger_snapping Clapping
0bc36580.wav,Female_singing Gasp Male_singing
0bc7822a.wav,Keys_jangling Scissors Shatter
0bdcdfba.wav,Gong Knock Meow
0bec3f54.wav,Finger_snapping Tap Scissors
0c151ad3.wav,Waves_and_surf Car_passing_by Printer
0c16f612.wav,Harmonica Squeak Screaming
0c32d940.wav,Meow Sneeze Yell
0c390f3c.wav,Burping_and_eructation Male_speech_and_man_speaking Shatter
0c3b2573.wav,Run Microwave_oven Bus
0c5ba768.wav,Finger_snapping Tap Shatter
0c698ef7.wav,Finger_snapping Tap Scissors
0c8d9148.wav,Writing Buzz Printer
0c8def18.wav,Traffic_noise_and_roadway_noise Car_passing_by Waves_and_surf
0c949702.wav,Stream Church_bell Toilet_flush
0cb33d03.wav,Whispering Sigh Shatter
0cb4cde3.wav,Tap Scissors Tick-tock
0cdddb37.wav,Tap Knock Scissors
0ce84f9b.wav,Motorcycle Bus Run
0cfe3f96.wav,Whispering Gasp Screaming
0d000cd7.wav,Gasp Shatter Tap
0d1b11e0.wav,Printer Zipper_(clothing) Sneeze
0d2230eb.wav,Hiss Stream Cricket
0d2707f4.wav,Glockenspiel Whispering Printer
0d34341d.wav,Car_passing_by Printer Accelerating_and_revving_and_vroom
0d3dc96c.wav,Shatter Fart Cutlery_and_silverware
0d507c20.wav,Bathtub_(filling_or_washing) Fill_(with_liquid) Frying_(food)
0d540ee1.wav,Shatter Whispering Keys_jangling
0d5516ef.wav,Cricket Bicycle_bell Hiss
0d6564bb.wav,Female_singing Screaming Yell
0d673a8c.wav,Finger_snapping Tap Knock
0d74277e.wav,Toilet_flush Printer Skateboard
0d8d7af9.wav,Tap Finger_snapping Meow
0d8e2166.wav,Shatter Keys_jangling Fart
0d8f3f54.wav,Bass_drum Cupboard_open_or_close Finger_snapping
0d9caeeb.wav,Bus Traffic_noise_and_roadway_noise Car_passing_by
0da3d582.wav,Whispering Sigh Gurgling
0dc06757.wav,Screaming Female_singing Squeak
0dc813d8.wav,Frying_(food) Bathtub_(filling_or_washing) Scissors
0dce3e5f.wav,Stream Bathtub_(filling_or_washing) Shatter
0dcf1534.wav,Car_passing_by Waves_and_surf Bathtub_(filling_or_washing)
0dda644b.wav,Fart Printer Crackle
0ddd0393.wav,Finger_snapping Tap Shatter
0de2a4b2.wav,Male_speech_and_man_speaking Female_speech_and_woman_speaking Male_singing
0de4fc92.wav,Male_singing Gong Race_car_and_auto_racing
0df1484c.wav,Tap Finger_snapping Zipper_(clothing)
0e18c7d2.wav,Finger_snapping Tap Scissors
0e3e2590.wav,Traffic_noise_and_roadway_noise Printer Accelerating_and_revving_and_vroom
0e4be6a4.wav,Bus Mechanical_fan Accelerating_and_revving_and_vroom
0e6552c7.wav,Tap Knock Clapping
0e70a285.wav,Stream Waves_and_surf Crackle
0e7f5c7e.wav,Stream Bathtub_(filling_or_washing) Skateboard
0e9e941b.wav,Fill_(with_liquid) Gurgling Trickle_and_dribble
0ea99bf4.wav,Gasp Bark Shatter
0eaf6d60.wav,Knock Run Crackle
0ec7e315.wav,Walk_and_footsteps Drawer_open_or_close Bass_drum
0ed20fe2.wav,Run Waves_and_surf Zipper_(clothing)
0ee80cb7.wav,Male_singing Female_speech_and_woman_speaking Harmonica
0ef6fb07.wav,Keys_jangling Shatter Cutlery_and_silverware
0f07f15f.wav,Finger_snapping Tap Clapping
0f08a4c8.wav,Knock Crackle Bass_drum
0f096853.wav,Bus Run Writing
0f1ab7b0.wav,Knock Tap Crackle
0f3fe29d.wav,Stream Skateboard Traffic_noise_and_roadway_noise
0f50ef2b.wav,Traffic_noise_and_roadway_noise Printer Bus
0f61907d.wav,Car_passing_by Motorcycle Church_bell
0f663341.wav,Tap Knock Finger_snapping
0f81d5bc.wav,Keys_jangling Writing Computer_keyboard
0faf5b2e.wav,Motorcycle Race_car_and_auto_racing Accelerating_and_revving_and_vroom
0fc07a52.wav,Zipper_(clothing) Crackle Run
0fc6a683.wav,Frying_(food) Hiss Bathtub_(filling_or_washing)
0fccb2e5.wav,Whispering Shatter Keys_jangling
0fd91890.wav,Cutlery_and_silverware Zipper_(clothing) Bathtub_(filling_or_washing)
0fdb30c1.wav,Tap Knock Run
0fed6565.wav,Toilet_flush Scissors Whispering
0ff0e483.wav,Child_speech_and_kid_speaking Female_speech_and_woman_speaking Screaming
0fffc208.wav,Printer Tap Hi-hat
100e123a.wav,Bus Shatter Chirp_and_tweet
100faf3f.wav,Whispering Hiss Gasp
101b2011.wav,Tap Chink_and_clink Gasp
10234fef.wav,Bass_drum Cupboard_open_or_close Slam
10236f0e.wav,Cricket Chirp_and_tweet Hiss
102fb14f.wav,Bass_guitar Gong Marimba_and_xylophone
1052e52b.wav,Burping_and_eructation Printer Gurgling
105460cd.wav,Accordion Bus Electric_guitar
10678d21.wav,Shatter Keys_jangling Cutlery_and_silverware
107f3deb.wav,Run Writing Zipper_(clothing)
10811159.wav,Stream Skateboard Bathtub_(filling_or_washing)
10a1aa40.wav,Run Zipper_(clothing) Stream
10a7b8f3.wav,Female_singing Harmonica Bark
10acf1b6.wav,Cricket Hiss Stream
10c170b1.wav,Shatter Cutlery_and_silverware Yell
10d026e9.wav,Knock Drawer_open_or_close Bass_drum
10d94568.wav,Zipper_(clothing) Tick-tock Scissors
10e6a6ac.wav,Scissors Tap Finger_snapping
10e6db66.wav,Fart Gasp Microwave_oven
10e92421.wav,Printer Gong Toilet_flush
10f58e51.wav,Electric_guitar Harmonica Accordion
11071bad.wav,Shatter Finger_snapping Tap
111f9431.wav,Gurgling Chewing_and_mastication Printer
112bdb70.wav,Screaming Harmonica Cricket
113290e8.wav,Keys_jangling Shatter Scissors
1142def0.wav,Keys_jangling Shatter Scissors
1147c12b.wav,Bicycle_bell Microwave_oven Cricket
1158e587.wav,Keys_jangling Whispering Shatter
11641eb8.wav,Bathtub_(filling_or_washing) Toilet_flush Stream
1167b492.wav,Chink_and_clink Sigh Whispering
1172c5fb.wav,Bus Church_bell Traffic_noise_and_roadway_noise
117358df.wav,Finger_snapping Tap Scissors
1175ac74.wav,Tap Clapping Whispering
11b6c488.wav,Stream Bathtub_(filling_or_washing) Skateboard
11cc8bcb.wav,Bathtub_(filling_or_washing) Gurgling Scissors
12264142.wav,Sigh Gasp Microwave_oven
1226b0e0.wav,Keys_jangling Writing Scissors
1247b7e3.wav,Bicycle_bell Glockenspiel Marimba_and_xylophone
124a286f.wav,Stream Fill_(with_liquid) Bathtub_(filling_or_washing)
12600be5.wav,Scissors Tap Knock
12689530.wav,Church_bell Accordion Marimba_and_xylophone
126b674b.wav,Tap Finger_snapping Scissors
127adb78.wav,Female_singing Yell Bark
12849e29.wav,Clapping Scissors Cutlery_and_silverware
128a67de.wav,Tap Finger_snapping Scissors
12bcd3ec.wav,Stream Hiss Crackle
12d3e91f.wav,Fart Zipper_(clothing) Skateboard
12d8c07f.wav,Bus Drawer_open_or_close Motorcycle
12ddf239.wav,Computer_keyboard Bathtub_(filling_or_washing) Skateboard
12df81e8.wav,Bathtub_(filling_or_washing) Frying_(food) Stream
12ee0010.wav,Scissors Bathtub_(filling_or_washing) Trickle_and_dribble
12fe33b6.wav,Motorcycle Waves_and_surf Bus
130e4d2f.wav,Screaming Gasp Gurgling
13237edd.wav,Hiss Chirp_and_tweet Whispering
134c3fea.wav,Tap Finger_snapping Clapping
134c95a2.wav,Writing Scissors Crackle
13694181.wav,Bass_drum Cupboard_open_or_close Knock
13728313.wav,Skateboard Toilet_flush Car_passing_by
13ae306e.wav,Bus Chink_and_clink Writing
13cfa025.wav,Bus Printer Traffic_noise_and_roadway_noise
13e3453c.wav,Frying_(food) Bathtub_(filling_or_washing) Scissors
13e84f69.wav,Microwave_oven Bicycle_bell Gasp
14096fd8.wav,Chewing_and_mastication Scissors Tick-tock
142b9865.wav,Scissors Crackle Keys_jangling
1438cfd0.wav,Electric_guitar Fart Buzz
143e6d96.wav,Bicycle_bell Shatter Whispering
14416af5.wav,Tick-tock Writing Scissors
1451986d.wav,Traffic_noise_and_roadway_noise Cupboard_open_or_close Printer
145a10e4.wav,Run Tap Scissors
146c73a3.wav,Bark Yell Screaming
14ab7f13.wav,Run Zipper_(clothing) Writing
14cbc626.wav,Writing Run Fart
14d22f20.wav,Shatter Keys_jangling Cutlery_and_silverware
14e86cfb.wav,Finger_snapping Whispering Clapping
14fd704c.wav,Tap Cupboard_open_or_close Buzz
151ea709.wav,Toilet_flush Skateboard Stream
15288481.wav,Chink_and_clink Electric_guitar Marimba_and_xylophone
152a4e09.wav,Fart Chirp_and_tweet Cricket
153579d9.wav,Crackle Run Zipper_(clothing)
1544427c.wav,Crackle Writing Finger_snapping
154696fd.wav,Bus Run Skateboard
156bf74f.wav,Skateboard Toilet_flush Hiss
156c1736.wav,Church_bell Printer Race_car_and_auto_racing
15776b9c.wav,Whispering Chewing_and_mastication Computer_keyboard
157dd023.wav,Screaming Scissors Cutlery_and_silverware
15849032.wav,Hiss Frying_(food) Scissors
15868ee8.wav,Stream Hiss Cricket
159b8b9b.wav,Scissors Gurgling Writing
159d2208.wav,Frying_(food) Zipper_(clothing) Bathtub_(filling_or_washing)
15a78daf.wav,Burping_and_eructation Tap Sigh
15a98fd7.wav,Bass_drum Cupboard_open_or_close Clapping
15b0d4ec.wav,Tap Finger_snapping Scissors
15bcf71d.wav,Bass_guitar Bass_drum Gong
15c34c4f.wav,Burping_and_eructation Tick-tock Keys_jangling
15e2bcaa.wav,Accordion Harmonica Electric_guitar
15e7bb78.wav,Keys_jangling Shatter Scissors
160105ad.wav,Harmonica Male_singing Accordion
1604a3fa.wav,Scissors Keys_jangling Tap
1606f119.wav,Fart Zipper_(clothing) Sneeze
160acbb0.wav,Cricket Chirp_and_tweet Bicycle_bell
165fd18a.wav,Gurgling Zipper_(clothing) Printer
166a05c0.wav,Skateboard Fart Stream
1670b964.wav,Zipper_(clothing) Run Walk_and_footsteps
167a4f00.wav,Cricket Chirp_and_tweet Hiss
168be388.wav,Marimba_and_xylophone Tick-tock Bass_drum
16b56d33.wav,Bicycle_bell Whispering Chewing_and_mastication
16bc3f60.wav,Skateboard Hiss Shatter
16c7da35.wav,Stream Skateboard Traffic_noise_and_roadway_noise
16d80f68.wav,Harmonica Marimba_and_xylophone Accordion
16e17bed.wav,Traffic_noise_and_roadway_noise Race_car_and_auto_racing Car_passing_by
16f7ac14.wav,Bus Run Writing
16fd3589.wav,Gurgling Chewing_and_mastication Scissors
17135192.wav,Bicycle_bell Chirp_and_tweet Cricket
17140de5.wav,Fill_(with_liquid) Gurgling Bathtub_(filling_or_washing)
171aa36c.wav,Chirp_and_tweet Cricket Stream
17361a5c.wav,Stream Clapping Skateboard
1751bb8a.wav,Hiss Scissors Finger_snapping
1779b015.wav,Church_bell Electric_guitar Mechanical_fan
17b6e84f.wav,Keys_jangling Scissors Writing
17c4b25f.wav,Skateboard Toilet_flush Stream
17dfb6db.wav,Zipper_(clothing) Skateboard Walk_and_footsteps
1802421a.wav,Printer Waves_and_surf Traffic_noise_and_roadway_noise
18183321.wav,Bus Traffic_noise_and_roadway_noise Waves_and_surf
183948d1.wav,Stream Skateboard Bathtub_(filling_or_washing)
183fb536.wav,Sigh Car_passing_by Whispering
1843680b.wav,Bathtub_(filling_or_washing) Stream Run
184aca02.wav,Bathtub_(filling_or_washing) Frying_(food) Stream
18551bc1.wav,Fart Female_speech_and_woman_speaking Tap
1859b7f7.wav,Keys_jangling Scissors Writing
1877623e.wav,Gasp Cutlery_and_silverware Sneeze
1889c58d.wav,Sneeze Bark Whispering
18929e41.wav,Hi-hat Accordion Race_car_and_auto_racing
1899de05.wav,Bass_drum Knock Tap
18ace84c.wav,Sneeze Screaming Gasp
18be000d.wav,Printer Zipper_(clothing) Bathtub_(filling_or_washing)
18c94757.wav,Church_bell Bathtub_(filling_or_washing) Traffic_noise_and_roadway_noise
18ea2e9e.wav,Printer Bathtub_(filling_or_washing) Zipper_(clothing)
18fda5a4.wav,Chirp_and_tweet Motorcycle Fart
1904f396.wav,Hi-hat Tap Finger_snapping
19135157.wav,Tap Writing Finger_snapping
191adc5f.wav,Screaming Sigh Gasp
19303d26.wav,Fart Bicycle_bell Cricket
193a6063.wav,Scissors Zipper_(clothing) Tap
1945b8ca.wav,Printer Bathtub_(filling_or_washing) Stream
19508dc0.wav,Church_bell Traffic_noise_and_roadway_noise Skateboard
1960e51e.wav,Knock Gurgling Writing
19754d94.wav,Female_speech_and_woman_speaking Fart Female_singing
197ce5b2.wav,Gasp Sneeze Cutlery_and_silverware
199d4d12.wav,Cricket Fill_(with_liquid) Gurgling
19a7dec3.wav,Gurgling Printer Whispering
19bb5700.wav,Bus Stream Motorcycle
19c7c900.wav,Meow Sigh Screaming
19d9401d.wav,Clapping Skateboard Tap
19dcb315.wav,Tick-tock Scissors Tap
1a068a84.wav,Burping_and_eructation Marimba_and_xylophone Church_bell
1a0d1b78.wav,Waves_and_surf Traffic_noise_and_roadway_noise Bus
1a110901.wav,Church_bell Printer Toilet_flush
1a1de9b9.wav,Church_bell Printer Tick-tock
1a1def6e.wav,Bathtub_(filling_or_washing) Stream Clapping
1a1edda6.wav,Yell Sneeze Child_speech_and_kid_speaking
1a2580e1.wav,Car_passing_by Knock Walk_and_footsteps
1a35ded5.wav,Frying_(food) Bathtub_(filling_or_washing) Scissors
1a362723.wav,Meow Screaming Squeak
1a44ace1.wav,Gong Bass_guitar Marimba_and_xylophone
1a51eefe.wav,Fill_(with_liquid) Stream Bathtub_(filling_or_washing)
1a5c4e84.wav,Run Waves_and_surf Motorcycle
1a606ef2.wav,Hiss Purr Writing
1a6925fa.wav,Keys_jangling Shatter Cupboard_open_or_close
1a884f9e.wav,Burping_and_eructation Gurgling Marimba_and_xylophone
1abdac69.wav,Gurgling Scissors Trickle_and_dribble
1ac6f6f3.wav,Sigh Printer Cutlery_and_silverware
1acae695.wav,Car_passing_by Run Skateboard
1acb3d32.wav,Printer Cupboard_open_or_close Church_bell
1ad7f703.wav,Writing Chewing_and_mastication Gurgling
1ae3ca16.wav,Crackle Writing Tick-tock
1aec75a6.wav,Crackle Run Writing
1b0687b2.wav,Shatter Keys_jangling Tick-tock
1b086eb7.wav,Zipper_(clothing) Scissors Crackle
1b0a3884.wav,Hiss Shatter Sigh
1b1d1b2d.wav,Toilet_flush Stream Frying_(food)
1b3ecd82.wav,Motorcycle Traffic_noise_and_roadway_noise Accelerating_and_revving_and_vroom
1b5b6468.wav,Finger_snapping Clapping Whispering
1b5daf72.wav,Scissors Tap Zipper_(clothing)
1b68d94a.wav,Writing Drawer_open_or_close Microwave_oven
1ba04ecc.wav,Finger_snapping Frying_(food) Scissors
1bc14732.wav,Gasp Cutlery_and_silverware Meow
1bcfdfb5.wav,Burping_and_eructation Male_singing Marimba_and_xylophone
1bd82417.wav,Marimba_and_xylophone Electric_guitar Accordion
1be1c727.wav,Drawer_open_or_close Computer_keyboard Run
1bfd4be2.wav,Skateboard Shatter Whispering
1c0e284a.wav,Printer Zipper_(clothing) Bathtub_(filling_or_washing)
1c0fbe4b.wav,Marimba_and_xylophone Meow Traffic_noise_and_roadway_noise
1c1dd720.wav,Shatter Stream Yell
1c3bd325.wav,Glockenspiel Whispering Cutlery_and_silverware
1c699cb7.wav,Microwave_oven Cricket Bicycle_bell
1c6d56db.wav,Glockenspiel Toilet_flush Fill_(with_liquid)
1c77cedf.wav,Bathtub_(filling_or_washing) Stream Waves_and_surf
1c785226.wav,Tick-tock Chewing_and_mastication Computer_keyboard
1c79ca96.wav,Finger_snapping Tap Scissors
1c8369cf.wav,Drawer_open_or_close Computer_keyboard Shatter
1c983e19.wav,Run Computer_keyboard Writing
1c9e3f10.wav,Cupboard_open_or_close Bass_drum Clapping
1cc5b5f7.wav,Chewing_and_mastication Scissors Crackle
1cd55ad6.wav,Bus Motorcycle Traffic_noise_and_roadway_noise
1cf8379b.wav,Hiss Cricket Frying_(food)
1d11b910.wav,Scissors Bathtub_(filling_or_washing) Tap
1d1778c4.wav,Bass_drum Bass_guitar Marimba_and_xylophone
1d1863a4.wav,Mechanical_fan Motorcycle Bus
1d2459ce.wav,Gasp Cutlery_and_silverware Shatter
1d279116.wav,Bathtub_(filling_or_washing) Frying_(food) Tick-tock
1d33f8e1.wav,Hiss Clapping Whispering
1d4ae8ab.wav,Finger_snapping Scissors Tap
1d58040b.wav,Meow Screaming Child_speech_and_kid_speaking
1d6f2b16.wav,Female_speech_and_woman_speaking Marimba_and_xylophone Sneeze
1d7d2a17.wav,Mechanical_fan Waves_and_surf Motorcycle
1db41feb.wav,Church_bell Harmonica Hiss
1dbcd4ba.wav,Toilet_flush Stream Bathtub_(filling_or_washing)
1dc3166b.wav,Fart Microwave_oven Skateboard
1dc417cd.wav,Crackle Scissors Zipper_(clothing)
1dcc4dd4.wav,Bus Motorcycle Cupboard_open_or_close
1de84153.wav,Car_passing_by Accelerating_and_revving_and_vroom Mechanical_fan
1ded5864.wav,Knock Tap Zipper_(clothing)
1def6435.wav,Tick-tock Chewing_and_mastication Run
1dfa910d.wav,Tap Finger_snapping Meow
1e0b81a9.wav,Bus Motorcycle Printer
1e1a72d5.wav,Knock Tap Car_passing_by
1e1e674a.wav,Bathtub_(filling_or_washing) Frying_(food) Stream
1e3763ba.wav,Meow Gong Screaming
1e3cd2f0.wav,Child_speech_and_kid_speaking Yell Screaming
1e6572de.wav,Sigh Drawer_open_or_close Race_car_and_auto_racing
1e6e9131.wav,Clapping Shatter Microwave_oven
1e6fe316.wav,Toilet_flush Stream Bathtub_(filling_or_washing)
1e7b59a7.wav,Meow Sneeze Child_speech_and_kid_speaking
1e8a965c.wav,Mechanical_fan Bus Motorcycle
1e8fe3d2.wav,Female_singing Screaming Cupboard_open_or_close
1ea533ec.wav,Finger_snapping Tap Meow
1eac92a1.wav,Accordion Hi-hat Harmonica
1ec2f60d.wav,Printer Tap Zipper_(clothing)
1eda3d26.wav,Sigh Meow Harmonica
1f27827e.wav,Harmonica Screaming Meow
1f293888.wav,Bass_drum Tap Knock
1f3d2f22.wav,Waves_and_surf Traffic_noise_and_roadway_noise Skateboard
1f52baf2.wav,Keys_jangling Shatter Cutlery_and_silverware
1f58cc84.wav,Male_singing Bathtub_(filling_or_washing) Bus
1f63c45e.wav,Tap Meow Microwave_oven
1f85a5c7.wav,Skateboard Hiss Hi-hat
1f9c1f3e.wav,Hiss Bus Microwave_oven
1fc0282a.wav,Scissors Run Tap
1fc8f9a5.wav,Bicycle_bell Cricket Microwave_oven
1fd74cc3.wav,Glockenspiel Microwave_oven Marimba_and_xylophone
1fde2c61.wav,Hiss Zipper_(clothing) Printer
1fe639ee.wav,Zipper_(clothing) Gurgling Scissors
1fec2121.wav,Run Tap Computer_keyboard
1ff215f3.wav,Toilet_flush Stream Skateboard
200b6920.wav,Bus Drawer_open_or_close Run
2012b2f4.wav,Tap Knock Finger_snapping
201c18ee.wav,Run Printer Zipper_(clothing)
20612e10.wav,Toilet_flush Yell Hiss
2069253a.wav,Fill_(with_liquid) Squeak Stream
206c0a24.wav,Zipper_(clothing) Printer Shatter
20801c98.wav,Hiss Harmonica Gasp
2087f937.wav,Whispering Writing Raindrop
20898b89.wav,Stream Bathtub_(filling_or_washing) Waves_and_surf
20b16812.wav,Microwave_oven Bicycle_bell Gasp
20c3541c.wav,Keys_jangling Scissors Writing
20d2ad1c.wav,Meow Gasp Glockenspiel
20dc6392.wav,Writing Crackle Computer_keyboard
20e285c7.wav,Printer Skateboard Fill_(with_liquid)
21102a3a.wav,Hiss Bathtub_(filling_or_washing) Zipper_(clothing)
2113043a.wav,Church_bell Female_singing Traffic_noise_and_roadway_noise
2142adda.wav,Screaming Fill_(with_liquid) Gasp
21447ea7.wav,Harmonica Accordion Female_singing
21455882.wav,Hiss Whispering Keys_jangling
2157612c.wav,Electric_guitar Male_singing Hiss
2159eea8.wav,Shatter Fart Whispering
2175b26d.wav,Bass_guitar Gong Tap
217b109a.wav,Car_passing_by Waves_and_surf Run
2189acc6.wav,Harmonica Accordion Screaming
218b15dc.wav,Bathtub_(filling_or_washing) Whispering Meow
218c8907.wav,Toilet_flush Skateboard Printer
21b0c9cb.wav,Skateboard Run Computer_keyboard
21b24d69.wav,Bass_drum Clapping Cupboard_open_or_close
21b601cd.wav,Church_bell Chink_and_clink Marimba_and_xylophone
21d2eb4c.wav,Bicycle_bell Fart Whispering
21d49986.wav,Bass_drum Knock Cupboard_open_or_close
21e8d6a9.wav,Tap Knock Finger_snapping
21eb5d58.wav,Waves_and_surf Bus Traffic_noise_and_roadway_noise
21eca32f.wav,Keys_jangling Shatter Writing
21fa3245.wav,Hiss Scissors Tick-tock
2210c997.wav,Yell Child_speech_and_kid_speaking Screaming
2216c947.wav,Bus Accelerating_and_revving_and_vroom Motorcycle
223032ba.wav,Cricket Hiss Chirp_and_tweet
2236c850.wav,Crackle Run Knock
223a5173.wav,Burping_and_eructation Printer Gasp
22522048.wav,Chink_and_clink Sigh Church_bell
2263763d.wav,Cricket Mechanical_fan Chirp_and_tweet
228a538c.wav,Scissors Frying_(food) Tap
22a7e375.wav,Traffic_noise_and_roadway_noise Stream Skateboard
22b07889.wav,Burping_and_eructation Meow Sigh
22b6b9aa.wav,Finger_snapping Gasp Shatter
22c5ea2f.wav,Traffic_noise_and_roadway_noise Bus Shatter
22c78043.wav,Knock Run Zipper_(clothing)
22c98028.wav,Run Computer_keyboard Writing
22c9b301.wav,Car_passing_by Drawer_open_or_close Run
22cd860e.wav,Scissors Computer_keyboard Trickle_and_dribble
22f22fc9.wav,Gurgling Chewing_and_mastication Microwave_oven
22f2d98a.wav,Keys_jangling Shatter Cutlery_and_silverware
2303e210.wav,Whispering Cutlery_and_silverware Shatter
23244f49.wav,Whispering Writing Hiss
2327b6de.wav,Bass_drum Knock Tap
2343daa5.wav,Printer Toilet_flush Skateboard
235213ce.wav,Bathtub_(filling_or_washing) Fill_(with_liquid) Gurgling
235f959c.wav,Meow Bark Screaming
236e7ce1.wav,Hiss Frying_(food) Bathtub_(filling_or_washing)
23726888.wav,Glockenspiel Marimba_and_xylophone Gasp
23756062.wav,Car_passing_by Traffic_noise_and_roadway_noise Mechanical_fan
238b11f0.wav,Knock Zipper_(clothing) Tap
23a07927.wav,Hiss Harmonica Whispering
23a2669b.wav,Toilet_flush Stream Bathtub_(filling_or_washing)
23c4613e.wav,Bass_drum Crackle Tap
23c714b5.wav,Bass_drum Bass_guitar Cupboard_open_or_close
23d35eea.wav,Zipper_(clothing) Skateboard Bathtub_(filling_or_washing)
23fabbb4.wav,Skateboard Stream Waves_and_surf
23fe505d.wav,Scissors Writing Hiss
2406d1de.wav,Bus Writing Motorcycle
240e9caa.wav,Gasp Female_singing Harmonica
24456657.wav,Skateboard Stream Car_passing_by
244a60cd.wav,Finger_snapping Clapping Whispering
2451cad9.wav,Screaming Meow Squeak
2451d17b.wav,Gong Bass_guitar Marimba_and_xylophone
245c01e6.wav,Printer Skateboard Church_bell
2462f236.wav,Female_singing Male_singing Child_speech_and_kid_speaking
24ae5bef.wav,Sigh Hi-hat Cutlery_and_silverware
24ce9114.wav,Hiss Printer Sigh
24dda4ed.wav,Frying_(food) Hiss Bathtub_(filling_or_washing)
24ecb25d.wav,Screaming Meow Chirp_and_tweet
24f04ba5.wav,Waves_and_surf Run Car_passing_by
2548960b.wav,Printer Zipper_(clothing) Bathtub_(filling_or_washing)
256d567f.wav,Fill_(with_liquid) Gurgling Bathtub_(filling_or_washing)
2583a54d.wav,Tap Finger_snapping Scissors
2599ff86.wav,Gasp Meow Sigh
259e3fa7.wav,Chewing_and_mastication Gurgling Zipper_(clothing)
25a8ef58.wav,Bass_drum Knock Slam
25a991a1.wav,Finger_snapping Scissors Tap
25beac1d.wav,Shatter Computer_keyboard Tap
25c32640.wav,Bathtub_(filling_or_washing) Frying_(food) Hiss
25c8686f.wav,Burping_and_eructation Sneeze Sigh
25d481d6.wav,Bass_drum Finger_snapping Clapping
25e059d3.wav,Printer Waves_and_surf Run
25e23528.wav,Accordion Harmonica Squeak
25e75fa8.wav,Scissors Bathtub_(filling_or_washing) Trickle_and_dribble
261cdf15.wav,Printer Motorcycle Waves_and_surf
262131af.wav,Gong Electric_guitar Marimba_and_xylophone
2624e8ff.wav,Whispering Tick-tock Gasp
26263cf0.wav,Cutlery_and_silverware Burping_and_eructation Sigh
262a7108.wav,Run Knock Tap
262d4cca.wav,Harmonica Meow Female_singing
2655ac2c.wav,Accordion Harmonica Female_singing
26a25f5d.wav,Tap Shatter Finger_snapping
26a4977c.wav,Tick-tock Zipper_(clothing) Purr
26a6c2f3.wav,Stream Shatter Bathtub_(filling_or_washing)
26abfa32.wav,Chewing_and_mastication Gurgling Scissors
26c001b7.wav,Stream Skateboard Bathtub_(filling_or_washing)
26c01e3f.wav,Sneeze Gasp Marimba_and_xylophone
26f921e3.wav,Scissors Whispering Fart
2707f8b0.wav,Child_speech_and_kid_speaking Female_singing Screaming
27080c56.wav,Skateboard Walk_and_footsteps Knock
271ade69.wav,Tap Marimba_and_xylophone Sigh
272d95c7.wav,Car_passing_by Skateboard Waves_and_surf
2733bb3f.wav,Female_singing Screaming Child_speech_and_kid_speaking
27446bcd.wav,Tap Cupboard_open_or_close Knock
2756ca54.wav,Skateboard Zipper_(clothing) Finger_snapping
2758a116.wav,Female_singing Screaming Tick-tock
275e1bb6.wav,Chirp_and_tweet Female_speech_and_woman_speaking Cricket
278a19ee.wav,Printer Accordion Church_bell
27903ab8.wav,Stream Fill_(with_liquid) Chirp_and_tweet
27924331.wav,Microwave_oven Gong Knock
279d4550.wav,Writing Chewing_and_mastication Scissors
27a4f4a8.wav,Church_bell Traffic_noise_and_roadway_noise Bus
27a8cf7f.wav,Burping_and_eructation Male_speech_and_man_speaking Keys_jangling
27b8db15.wav,Run Waves_and_surf Printer
27c8eacc.wav,Scissors Fart Tick-tock
27ce0e90.wav,Scissors Writing Chewing_and_mastication
27d07e83.wav,Cricket Chirp_and_tweet Hiss
27d43eba.wav,Printer Stream Motorcycle
27df10d1.wav,Gurgling Fill_(with_liquid) Cricket
27e085c0.wav,Shatter Fart Skateboard
280c07e4.wav,Meow Yell Chirp_and_tweet
2810d717.wav,Scissors Whispering Zipper_(clothing)
28142c7d.wav,Finger_snapping Tap Meow
28199c01.wav,Tap Sigh Hi-hat
2833e567.wav,Stream Fill_(with_liquid) Yell
28383990.wav,Toilet_flush Gasp Frying_(food)
283bc0ea.wav,Scissors Bathtub_(filling_or_washing) Frying_(food)
2842be8c.wav,Skateboard Shatter Fart
28849a80.wav,Tap Scissors Finger_snapping
288a89c1.wav,Mechanical_fan Church_bell Waves_and_surf
2894416d.wav,Crackle Zipper_(clothing) Writing
289fb0b8.wav,Skateboard Printer Church_bell
28a2ff49.wav,Toilet_flush Hiss Printer
28a9213d.wav,Computer_keyboard Run Writing
28d22d2e.wav,Printer Church_bell Accelerating_and_revving_and_vroom
28d2f36f.wav,Screaming Bark Shatter
28e13187.wav,Knock Car_passing_by Run
28e32693.wav,Motorcycle Mechanical_fan Accelerating_and_revving_and_vroom
28f49053.wav,Stream Skateboard Waves_and_surf
28ff0651.wav,Harmonica Female_singing Accordion
290e30df.wav,Whispering Fart Printer
292ef00f.wav,Microwave_oven Cupboard_open_or_close Female_singing
2934735d.wav,Shatter Clapping Child_speech_and_kid_speaking
2934d413.wav,Run Scissors Tick-tock
29365227.wav,Drawer_open_or_close Tick-tock Tap
295268ea.wav,Run Bathtub_(filling_or_washing) Zipper_(clothing)
29699f09.wav,Scissors Run Frying_(food)
297219cc.wav,Whispering Clapping Finger_snapping
2980d500.wav,Tick-tock Tap Marimba_and_xylophone
29826356.wav,Tap Gasp Finger_snapping
29b0574f.wav,Scissors Zipper_(clothing) Run
29d72dfb.wav,Car_passing_by Printer Accelerating_and_revving_and_vroom
29dd29fb.wav,Drawer_open_or_close Zipper_(clothing) Writing
29e4880e.wav,Crackle Run Tick-tock
2a0893c6.wav,Bass_guitar Gong Marimba_and_xylophone
2a0a3828.wav,Fill_(with_liquid) Whispering Sneeze
2a484593.wav,Tap Meow Sigh
2a557637.wav,Keys_jangling Writing Scissors
2a79d0a8.wav,Tap Knock Finger_snapping
2a9c7202.wav,Frying_(food) Bathtub_(filling_or_washing) Hiss
2aa1e0b8.wav,Gasp Sneeze Child_speech_and_kid_speaking
2ac8607d.wav,Sigh Cutlery_and_silverware Screaming
2ad174b4.wav,Scissors Bathtub_(filling_or_washing) Frying_(food)
2ae04dd7.wav,Run Car_passing_by Motorcycle
2aedff46.wav,Bicycle_bell Hiss Shatter
2af10e99.wav,Meow Tap Scissors
2af77e7f.wav,Car_passing_by Mechanical_fan Motorcycle
2b160bb2.wav,Keys_jangling Scissors Gurgling
2b2613d8.wav,Toilet_flush Tick-tock Whispering
2b6ee441.wav,Whispering Writing Chewing_and_mastication
2b95327b.wav,Motorcycle Waves_and_surf Mechanical_fan
2b9ca464.wav,Knock Slam Drawer_open_or_close
2bab5b09.wav,Tap Sneeze Sigh
2bb1503c.wav,Fart Chirp_and_tweet Shatter
2bbf558e.wav,Writing Shatter Computer_keyboard
2be779a7.wav,Computer_keyboard Burping_and_eructation Drawer_open_or_close
2c010e00.wav,Burping_and_eructation Cutlery_and_silverware Shatter
2c2a3c77.wav,Fart Printer Writing
2c2d400b.wav,Toilet_flush Shatter Stream
2c39bb30.wav,Church_bell Motorcycle Mechanical_fan
2c3a44f2.wav,Fill_(with_liquid) Trickle_and_dribble Gurgling
2c7a5078.wav,Electric_guitar Church_bell Mechanical_fan
2c809d4f.wav,Keys_jangling Writing Scissors
2c8b8812.wav,Scissors Computer_keyboard Tick-tock
2c924848.wav,Printer Burping_and_eructation Marimba_and_xylophone
2cc7f972.wav,Car_passing_by Accelerating_and_revving_and_vroom Knock
2cd526f7.wav,Scissors Tap Shatter
2cdfa8c1.wav,Toilet_flush Fill_(with_liquid) Printer
2cf4955c.wav,Bus Mechanical_fan Motorcycle
2cfdaecd.wav,Frying_(food) Bathtub_(filling_or_washing) Hiss
2d0863b7.wav,Toilet_flush Skateboard Fart
2d09c7ca.wav,Whispering Hiss Finger_snapping
2d15ca77.wav,Skateboard Clapping Gasp
2d209c25.wav,Meow Tap Tick-tock
2d21dbf4.wav,Purr Mechanical_fan Bus
2d455ed9.wav,Bathtub_(filling_or_washing) Scissors Hiss
2d4961a8.wav,Tap Scissors Finger_snapping
2d4a0250.wav,Bathtub_(filling_or_washing) Toilet_flush Frying_(food)
2d56c2ae.wav,Stream Toilet_flush Skateboard
2d5dcc5d.wav,Burping_and_eructation Zipper_(clothing) Microwave_oven
2d666c1d.wav,Tick-tock Burping_and_eructation Printer
2d6d99d4.wav,Fart Gasp Female_speech_and_woman_speaking
2d7218f8.wav,Clapping Fart Gasp
2d7ae271.wav,Male_singing Gasp Harmonica
2d8135cc.wav,Skateboard Stream Bathtub_(filling_or_washing)
2d88fa59.wav,Tap Bicycle_bell Shatter
2da4c729.wav,Motorcycle Printer Skateboard
2db579cb.wav,Finger_snapping Tap Clapping
2db63f0d.wav,Printer Skateboard Hiss
2dd2a6bf.wav,Skateboard Stream Waves_and_surf
2df0cf1f.wav,Hiss Cutlery_and_silverware Sneeze
2df1f901.wav,Gasp Meow Harmonica
2dfd32a3.wav,Female_singing Bark Child_speech_and_kid_speaking
2e61e614.wav,Shatter Hiss Bathtub_(filling_or_washing)
2e820b05.wav,Gasp Chirp_and_tweet Bicycle_bell
2e8b4709.wav,Male_speech_and_man_speaking Cricket Chewing_and_mastication
2e9ced66.wav,Scissors Stream Writing
2ea33689.wav,Church_bell Printer Electric_guitar
2eade3e1.wav,Traffic_noise_and_roadway_noise Bus Car_passing_by
2eb3002c.wav,Burping_and_eructation Meow Tick-tock
2eb51f57.wav,Glockenspiel Harmonica Hiss
2ed9ce69.wav,Electric_guitar Harmonica Gong
2edb4142.wav,Writing Scissors Finger_snapping
2ee3ef28.wav,Printer Gasp Female_speech_and_woman_speaking
2ee9f139.wav,Sneeze Burping_and_eructation Printer
2eeb7f35.wav,Meow Gasp Microwave_oven
2eec6eda.wav,Harmonica Hiss Chink_and_clink
2f00863c.wav,Gong Car_passing_by Knock
2f14d3b3.wav,Bathtub_(filling_or_washing) Hiss Frying_(food)
2f2ab304.wav,Printer Harmonica Hi-hat
2f41afe1.wav,Bus Accordion Race_car_and_auto_racing
2f529eb8.wav,Harmonica Fill_(with_liquid) Hiss
2f5cbf20.wav,Cupboard_open_or_close Shatter Slam
2f6331aa.wav,Cutlery_and_silverware Gasp Sneeze
2f643c50.wav,Tap Microwave_oven Tick-tock
2f785877.wav,Bass_drum Knock Cupboard_open_or_close
2f84c8e9.wav,Keys_jangling Scissors Writing
2f8dd247.wav,Printer Zipper_(clothing) Bathtub_(filling_or_washing)
2f94fca3.wav,Burping_and_eructation Printer Gurgling
2fa1cc09.wav,Scissors Frying_(food) Shatter
2fc6ede8.wav,Tap Zipper_(clothing) Scissors
2fe3ae63.wav,Finger_snapping Tap Shatter
2ffd2145.wav,Child_speech_and_kid_speaking Meow Microwave_oven
3011c55b.wav,Female_singing Screaming Bark
3012731a.wav,Skateboard Bus Motorcycle
302f4eb8.wav,Printer Tap Marimba_and_xylophone
303d4668.wav,Keys_jangling Writing Scissors
304d8a8e.wav,Glockenspiel Fill_(with_liquid) Tick-tock
304f25f4.wav,Run Skateboard Frying_(food)
3052fe86.wav,Printer Church_bell Traffic_noise_and_roadway_noise
3061e8d1.wav,Meow Screaming Bicycle_bell
309169fa.wav,Child_speech_and_kid_speaking Gasp Meow
30960f70.wav,Bus Traffic_noise_and_roadway_noise Car_passing_by
309eea85.wav,Toilet_flush Clapping Hiss
30ac78a6.wav,Scissors Finger_snapping Tap
30d1840b.wav,Scissors Keys_jangling Hiss
30dc07a7.wav,Bass_drum Knock Cupboard_open_or_close
30e1162a.wav,Child_speech_and_kid_speaking Yell Screaming
30e40cc3.wav,Buzz Printer Shatter
30f7577e.wav,Bathtub_(filling_or_washing) Stream Fill_(with_liquid)
30f8ba51.wav,Bass_guitar Bass_drum Gong
3102ff8d.wav,Run Scissors Zipper_(clothing)
311fcc0d.wav,Chirp_and_tweet Meow Frying_(food)
3129e5b4.wav,Bass_drum Cupboard_open_or_close Clapping
312c730c.wav,Hiss Cutlery_and_silverware Scissors
312e1179.wav,Frying_(food) Bathtub_(filling_or_washing) Waves_and_surf
312e698e.wav,Bicycle_bell Fill_(with_liquid) Squeak
31312cda.wav,Tap Marimba_and_xylophone Gong
3134c1f5.wav,Scissors Computer_keyboard Chewing_and_mastication
31452d93.wav,Waves_and_surf Bus Mechanical_fan
314a8107.wav,Gasp Cutlery_and_silverware Sigh
3174521f.wav,Tap Microwave_oven Tick-tock
3177529f.wav,Scissors Run Crackle
317e5fda.wav,Bathtub_(filling_or_washing) Whispering Hiss
3190ca46.wav,Frying_(food) Hiss Bathtub_(filling_or_washing)
31ab1bc4.wav,Burping_and_eructation Marimba_and_xylophone Sneeze
31b883cb.wav,Printer Chirp_and_tweet Bus
31bf8f6c.wav,Stream Waves_and_surf Bathtub_(filling_or_washing)
31c60809.wav,Finger_snapping Tap Scissors
31c7a683.wav,Bicycle_bell Cricket Printer
31cfaf7c.wav,Sneeze Gasp Microwave_oven
31ea3391.wav,Bus Motorcycle Mechanical_fan
31f4d839.wav,Writing Computer_keyboard Drawer_open_or_close
31fe4058.wav,Bass_drum Knock Slam
31ff4a9f.wav,Hiss Scissors Keys_jangling
320adc8a.wav,Frying_(food) Hiss Bathtub_(filling_or_washing)
320b9457.wav,Toilet_flush Skateboard Hiss
320cb73f.wav,Stream Car_passing_by Skateboard
321c61dd.wav,Frying_(food) Meow Clapping
321d7624.wav,Bass_guitar Gong Tap
322c634e.wav,Male_singing Gasp Buzz
3246e22c.wav,Printer Mechanical_fan Zipper_(clothing)
32663622.wav,Drawer_open_or_close Knock Computer_keyboard
3273193a.wav,Frying_(food) Squeak Harmonica
327ff97c.wav,Hiss Stream Shatter
3288c908.wav,Bus Microwave_oven Printer
329d5f81.wav,Tap Shatter Burping_and_eructation
32aaacf1.wav,Bathtub_(filling_or_washing) Frying_(food) Whispering
32ad561a.wav,Male_singing Bus Harmonica
32b66826.wav,Gasp Finger_snapping Hi-hat
32bf8f9d.wav,Tap Gasp Finger_snapping
32cce167.wav,Shatter Keys_jangling Scissors
32d21079.wav,Bicycle_bell Printer Bus
32e0e55a.wav,Gong Bass_guitar Tap
32f26b94.wav,Shatter Skateboard Run
330b1461.wav,Printer Motorcycle Microwave_oven
3313662e.wav,Zipper_(clothing) Knock Printer
33139052.wav,Whispering Shatter Sigh
33170581.wav,Bicycle_bell Harmonica Meow
332246f6.wav,Sigh Shatter Chirp_and_tweet
33355c50.wav,Glockenspiel Accordion Marimba_and_xylophone
3347121c.wav,Tick-tock Bathtub_(filling_or_washing) Toilet_flush
3353d705.wav,Bus Mechanical_fan Cricket
335d2ea3.wav,Church_bell Hi-hat Accordion
336a88c3.wav,Bicycle_bell Cricket Printer
338669d9.wav,Whispering Scissors Tick-tock
33a61f8d.wav,Bass_drum Cupboard_open_or_close Clapping
33bc9deb.wav,Keys_jangling Scissors Shatter
33c82ad4.wav,Meow Marimba_and_xylophone Child_speech_and_kid_speaking
33ef8393.wav,Bicycle_bell Cricket Chirp_and_tweet
33fbfca7.wav,Hiss Cricket Shatter
34035cf8.wav,Printer Microwave_oven Tap
340d5db4.wav,Accelerating_and_revving_and_vroom Bus Motorcycle
340da762.wav,Purr Chewing_and_mastication Crackle
34120253.wav,Hi-hat Frying_(food) Printer
341efc4b.wav,Bus Traffic_noise_and_roadway_noise Purr
342cc3ae.wav,Hiss Male_singing Harmonica
34486c7f.wav,Buzz Bass_guitar Church_bell
34510c7a.wav,Tick-tock Scissors Burping_and_eructation
34512413.wav,Stream Printer Waves_and_surf
346fc59c.wav,Whispering Chewing_and_mastication Gurgling
3474d7cd.wav,Scissors Keys_jangling Computer_keyboard
348aaf17.wav,Scissors Shatter Whispering
349e5ea7.wav,Burping_and_eructation Knock Microwave_oven
34aac2b5.wav,Toilet_flush Female_singing Stream
34c53320.wav,Burping_and_eructation Gasp Printer
34cca3b3.wav,Traffic_noise_and_roadway_noise Printer Motorcycle
34d0b2ca.wav,Sneeze Bark Gasp
34d4cfda.wav,Race_car_and_auto_racing Meow Traffic_noise_and_roadway_noise
34dc323b.wav,Hi-hat Meow Gasp
34e6a0de.wav,Cricket Chirp_and_tweet Bicycle_bell
34f2c99d.wav,Skateboard Crackle Zipper_(clothing)
34fbb318.wav,Keys_jangling Scissors Computer_keyboard
3500ed9d.wav,Tap Clapping Finger_snapping
350942d1.wav,Toilet_flush Hiss Frying_(food)
351a8abe.wav,Bus Mechanical_fan Church_bell
352ce267.wav,Bass_drum Cupboard_open_or_close Clapping
3544797d.wav,Zipper_(clothing) Run Chewing_and_mastication
354d467a.wav,Zipper_(clothing) Tap Scissors
355ddeda.wav,Stream Bathtub_(filling_or_washing) Waves_and_surf
356adc0d.wav,Tap Scissors Sigh
356b99de.wav,Harmonica Bus Bicycle_bell
35930583.wav,Female_singing Harmonica Male_singing
359a6e84.wav,Printer Bus Skateboard
35a7edad.wav,Bass_drum Cupboard_open_or_close Clapping
35a8a688.wav,Raindrop Bathtub_(filling_or_washing) Writing
35d5aca3.wav,Cupboard_open_or_close Fart Zipper_(clothing)
35dbfd81.wav,Harmonica Male_singing Church_bell
36027dca.wav,Bass_drum Cupboard_open_or_close Slam
361237d6.wav,Race_car_and_auto_racing Motorcycle Church_bell
361c9c0e.wav,Bicycle_bell Marimba_and_xylophone Microwave_oven
3623b13a.wav,Female_singing Male_singing Bark
3626ac5a.wav,Hiss Cricket Mechanical_fan
362f92f4.wav,Sneeze Child_speech_and_kid_speaking Sigh
366d25a7.wav,Harmonica Church_bell Chirp_and_tweet
366d6820.wav,Stream Bathtub_(filling_or_washing) Skateboard
367ef5a8.wav,Motorcycle Mechanical_fan Accelerating_and_revving_and_vroom
36896b31.wav,Stream Printer Bathtub_(filling_or_washing)
368e3f09.wav,Finger_snapping Shatter Zipper_(clothing)
36b92bec.wav,Frying_(food) Shatter Cutlery_and_silverware
36beb3fd.wav,Male_singing Fart Cricket
36c459de.wav,Hi-hat Accordion Gong
36dfae4f.wav,Tick-tock Shatter Sneeze
36fe695f.wav,Printer Drawer_open_or_close Zipper_(clothing)
37053a90.wav,Hiss Squeak Bicycle_bell
370eaa84.wav,Printer Church_bell Toilet_flush
37155f3a.wav,Car_passing_by Skateboard Race_car_and_auto_racing
37790f99.wav,Frying_(food) Bathtub_(filling_or_washing) Toilet_flush
378216b2.wav,Waves_and_surf Run Mechanical_fan
37856035.wav,Stream Skateboard Traffic_noise_and_roadway_noise
3792237d.wav,Bathtub_(filling_or_washing) Frying_(food) Shatter
37941050.wav,Microwave_oven Bus Motorcycle
379ae4e1.wav,Stream Bathtub_(filling_or_washing) Hiss
379b7e21.wav,Skateboard Stream Bathtub_(filling_or_washing)
379c063d.wav,Gasp Fart Shatter
37a1946c.wav,Gong Knock Tap
37a7927f.wav,Drawer_open_or_close Knock Tap
37c95c1c.wav,Sneeze Yell Gasp
37ccc1ea.wav,Frying_(food) Bathtub_(filling_or_washing) Shatter
37d609aa.wav,Bathtub_(filling_or_washing) Skateboard Stream
37dc178a.wav,Stream Fart Printer
37f5f0d8.wav,Waves_and_surf Run Traffic_noise_and_roadway_noise
382587b8.wav,Knock Tap Crackle
382cd8c5.wav,Zipper_(clothing) Drawer_open_or_close Run
38368c9b.wav,Cutlery_and_silverware Burping_and_eructation Tick-tock
384b0ff2.wav,Marimba_and_xylophone Chink_and_clink Harmonica
38544190.wav,Walk_and_footsteps Computer_keyboard Crackle
38558ab1.wav,Male_speech_and_man_speaking Sneeze Marimba_and_xylophone
3858d281.wav,Tap Bass_drum Knock
385e8b0f.wav,Tap Tick-tock Scissors
38636d71.wav,Shatter Cutlery_and_silverware Chirp_and_tweet
38669440.wav,Cricket Hiss Chirp_and_tweet
387014ab.wav,Toilet_flush Tick-tock Hiss
3876c193.wav,Meow Screaming Sigh
388f70a5.wav,Run Waves_and_surf Car_passing_by
38b9ff18.wav,Cupboard_open_or_close Child_speech_and_kid_speaking Yell
38d29a00.wav,Zipper_(clothing) Run Scissors
38d378d8.wav,Motorcycle Bus Mechanical_fan
38d50e59.wav,Scissors Shatter Keys_jangling
38d5d026.wav,Gasp Zipper_(clothing) Cutlery_and_silverware
38e43355.wav,Meow Child_speech_and_kid_speaking Gong
38ea5df2.wav,Drawer_open_or_close Shatter Keys_jangling
38f6aa5e.wav,Traffic_noise_and_roadway_noise Stream Frying_(food)
38fea590.wav,Bus Motorcycle Church_bell
390789a8.wav,Fart Writing Chirp_and_tweet
390995ef.wav,Shatter Screaming Hiss
39189c31.wav,Toilet_flush Printer Bathtub_(filling_or_washing)
391fbd47.wav,Sneeze Cutlery_and_silverware Tap
392e88d7.wav,Cricket Hiss Bicycle_bell
3939b821.wav,Tick-tock Shatter Cutlery_and_silverware
39467410.wav,Cupboard_open_or_close Church_bell Bus
394b8ce2.wav,Computer_keyboard Scissors Run
395de76a.wav,Hiss Stream Chirp_and_tweet
395df625.wav,Burping_and_eructation Printer Chink_and_clink
396d793f.wav,Writing Scissors Keys_jangling
39723c0e.wav,Hi-hat Accordion Church_bell
39768e2a.wav,Cutlery_and_silverware Burping_and_eructation Shatter
3987fc79.wav,Purr Bus Crackle
398b6fa6.wav,Walk_and_footsteps Run Drawer_open_or_close
399732ec.wav,Harmonica Screaming Squeak
39a8ac5c.wav,Writing Zipper_(clothing) Scissors
39b6cc75.wav,Tap Meow Finger_snapping
39bbcabd.wav,Skateboard Stream Waves_and_surf
39c1f2fd.wav,Fart Bus Skateboard
39d1b554.wav,Sigh Gasp Shatter
39e1b8cc.wav,Fill_(with_liquid) Gurgling Fart
39e2f767.wav,Meow Sigh Sneeze
39e35f03.wav,Toilet_flush Stream Skateboard
39eb6dd5.wav,Skateboard Clapping Tap
39f19344.wav,Hi-hat Sigh Race_car_and_auto_racing
3a2353bb.wav,Meow Tick-tock Zipper_(clothing)
3a28e28a.wav,Accelerating_and_revving_and_vroom Waves_and_surf Run
3a2a4822.wav,Shatter Tap Finger_snapping
3a3e4b29.wav,Male_singing Electric_guitar Bus
3a49d5ed.wav,Gurgling Computer_keyboard Fill_(with_liquid)
3a4cf709.wav,Screaming Meow Yell
3a5e6dde.wav,Hiss Toilet_flush Frying_(food)
3a66e3df.wav,Bathtub_(filling_or_washing) Scissors Trickle_and_dribble
3a87c628.wav,Bathtub_(filling_or_washing) Frying_(food) Car_passing_by
3a885c38.wav,Walk_and_footsteps Crackle Waves_and_surf
3a8b9afe.wav,Electric_guitar Accordion Cricket
3aa5b432.wav,Skateboard Stream Waves_and_surf
3ac609e1.wav,Run Bus Mechanical_fan
3acbee34.wav,Squeak Chirp_and_tweet Screaming
3adfb8f0.wav,Toilet_flush Crackle Purr
3ae08e83.wav,Run Scissors Bathtub_(filling_or_washing)
3ae0ea8b.wav,Run Microwave_oven Zipper_(clothing)
3b0a3361.wav,Church_bell Printer Skateboard
3b0b13f4.wav,Sneeze Sigh Fart
3b13f6a1.wav,Chirp_and_tweet Stream Bass_drum
3b23ed90.wav,Bicycle_bell Chirp_and_tweet Whispering
3b252939.wav,Burping_and_eructation Car_passing_by Drawer_open_or_close
3b277890.wav,Frying_(food) Child_speech_and_kid_speaking Car_passing_by
3b382171.wav,Printer Burping_and_eructation Yell
3b3c2c67.wav,Writing Scissors Keys_jangling
3b75b456.wav,Bus Traffic_noise_and_roadway_noise Male_singing
3b7c7f94.wav,Run Tap Drawer_open_or_close
3bb6024f.wav,Race_car_and_auto_racing Bus Motorcycle
3bb7c24d.wav,Computer_keyboard Tap Writing
3bb9a722.wav,Keys_jangling Whispering Shatter
3bda5fb0.wav,Car_passing_by Traffic_noise_and_roadway_noise Run
3bfcab18.wav,Bass_guitar Electric_guitar Male_singing
3c0370c8.wav,Writing Drawer_open_or_close Zipper_(clothing)
3c1b9399.wav,Fart Printer Stream
3c20c95f.wav,Crackle Zipper_(clothing) Run
3c216393.wav,Keys_jangling Writing Tick-tock
3c244ade.wav,Toilet_flush Whispering Bathtub_(filling_or_washing)
3c348e5c.wav,Shatter Stream Crackle
3c35237b.wav,Run Car_passing_by Tap
3c40f472.wav,Male_singing Harmonica Buzz
3c525c1f.wav,Frying_(food) Hiss Scissors
3c590143.wav,Fart Shatter Chirp_and_tweet
3c90b11b.wav,Shatter Keys_jangling Chirp_and_tweet
3c95067e.wav,Bathtub_(filling_or_washing) Car_passing_by Frying_(food)
3ca6b1a3.wav,Fill_(with_liquid) Trickle_and_dribble Gurgling
3caf1f70.wav,Tap Knock Finger_snapping
3cc51361.wav,Electric_guitar Fart Chirp_and_tweet
3cd30520.wav,Printer Skateboard Bicycle_bell
3ce0dcd0.wav,Printer Chirp_and_tweet Buzz
3ce9fd74.wav,Church_bell Printer Hiss
3cfeb0cd.wav,Frying_(food) Hiss Bathtub_(filling_or_washing)
3d07c63a.wav,Finger_snapping Shatter Tap
3d0beb6f.wav,Shatter Whispering Keys_jangling
3d0dca90.wav,Church_bell Buzz Printer
3d1d3f2b.wav,Fart Traffic_noise_and_roadway_noise Chirp_and_tweet
3d27f415.wav,Glockenspiel Marimba_and_xylophone Chink_and_clink
3d287b47.wav,Scissors Tick-tock Zipper_(clothing)
3d4e1dea.wav,Male_singing Female_speech_and_woman_speaking Electric_guitar
3d58d893.wav,Skateboard Stream Waves_and_surf
3d5f899d.wav,Church_bell Chink_and_clink Marimba_and_xylophone
3d633399.wav,Motorcycle Bus Microwave_oven
3d7309d7.wav,Stream Scissors Bathtub_(filling_or_washing)
3d921767.wav,Bass_guitar Gong Purr
3d9a715d.wav,Stream Frying_(food) Bathtub_(filling_or_washing)
3db04d3f.wav,Gasp Male_singing Gong
3db44f6c.wav,Harmonica Female_singing Male_singing
3ddb4122.wav,Hiss Crackle Tick-tock
3dedbba9.wav,Shatter Fart Skateboard
3df2fc0e.wav,Car_passing_by Bus Traffic_noise_and_roadway_noise
3df5c540.wav,Clapping Finger_snapping Bathtub_(filling_or_washing)
3e230352.wav,Toilet_flush Hiss Shatter
3e3a6910.wav,Motorcycle Printer Skateboard
3e4755ba.wav,Purr Bass_guitar Writing
3e52f857.wav,Chirp_and_tweet Cricket Shatter
3e5ce660.wav,Hiss Stream Cricket
3e656c6e.wav,Bicycle_bell Chink_and_clink Marimba_and_xylophone
3e65a00d.wav,Waves_and_surf Stream Traffic_noise_and_roadway_noise
3e691b83.wav,Tap Clapping Finger_snapping
3e7889ed.wav,Burping_and_eructation Bicycle_bell Marimba_and_xylophone
3e83500f.wav,Waves_and_surf Frying_(food) Bathtub_(filling_or_washing)
3e9967cf.wav,Run Meow Sigh
3ebaff6d.wav,Waves_and_surf Motorcycle Printer
3ecc19c5.wav,Shatter Hiss Printer
3ed6c2b5.wav,Cupboard_open_or_close Shatter Tick-tock
3efc0912.wav,Hi-hat Church_bell Printer
3f0f92ff.wav,Hiss Finger_snapping Tap
3f15fd07.wav,Bathtub_(filling_or_washing) Scissors Zipper_(clothing)
3f16d9f3.wav,Race_car_and_auto_racing Church_bell Accordion
3f19e53c.wav,Cricket Chirp_and_tweet Mechanical_fan
3f1ca1bb.wav,Toilet_flush Stream Bathtub_(filling_or_washing)
3f29038e.wav,Electric_guitar Fart Female_speech_and_woman_speaking
3f2dbd00.wav,Shatter Gasp Cutlery_and_silverware
3f4f4808.wav,Run Waves_and_surf Motorcycle
3f53a02f.wav,Fart Skateboard Printer
3f7043d9.wav,Tap Scissors Printer
3f80cc56.wav,Writing Hi-hat Tick-tock
3f96494a.wav,Car_passing_by Zipper_(clothing) Run
3faf10be.wav,Traffic_noise_and_roadway_noise Mechanical_fan Motorcycle
3fd4d55a.wav,Finger_snapping Clapping Shatter
400ff09d.wav,Fill_(with_liquid) Bathtub_(filling_or_washing) Gurgling
402e2d1b.wav,Tap Drawer_open_or_close Microwave_oven
4030a4f2.wav,Bass_drum Knock Slam
4034f327.wav,Fill_(with_liquid) Stream Printer
4037cd65.wav,Shatter Sneeze Fart
4040f015.wav,Tap Tick-tock Scissors
40449ca7.wav,Chirp_and_tweet Shatter Frying_(food)
404b54c0.wav,Fart Writing Run
404fb677.wav,Bus Traffic_noise_and_roadway_noise Car_passing_by
4053b801.wav,Gasp Sneeze Cutlery_and_silverware
405c66af.wav,Shatter Fart Clapping
406306b6.wav,Marimba_and_xylophone Accordion Chink_and_clink
406a1cc1.wav,Zipper_(clothing) Car_passing_by Bathtub_(filling_or_washing)
406ade5e.wav,Bathtub_(filling_or_washing) Scissors Fill_(with_liquid)
4093913f.wav,Toilet_flush Hi-hat Church_bell
40957335.wav,Chirp_and_tweet Keys_jangling Sigh
4098028d.wav,Writing Computer_keyboard Run
40afd1b3.wav,Whispering Zipper_(clothing) Writing
40c1ed87.wav,Shatter Finger_snapping Tap
40c50046.wav,Scissors Computer_keyboard Run
40d0726d.wav,Bus Run Car_passing_by
40dd1274.wav,Female_singing Cupboard_open_or_close Bus
40e25750.wav,Burping_and_eructation Cutlery_and_silverware Chirp_and_tweet
410837eb.wav,Tap Microwave_oven Knock
410c2138.wav,Printer Frying_(food) Microwave_oven
411993fd.wav,Hi-hat Clapping Finger_snapping
413b5427.wav,Accordion Race_car_and_auto_racing Meow
41522a65.wav,Chirp_and_tweet Cricket Raindrop
415f4c8f.wav,Bicycle_bell Whispering Hiss
41759973.wav,Traffic_noise_and_roadway_noise Stream Waves_and_surf
419271cc.wav,Stream Fill_(with_liquid) Printer
4195cb1a.wav,Screaming Sneeze Harmonica
41af688a.wav,Zipper_(clothing) Sigh Fart
41c60bba.wav,Tap Drawer_open_or_close Crackle
41cfee6d.wav,Accordion Gong Hi-hat
41f16193.wav,Shatter Printer Skateboard
41f1ea4a.wav,Mechanical_fan Waves_and_surf Bus
41f86bc4.wav,Stream Clapping Toilet_flush
4215309a.wav,Writing Computer_keyboard Zipper_(clothing)
4248d196.wav,Stream Waves_and_surf Traffic_noise_and_roadway_noise
42542036.wav,Church_bell Race_car_and_auto_racing Printer
