fname,label
000ccb97.wav,Cricket Finger_snapping Whispering
0012633b.wav,Motorcycle Accelerating_and_revving_and_vroom Microwave_oven
001ed5f1.wav,Knock Walk_and_footsteps Run
00294be0.wav,Purr Zipper_(clothing) Burping_and_eructation
003fde7a.wav,Glockenspiel Bicycle_bell Chink_and_clink
0040ccc9.wav,Bass_drum Knock Cupboard_open_or_close
0046b732.wav,Printer Yell Traffic_noise_and_roadway_noise
004f3bbc.wav,Bass_drum Bass_guitar Mechanical_fan
00526050.wav,Bass_drum Finger_snapping Crackle
00559da4.wav,Run Stream Waves_and_surf
00582bbe.wav,Drawer_open_or_close Knock Car_passing_by
0064aedf.wav,Hiss Sigh Microwave_oven
0065512b.wav,Drawer_open_or_close Run Finger_snapping
006a91d2.wav,Waves_and_surf Traffic_noise_and_roadway_noise Run
006ea9ee.wav,Gong Hi-hat Sigh
006f9dca.wav,Hiss Frying_(food) Run
007450dc.wav,Glockenspiel Screaming Fill_(with_liquid)
00979c8a.wav,Scissors Run Drawer_open_or_close
00992464.wav,Fill_(with_liquid) Trickle_and_dribble Marimba_and_xylophone
00b44a8a.wav,Cutlery_and_silverware Cricket Fart
00bfaaaf.wav,Gasp Sneeze Burping_and_eructation
00cf9680.wav,Shatter Scissors Hi-hat
00eae94d.wav,Writing Finger_snapping Zipper_(clothing)
011ec5b8.wav,Male_speech_and_man_speaking Chirp_and_tweet Female_speech_and_woman_speaking
013200dc.wav,Scissors Writing Cutlery_and_silverware
01440c2e.wav,Accordion Traffic_noise_and_roadway_noise Harmonica
01567a3d.wav,Cupboard_open_or_close Skateboard Microwave_oven
0163d203.wav,Purr Zipper_(clothing) Crackle
017c24b2.wav,Toilet_flush Harmonica Church_bell
01a992c5.wav,Cricket Chirp_and_tweet Male_speech_and_man_speaking
01b1d976.wav,Finger_snapping Chirp_and_tweet Scissors
01c1c371.wav,Sneeze Chink_and_clink Bark
01cf8354.wav,Burping_and_eructation Male_singing Chink_and_clink
01d2c640.wav,Purr Microwave_oven Drawer_open_or_close
01d69423.wav,Drawer_open_or_close Knock Tap
01e9170b.wav,Cutlery_and_silverware Printer Shatter
01f2901a.wav,Scissors Shatter Cutlery_and_silverware
020b1fdf.wav,Traffic_noise_and_roadway_noise Microwave_oven Accelerating_and_revving_and_vroom
021457df.wav,Male_speech_and_man_speaking Purr Cricket
02173589.wav,Harmonica Marimba_and_xylophone Female_singing
021ac082.wav,Stream Traffic_noise_and_roadway_noise Clapping
02200884.wav,Writing Keys_jangling Run
02213278.wav,Hi-hat Scissors Shatter
022e3b2c.wav,Purr Whispering Zipper_(clothing)
023081f2.wav,Hi-hat Cutlery_and_silverware Glockenspiel
02596541.wav,Marimba_and_xylophone Glockenspiel Tap
0289b79b.wav,Mechanical_fan Motorcycle Car_passing_by
028cf9db.wav,Child_speech_and_kid_speaking Sigh Printer
028d26f7.wav,Shatter Cutlery_and_silverware Finger_snapping
02ab2a72.wav,Drawer_open_or_close Printer Skateboard
02c02ec1.wav,Church_bell Female_singing Hi-hat
02ce28a1.wav,Mechanical_fan Waves_and_surf Bus
02d01f40.wav,Scissors Shatter Cutlery_and_silverware
02da7457.wav,Toilet_flush Cutlery_and_silverware Printer
02e17633.wav,Walk_and_footsteps Zipper_(clothing) Slam
02e8059d.wav,Burping_and_eructation Male_speech_and_man_speaking Purr
02f71319.wav,Hi-hat Cutlery_and_silverware Hiss
03090fb0.wav,Screaming Glockenspiel Printer
03162c23.wav,Female_singing Marimba_and_xylophone Buzz
032f518c.wav,Electric_guitar Church_bell Motorcycle
03300fcb.wav,Bass_guitar Screaming Gong
035dd895.wav,Waves_and_surf Run Shatter
03754ab4.wav,Chirp_and_tweet Printer Bicycle_bell
037b47c4.wav,Sneeze Whispering Clapping
03887635.wav,Slam Bass_drum Walk_and_footsteps
03931594.wav,Fart Shatter Gasp
039d2821.wav,Male_singing Male_speech_and_man_speaking Electric_guitar
03a47c4a.wav,Shatter Scissors Bicycle_bell
03b80975.wav,Traffic_noise_and_roadway_noise Waves_and_surf Motorcycle
03c5e8d0.wav,Cupboard_open_or_close Shatter Crackle
03fe2971.wav,Marimba_and_xylophone Gasp Clapping
04008bb5.wav,Keys_jangling Cutlery_and_silverware Bicycle_bell
040c5c0c.wav,Run Zipper_(clothing) Waves_and_surf
041cff59.wav,Shatter Drawer_open_or_close Printer
042b07a4.wav,Microwave_oven Church_bell Race_car_and_auto_racing
042b542f.wav,Electric_guitar Male_singing Motorcycle
04308d8d.wav,Burping_and_eructation Cutlery_and_silverware Male_speech_and_man_speaking
04355ea8.wav,Male_singing Electric_guitar Buzz
0442a617.wav,Sigh Whispering Screaming
0443f812.wav,Shatter Sigh Keys_jangling
04441d5b.wav,Tap Knock Tick-tock
0453bb71.wav,Harmonica Accordion Church_bell
04702c1c.wav,Sigh Chink_and_clink Tick-tock
047ba0e1.wav,Keys_jangling Scissors Shatter
04877d29.wav,Car_passing_by Accordion Bus
048c3418.wav,Waves_and_surf Male_singing Bathtub_(filling_or_washing)
04a5c9eb.wav,Microwave_oven Traffic_noise_and_roadway_noise Buzz
04ad8e52.wav,Printer Shatter Cutlery_and_silverware
04af82d9.wav,Burping_and_eructation Microwave_oven Printer
04b1558a.wav,Fill_(with_liquid) Cutlery_and_silverware Burping_and_eructation
04de7b9a.wav,Shatter Scissors Run
04e8bf2a.wav,Drawer_open_or_close Zipper_(clothing) Printer
04f004fe.wav,Motorcycle Zipper_(clothing) Waves_and_surf
04f48f10.wav,Gong Car_passing_by Slam
0506eee8.wav,Gong Motorcycle Bass_guitar
050eb97f.wav,Microwave_oven Accelerating_and_revving_and_vroom Drawer_open_or_close
051bda9a.wav,Crackle Writing Scissors
057a3c2e.wav,Bass_drum Slam Tap
057c13c8.wav,Accordion Harmonica Church_bell
058a4a79.wav,Bathtub_(filling_or_washing) Cutlery_and_silverware Chirp_and_tweet
058ec864.wav,Bicycle_bell Harmonica Tick-tock
05af19b1.wav,Motorcycle Accelerating_and_revving_and_vroom Traffic_noise_and_roadway_noise
05c881c4.wav,Writing Scissors Tick-tock
05d775e9.wav,Hiss Bathtub_(filling_or_washing) Sigh
05dae80d.wav,Electric_guitar Male_singing Buzz
05e34a55.wav,Hiss Frying_(food) Chirp_and_tweet
05edaa47.wav,Writing Chewing_and_mastication Tick-tock
060b802f.wav,Screaming Sigh Toilet_flush
060d2d47.wav,Scissors Writing Crackle
062e94dd.wav,Finger_snapping Gasp Marimba_and_xylophone
06345241.wav,Screaming Glockenspiel Bicycle_bell
0648b115.wav,Gasp Whispering Burping_and_eructation
06526954.wav,Run Zipper_(clothing) Walk_and_footsteps
065b49ec.wav,Electric_guitar Gong Microwave_oven
06604d51.wav,Run Zipper_(clothing) Tap
068b717f.wav,Toilet_flush Printer Gasp
069b2f91.wav,Harmonica Hiss Burping_and_eructation
069f3ce5.wav,Sneeze Female_speech_and_woman_speaking Child_speech_and_kid_speaking
06a23eb9.wav,Motorcycle Buzz Traffic_noise_and_roadway_noise
06c34152.wav,Gong Marimba_and_xylophone Sigh
06feb5cf.wav,Buzz Microwave_oven Cupboard_open_or_close
0718ce8d.wav,Run Walk_and_footsteps Scissors
07295dd0.wav,Bass_drum Purr Slam
072ee4b2.wav,Tick-tock Scissors Shatter
074cbe2b.wav,Cupboard_open_or_close Meow Gasp
07502956.wav,Finger_snapping Crackle Chirp_and_tweet
07603ad3.wav,Motorcycle Waves_and_surf Purr
07670752.wav,Fill_(with_liquid) Hiss Crackle
077f270d.wav,Tap Sigh Marimba_and_xylophone
0782d022.wav,Screaming Marimba_and_xylophone Glockenspiel
078464b8.wav,Waves_and_surf Fart Hiss
07a82fbe.wav,Knock Drawer_open_or_close Zipper_(clothing)
07bca33c.wav,Chink_and_clink Shatter Sigh
07da8ebf.wav,Cupboard_open_or_close Harmonica Screaming
07dff283.wav,Run Microwave_oven Drawer_open_or_close
07f965a0.wav,Waves_and_surf Stream Frying_(food)
07fa6e7e.wav,Burping_and_eructation Shatter Gasp
08087580.wav,Trickle_and_dribble Stream Hiss
0814db2b.wav,Harmonica Chink_and_clink Accordion
0815543c.wav,Whispering Gasp Sneeze
081d6520.wav,Shatter Cutlery_and_silverware Keys_jangling
081f2b5a.wav,Walk_and_footsteps Microwave_oven Run
0824bbdb.wav,Shatter Cutlery_and_silverware Keys_jangling
08272d1c.wav,Cricket Keys_jangling Bus
08278440.wav,Gasp Burping_and_eructation Sneeze
0837e041.wav,Writing Shatter Walk_and_footsteps
08390e01.wav,Hiss Cricket Waves_and_surf
083cc652.wav,Child_speech_and_kid_speaking Meow Yell
08458ab2.wav,Computer_keyboard Purr Walk_and_footsteps
0849057f.wav,Walk_and_footsteps Bass_guitar Scissors
084e5784.wav,Gasp Bathtub_(filling_or_washing) Bass_guitar
085f174a.wav,Harmonica Marimba_and_xylophone Gong
0865816c.wav,Finger_snapping Tap Bass_drum
086ce4a5.wav,Microwave_oven Printer Electric_guitar
086ebb95.wav,Mechanical_fan Motorcycle Car_passing_by
08810dd4.wav,Crackle Scissors Purr
08b06642.wav,Harmonica Screaming Male_singing
08b2d04c.wav,Marimba_and_xylophone Gong Electric_guitar
08bc3e2d.wav,Drawer_open_or_close Knock Microwave_oven
08d46566.wav,Scissors Writing Keys_jangling
08d4acca.wav,Accordion Gong Bass_guitar
08d5d316.wav,Stream Waves_and_surf Toilet_flush
08dfe75d.wav,Bass_drum Slam Tap
08eb3a69.wav,Purr Mechanical_fan Bus
08f36895.wav,Microwave_oven Run Drawer_open_or_close
08facc12.wav,Chirp_and_tweet Finger_snapping Whispering
090cc523.wav,Trickle_and_dribble Fill_(with_liquid) Raindrop
091fa206.wav,Gurgling Sneeze Male_speech_and_man_speaking
092d8e54.wav,Run Waves_and_surf Walk_and_footsteps
094761b8.wav,Buzz Tick-tock Bathtub_(filling_or_washing)
0963270d.wav,Zipper_(clothing) Gurgling Printer
0992b95a.wav,Purr Burping_and_eructation Cricket
0997968e.wav,Stream Waves_and_surf Run
09a67356.wav,Motorcycle Drawer_open_or_close Printer
09d085e3.wav,Fart Car_passing_by Purr
0a31c905.wav,Printer Toilet_flush Shatter
0a3c2351.wav,Tap Hi-hat Chirp_and_tweet
0a4d3800.wav,Purr Tap Gurgling
0a4ff0fb.wav,Fart Cutlery_and_silverware Sneeze
0a56e261.wav,Meow Gong Microwave_oven
0a64010f.wav,Marimba_and_xylophone Gong Meow
0a683136.wav,Bass_guitar Buzz Purr
0a6e6889.wav,Motorcycle Gong Mechanical_fan
0a8e1630.wav,Knock Slam Run
0a950c32.wav,Motorcycle Marimba_and_xylophone Printer
0aee7a2a.wav,Waves_and_surf Run Printer
0af7446d.wav,Writing Tick-tock Keys_jangling
0b1503e8.wav,Sigh Marimba_and_xylophone Screaming
0b33d746.wav,Glockenspiel Printer Church_bell
0b4819f1.wav,Bus Cricket Microwave_oven
0b5c6535.wav,Tick-tock Microwave_oven Buzz
0b73077e.wav,Screaming Bark Chink_and_clink
0b9e93e6.wav,Writing Printer Zipper_(clothing)
0ba7fe6b.wav,Knock Tap Bass_drum
0bacb61b.wav,Scissors Shatter Finger_snapping
0bb86b6c.wav,Burping_and_eructation Whispering Gasp
0bbe8308.wav,Fart Male_speech_and_man_speaking Walk_and_footsteps
0bc36580.wav,Male_singing Male_speech_and_man_speaking Gasp
0bc7822a.wav,Shatter Scissors Writing
0bdcdfba.wav,Car_passing_by Drawer_open_or_close Slam
0bec3f54.wav,Bicycle_bell Shatter Scissors
0c151ad3.wav,Waves_and_surf Motorcycle Mechanical_fan
0c16f612.wav,Harmonica Accordion Female_singing
0c32d940.wav,Bark Male_singing Marimba_and_xylophone
0c390f3c.wav,Burping_and_eructation Bicycle_bell Bark
0c3b2573.wav,Motorcycle Microwave_oven Car_passing_by
0c5ba768.wav,Finger_snapping Clapping Bark
0c698ef7.wav,Scissors Bicycle_bell Shatter
0c8d9148.wav,Bass_drum Slam Tick-tock
0c8def18.wav,Mechanical_fan Waves_and_surf Motorcycle
0c949702.wav,Toilet_flush Frying_(food) Hiss
0cb33d03.wav,Whispering Bicycle_bell Microwave_oven
0cb4cde3.wav,Tap Finger_snapping Whispering
0cdddb37.wav,Finger_snapping Scissors Shatter
0ce84f9b.wav,Mechanical_fan Motorcycle Car_passing_by
0cfe3f96.wav,Trickle_and_dribble Whispering Tap
0d000cd7.wav,Gasp Tap Finger_snapping
0d1b11e0.wav,Male_speech_and_man_speaking Sneeze Fart
0d2230eb.wav,Chirp_and_tweet Cricket Hiss
0d2707f4.wav,Glockenspiel Marimba_and_xylophone Bicycle_bell
0d34341d.wav,Printer Traffic_noise_and_roadway_noise Accelerating_and_revving_and_vroom
0d3dc96c.wav,Shatter Keys_jangling Cutlery_and_silverware
0d507c20.wav,Printer Electric_guitar Accordion
0d540ee1.wav,Writing Chirp_and_tweet Whispering
0d5516ef.wav,Cricket Screaming Bicycle_bell
0d6564bb.wav,Female_singing Bark Yell
0d673a8c.wav,Gasp Scissors Male_speech_and_man_speaking
0d74277e.wav,Zipper_(clothing) Motorcycle Printer
0d8d7af9.wav,Run Drawer_open_or_close Walk_and_footsteps
0d8e2166.wav,Shatter Keys_jangling Printer
0d8f3f54.wav,Bass_drum Slam Clapping
0d9caeeb.wav,Walk_and_footsteps Microwave_oven Run
0da3d582.wav,Whispering Raindrop Purr
0dc06757.wav,Yell Meow Screaming
0dc813d8.wav,Shatter Keys_jangling Scissors
0dce3e5f.wav,Shatter Cutlery_and_silverware Bathtub_(filling_or_washing)
0dcf1534.wav,Waves_and_surf Traffic_noise_and_roadway_noise Printer
0dda644b.wav,Buzz Tick-tock Bathtub_(filling_or_washing)
0ddd0393.wav,Finger_snapping Shatter Clapping
0de2a4b2.wav,Electric_guitar Male_singing Female_speech_and_woman_speaking
0de4fc92.wav,Church_bell Electric_guitar Marimba_and_xylophone
0df1484c.wav,Writing Chewing_and_mastication Tick-tock
0e18c7d2.wav,Scissors Shatter Hi-hat
0e3e2590.wav,Printer Screaming Microwave_oven
0e4be6a4.wav,Bus Car_passing_by Waves_and_surf
0e6552c7.wav,Knock Walk_and_footsteps Run
0e70a285.wav,Chirp_and_tweet Scissors Crackle
0e7f5c7e.wav,Waves_and_surf Run Stream
0e9e941b.wav,Gurgling Printer Stream
0ea99bf4.wav,Whispering Sigh Gasp
0eaf6d60.wav,Waves_and_surf Mechanical_fan Motorcycle
0ec7e315.wav,Mechanical_fan Traffic_noise_and_roadway_noise Car_passing_by
0ed20fe2.wav,Waves_and_surf Run Zipper_(clothing)
0ee80cb7.wav,Female_speech_and_woman_speaking Male_singing Female_singing
0ef6fb07.wav,Keys_jangling Cutlery_and_silverware Cupboard_open_or_close
0f07f15f.wav,Shatter Finger_snapping Hi-hat
0f08a4c8.wav,Purr Knock Slam
0f096853.wav,Motorcycle Mechanical_fan Microwave_oven
0f1ab7b0.wav,Crackle Knock Walk_and_footsteps
0f3fe29d.wav,Stream Waves_and_surf Zipper_(clothing)
0f50ef2b.wav,Traffic_noise_and_roadway_noise Car_passing_by Motorcycle
0f61907d.wav,Bass_guitar Motorcycle Electric_guitar
0f663341.wav,Tap Knock Drawer_open_or_close
0f81d5bc.wav,Scissors Writing Keys_jangling
0faf5b2e.wav,Accelerating_and_revving_and_vroom Motorcycle Bass_guitar
0fc07a52.wav,Run Scissors Frying_(food)
0fc6a683.wav,Hiss Sigh Zipper_(clothing)
0fccb2e5.wav,Sigh Shatter Bicycle_bell
0fd91890.wav,Male_speech_and_man_speaking Bark Fart
0fdb30c1.wav,Walk_and_footsteps Cupboard_open_or_close Microwave_oven
0fed6565.wav,Hiss Toilet_flush Chewing_and_mastication
0ff0e483.wav,Bark Sneeze Female_singing
0fffc208.wav,Gong Printer Microwave_oven
100e123a.wav,Bus Sigh Male_singing
100faf3f.wav,Chirp_and_tweet Cricket Fill_(with_liquid)
101b2011.wav,Tap Marimba_and_xylophone Male_speech_and_man_speaking
10234fef.wav,Bass_drum Slam Finger_snapping
10236f0e.wav,Male_speech_and_man_speaking Cricket Screaming
102fb14f.wav,Bass_guitar Gong Electric_guitar
1052e52b.wav,Fart Burping_and_eructation Male_speech_and_man_speaking
105460cd.wav,Screaming Race_car_and_auto_racing Electric_guitar
10678d21.wav,Cutlery_and_silverware Keys_jangling Shatter
107f3deb.wav,Waves_and_surf Run Microwave_oven
10811159.wav,Sneeze Gasp Male_speech_and_man_speaking
10a1aa40.wav,Run Waves_and_surf Zipper_(clothing)
10a7b8f3.wav,Harmonica Female_singing Bark
10acf1b6.wav,Cricket Purr Chirp_and_tweet
10c170b1.wav,Shatter Keys_jangling Cutlery_and_silverware
10d026e9.wav,Knock Microwave_oven Slam
10d94568.wav,Zipper_(clothing) Drawer_open_or_close Skateboard
10e6a6ac.wav,Crackle Scissors Chirp_and_tweet
10e6db66.wav,Male_speech_and_man_speaking Fart Burping_and_eructation
10e92421.wav,Electric_guitar Toilet_flush Female_singing
10f58e51.wav,Electric_guitar Bass_guitar Accordion
11071bad.wav,Finger_snapping Shatter Gasp
111f9431.wav,Zipper_(clothing) Hiss Chewing_and_mastication
112bdb70.wav,Burping_and_eructation Bark Male_speech_and_man_speaking
113290e8.wav,Scissors Cutlery_and_silverware Shatter
1142def0.wav,Keys_jangling Shatter Scissors
1147c12b.wav,Bicycle_bell Microwave_oven Glockenspiel
1158e587.wav,Bicycle_bell Keys_jangling Cutlery_and_silverware
11641eb8.wav,Run Bathtub_(filling_or_washing) Stream
1167b492.wav,Microwave_oven Skateboard Burping_and_eructation
1172c5fb.wav,Buzz Traffic_noise_and_roadway_noise Motorcycle
117358df.wav,Scissors Finger_snapping Shatter
1175ac74.wav,Waves_and_surf Zipper_(clothing) Run
11b6c488.wav,Shatter Gasp Stream
11cc8bcb.wav,Run Purr Zipper_(clothing)
12264142.wav,Electric_guitar Male_singing Male_speech_and_man_speaking
1226b0e0.wav,Writing Electric_guitar Cricket
1247b7e3.wav,Glockenspiel Bicycle_bell Marimba_and_xylophone
124a286f.wav,Chink_and_clink Scissors Writing
12600be5.wav,Chirp_and_tweet Scissors Bicycle_bell
12689530.wav,Harmonica Accordion Male_singing
126b674b.wav,Scissors Hi-hat Writing
127adb78.wav,Bark Female_singing Yell
12849e29.wav,Female_speech_and_woman_speaking Buzz Sigh
128a67de.wav,Finger_snapping Scissors Tap
12bcd3ec.wav,Gasp Hiss Cricket
12d3e91f.wav,Drawer_open_or_close Zipper_(clothing) Cupboard_open_or_close
12d8c07f.wav,Traffic_noise_and_roadway_noise Motorcycle Bus
12ddf239.wav,Computer_keyboard Chirp_and_tweet Crackle
12df81e8.wav,Waves_and_surf Stream Crackle
12ee0010.wav,Chewing_and_mastication Fill_(with_liquid) Purr
12fe33b6.wav,Male_singing Printer Toilet_flush
130e4d2f.wav,Burping_and_eructation Chink_and_clink Screaming
13237edd.wav,Chirp_and_tweet Male_speech_and_man_speaking Raindrop
134c3fea.wav,Finger_snapping Tap Burping_and_eructation
134c95a2.wav,Scissors Chewing_and_mastication Writing
13694181.wav,Bass_drum Knock Slam
13728313.wav,Car_passing_by Traffic_noise_and_roadway_noise Mechanical_fan
13ae306e.wav,Bicycle_bell Burping_and_eructation Cricket
13cfa025.wav,Traffic_noise_and_roadway_noise Printer Motorcycle
13e3453c.wav,Keys_jangling Scissors Frying_(food)
13e84f69.wav,Bicycle_bell Microwave_oven Chink_and_clink
14096fd8.wav,Purr Zipper_(clothing) Chewing_and_mastication
142b9865.wav,Scissors Walk_and_footsteps Crackle
1438cfd0.wav,Buzz Bass_guitar Female_speech_and_woman_speaking
143e6d96.wav,Bicycle_bell Keys_jangling Shatter
14416af5.wav,Whispering Burping_and_eructation Purr
1451986d.wav,Printer Gasp Cupboard_open_or_close
145a10e4.wav,Shatter Run Tap
146c73a3.wav,Harmonica Chink_and_clink Bus
14ab7f13.wav,Slam Car_passing_by Mechanical_fan
14cbc626.wav,Tick-tock Chink_and_clink Walk_and_footsteps
14d22f20.wav,Shatter Keys_jangling Scissors
14e86cfb.wav,Finger_snapping Sigh Chirp_and_tweet
14fd704c.wav,Bass_drum Run Slam
151ea709.wav,Sneeze Female_singing Hi-hat
15288481.wav,Tick-tock Tap Chink_and_clink
152a4e09.wav,Male_singing Female_singing Gasp
153579d9.wav,Waves_and_surf Zipper_(clothing) Run
1544427c.wav,Finger_snapping Zipper_(clothing) Purr
154696fd.wav,Car_passing_by Waves_and_surf Bus
156bf74f.wav,Printer Toilet_flush Female_singing
156c1736.wav,Church_bell Motorcycle Toilet_flush
15776b9c.wav,Fart Chirp_and_tweet Zipper_(clothing)
157dd023.wav,Sigh Cutlery_and_silverware Hi-hat
15849032.wav,Chirp_and_tweet Keys_jangling Cricket
15868ee8.wav,Printer Cricket Chirp_and_tweet
159b8b9b.wav,Writing Chewing_and_mastication Chink_and_clink
159d2208.wav,Sneeze Whispering Skateboard
15a78daf.wav,Microwave_oven Tap Tick-tock
15a98fd7.wav,Bass_drum Knock Slam
15b0d4ec.wav,Scissors Shatter Bicycle_bell
15bcf71d.wav,Bass_guitar Purr Gong
15c34c4f.wav,Printer Microwave_oven Cricket
15e2bcaa.wav,Accordion Electric_guitar Microwave_oven
15e7bb78.wav,Shatter Scissors Keys_jangling
160105ad.wav,Male_singing Harmonica Printer
1604a3fa.wav,Run Writing Scissors
1606f119.wav,Zipper_(clothing) Tap Gasp
160acbb0.wav,Cricket Chirp_and_tweet Screaming
165fd18a.wav,Run Walk_and_footsteps Zipper_(clothing)
166a05c0.wav,Skateboard Microwave_oven Traffic_noise_and_roadway_noise
1670b964.wav,Run Walk_and_footsteps Microwave_oven
167a4f00.wav,Female_speech_and_woman_speaking Cricket Male_speech_and_man_speaking
168be388.wav,Gasp Yell Tap
16b56d33.wav,Chink_and_clink Shatter Bicycle_bell
16bc3f60.wav,Hi-hat Shatter Sigh
16c7da35.wav,Stream Toilet_flush Waves_and_surf
16d80f68.wav,Electric_guitar Accordion Microwave_oven
16e17bed.wav,Traffic_noise_and_roadway_noise Car_passing_by Waves_and_surf
16f7ac14.wav,Motorcycle Microwave_oven Car_passing_by
16fd3589.wav,Run Zipper_(clothing) Walk_and_footsteps
17135192.wav,Bicycle_bell Microwave_oven Tap
17140de5.wav,Gurgling Printer Run
171aa36c.wav,Chirp_and_tweet Fart Cricket
17361a5c.wav,Stream Clapping Sneeze
1751bb8a.wav,Scissors Writing Tick-tock
1779b015.wav,Electric_guitar Male_singing Accordion
17b6e84f.wav,Tick-tock Keys_jangling Tap
17c4b25f.wav,Male_singing Bark Screaming
17dfb6db.wav,Microwave_oven Mechanical_fan Sigh
1802421a.wav,Microwave_oven Motorcycle Accelerating_and_revving_and_vroom
18183321.wav,Mechanical_fan Car_passing_by Motorcycle
183948d1.wav,Gasp Male_singing Stream
183fb536.wav,Screaming Bicycle_bell Meow
1843680b.wav,Skateboard Clapping Sneeze
184aca02.wav,Bathtub_(filling_or_washing) Crackle Stream
18551bc1.wav,Gasp Cutlery_and_silverware Shatter
1859b7f7.wav,Scissors Keys_jangling Shatter
1877623e.wav,Burping_and_eructation Chink_and_clink Gasp
1889c58d.wav,Male_speech_and_man_speaking Bark Gasp
18929e41.wav,Harmonica Accordion Church_bell
1899de05.wav,Bass_drum Slam Finger_snapping
18ace84c.wav,Male_singing Bark Sigh
18be000d.wav,Microwave_oven Bus Printer
18c94757.wav,Toilet_flush Harmonica Female_singing
18ea2e9e.wav,Zipper_(clothing) Waves_and_surf Run
18fda5a4.wav,Motorcycle Accelerating_and_revving_and_vroom Mechanical_fan
1904f396.wav,Burping_and_eructation Skateboard Gurgling
19135157.wav,Motorcycle Bark Tick-tock
191adc5f.wav,Bark Male_speech_and_man_speaking Sigh
19303d26.wav,Male_singing Motorcycle Accelerating_and_revving_and_vroom
193a6063.wav,Crackle Drawer_open_or_close Slam
1945b8ca.wav,Printer Toilet_flush Sigh
19508dc0.wav,Traffic_noise_and_roadway_noise Motorcycle Male_singing
1960e51e.wav,Male_speech_and_man_speaking Gurgling Sneeze
19754d94.wav,Female_singing Child_speech_and_kid_speaking Sigh
197ce5b2.wav,Male_singing Male_speech_and_man_speaking Printer
199d4d12.wav,Male_speech_and_man_speaking Male_singing Bark
19a7dec3.wav,Shatter Gurgling Marimba_and_xylophone
19bb5700.wav,Male_speech_and_man_speaking Whispering Chirp_and_tweet
19c7c900.wav,Meow Bicycle_bell Keys_jangling
19d9401d.wav,Tap Cupboard_open_or_close Motorcycle
19dcb315.wav,Sigh Tap Microwave_oven
1a068a84.wav,Electric_guitar Bass_guitar Accordion
1a0d1b78.wav,Traffic_noise_and_roadway_noise Microwave_oven Waves_and_surf
1a110901.wav,Toilet_flush Hiss Printer
1a1de9b9.wav,Glockenspiel Harmonica Bicycle_bell
1a1def6e.wav,Skateboard Sigh Gasp
1a1edda6.wav,Sneeze Female_speech_and_woman_speaking Screaming
1a2580e1.wav,Whispering Walk_and_footsteps Gasp
1a35ded5.wav,Hiss Frying_(food) Printer
1a362723.wav,Meow Screaming Yell
1a44ace1.wav,Bass_guitar Gong Marimba_and_xylophone
1a51eefe.wav,Stream Bathtub_(filling_or_washing) Fill_(with_liquid)
1a5c4e84.wav,Motorcycle Microwave_oven Waves_and_surf
1a606ef2.wav,Hiss Crackle Cricket
1a6925fa.wav,Keys_jangling Scissors Shatter
1a884f9e.wav,Shatter Computer_keyboard Keys_jangling
1abdac69.wav,Fill_(with_liquid) Fart Trickle_and_dribble
1ac6f6f3.wav,Male_singing Burping_and_eructation Hi-hat
1acae695.wav,Traffic_noise_and_roadway_noise Car_passing_by Waves_and_surf
1acb3d32.wav,Buzz Hi-hat Drawer_open_or_close
1ad7f703.wav,Zipper_(clothing) Printer Hiss
1ae3ca16.wav,Run Walk_and_footsteps Crackle
1aec75a6.wav,Crackle Scissors Walk_and_footsteps
1b0687b2.wav,Crackle Hiss Computer_keyboard
1b086eb7.wav,Run Waves_and_surf Purr
1b0a3884.wav,Sigh Screaming Whispering
1b1d1b2d.wav,Hiss Frying_(food) Cutlery_and_silverware
1b3ecd82.wav,Motorcycle Traffic_noise_and_roadway_noise Mechanical_fan
1b5b6468.wav,Whispering Shatter Sigh
1b5daf72.wav,Scissors Finger_snapping Crackle
1b68d94a.wav,Sigh Drawer_open_or_close Shatter
1ba04ecc.wav,Scissors Shatter Finger_snapping
1bc14732.wav,Gasp Sigh Chink_and_clink
1bcfdfb5.wav,Bass_guitar Burping_and_eructation Male_singing
1bd82417.wav,Marimba_and_xylophone Accordion Church_bell
1be1c727.wav,Drawer_open_or_close Microwave_oven Walk_and_footsteps
1bfd4be2.wav,Male_speech_and_man_speaking Skateboard Fart
1c0e284a.wav,Traffic_noise_and_roadway_noise Microwave_oven Mechanical_fan
1c0fbe4b.wav,Gong Meow Marimba_and_xylophone
1c1dd720.wav,Male_singing Toilet_flush Female_singing
1c3bd325.wav,Bicycle_bell Glockenspiel Marimba_and_xylophone
1c699cb7.wav,Microwave_oven Cupboard_open_or_close Mechanical_fan
1c6d56db.wav,Glockenspiel Bicycle_bell Chirp_and_tweet
1c77cedf.wav,Waves_and_surf Stream Run
1c785226.wav,Run Walk_and_footsteps Sneeze
1c79ca96.wav,Shatter Bicycle_bell Scissors
1c8369cf.wav,Walk_and_footsteps Drawer_open_or_close Run
1c983e19.wav,Run Microwave_oven Fart
1c9e3f10.wav,Crackle Clapping Bass_drum
1cc5b5f7.wav,Run Scissors Bathtub_(filling_or_washing)
1cd55ad6.wav,Traffic_noise_and_roadway_noise Mechanical_fan Bus
1cf8379b.wav,Hiss Cricket Chirp_and_tweet
1d11b910.wav,Keys_jangling Scissors Writing
1d1778c4.wav,Marimba_and_xylophone Bass_guitar Electric_guitar
1d1863a4.wav,Motorcycle Mechanical_fan Printer
1d2459ce.wav,Sneeze Gasp Sigh
1d279116.wav,Drawer_open_or_close Scissors Tap
1d33f8e1.wav,Cutlery_and_silverware Shatter Hi-hat
1d4ae8ab.wav,Whispering Scissors Keys_jangling
1d58040b.wav,Meow Yell Screaming
1d6f2b16.wav,Male_singing Bark Female_speech_and_woman_speaking
1d7d2a17.wav,Mechanical_fan Waves_and_surf Motorcycle
1db41feb.wav,Race_car_and_auto_racing Church_bell Toilet_flush
1dbcd4ba.wav,Bathtub_(filling_or_washing) Tick-tock Zipper_(clothing)
1dc3166b.wav,Fart Sigh Skateboard
1dc417cd.wav,Crackle Run Drawer_open_or_close
1dcc4dd4.wav,Microwave_oven Accelerating_and_revving_and_vroom Mechanical_fan
1de84153.wav,Microwave_oven Accelerating_and_revving_and_vroom Mechanical_fan
1ded5864.wav,Buzz Bark Sneeze
1def6435.wav,Run Walk_and_footsteps Scissors
1dfa910d.wav,Shatter Scissors Bicycle_bell
1e0b81a9.wav,Male_singing Electric_guitar Male_speech_and_man_speaking
1e1a72d5.wav,Finger_snapping Knock Shatter
1e1e674a.wav,Toilet_flush Printer Chirp_and_tweet
1e3763ba.wav,Bicycle_bell Chink_and_clink Glockenspiel
1e3cd2f0.wav,Male_singing Screaming Female_speech_and_woman_speaking
1e6572de.wav,Harmonica Microwave_oven Church_bell
1e6e9131.wav,Waves_and_surf Fart Shatter
1e6fe316.wav,Stream Waves_and_surf Toilet_flush
1e7b59a7.wav,Sneeze Sigh Gasp
1e8a965c.wav,Bus Microwave_oven Mechanical_fan
1e8fe3d2.wav,Male_singing Female_singing Bark
1ea533ec.wav,Scissors Shatter Bicycle_bell
1eac92a1.wav,Harmonica Chink_and_clink Accordion
1ec2f60d.wav,Shatter Cutlery_and_silverware Sigh
1eda3d26.wav,Screaming Harmonica Female_singing
1f27827e.wav,Harmonica Gong Screaming
1f293888.wav,Bass_drum Slam Cupboard_open_or_close
1f3d2f22.wav,Clapping Stream Hiss
1f52baf2.wav,Bicycle_bell Burping_and_eructation Keys_jangling
1f58cc84.wav,Male_speech_and_man_speaking Male_singing Electric_guitar
1f63c45e.wav,Run Walk_and_footsteps Microwave_oven
1f85a5c7.wav,Skateboard Sneeze Sigh
1f9c1f3e.wav,Male_singing Electric_guitar Accordion
1fc0282a.wav,Writing Cricket Scissors
1fc8f9a5.wav,Bicycle_bell Keys_jangling Slam
1fd74cc3.wav,Glockenspiel Chink_and_clink Drawer_open_or_close
1fde2c61.wav,Shatter Microwave_oven Printer
1fe639ee.wav,Purr Burping_and_eructation Run
1fec2121.wav,Microwave_oven Shatter Motorcycle
1ff215f3.wav,Run Skateboard Printer
200b6920.wav,Bus Traffic_noise_and_roadway_noise Microwave_oven
2012b2f4.wav,Sneeze Drawer_open_or_close Sigh
201c18ee.wav,Waves_and_surf Run Printer
20612e10.wav,Toilet_flush Stream Buzz
2069253a.wav,Yell Squeak Screaming
206c0a24.wav,Shatter Scissors Run
20801c98.wav,Sigh Hiss Gasp
2087f937.wav,Glockenspiel Sigh Whispering
20898b89.wav,Hiss Stream Fill_(with_liquid)
20b16812.wav,Microwave_oven Bicycle_bell Cutlery_and_silverware
20c3541c.wav,Writing Scissors Keys_jangling
20d2ad1c.wav,Meow Screaming Gasp
20dc6392.wav,Purr Walk_and_footsteps Male_speech_and_man_speaking
20e285c7.wav,Sigh Shatter Motorcycle
21102a3a.wav,Finger_snapping Trickle_and_dribble Crackle
2113043a.wav,Gong Female_singing Meow
2142adda.wav,Trickle_and_dribble Fill_(with_liquid) Marimba_and_xylophone
21447ea7.wav,Accordion Harmonica Electric_guitar
21455882.wav,Cricket Cutlery_and_silverware Bicycle_bell
2157612c.wav,Male_singing Gasp Waves_and_surf
2159eea8.wav,Fart Microwave_oven Whispering
2175b26d.wav,Bass_guitar Gong Marimba_and_xylophone
217b109a.wav,Car_passing_by Mechanical_fan Traffic_noise_and_roadway_noise
2189acc6.wav,Harmonica Accordion Chink_and_clink
218b15dc.wav,Male_speech_and_man_speaking Bark Burping_and_eructation
218c8907.wav,Screaming Whispering Yell
21b0c9cb.wav,Run Skateboard Walk_and_footsteps
21b24d69.wav,Bass_drum Finger_snapping Crackle
21b601cd.wav,Gong Screaming Female_singing
21d2eb4c.wav,Fart Female_speech_and_woman_speaking Whispering
21d49986.wav,Crackle Slam Buzz
21e8d6a9.wav,Knock Run Walk_and_footsteps
21eb5d58.wav,Motorcycle Waves_and_surf Printer
21eca32f.wav,Shatter Writing Keys_jangling
21fa3245.wav,Keys_jangling Scissors Bicycle_bell
2210c997.wav,Child_speech_and_kid_speaking Sneeze Yell
2216c947.wav,Male_singing Electric_guitar Male_speech_and_man_speaking
223032ba.wav,Cricket Chirp_and_tweet Mechanical_fan
2236c850.wav,Purr Waves_and_surf Cricket
223a5173.wav,Sneeze Gasp Male_singing
22522048.wav,Motorcycle Mechanical_fan Purr
2263763d.wav,Bus Cricket Printer
228a538c.wav,Shatter Bicycle_bell Scissors
22a7e375.wav,Hiss Frying_(food) Crackle
22b07889.wav,Printer Meow Whispering
22b6b9aa.wav,Gasp Finger_snapping Male_speech_and_man_speaking
22c5ea2f.wav,Bus Motorcycle Microwave_oven
22c78043.wav,Run Waves_and_surf Traffic_noise_and_roadway_noise
22c98028.wav,Chirp_and_tweet Printer Bus
22c9b301.wav,Mechanical_fan Motorcycle Car_passing_by
22cd860e.wav,Scissors Gurgling Crackle
22f22fc9.wav,Bass_drum Drawer_open_or_close Zipper_(clothing)
22f2d98a.wav,Keys_jangling Shatter Writing
2303e210.wav,Bicycle_bell Chink_and_clink Cutlery_and_silverware
23244f49.wav,Whispering Tick-tock Tap
2327b6de.wav,Finger_snapping Bass_drum Tap
2343daa5.wav,Printer Toilet_flush Motorcycle
235213ce.wav,Sneeze Whispering Gasp
235f959c.wav,Meow Chirp_and_tweet Bicycle_bell
236e7ce1.wav,Hiss Sigh Fill_(with_liquid)
23726888.wav,Glockenspiel Tick-tock Chink_and_clink
23756062.wav,Waves_and_surf Motorcycle Traffic_noise_and_roadway_noise
238b11f0.wav,Gong Microwave_oven Printer
23a07927.wav,Hiss Gasp Sigh
23a2669b.wav,Toilet_flush Bathtub_(filling_or_washing) Stream
23c4613e.wav,Bass_drum Slam Crackle
23c714b5.wav,Bass_drum Bass_guitar Purr
23d35eea.wav,Fart Zipper_(clothing) Skateboard
23fabbb4.wav,Traffic_noise_and_roadway_noise Stream Waves_and_surf
23fe505d.wav,Writing Chewing_and_mastication Scissors
2406d1de.wav,Motorcycle Mechanical_fan Car_passing_by
240e9caa.wav,Buzz Female_singing Tick-tock
24456657.wav,Waves_and_surf Stream Skateboard
244a60cd.wav,Whispering Clapping Finger_snapping
2451cad9.wav,Harmonica Meow Accordion
2451d17b.wav,Gong Female_singing Marimba_and_xylophone
245c01e6.wav,Male_singing Electric_guitar Female_singing
2462f236.wav,Female_singing Electric_guitar Screaming
24ae5bef.wav,Electric_guitar Male_singing Fart
24ce9114.wav,Male_speech_and_man_speaking Cricket Fart
24dda4ed.wav,Hi-hat Hiss Frying_(food)
24ecb25d.wav,Cupboard_open_or_close Microwave_oven Yell
24f04ba5.wav,Waves_and_surf Traffic_noise_and_roadway_noise Run
2548960b.wav,Printer Bus Cricket
256d567f.wav,Zipper_(clothing) Run Writing
2583a54d.wav,Scissors Bicycle_bell Shatter
2599ff86.wav,Sigh Screaming Male_singing
259e3fa7.wav,Chewing_and_mastication Purr Tick-tock
25a8ef58.wav,Bass_drum Marimba_and_xylophone Bass_guitar
25a991a1.wav,Scissors Shatter Finger_snapping
25beac1d.wav,Tap Finger_snapping Shatter
25c32640.wav,Chirp_and_tweet Shatter Scissors
25c8686f.wav,Burping_and_eructation Gurgling Printer
25d481d6.wav,Bass_drum Finger_snapping Slam
25e059d3.wav,Shatter Waves_and_surf Microwave_oven
25e23528.wav,Accordion Harmonica Gong
25e75fa8.wav,Writing Chewing_and_mastication Toilet_flush
261cdf15.wav,Buzz Traffic_noise_and_roadway_noise Microwave_oven
262131af.wav,Motorcycle Car_passing_by Mechanical_fan
2624e8ff.wav,Gasp Bark Whispering
26263cf0.wav,Screaming Meow Yell
262a7108.wav,Drawer_open_or_close Tap Microwave_oven
262d4cca.wav,Harmonica Accordion Chink_and_clink
2655ac2c.wav,Harmonica Female_singing Gong
26a25f5d.wav,Gasp Finger_snapping Chink_and_clink
26a4977c.wav,Purr Male_speech_and_man_speaking Run
26a6c2f3.wav,Cutlery_and_silverware Sneeze Keys_jangling
26abfa32.wav,Scissors Writing Tick-tock
26c001b7.wav,Waves_and_surf Car_passing_by Run
26c01e3f.wav,Electric_guitar Male_singing Marimba_and_xylophone
26f921e3.wav,Chirp_and_tweet Male_speech_and_man_speaking Scissors
2707f8b0.wav,Female_singing Male_singing Female_speech_and_woman_speaking
27080c56.wav,Drawer_open_or_close Microwave_oven Knock
271ade69.wav,Bass_guitar Drawer_open_or_close Gong
272d95c7.wav,Waves_and_surf Car_passing_by Traffic_noise_and_roadway_noise
2733bb3f.wav,Female_singing Harmonica Accordion
27446bcd.wav,Microwave_oven Bass_drum Cupboard_open_or_close
2756ca54.wav,Shatter Scissors Zipper_(clothing)
2758a116.wav,Male_singing Female_singing Harmonica
275e1bb6.wav,Female_singing Tick-tock Male_singing
278a19ee.wav,Accordion Printer Cupboard_open_or_close
27903ab8.wav,Male_speech_and_man_speaking Fill_(with_liquid) Chirp_and_tweet
27924331.wav,Frying_(food) Drawer_open_or_close Sneeze
279d4550.wav,Cricket Keys_jangling Writing
27a4f4a8.wav,Male_singing Printer Electric_guitar
27a8cf7f.wav,Male_speech_and_man_speaking Microwave_oven Tap
27b8db15.wav,Waves_and_surf Microwave_oven Shatter
27c8eacc.wav,Run Walk_and_footsteps Tap
27ce0e90.wav,Chewing_and_mastication Fill_(with_liquid) Raindrop
27d07e83.wav,Cricket Chirp_and_tweet Hiss
27d43eba.wav,Buzz Traffic_noise_and_roadway_noise Female_singing
27df10d1.wav,Male_speech_and_man_speaking Whispering Sneeze
27e085c0.wav,Printer Buzz Drawer_open_or_close
280c07e4.wav,Fill_(with_liquid) Hiss Screaming
2810d717.wav,Slam Chirp_and_tweet Motorcycle
28142c7d.wav,Scissors Finger_snapping Shatter
28199c01.wav,Tap Finger_snapping Printer
2833e567.wav,Fill_(with_liquid) Zipper_(clothing) Run
28383990.wav,Tick-tock Hiss Hi-hat
283bc0ea.wav,Run Tick-tock Walk_and_footsteps
2842be8c.wav,Motorcycle Scissors Writing
28849a80.wav,Scissors Bicycle_bell Shatter
288a89c1.wav,Motorcycle Mechanical_fan Electric_guitar
2894416d.wav,Scissors Chewing_and_mastication Purr
289fb0b8.wav,Toilet_flush Traffic_noise_and_roadway_noise Screaming
28a2ff49.wav,Sigh Bark Drawer_open_or_close
28a9213d.wav,Computer_keyboard Walk_and_footsteps Fart
28d22d2e.wav,Printer Motorcycle Accelerating_and_revving_and_vroom
28d2f36f.wav,Screaming Bicycle_bell Chink_and_clink
28e13187.wav,Knock Zipper_(clothing) Walk_and_footsteps
28e32693.wav,Motorcycle Mechanical_fan Accelerating_and_revving_and_vroom
28f49053.wav,Waves_and_surf Printer Shatter
28ff0651.wav,Electric_guitar Church_bell Accordion
290e30df.wav,Fart Gasp Burping_and_eructation
292ef00f.wav,Marimba_and_xylophone Sigh Female_singing
2934735d.wav,Skateboard Sneeze Toilet_flush
2934d413.wav,Run Microwave_oven Walk_and_footsteps
29365227.wav,Slam Drawer_open_or_close Computer_keyboard
295268ea.wav,Drawer_open_or_close Shatter Microwave_oven
29699f09.wav,Run Zipper_(clothing) Walk_and_footsteps
297219cc.wav,Finger_snapping Whispering Shatter
2980d500.wav,Marimba_and_xylophone Tick-tock Glockenspiel
29826356.wav,Bathtub_(filling_or_washing) Tick-tock Finger_snapping
29b0574f.wav,Purr Hiss Walk_and_footsteps
29d72dfb.wav,Motorcycle Mechanical_fan Waves_and_surf
29dd29fb.wav,Walk_and_footsteps Zipper_(clothing) Drawer_open_or_close
29e4880e.wav,Crackle Scissors Computer_keyboard
2a0893c6.wav,Bass_guitar Gong Purr
2a0a3828.wav,Whispering Male_speech_and_man_speaking Tick-tock
2a484593.wav,Scissors Tick-tock Sneeze
2a557637.wav,Scissors Computer_keyboard Tick-tock
2a79d0a8.wav,Gong Marimba_and_xylophone Hi-hat
2a9c7202.wav,Shatter Crackle Frying_(food)
2aa1e0b8.wav,Sneeze Child_speech_and_kid_speaking Yell
2ac8607d.wav,Harmonica Accordion Screaming
2ad174b4.wav,Writing Scissors Crackle
2ae04dd7.wav,Motorcycle Mechanical_fan Waves_and_surf
2aedff46.wav,Keys_jangling Shatter Microwave_oven
2af10e99.wav,Scissors Writing Shatter
2af77e7f.wav,Purr Cricket Walk_and_footsteps
2b160bb2.wav,Cutlery_and_silverware Scissors Shatter
2b2613d8.wav,Toilet_flush Bathtub_(filling_or_washing) Frying_(food)
2b6ee441.wav,Raindrop Tap Finger_snapping
2b95327b.wav,Mechanical_fan Motorcycle Car_passing_by
2b9ca464.wav,Knock Slam Bass_drum
2bab5b09.wav,Hi-hat Sigh Gasp
2bb1503c.wav,Fart Male_speech_and_man_speaking Printer
2bbf558e.wav,Writing Tick-tock Hi-hat
2be779a7.wav,Drawer_open_or_close Microwave_oven Walk_and_footsteps
2c010e00.wav,Microwave_oven Shatter Printer
2c2a3c77.wav,Scissors Microwave_oven Tick-tock
2c2d400b.wav,Scissors Chirp_and_tweet Hiss
2c39bb30.wav,Church_bell Motorcycle Buzz
2c3a44f2.wav,Fill_(with_liquid) Screaming Raindrop
2c7a5078.wav,Electric_guitar Male_singing Female_singing
2c809d4f.wav,Scissors Computer_keyboard Keys_jangling
2c8b8812.wav,Scissors Run Walk_and_footsteps
2c924848.wav,Gong Marimba_and_xylophone Printer
2cc7f972.wav,Mechanical_fan Car_passing_by Waves_and_surf
2cd526f7.wav,Scissors Finger_snapping Chirp_and_tweet
2cdfa8c1.wav,Toilet_flush Printer Marimba_and_xylophone
2cf4955c.wav,Car_passing_by Microwave_oven Mechanical_fan
2cfdaecd.wav,Hiss Chirp_and_tweet Fill_(with_liquid)
2d0863b7.wav,Run Drawer_open_or_close Zipper_(clothing)
2d09c7ca.wav,Mechanical_fan Cricket Chirp_and_tweet
2d15ca77.wav,Sigh Hi-hat Hiss
2d209c25.wav,Tap Knock Walk_and_footsteps
2d21dbf4.wav,Purr Male_speech_and_man_speaking Cricket
2d455ed9.wav,Scissors Crackle Keys_jangling
2d4961a8.wav,Knock Finger_snapping Tap
2d4a0250.wav,Sigh Toilet_flush Drawer_open_or_close
2d56c2ae.wav,Hi-hat Scissors Cutlery_and_silverware
2d5dcc5d.wav,Accelerating_and_revving_and_vroom Electric_guitar Buzz
2d666c1d.wav,Chink_and_clink Bicycle_bell Glockenspiel
2d6d99d4.wav,Sneeze Gasp Fart
2d7218f8.wav,Clapping Gasp Whispering
2d7ae271.wav,Male_singing Electric_guitar Male_speech_and_man_speaking
2d8135cc.wav,Waves_and_surf Stream Traffic_noise_and_roadway_noise
2d88fa59.wav,Burping_and_eructation Shatter Chink_and_clink
2da4c729.wav,Mechanical_fan Car_passing_by Motorcycle
2db579cb.wav,Finger_snapping Tap Scissors
2db63f0d.wav,Run Fart Walk_and_footsteps
2dd2a6bf.wav,Waves_and_surf Traffic_noise_and_roadway_noise Toilet_flush
2df0cf1f.wav,Sigh Burping_and_eructation Sneeze
2df1f901.wav,Male_singing Screaming Printer
2dfd32a3.wav,Harmonica Female_singing Printer
2e61e614.wav,Whispering Gasp Shatter
2e820b05.wav,Male_speech_and_man_speaking Chirp_and_tweet Gasp
2e8b4709.wav,Male_speech_and_man_speaking Male_singing Female_speech_and_woman_speaking
2e9ced66.wav,Crackle Scissors Writing
2ea33689.wav,Church_bell Buzz Printer
2eade3e1.wav,Printer Car_passing_by Traffic_noise_and_roadway_noise
2eb3002c.wav,Bicycle_bell Gong Marimba_and_xylophone
2eb51f57.wav,Gong Glockenspiel Marimba_and_xylophone
2ed9ce69.wav,Accordion Printer Harmonica
2edb4142.wav,Writing Hiss Whispering
2ee3ef28.wav,Female_speech_and_woman_speaking Male_singing Buzz
2ee9f139.wav,Sneeze Yell Gasp
2eeb7f35.wav,Marimba_and_xylophone Gong Screaming
2eec6eda.wav,Harmonica Hi-hat Chink_and_clink
2f00863c.wav,Car_passing_by Accelerating_and_revving_and_vroom Gong
2f14d3b3.wav,Hi-hat Hiss Cutlery_and_silverware
2f2ab304.wav,Toilet_flush Printer Traffic_noise_and_roadway_noise
2f41afe1.wav,Electric_guitar Accordion Bass_guitar
2f529eb8.wav,Hiss Hi-hat Toilet_flush
2f5cbf20.wav,Drawer_open_or_close Printer Cupboard_open_or_close
2f6331aa.wav,Male_singing Burping_and_eructation Whispering
2f643c50.wav,Sigh Screaming Meow
2f785877.wav,Bass_drum Slam Cupboard_open_or_close
2f84c8e9.wav,Scissors Writing Computer_keyboard
2f8dd247.wav,Skateboard Microwave_oven Waves_and_surf
2f94fca3.wav,Burping_and_eructation Chink_and_clink Printer
2fa1cc09.wav,Scissors Finger_snapping Shatter
2fc6ede8.wav,Cupboard_open_or_close Drawer_open_or_close Cutlery_and_silverware
2fe3ae63.wav,Shatter Scissors Raindrop
2ffd2145.wav,Child_speech_and_kid_speaking Cupboard_open_or_close Female_speech_and_woman_speaking
3011c55b.wav,Harmonica Toilet_flush Printer
3012731a.wav,Motorcycle Accelerating_and_revving_and_vroom Waves_and_surf
302f4eb8.wav,Printer Buzz Marimba_and_xylophone
303d4668.wav,Scissors Writing Keys_jangling
304d8a8e.wav,Marimba_and_xylophone Printer Tap
304f25f4.wav,Microwave_oven Skateboard Walk_and_footsteps
3052fe86.wav,Traffic_noise_and_roadway_noise Mechanical_fan Printer
3061e8d1.wav,Glockenspiel Marimba_and_xylophone Bicycle_bell
309169fa.wav,Child_speech_and_kid_speaking Gasp Sigh
30960f70.wav,Bus Mechanical_fan Car_passing_by
309eea85.wav,Hiss Harmonica Tick-tock
30ac78a6.wav,Shatter Scissors Hi-hat
30d1840b.wav,Keys_jangling Scissors Cricket
30dc07a7.wav,Bass_drum Bass_guitar Purr
30e1162a.wav,Yell Child_speech_and_kid_speaking Female_speech_and_woman_speaking
30e40cc3.wav,Female_singing Printer Toilet_flush
30f7577e.wav,Traffic_noise_and_roadway_noise Toilet_flush Run
30f8ba51.wav,Bass_guitar Gong Purr
3102ff8d.wav,Run Zipper_(clothing) Crackle
311fcc0d.wav,Shatter Chirp_and_tweet Keys_jangling
3129e5b4.wav,Bass_drum Slam Finger_snapping
312c730c.wav,Hiss Frying_(food) Cutlery_and_silverware
312e1179.wav,Frying_(food) Bathtub_(filling_or_washing) Hiss
312e698e.wav,Fart Male_speech_and_man_speaking Female_speech_and_woman_speaking
31312cda.wav,Bass_guitar Gong Electric_guitar
3134c1f5.wav,Scissors Writing Tick-tock
31452d93.wav,Waves_and_surf Hiss Car_passing_by
314a8107.wav,Electric_guitar Motorcycle Microwave_oven
3174521f.wav,Run Tap Walk_and_footsteps
3177529f.wav,Writing Run Scissors
317e5fda.wav,Scissors Raindrop Writing
3190ca46.wav,Frying_(food) Bathtub_(filling_or_washing) Hiss
31ab1bc4.wav,Burping_and_eructation Bark Gasp
31b883cb.wav,Burping_and_eructation Microwave_oven Male_singing
31bf8f6c.wav,Male_singing Male_speech_and_man_speaking Electric_guitar
31c60809.wav,Gasp Finger_snapping Whispering
31c7a683.wav,Bicycle_bell Bus Keys_jangling
31cfaf7c.wav,Whispering Gasp Hiss
31ea3391.wav,Motorcycle Traffic_noise_and_roadway_noise Electric_guitar
31f4d839.wav,Chirp_and_tweet Scissors Crackle
31fe4058.wav,Bass_drum Knock Slam
31ff4a9f.wav,Scissors Keys_jangling Cutlery_and_silverware
320adc8a.wav,Hiss Frying_(food) Chirp_and_tweet
320b9457.wav,Waves_and_surf Male_singing Fart
320cb73f.wav,Waves_and_surf Traffic_noise_and_roadway_noise Stream
321c61dd.wav,Run Drawer_open_or_close Microwave_oven
321d7624.wav,Bass_guitar Accelerating_and_revving_and_vroom Gong
322c634e.wav,Harmonica Church_bell Accordion
3246e22c.wav,Hi-hat Cutlery_and_silverware Frying_(food)
32663622.wav,Drawer_open_or_close Slam Knock
3273193a.wav,Harmonica Church_bell Printer
327ff97c.wav,Hi-hat Cutlery_and_silverware Sigh
3288c908.wav,Electric_guitar Fart Female_speech_and_woman_speaking
329d5f81.wav,Church_bell Chink_and_clink Meow
32aaacf1.wav,Bathtub_(filling_or_washing) Writing Hiss
32ad561a.wav,Male_singing Screaming Female_singing
32b66826.wav,Gasp Whispering Hiss
32bf8f9d.wav,Tap Knock Finger_snapping
32cce167.wav,Keys_jangling Shatter Scissors
32d21079.wav,Bicycle_bell Chink_and_clink Harmonica
32e0e55a.wav,Hi-hat Bass_guitar Microwave_oven
32f26b94.wav,Run Drawer_open_or_close Microwave_oven
330b1461.wav,Buzz Motorcycle Microwave_oven
3313662e.wav,Drawer_open_or_close Walk_and_footsteps Microwave_oven
33139052.wav,Hiss Sigh Whispering
33170581.wav,Marimba_and_xylophone Gong Microwave_oven
332246f6.wav,Chirp_and_tweet Whispering Screaming
33355c50.wav,Glockenspiel Church_bell Marimba_and_xylophone
3347121c.wav,Printer Microwave_oven Chink_and_clink
3353d705.wav,Mechanical_fan Motorcycle Car_passing_by
335d2ea3.wav,Church_bell Toilet_flush Buzz
336a88c3.wav,Bicycle_bell Keys_jangling Chink_and_clink
338669d9.wav,Scissors Zipper_(clothing) Finger_snapping
33a61f8d.wav,Bass_drum Slam Finger_snapping
33bc9deb.wav,Shatter Chirp_and_tweet Scissors
33c82ad4.wav,Screaming Gasp Sigh
33ef8393.wav,Bicycle_bell Harmonica Tick-tock
33fbfca7.wav,Keys_jangling Shatter Whispering
34035cf8.wav,Drawer_open_or_close Skateboard Microwave_oven
340d5db4.wav,Motorcycle Accelerating_and_revving_and_vroom Mechanical_fan
340da762.wav,Purr Cricket Crackle
34120253.wav,Harmonica Accordion Female_singing
341efc4b.wav,Traffic_noise_and_roadway_noise Buzz Motorcycle
342cc3ae.wav,Male_singing Bark Yell
34486c7f.wav,Female_singing Electric_guitar Buzz
34510c7a.wav,Microwave_oven Printer Zipper_(clothing)
34512413.wav,Chink_and_clink Cutlery_and_silverware Shatter
346fc59c.wav,Fill_(with_liquid) Sigh Hiss
3474d7cd.wav,Keys_jangling Scissors Finger_snapping
348aaf17.wav,Scissors Cutlery_and_silverware Writing
349e5ea7.wav,Screaming Fart Male_speech_and_man_speaking
34aac2b5.wav,Printer Accordion Toilet_flush
34c53320.wav,Burping_and_eructation Whispering Gasp
34cca3b3.wav,Traffic_noise_and_roadway_noise Bus Motorcycle
34d0b2ca.wav,Male_speech_and_man_speaking Male_singing Microwave_oven
34d4cfda.wav,Traffic_noise_and_roadway_noise Race_car_and_auto_racing Skateboard
34dc323b.wav,Chink_and_clink Marimba_and_xylophone Burping_and_eructation
34e6a0de.wav,Bicycle_bell Cutlery_and_silverware Chirp_and_tweet
34f2c99d.wav,Run Zipper_(clothing) Walk_and_footsteps
34fbb318.wav,Shatter Writing Run
3500ed9d.wav,Clapping Cupboard_open_or_close Fart
350942d1.wav,Hiss Frying_(food) Toilet_flush
351a8abe.wav,Motorcycle Microwave_oven Accelerating_and_revving_and_vroom
352ce267.wav,Bass_drum Fart Purr
3544797d.wav,Run Walk_and_footsteps Bass_drum
354d467a.wav,Zipper_(clothing) Sneeze Tap
355ddeda.wav,Chirp_and_tweet Waves_and_surf Screaming
356adc0d.wav,Tap Gasp Clapping
356b99de.wav,Screaming Harmonica Bicycle_bell
35930583.wav,Male_singing Female_singing Electric_guitar
359a6e84.wav,Motorcycle Accelerating_and_revving_and_vroom Car_passing_by
35a7edad.wav,Bass_drum Slam Knock
35a8a688.wav,Run Tap Raindrop
35d5aca3.wav,Child_speech_and_kid_speaking Printer Traffic_noise_and_roadway_noise
35dbfd81.wav,Church_bell Harmonica Male_singing
36027dca.wav,Bass_drum Slam Knock
361237d6.wav,Bus Fart Accelerating_and_revving_and_vroom
361c9c0e.wav,Bicycle_bell Glockenspiel Marimba_and_xylophone
3623b13a.wav,Female_singing Screaming Male_singing
3626ac5a.wav,Cricket Mechanical_fan Waves_and_surf
362f92f4.wav,Yell Child_speech_and_kid_speaking Female_speech_and_woman_speaking
366d25a7.wav,Electric_guitar Accordion Male_singing
366d6820.wav,Sneeze Waves_and_surf Run
367ef5a8.wav,Motorcycle Mechanical_fan Buzz
36896b31.wav,Shatter Microwave_oven Scissors
368e3f09.wav,Buzz Crackle Microwave_oven
36b92bec.wav,Hiss Keys_jangling Scissors
36beb3fd.wav,Male_singing Male_speech_and_man_speaking Electric_guitar
36c459de.wav,Gong Harmonica Chink_and_clink
36dfae4f.wav,Gasp Toilet_flush Chink_and_clink
36fe695f.wav,Fart Drawer_open_or_close Sigh
37053a90.wav,Electric_guitar Microwave_oven Male_singing
370eaa84.wav,Toilet_flush Male_singing Female_singing
37155f3a.wav,Car_passing_by Whispering Waves_and_surf
37790f99.wav,Hiss Bathtub_(filling_or_washing) Frying_(food)
378216b2.wav,Waves_and_surf Mechanical_fan Car_passing_by
37856035.wav,Waves_and_surf Stream Sneeze
3792237d.wav,Drawer_open_or_close Zipper_(clothing) Run
37941050.wav,Microwave_oven Mechanical_fan Motorcycle
379ae4e1.wav,Hiss Chirp_and_tweet Frying_(food)
379b7e21.wav,Sneeze Male_speech_and_man_speaking Gasp
379c063d.wav,Male_speech_and_man_speaking Gasp Sneeze
37a1946c.wav,Microwave_oven Drawer_open_or_close Buzz
37a7927f.wav,Run Walk_and_footsteps Fart
37c95c1c.wav,Yell Screaming Squeak
37ccc1ea.wav,Frying_(food) Bathtub_(filling_or_washing) Hiss
37d609aa.wav,Cutlery_and_silverware Gasp Whispering
37dc178a.wav,Bus Cricket Mechanical_fan
37f5f0d8.wav,Waves_and_surf Mechanical_fan Traffic_noise_and_roadway_noise
382587b8.wav,Slam Knock Drawer_open_or_close
382cd8c5.wav,Motorcycle Slam Mechanical_fan
38368c9b.wav,Printer Drawer_open_or_close Writing
384b0ff2.wav,Marimba_and_xylophone Harmonica Gong
38544190.wav,Run Walk_and_footsteps Computer_keyboard
38558ab1.wav,Male_speech_and_man_speaking Screaming Whispering
3858d281.wav,Bass_drum Cupboard_open_or_close Buzz
385e8b0f.wav,Drawer_open_or_close Run Computer_keyboard
38636d71.wav,Screaming Yell Sigh
38669440.wav,Purr Cricket Male_speech_and_man_speaking
387014ab.wav,Toilet_flush Scissors Tick-tock
3876c193.wav,Meow Bicycle_bell Burping_and_eructation
388f70a5.wav,Microwave_oven Waves_and_surf Traffic_noise_and_roadway_noise
38b9ff18.wav,Child_speech_and_kid_speaking Sigh Yell
38d29a00.wav,Run Purr Chewing_and_mastication
38d378d8.wav,Motorcycle Traffic_noise_and_roadway_noise Microwave_oven
38d50e59.wav,Scissors Bathtub_(filling_or_washing) Writing
38d5d026.wav,Printer Gasp Drawer_open_or_close
38e43355.wav,Female_speech_and_woman_speaking Child_speech_and_kid_speaking Female_singing
38ea5df2.wav,Hi-hat Hiss Cutlery_and_silverware
38f6aa5e.wav,Sigh Screaming Bicycle_bell
38fea590.wav,Electric_guitar Yell Printer
390789a8.wav,Male_singing Motorcycle Electric_guitar
390995ef.wav,Hi-hat Harmonica Cutlery_and_silverware
39189c31.wav,Printer Marimba_and_xylophone Toilet_flush
391fbd47.wav,Hi-hat Finger_snapping Cutlery_and_silverware
392e88d7.wav,Cricket Burping_and_eructation Printer
3939b821.wav,Whispering Bark Chink_and_clink
39467410.wav,Church_bell Meow Yell
394b8ce2.wav,Computer_keyboard Run Scissors
395de76a.wav,Buzz Female_singing Chirp_and_tweet
395df625.wav,Burping_and_eructation Male_singing Male_speech_and_man_speaking
396d793f.wav,Keys_jangling Tap Finger_snapping
39723c0e.wav,Accordion Harmonica Church_bell
39768e2a.wav,Male_singing Male_speech_and_man_speaking Female_speech_and_woman_speaking
3987fc79.wav,Cricket Purr Male_speech_and_man_speaking
398b6fa6.wav,Microwave_oven Walk_and_footsteps Shatter
399732ec.wav,Gong Screaming Marimba_and_xylophone
39a8ac5c.wav,Crackle Slam Walk_and_footsteps
39b6cc75.wav,Scissors Shatter Bicycle_bell
39bbcabd.wav,Mechanical_fan Slam Waves_and_surf
39c1f2fd.wav,Skateboard Fart Microwave_oven
39d1b554.wav,Gasp Writing Whispering
39e1b8cc.wav,Female_singing Fill_(with_liquid) Female_speech_and_woman_speaking
39e2f767.wav,Sneeze Bark Yell
39e35f03.wav,Fill_(with_liquid) Yell Shatter
39eb6dd5.wav,Skateboard Run Drawer_open_or_close
39f19344.wav,Traffic_noise_and_roadway_noise Gong Toilet_flush
3a2353bb.wav,Tick-tock Tap Church_bell
3a28e28a.wav,Mechanical_fan Waves_and_surf Motorcycle
3a2a4822.wav,Clapping Tap Finger_snapping
3a3e4b29.wav,Male_singing Electric_guitar Female_singing
3a49d5ed.wav,Female_speech_and_woman_speaking Gurgling Bathtub_(filling_or_washing)
3a4cf709.wav,Meow Yell Chirp_and_tweet
3a5e6dde.wav,Hiss Frying_(food) Toilet_flush
3a66e3df.wav,Fill_(with_liquid) Crackle Computer_keyboard
3a87c628.wav,Run Shatter Crackle
3a885c38.wav,Mechanical_fan Traffic_noise_and_roadway_noise Waves_and_surf
3a8b9afe.wav,Electric_guitar Male_singing Accordion
3aa5b432.wav,Waves_and_surf Traffic_noise_and_roadway_noise Skateboard
3ac609e1.wav,Mechanical_fan Car_passing_by Motorcycle
3acbee34.wav,Yell Screaming Meow
3adfb8f0.wav,Car_passing_by Hiss Cricket
3ae08e83.wav,Computer_keyboard Run Buzz
3ae0ea8b.wav,Run Drawer_open_or_close Printer
3b0a3361.wav,Male_singing Sigh Gasp
3b0b13f4.wav,Sneeze Sigh Bark
3b13f6a1.wav,Buzz Traffic_noise_and_roadway_noise Female_singing
3b23ed90.wav,Microwave_oven Bus Cutlery_and_silverware
3b252939.wav,Buzz Microwave_oven Male_singing
3b277890.wav,Toilet_flush Screaming Printer
3b382171.wav,Yell Sneeze Bark
3b3c2c67.wav,Raindrop Chewing_and_mastication Fill_(with_liquid)
3b75b456.wav,Traffic_noise_and_roadway_noise Motorcycle Accelerating_and_revving_and_vroom
3b7c7f94.wav,Run Walk_and_footsteps Drawer_open_or_close
3bb6024f.wav,Accelerating_and_revving_and_vroom Male_singing Waves_and_surf
3bb7c24d.wav,Tap Run Bass_drum
3bb9a722.wav,Whispering Male_speech_and_man_speaking Burping_and_eructation
3bda5fb0.wav,Car_passing_by Traffic_noise_and_roadway_noise Waves_and_surf
3bfcab18.wav,Marimba_and_xylophone Electric_guitar Bass_guitar
3c0370c8.wav,Tap Slam Drawer_open_or_close
3c1b9399.wav,Traffic_noise_and_roadway_noise Printer Run
3c20c95f.wav,Zipper_(clothing) Walk_and_footsteps Run
3c216393.wav,Finger_snapping Raindrop Male_speech_and_man_speaking
3c244ade.wav,Toilet_flush Bathtub_(filling_or_washing) Scissors
3c348e5c.wav,Scissors Cutlery_and_silverware Shatter
3c35237b.wav,Motorcycle Microwave_oven Mechanical_fan
3c40f472.wav,Male_singing Female_speech_and_woman_speaking Bark
3c525c1f.wav,Scissors Crackle Writing
3c590143.wav,Scissors Microwave_oven Zipper_(clothing)
3c90b11b.wav,Bicycle_bell Keys_jangling Shatter
3c95067e.wav,Shatter Hiss Gasp
3ca6b1a3.wav,Fill_(with_liquid) Trickle_and_dribble Marimba_and_xylophone
3caf1f70.wav,Crackle Purr Slam
3cc51361.wav,Electric_guitar Male_singing Male_speech_and_man_speaking
3cd30520.wav,Male_singing Sigh Burping_and_eructation
3ce0dcd0.wav,Female_speech_and_woman_speaking Cricket Buzz
3ce9fd74.wav,Toilet_flush Church_bell Printer
3cfeb0cd.wav,Shatter Crackle Drawer_open_or_close
3d07c63a.wav,Finger_snapping Sigh Tap
3d0beb6f.wav,Shatter Walk_and_footsteps Scissors
3d0dca90.wav,Church_bell Toilet_flush Female_singing
3d1d3f2b.wav,Male_singing Motorcycle Traffic_noise_and_roadway_noise
3d27f415.wav,Glockenspiel Harmonica Marimba_and_xylophone
3d287b47.wav,Scissors Microwave_oven Walk_and_footsteps
3d4e1dea.wav,Male_singing Electric_guitar Female_speech_and_woman_speaking
3d58d893.wav,Waves_and_surf Traffic_noise_and_roadway_noise Motorcycle
3d5f899d.wav,Harmonica Accelerating_and_revving_and_vroom Church_bell
3d633399.wav,Motorcycle Mechanical_fan Printer
3d7309d7.wav,Scissors Toilet_flush Keys_jangling
3d921767.wav,Bass_guitar Purr Motorcycle
3d9a715d.wav,Frying_(food) Bathtub_(filling_or_washing) Stream
3db04d3f.wav,Bass_guitar Purr Electric_guitar
3db44f6c.wav,Harmonica Female_singing Chink_and_clink
3ddb4122.wav,Chirp_and_tweet Scissors Hiss
3dedbba9.wav,Cutlery_and_silverware Shatter Hi-hat
3df2fc0e.wav,Motorcycle Mechanical_fan Accelerating_and_revving_and_vroom
3df5c540.wav,Finger_snapping Clapping Skateboard
3e230352.wav,Hiss Bus Whispering
3e3a6910.wav,Car_passing_by Traffic_noise_and_roadway_noise Accelerating_and_revving_and_vroom
3e4755ba.wav,Electric_guitar Bass_guitar Purr
3e52f857.wav,Chirp_and_tweet Cricket Male_speech_and_man_speaking
3e5ce660.wav,Waves_and_surf Mechanical_fan Cricket
3e656c6e.wav,Bicycle_bell Chink_and_clink Burping_and_eructation
3e65a00d.wav,Waves_and_surf Mechanical_fan Traffic_noise_and_roadway_noise
3e691b83.wav,Crackle Walk_and_footsteps Drawer_open_or_close
3e7889ed.wav,Cutlery_and_silverware Burping_and_eructation Sigh
3e83500f.wav,Waves_and_surf Car_passing_by Mechanical_fan
3e9967cf.wav,Walk_and_footsteps Run Drawer_open_or_close
3ebaff6d.wav,Motorcycle Waves_and_surf Mechanical_fan
3ecc19c5.wav,Bark Skateboard Chink_and_clink
3ed6c2b5.wav,Chink_and_clink Hi-hat Tick-tock
3efc0912.wav,Accordion Church_bell Electric_guitar
3f0f92ff.wav,Run Drawer_open_or_close Knock
3f15fd07.wav,Run Tick-tock Chink_and_clink
3f16d9f3.wav,Church_bell Printer Race_car_and_auto_racing
3f19e53c.wav,Cricket Purr Male_speech_and_man_speaking
3f1ca1bb.wav,Hiss Toilet_flush Frying_(food)
3f29038e.wav,Female_speech_and_woman_speaking Male_singing Electric_guitar
3f2dbd00.wav,Hi-hat Cutlery_and_silverware Whispering
3f4f4808.wav,Waves_and_surf Motorcycle Car_passing_by
3f53a02f.wav,Male_singing Electric_guitar Microwave_oven
3f7043d9.wav,Drawer_open_or_close Run Walk_and_footsteps
3f80cc56.wav,Sigh Shatter Chirp_and_tweet
3f96494a.wav,Microwave_oven Fart Run
3faf10be.wav,Traffic_noise_and_roadway_noise Mechanical_fan Car_passing_by
3fd4d55a.wav,Finger_snapping Clapping Bass_drum
400ff09d.wav,Toilet_flush Fill_(with_liquid) Scissors
402e2d1b.wav,Fart Zipper_(clothing) Microwave_oven
4030a4f2.wav,Bass_drum Slam Knock
4034f327.wav,Toilet_flush Printer Zipper_(clothing)
4037cd65.wav,Male_singing Cricket Female_speech_and_woman_speaking
4040f015.wav,Run Drawer_open_or_close Hiss
40449ca7.wav,Hiss Cutlery_and_silverware Hi-hat
404b54c0.wav,Cricket Fart Bus
404fb677.wav,Bus Traffic_noise_and_roadway_noise Car_passing_by
4053b801.wav,Sneeze Gasp Whispering
405c66af.wav,Shatter Fart Cutlery_and_silverware
406306b6.wav,Accordion Church_bell Gong
406a1cc1.wav,Male_singing Bark Male_speech_and_man_speaking
406ade5e.wav,Writing Hiss Raindrop
4093913f.wav,Toilet_flush Buzz Bathtub_(filling_or_washing)
40957335.wav,Fart Female_speech_and_woman_speaking Gasp
4098028d.wav,Computer_keyboard Drawer_open_or_close Skateboard
40afd1b3.wav,Hiss Whispering Finger_snapping
40c1ed87.wav,Finger_snapping Chirp_and_tweet Shatter
40c50046.wav,Writing Shatter Scissors
40d0726d.wav,Mechanical_fan Accelerating_and_revving_and_vroom Microwave_oven
40dd1274.wav,Toilet_flush Buzz Microwave_oven
40e25750.wav,Burping_and_eructation Gasp Chink_and_clink
410837eb.wav,Microwave_oven Knock Tap
410c2138.wav,Printer Shatter Motorcycle
411993fd.wav,Hi-hat Cutlery_and_silverware Finger_snapping
413b5427.wav,Accordion Harmonica Chink_and_clink
41522a65.wav,Cricket Chirp_and_tweet Finger_snapping
415f4c8f.wav,Bicycle_bell Chink_and_clink Cutlery_and_silverware
41759973.wav,Traffic_noise_and_roadway_noise Bus Mechanical_fan
419271cc.wav,Bicycle_bell Microwave_oven Chirp_and_tweet
4195cb1a.wav,Chink_and_clink Harmonica Burping_and_eructation
41af688a.wav,Male_speech_and_man_speaking Chirp_and_tweet Sneeze
41c60bba.wav,Knock Zipper_(clothing) Drawer_open_or_close
41cfee6d.wav,Accordion Gong Traffic_noise_and_roadway_noise
41f16193.wav,Printer Shatter Microwave_oven
41f1ea4a.wav,Cricket Microwave_oven Bus
41f86bc4.wav,Toilet_flush Sneeze Gasp
4215309a.wav,Scissors Chirp_and_tweet Bicycle_bell
4248d196.wav,Stream Waves_and_surf Traffic_noise_and_roadway_noise
42542036.wav,Buzz Church_bell Microwave_oven
