fname,label
000ccb97.wav,Keys_jangling Finger_snapping Scissors
0012633b.wav,Run Microwave_oven Motorcycle
001ed5f1.wav,Knock Crackle Slam
00294be0.wav,Purr Tick-tock Zipper_(clothing)
003fde7a.wav,Glockenspiel Church_bell Bicycle_bell
0040ccc9.wav,Bass_drum Knock Slam
0046b732.wav,Printer Microwave_oven Sigh
004f3bbc.wav,Bass_guitar Mechanical_fan Accelerating_and_revving_and_vroom
00526050.wav,Bass_drum Knock Slam
00559da4.wav,Run Zipper_(clothing) Crackle
00582bbe.wav,Microwave_oven Male_speech_and_man_speaking Slam
0064aedf.wav,Drawer_open_or_close Microwave_oven Slam
0065512b.wav,Knock Crackle Slam
006a91d2.wav,Waves_and_surf Stream Walk_and_footsteps
006ea9ee.wav,Gong Accelerating_and_revving_and_vroom Car_passing_by
006f9dca.wav,Hiss Frying_(food) Bathtub_(filling_or_washing)
007450dc.wav,Cricket Chirp_and_tweet Sigh
00979c8a.wav,Knock Microwave_oven Tap
00992464.wav,Gurgling Fill_(with_liquid) Whispering
00b44a8a.wav,Shatter Printer Keys_jangling
00bfaaaf.wav,Sigh Gasp Female_speech_and_woman_speaking
00cf9680.wav,Knock Crackle Tap
00eae94d.wav,Writing Keys_jangling Scissors
011ec5b8.wav,Male_speech_and_man_speaking Purr Zipper_(clothing)
013200dc.wav,Chewing_and_mastication Whispering Writing
01440c2e.wav,Accordion Frying_(food) Buzz
01567a3d.wav,Slam Tap Cupboard_open_or_close
0163d203.wav,Knock Purr Drawer_open_or_close
017c24b2.wav,Male_speech_and_man_speaking Church_bell Meow
01a992c5.wav,Mechanical_fan Cricket Purr
01b1d976.wav,Tap Finger_snapping Keys_jangling
01c1c371.wav,Tick-tock Purr Zipper_(clothing)
01cf8354.wav,Bicycle_bell Microwave_oven Chink_and_clink
01d2c640.wav,Purr Bus Writing
01d69423.wav,Knock Slam Skateboard
01e9170b.wav,Hiss Harmonica Bicycle_bell
01f2901a.wav,Bathtub_(filling_or_washing) Scissors Crackle
020b1fdf.wav,Bus Microwave_oven Motorcycle
021457df.wav,Crackle Knock Purr
02173589.wav,Gong Female_singing Marimba_and_xylophone
021ac082.wav,Bathtub_(filling_or_washing) Frying_(food) Stream
02200884.wav,Microwave_oven Tick-tock Computer_keyboard
02213278.wav,Writing Hiss Cricket
022e3b2c.wav,Crackle Run Purr
023081f2.wav,Glockenspiel Sigh Hiss
02596541.wav,Glockenspiel Church_bell Gong
0289b79b.wav,Microwave_oven Printer Motorcycle
028cf9db.wav,Printer Bark Marimba_and_xylophone
028d26f7.wav,Keys_jangling Shatter Sigh
02ab2a72.wav,Skateboard Printer Microwave_oven
02c02ec1.wav,Church_bell Bus Traffic_noise_and_roadway_noise
02ce28a1.wav,Bus Waves_and_surf Traffic_noise_and_roadway_noise
02d01f40.wav,Keys_jangling Scissors Chewing_and_mastication
02da7457.wav,Keys_jangling Hiss Frying_(food)
02e17633.wav,Run Motorcycle Microwave_oven
02e8059d.wav,Marimba_and_xylophone Male_speech_and_man_speaking Gong
02f71319.wav,Hiss Frying_(food) Hi-hat
03090fb0.wav,Cricket Sigh Hiss
03162c23.wav,Drawer_open_or_close Microwave_oven Printer
032f518c.wav,Motorcycle Electric_guitar Bass_guitar
03300fcb.wav,Bass_guitar Church_bell Gong
035dd895.wav,Drawer_open_or_close Crackle Zipper_(clothing)
03754ab4.wav,Hi-hat Hiss Printer
037b47c4.wav,Burping_and_eructation Gurgling Skateboard
03887635.wav,Knock Purr Microwave_oven
03931594.wav,Shatter Sneeze Cupboard_open_or_close
039d2821.wav,Female_speech_and_woman_speaking Male_speech_and_man_speaking Chirp_and_tweet
03a47c4a.wav,Knock Crackle Tap
03b80975.wav,Waves_and_surf Stream Traffic_noise_and_roadway_noise
03c5e8d0.wav,Crackle Knock Slam
03fe2971.wav,Marimba_and_xylophone Tap Whispering
04008bb5.wav,Keys_jangling Shatter Sigh
040c5c0c.wav,Run Zipper_(clothing) Chewing_and_mastication
041cff59.wav,Knock Tap Keys_jangling
042b07a4.wav,Race_car_and_auto_racing Church_bell Traffic_noise_and_roadway_noise
042b542f.wav,Electric_guitar Church_bell Bass_guitar
04308d8d.wav,Burping_and_eructation Fart Microwave_oven
04355ea8.wav,Female_speech_and_woman_speaking Male_speech_and_man_speaking Chirp_and_tweet
0442a617.wav,Sneeze Female_speech_and_woman_speaking Meow
0443f812.wav,Sigh Shatter Microwave_oven
04441d5b.wav,Knock Crackle Drawer_open_or_close
0453bb71.wav,Harmonica Buzz Bark
04702c1c.wav,Tick-tock Sneeze Marimba_and_xylophone
047ba0e1.wav,Keys_jangling Writing Chewing_and_mastication
04877d29.wav,Traffic_noise_and_roadway_noise Car_passing_by Bus
048c3418.wav,Run Skateboard Walk_and_footsteps
04a5c9eb.wav,Motorcycle Accelerating_and_revving_and_vroom Traffic_noise_and_roadway_noise
04ad8e52.wav,Gurgling Whispering Cricket
04af82d9.wav,Purr Motorcycle Bus
04b1558a.wav,Chewing_and_mastication Sneeze Trickle_and_dribble
04de7b9a.wav,Crackle Scissors Run
04e8bf2a.wav,Knock Drawer_open_or_close Slam
04f004fe.wav,Bus Traffic_noise_and_roadway_noise Motorcycle
04f48f10.wav,Gong Knock Tap
0506eee8.wav,Accelerating_and_revving_and_vroom Bus Motorcycle
050eb97f.wav,Drawer_open_or_close Microwave_oven Printer
051bda9a.wav,Cricket Writing Purr
057a3c2e.wav,Knock Drawer_open_or_close Slam
057c13c8.wav,Meow Male_speech_and_man_speaking Screaming
058a4a79.wav,Gurgling Male_speech_and_man_speaking Chirp_and_tweet
058ec864.wav,Bicycle_bell Cricket Purr
05af19b1.wav,Traffic_noise_and_roadway_noise Bus Motorcycle
05c881c4.wav,Keys_jangling Scissors Frying_(food)
05d775e9.wav,Stream Waves_and_surf Hiss
05dae80d.wav,Traffic_noise_and_roadway_noise Church_bell Microwave_oven
05e34a55.wav,Frying_(food) Bathtub_(filling_or_washing) Hiss
05edaa47.wav,Knock Crackle Walk_and_footsteps
060b802f.wav,Microwave_oven Female_speech_and_woman_speaking Bark
060d2d47.wav,Zipper_(clothing) Knock Purr
062e94dd.wav,Marimba_and_xylophone Tick-tock Glockenspiel
06345241.wav,Screaming Meow Sigh
0648b115.wav,Clapping Whispering Skateboard
06526954.wav,Knock Crackle Drawer_open_or_close
065b49ec.wav,Knock Microwave_oven Shatter
06604d51.wav,Knock Tap Burping_and_eructation
068b717f.wav,Female_speech_and_woman_speaking Yell Sigh
069b2f91.wav,Burping_and_eructation Purr Bark
069f3ce5.wav,Meow Female_speech_and_woman_speaking Sneeze
06a23eb9.wav,Cricket Accelerating_and_revving_and_vroom Traffic_noise_and_roadway_noise
06c34152.wav,Hiss Sigh Hi-hat
06feb5cf.wav,Motorcycle Microwave_oven Church_bell
0718ce8d.wav,Run Fart Walk_and_footsteps
07295dd0.wav,Knock Bass_drum Fart
072ee4b2.wav,Run Knock Tick-tock
074cbe2b.wav,Meow Yell Sigh
07502956.wav,Knock Crackle Drawer_open_or_close
07603ad3.wav,Knock Waves_and_surf Bus
07670752.wav,Bathtub_(filling_or_washing) Crackle Frying_(food)
077f270d.wav,Gong Tap Tick-tock
0782d022.wav,Screaming Sigh Meow
078464b8.wav,Run Hiss Waves_and_surf
07a82fbe.wav,Knock Skateboard Microwave_oven
07bca33c.wav,Chink_and_clink Sigh Microwave_oven
07da8ebf.wav,Meow Yell Female_singing
07dff283.wav,Microwave_oven Traffic_noise_and_roadway_noise Bus
07f965a0.wav,Stream Waves_and_surf Bathtub_(filling_or_washing)
07fa6e7e.wav,Burping_and_eructation Gasp Sneeze
08087580.wav,Run Gurgling Zipper_(clothing)
0814db2b.wav,Accordion Church_bell Gong
0815543c.wav,Fart Male_speech_and_man_speaking Clapping
081d6520.wav,Shatter Hi-hat Keys_jangling
081f2b5a.wav,Microwave_oven Knock Slam
0824bbdb.wav,Keys_jangling Shatter Bicycle_bell
08272d1c.wav,Motorcycle Bus Purr
08278440.wav,Burping_and_eructation Gasp Sneeze
0837e041.wav,Knock Drawer_open_or_close Slam
08390e01.wav,Hiss Frying_(food) Keys_jangling
083cc652.wav,Yell Meow Bark
08458ab2.wav,Knock Run Crackle
0849057f.wav,Male_speech_and_man_speaking Sneeze Female_speech_and_woman_speaking
084e5784.wav,Male_speech_and_man_speaking Sneeze Marimba_and_xylophone
085f174a.wav,Church_bell Gong Burping_and_eructation
0865816c.wav,Knock Slam Bass_drum
086ce4a5.wav,Bus Traffic_noise_and_roadway_noise Microwave_oven
086ebb95.wav,Motorcycle Traffic_noise_and_roadway_noise Microwave_oven
08810dd4.wav,Knock Purr Slam
08b06642.wav,Yell Chirp_and_tweet Cricket
08b2d04c.wav,Sneeze Gasp Sigh
08bc3e2d.wav,Knock Drawer_open_or_close Slam
08d46566.wav,Crackle Knock Keys_jangling
08d4acca.wav,Gong Bass_guitar Church_bell
08d5d316.wav,Waves_and_surf Stream Traffic_noise_and_roadway_noise
08dfe75d.wav,Knock Crackle Bass_drum
08eb3a69.wav,Bus Cricket Mechanical_fan
08f36895.wav,Microwave_oven Skateboard Knock
08facc12.wav,Cricket Whispering Chirp_and_tweet
090cc523.wav,Chewing_and_mastication Keys_jangling Crackle
091fa206.wav,Sneeze Shatter Hiss
092d8e54.wav,Run Crackle Knock
094761b8.wav,Microwave_oven Tap Printer
0963270d.wav,Gurgling Run Chewing_and_mastication
0992b95a.wav,Purr Run Motorcycle
0997968e.wav,Stream Waves_and_surf Run
09a67356.wav,Drawer_open_or_close Printer Bus
09d085e3.wav,Waves_and_surf Bus Run
0a31c905.wav,Printer Run Motorcycle
0a3c2351.wav,Microwave_oven Cricket Drawer_open_or_close
0a4d3800.wav,Purr Slam Tick-tock
0a4ff0fb.wav,Fart Female_speech_and_woman_speaking Shatter
0a56e261.wav,Microwave_oven Sigh Meow
0a64010f.wav,Meow Traffic_noise_and_roadway_noise Microwave_oven
0a683136.wav,Bass_guitar Motorcycle Purr
0a6e6889.wav,Gong Accelerating_and_revving_and_vroom Mechanical_fan
0a8e1630.wav,Knock Crackle Slam
0a950c32.wav,Male_speech_and_man_speaking Gong Microwave_oven
0aee7a2a.wav,Waves_and_surf Skateboard Stream
0af7446d.wav,Tick-tock Zipper_(clothing) Computer_keyboard
0b1503e8.wav,Sigh Gasp Marimba_and_xylophone
0b33d746.wav,Meow Yell Traffic_noise_and_roadway_noise
0b4819f1.wav,Bus Cricket Mechanical_fan
0b5c6535.wav,Knock Crackle Tick-tock
0b73077e.wav,Bark Meow Whispering
0b9e93e6.wav,Printer Microwave_oven Cupboard_open_or_close
0ba7fe6b.wav,Knock Bass_drum Finger_snapping
0bacb61b.wav,Knock Crackle Keys_jangling
0bb86b6c.wav,Burping_and_eructation Sneeze Sigh
0bbe8308.wav,Tap Fart Burping_and_eructation
0bc36580.wav,Male_singing Female_speech_and_woman_speaking Male_speech_and_man_speaking
0bc7822a.wav,Tick-tock Computer_keyboard Run
0bdcdfba.wav,Knock Slam Drawer_open_or_close
0bec3f54.wav,Knock Crackle Tap
0c151ad3.wav,Waves_and_surf Stream Traffic_noise_and_roadway_noise
0c16f612.wav,Harmonica Female_singing Accordion
0c32d940.wav,Yell Bark Marimba_and_xylophone
0c390f3c.wav,Burping_and_eructation Marimba_and_xylophone Sigh
0c3b2573.wav,Motorcycle Microwave_oven Slam
0c5ba768.wav,Tap Knock Slam
0c698ef7.wav,Knock Crackle Tap
0c8d9148.wav,Motorcycle Accelerating_and_revving_and_vroom Mechanical_fan
0c8def18.wav,Traffic_noise_and_roadway_noise Bus Motorcycle
0c949702.wav,Toilet_flush Frying_(food) Hi-hat
0cb33d03.wav,Sigh Bus Gong
0cb4cde3.wav,Purr Tick-tock Knock
0cdddb37.wav,Knock Tap Keys_jangling
0ce84f9b.wav,Motorcycle Bus Traffic_noise_and_roadway_noise
0cfe3f96.wav,Gurgling Whispering Bark
0d000cd7.wav,Male_speech_and_man_speaking Gasp Sneeze
0d1b11e0.wav,Cricket Male_speech_and_man_speaking Female_speech_and_woman_speaking
0d2230eb.wav,Cricket Whispering Hiss
0d2707f4.wav,Glockenspiel Gong Church_bell
0d34341d.wav,Microwave_oven Drawer_open_or_close Gong
0d3dc96c.wav,Shatter Fart Keys_jangling
0d507c20.wav,Church_bell Traffic_noise_and_roadway_noise Gong
0d540ee1.wav,Chewing_and_mastication Writing Run
0d5516ef.wav,Cricket Bus Purr
0d6564bb.wav,Female_singing Bark Female_speech_and_woman_speaking
0d673a8c.wav,Knock Finger_snapping Gong
0d74277e.wav,Printer Motorcycle Computer_keyboard
0d8d7af9.wav,Knock Drawer_open_or_close Microwave_oven
0d8e2166.wav,Printer Shatter Keys_jangling
0d8f3f54.wav,Bass_drum Knock Slam
0d9caeeb.wav,Run Bus Mechanical_fan
0da3d582.wav,Bus Computer_keyboard Whispering
0dc06757.wav,Female_speech_and_woman_speaking Meow Bark
0dc813d8.wav,Crackle Scissors Tick-tock
0dce3e5f.wav,Run Chewing_and_mastication Bathtub_(filling_or_washing)
0dcf1534.wav,Microwave_oven Waves_and_surf Bus
0dda644b.wav,Chewing_and_mastication Gurgling Writing
0ddd0393.wav,Tap Finger_snapping Hi-hat
0de2a4b2.wav,Female_speech_and_woman_speaking Male_speech_and_man_speaking Electric_guitar
0de4fc92.wav,Gong Church_bell Traffic_noise_and_roadway_noise
0df1484c.wav,Purr Microwave_oven Slam
0e18c7d2.wav,Knock Crackle Tap
0e3e2590.wav,Microwave_oven Bus Printer
0e4be6a4.wav,Bus Traffic_noise_and_roadway_noise Car_passing_by
0e6552c7.wav,Knock Microwave_oven Slam
0e70a285.wav,Cricket Bathtub_(filling_or_washing) Crackle
0e7f5c7e.wav,Run Waves_and_surf Stream
0e9e941b.wav,Gurgling Male_speech_and_man_speaking Bus
0ea99bf4.wav,Sigh Gasp Bark
0eaf6d60.wav,Knock Crackle Drawer_open_or_close
0ec7e315.wav,Bus Traffic_noise_and_roadway_noise Car_passing_by
0ed20fe2.wav,Knock Crackle Walk_and_footsteps
0ee80cb7.wav,Male_singing Female_speech_and_woman_speaking Electric_guitar
0ef6fb07.wav,Sigh Microwave_oven Keys_jangling
0f07f15f.wav,Knock Crackle Tap
0f08a4c8.wav,Knock Purr Crackle
0f096853.wav,Bus Motorcycle Microwave_oven
0f1ab7b0.wav,Knock Crackle Slam
0f3fe29d.wav,Run Stream Zipper_(clothing)
0f50ef2b.wav,Motorcycle Traffic_noise_and_roadway_noise Bus
0f61907d.wav,Motorcycle Traffic_noise_and_roadway_noise Car_passing_by
0f663341.wav,Knock Slam Drawer_open_or_close
0f81d5bc.wav,Tick-tock Computer_keyboard Writing
0faf5b2e.wav,Accelerating_and_revving_and_vroom Motorcycle Traffic_noise_and_roadway_noise
0fc07a52.wav,Run Crackle Zipper_(clothing)
0fc6a683.wav,Hiss Frying_(food) Bathtub_(filling_or_washing)
0fccb2e5.wav,Shatter Keys_jangling Hiss
0fd91890.wav,Male_speech_and_man_speaking Sigh Meow
0fdb30c1.wav,Knock Microwave_oven Slam
0fed6565.wav,Hiss Toilet_flush Sigh
0ff0e483.wav,Female_speech_and_woman_speaking Bark Sneeze
0fffc208.wav,Knock Tap Printer
100e123a.wav,Bus Motorcycle Fart
100faf3f.wav,Cricket Tick-tock Sigh
101b2011.wav,Marimba_and_xylophone Slam Knock
10234fef.wav,Bass_drum Knock Slam
10236f0e.wav,Male_speech_and_man_speaking Cricket Gong
102fb14f.wav,Bass_guitar Gong Accelerating_and_revving_and_vroom
1052e52b.wav,Burping_and_eructation Skateboard Gurgling
105460cd.wav,Church_bell Hiss Gong
10678d21.wav,Keys_jangling Shatter Fart
107f3deb.wav,Run Zipper_(clothing) Computer_keyboard
10811159.wav,Run Zipper_(clothing) Walk_and_footsteps
10a1aa40.wav,Waves_and_surf Stream Skateboard
10a7b8f3.wav,Hiss Cricket Bark
10acf1b6.wav,Purr Mechanical_fan Writing
10c170b1.wav,Fart Whispering Walk_and_footsteps
10d026e9.wav,Knock Crackle Bass_drum
10d94568.wav,Skateboard Run Zipper_(clothing)
10e6a6ac.wav,Knock Crackle Keys_jangling
10e6db66.wav,Sneeze Male_speech_and_man_speaking Gurgling
10e92421.wav,Electric_guitar Church_bell Traffic_noise_and_roadway_noise
10f58e51.wav,Church_bell Bass_guitar Electric_guitar
11071bad.wav,Tap Shatter Finger_snapping
111f9431.wav,Printer Whispering Waves_and_surf
112bdb70.wav,Female_singing Marimba_and_xylophone Meow
113290e8.wav,Keys_jangling Chewing_and_mastication Shatter
1142def0.wav,Keys_jangling Scissors Writing
1147c12b.wav,Microwave_oven Marimba_and_xylophone Sigh
1158e587.wav,Keys_jangling Bicycle_bell Cutlery_and_silverware
11641eb8.wav,Drawer_open_or_close Waves_and_surf Bus
1167b492.wav,Sneeze Female_speech_and_woman_speaking Male_speech_and_man_speaking
1172c5fb.wav,Church_bell Bus Motorcycle
117358df.wav,Knock Crackle Keys_jangling
1175ac74.wav,Knock Crackle Zipper_(clothing)
11b6c488.wav,Run Crackle Chewing_and_mastication
11cc8bcb.wav,Run Purr Zipper_(clothing)
12264142.wav,Burping_and_eructation Female_speech_and_woman_speaking Male_speech_and_man_speaking
1226b0e0.wav,Gurgling Fart Male_speech_and_man_speaking
1247b7e3.wav,Microwave_oven Accordion Traffic_noise_and_roadway_noise
124a286f.wav,Zipper_(clothing) Sneeze Gurgling
12600be5.wav,Knock Crackle Tick-tock
12689530.wav,Tick-tock Accordion Buzz
126b674b.wav,Scissors Drawer_open_or_close Crackle
127adb78.wav,Bark Female_singing Female_speech_and_woman_speaking
12849e29.wav,Hiss Buzz Bathtub_(filling_or_washing)
128a67de.wav,Knock Crackle Tap
12bcd3ec.wav,Cricket Waves_and_surf Writing
12d3e91f.wav,Fart Purr Microwave_oven
12d8c07f.wav,Bus Microwave_oven Slam
12ddf239.wav,Tick-tock Slam Drawer_open_or_close
12df81e8.wav,Stream Waves_and_surf Crackle
12ee0010.wav,Chewing_and_mastication Computer_keyboard Writing
12fe33b6.wav,Microwave_oven Printer Motorcycle
130e4d2f.wav,Sneeze Gasp Sigh
13237edd.wav,Cricket Chirp_and_tweet Hiss
134c3fea.wav,Finger_snapping Clapping Hi-hat
134c95a2.wav,Crackle Writing Keys_jangling
13694181.wav,Knock Slam Crackle
13728313.wav,Car_passing_by Traffic_noise_and_roadway_noise Accelerating_and_revving_and_vroom
13ae306e.wav,Bicycle_bell Gong Microwave_oven
13cfa025.wav,Bus Traffic_noise_and_roadway_noise Printer
13e3453c.wav,Bathtub_(filling_or_washing) Frying_(food) Hiss
13e84f69.wav,Cricket Bicycle_bell Microwave_oven
14096fd8.wav,Run Computer_keyboard Waves_and_surf
142b9865.wav,Keys_jangling Crackle Writing
1438cfd0.wav,Sigh Motorcycle Meow
143e6d96.wav,Bicycle_bell Cricket Keys_jangling
14416af5.wav,Purr Tick-tock Cricket
1451986d.wav,Drawer_open_or_close Shatter Microwave_oven
145a10e4.wav,Knock Microwave_oven Run
146c73a3.wav,Marimba_and_xylophone Harmonica Church_bell
14ab7f13.wav,Run Knock Purr
14cbc626.wav,Purr Cricket Male_speech_and_man_speaking
14d22f20.wav,Tick-tock Chewing_and_mastication Writing
14e86cfb.wav,Knock Finger_snapping Clapping
14fd704c.wav,Knock Run Purr
151ea709.wav,Stream Clapping Cricket
15288481.wav,Church_bell Printer Toilet_flush
152a4e09.wav,Cricket Stream Chirp_and_tweet
153579d9.wav,Run Waves_and_surf Crackle
1544427c.wav,Zipper_(clothing) Run Computer_keyboard
154696fd.wav,Waves_and_surf Run Bus
156bf74f.wav,Toilet_flush Frying_(food) Writing
156c1736.wav,Church_bell Printer Microwave_oven
15776b9c.wav,Zipper_(clothing) Sneeze Gurgling
157dd023.wav,Scissors Keys_jangling Hiss
15849032.wav,Cricket Chirp_and_tweet Finger_snapping
15868ee8.wav,Cricket Chirp_and_tweet Writing
159b8b9b.wav,Tick-tock Writing Chewing_and_mastication
159d2208.wav,Tick-tock Zipper_(clothing) Knock
15a78daf.wav,Microwave_oven Skateboard Burping_and_eructation
15a98fd7.wav,Knock Bass_drum Tap
15b0d4ec.wav,Knock Crackle Tap
15bcf71d.wav,Bass_guitar Accelerating_and_revving_and_vroom Car_passing_by
15c34c4f.wav,Microwave_oven Computer_keyboard Slam
15e2bcaa.wav,Accordion Harmonica Buzz
15e7bb78.wav,Keys_jangling Scissors Chewing_and_mastication
160105ad.wav,Female_singing Male_singing Electric_guitar
1604a3fa.wav,Tick-tock Chewing_and_mastication Computer_keyboard
1606f119.wav,Male_speech_and_man_speaking Cricket Purr
160acbb0.wav,Cricket Accelerating_and_revving_and_vroom Mechanical_fan
165fd18a.wav,Microwave_oven Motorcycle Run
166a05c0.wav,Skateboard Walk_and_footsteps Female_speech_and_woman_speaking
1670b964.wav,Run Zipper_(clothing) Skateboard
167a4f00.wav,Chirp_and_tweet Cricket Frying_(food)
168be388.wav,Bark Male_speech_and_man_speaking Marimba_and_xylophone
16b56d33.wav,Sigh Hiss Burping_and_eructation
16bc3f60.wav,Fart Sneeze Shatter
16c7da35.wav,Stream Waves_and_surf Run
16d80f68.wav,Electric_guitar Microwave_oven Motorcycle
16e17bed.wav,Traffic_noise_and_roadway_noise Car_passing_by Bus
16f7ac14.wav,Microwave_oven Motorcycle Printer
16fd3589.wav,Run Microwave_oven Motorcycle
17135192.wav,Bicycle_bell Cricket Keys_jangling
17140de5.wav,Gurgling Run Printer
171aa36c.wav,Fart Writing Cricket
17361a5c.wav,Waves_and_surf Run Walk_and_footsteps
1751bb8a.wav,Tick-tock Crackle Chewing_and_mastication
1779b015.wav,Electric_guitar Church_bell Traffic_noise_and_roadway_noise
17b6e84f.wav,Crackle Knock Keys_jangling
17c4b25f.wav,Church_bell Sigh Hiss
17dfb6db.wav,Knock Slam Cupboard_open_or_close
1802421a.wav,Traffic_noise_and_roadway_noise Printer Drawer_open_or_close
18183321.wav,Bus Traffic_noise_and_roadway_noise Church_bell
183948d1.wav,Run Skateboard Motorcycle
183fb536.wav,Traffic_noise_and_roadway_noise Accelerating_and_revving_and_vroom Sigh
1843680b.wav,Sneeze Zipper_(clothing) Skateboard
184aca02.wav,Crackle Frying_(food) Bathtub_(filling_or_washing)
18551bc1.wav,Female_speech_and_woman_speaking Microwave_oven Burping_and_eructation
1859b7f7.wav,Keys_jangling Chewing_and_mastication Writing
1877623e.wav,Slam Male_speech_and_man_speaking Marimba_and_xylophone
1889c58d.wav,Sneeze Male_speech_and_man_speaking Gasp
18929e41.wav,Harmonica Accordion Buzz
1899de05.wav,Knock Bass_drum Slam
18ace84c.wav,Female_speech_and_woman_speaking Male_singing Male_speech_and_man_speaking
18be000d.wav,Waves_and_surf Knock Drawer_open_or_close
18c94757.wav,Hiss Hi-hat Harmonica
18ea2e9e.wav,Printer Skateboard Run
18fda5a4.wav,Motorcycle Accelerating_and_revving_and_vroom Traffic_noise_and_roadway_noise
1904f396.wav,Gurgling Skateboard Bark
19135157.wav,Knock Slam Run
191adc5f.wav,Male_speech_and_man_speaking Bark Female_speech_and_woman_speaking
19303d26.wav,Accelerating_and_revving_and_vroom Motorcycle Cricket
193a6063.wav,Knock Crackle Drawer_open_or_close
1945b8ca.wav,Toilet_flush Frying_(food) Printer
19508dc0.wav,Traffic_noise_and_roadway_noise Motorcycle Bus
1960e51e.wav,Male_speech_and_man_speaking Gurgling Sneeze
19754d94.wav,Female_singing Cricket Bark
197ce5b2.wav,Female_speech_and_woman_speaking Male_singing Sneeze
199d4d12.wav,Male_speech_and_man_speaking Sneeze Bark
19a7dec3.wav,Gurgling Male_speech_and_man_speaking Purr
19bb5700.wav,Printer Sigh Microwave_oven
19c7c900.wav,Meow Sigh Marimba_and_xylophone
19d9401d.wav,Gurgling Tap Burping_and_eructation
19dcb315.wav,Tick-tock Knock Computer_keyboard
1a068a84.wav,Burping_and_eructation Motorcycle Bass_guitar
1a0d1b78.wav,Traffic_noise_and_roadway_noise Bus Waves_and_surf
1a110901.wav,Cricket Accelerating_and_revving_and_vroom Drawer_open_or_close
1a1de9b9.wav,Buzz Church_bell Accordion
1a1def6e.wav,Skateboard Zipper_(clothing) Walk_and_footsteps
1a1edda6.wav,Female_speech_and_woman_speaking Bark Male_singing
1a2580e1.wav,Car_passing_by Traffic_noise_and_roadway_noise Bus
1a35ded5.wav,Chewing_and_mastication Gurgling Hiss
1a362723.wav,Meow Yell Male_speech_and_man_speaking
1a44ace1.wav,Gong Bass_guitar Purr
1a51eefe.wav,Fill_(with_liquid) Gurgling Trickle_and_dribble
1a5c4e84.wav,Run Waves_and_surf Walk_and_footsteps
1a606ef2.wav,Purr Motorcycle Accelerating_and_revving_and_vroom
1a6925fa.wav,Keys_jangling Writing Computer_keyboard
1a884f9e.wav,Microwave_oven Computer_keyboard Meow
1abdac69.wav,Chewing_and_mastication Keys_jangling Gurgling
1ac6f6f3.wav,Sigh Microwave_oven Skateboard
1acae695.wav,Car_passing_by Bus Waves_and_surf
1acb3d32.wav,Gong Marimba_and_xylophone Electric_guitar
1ad7f703.wav,Run Gurgling Motorcycle
1ae3ca16.wav,Crackle Run Purr
1aec75a6.wav,Crackle Writing Chewing_and_mastication
1b0687b2.wav,Meow Sneeze Gasp
1b086eb7.wav,Purr Run Zipper_(clothing)
1b0a3884.wav,Sigh Whispering Microwave_oven
1b1d1b2d.wav,Shatter Hiss Sigh
1b3ecd82.wav,Motorcycle Traffic_noise_and_roadway_noise Accelerating_and_revving_and_vroom
1b5b6468.wav,Skateboard Tap Cutlery_and_silverware
1b5daf72.wav,Knock Crackle Drawer_open_or_close
1b68d94a.wav,Drawer_open_or_close Slam Microwave_oven
1ba04ecc.wav,Crackle Knock Keys_jangling
1bc14732.wav,Sigh Sneeze Chink_and_clink
1bcfdfb5.wav,Motorcycle Microwave_oven Burping_and_eructation
1bd82417.wav,Church_bell Hi-hat Gong
1be1c727.wav,Microwave_oven Drawer_open_or_close Printer
1bfd4be2.wav,Skateboard Gurgling Printer
1c0e284a.wav,Bus Motorcycle Printer
1c0fbe4b.wav,Marimba_and_xylophone Gong Traffic_noise_and_roadway_noise
1c1dd720.wav,Female_singing Male_singing Cricket
1c3bd325.wav,Hiss Sigh Gong
1c699cb7.wav,Microwave_oven Bus Mechanical_fan
1c6d56db.wav,Hiss Glockenspiel Keys_jangling
1c77cedf.wav,Waves_and_surf Stream Crackle
1c785226.wav,Run Knock Zipper_(clothing)
1c79ca96.wav,Knock Crackle Keys_jangling
1c8369cf.wav,Zipper_(clothing) Purr Run
1c983e19.wav,Printer Computer_keyboard Run
1c9e3f10.wav,Slam Knock Cupboard_open_or_close
1cc5b5f7.wav,Gurgling Chewing_and_mastication Sneeze
1cd55ad6.wav,Motorcycle Traffic_noise_and_roadway_noise Bus
1cf8379b.wav,Cricket Hiss Mechanical_fan
1d11b910.wav,Crackle Run Scissors
1d1778c4.wav,Bass_drum Bass_guitar Slam
1d1863a4.wav,Motorcycle Traffic_noise_and_roadway_noise Accelerating_and_revving_and_vroom
1d2459ce.wav,Sneeze Male_speech_and_man_speaking Female_speech_and_woman_speaking
1d279116.wav,Knock Drawer_open_or_close Tap
1d33f8e1.wav,Sigh Hiss Whispering
1d4ae8ab.wav,Crackle Zipper_(clothing) Writing
1d58040b.wav,Meow Child_speech_and_kid_speaking Yell
1d6f2b16.wav,Female_speech_and_woman_speaking Bark Male_singing
1d7d2a17.wav,Bus Waves_and_surf Traffic_noise_and_roadway_noise
1db41feb.wav,Church_bell Gong Bark
1dbcd4ba.wav,Computer_keyboard Printer Bathtub_(filling_or_washing)
1dc3166b.wav,Microwave_oven Drawer_open_or_close Fart
1dc417cd.wav,Crackle Knock Walk_and_footsteps
1dcc4dd4.wav,Bus Motorcycle Microwave_oven
1de84153.wav,Knock Car_passing_by Microwave_oven
1ded5864.wav,Knock Slam Crackle
1def6435.wav,Run Computer_keyboard Writing
1dfa910d.wav,Knock Crackle Keys_jangling
1e0b81a9.wav,Male_speech_and_man_speaking Female_speech_and_woman_speaking Electric_guitar
1e1a72d5.wav,Knock Slam Zipper_(clothing)
1e1e674a.wav,Hiss Zipper_(clothing) Run
1e3763ba.wav,Traffic_noise_and_roadway_noise Meow Bus
1e3cd2f0.wav,Female_speech_and_woman_speaking Child_speech_and_kid_speaking Bark
1e6572de.wav,Knock Microwave_oven Drawer_open_or_close
1e6e9131.wav,Skateboard Sneeze Zipper_(clothing)
1e6fe316.wav,Stream Waves_and_surf Run
1e7b59a7.wav,Meow Sneeze Yell
1e8a965c.wav,Mechanical_fan Traffic_noise_and_roadway_noise Waves_and_surf
1e8fe3d2.wav,Female_singing Cricket Male_singing
1ea533ec.wav,Knock Crackle Tap
1eac92a1.wav,Accordion Church_bell Gong
1ec2f60d.wav,Zipper_(clothing) Drawer_open_or_close Microwave_oven
1eda3d26.wav,Meow Screaming Race_car_and_auto_racing
1f27827e.wav,Electric_guitar Harmonica Meow
1f293888.wav,Knock Bass_drum Slam
1f3d2f22.wav,Stream Waves_and_surf Traffic_noise_and_roadway_noise
1f52baf2.wav,Microwave_oven Sigh Marimba_and_xylophone
1f58cc84.wav,Female_speech_and_woman_speaking Electric_guitar Male_singing
1f63c45e.wav,Run Male_speech_and_man_speaking Zipper_(clothing)
1f85a5c7.wav,Skateboard Bark Sigh
1f9c1f3e.wav,Electric_guitar Microwave_oven Church_bell
1fc0282a.wav,Run Waves_and_surf Zipper_(clothing)
1fc8f9a5.wav,Purr Microwave_oven Mechanical_fan
1fd74cc3.wav,Sigh Glockenspiel Printer
1fde2c61.wav,Run Knock Crackle
1fe639ee.wav,Run Tick-tock Computer_keyboard
1fec2121.wav,Knock Drawer_open_or_close Skateboard
1ff215f3.wav,Printer Skateboard Tick-tock
200b6920.wav,Bus Microwave_oven Drawer_open_or_close
2012b2f4.wav,Knock Skateboard Microwave_oven
201c18ee.wav,Waves_and_surf Run Drawer_open_or_close
20612e10.wav,Church_bell Male_speech_and_man_speaking Traffic_noise_and_roadway_noise
2069253a.wav,Female_speech_and_woman_speaking Bark Male_speech_and_man_speaking
206c0a24.wav,Fart Shatter Run
20801c98.wav,Sigh Hiss Car_passing_by
2087f937.wav,Tick-tock Sneeze Purr
20898b89.wav,Stream Bathtub_(filling_or_washing) Hiss
20b16812.wav,Bicycle_bell Microwave_oven Cricket
20c3541c.wav,Keys_jangling Scissors Chewing_and_mastication
20d2ad1c.wav,Meow Cricket Screaming
20dc6392.wav,Purr Computer_keyboard Slam
20e285c7.wav,Microwave_oven Printer Sigh
21102a3a.wav,Chewing_and_mastication Zipper_(clothing) Tick-tock
2113043a.wav,Marimba_and_xylophone Gong Church_bell
2142adda.wav,Meow Female_speech_and_woman_speaking Bark
21447ea7.wav,Accordion Harmonica Gong
21455882.wav,Hiss Cricket Frying_(food)
2157612c.wav,Cricket Male_speech_and_man_speaking Chirp_and_tweet
2159eea8.wav,Shatter Sigh Keys_jangling
2175b26d.wav,Bass_guitar Motorcycle Church_bell
217b109a.wav,Car_passing_by Traffic_noise_and_roadway_noise Bus
2189acc6.wav,Harmonica Female_singing Accordion
218b15dc.wav,Male_speech_and_man_speaking Screaming Cricket
218c8907.wav,Bus Cricket Stream
21b0c9cb.wav,Knock Tick-tock Crackle
21b24d69.wav,Tap Knock Bass_drum
21b601cd.wav,Gong Motorcycle Church_bell
21d2eb4c.wav,Sigh Gasp Burping_and_eructation
21d49986.wav,Knock Crackle Bass_drum
21e8d6a9.wav,Knock Slam Microwave_oven
21eb5d58.wav,Waves_and_surf Run Cricket
21eca32f.wav,Zipper_(clothing) Shatter Chink_and_clink
21fa3245.wav,Tick-tock Hiss Scissors
2210c997.wav,Child_speech_and_kid_speaking Female_speech_and_woman_speaking Sneeze
2216c947.wav,Motorcycle Purr Fart
223032ba.wav,Cricket Purr Mechanical_fan
2236c850.wav,Purr Mechanical_fan Crackle
223a5173.wav,Female_speech_and_woman_speaking Male_speech_and_man_speaking Male_singing
22522048.wav,Microwave_oven Gong Purr
2263763d.wav,Mechanical_fan Cricket Motorcycle
228a538c.wav,Knock Crackle Tick-tock
22a7e375.wav,Cricket Chirp_and_tweet Accelerating_and_revving_and_vroom
22b07889.wav,Burping_and_eructation Meow Microwave_oven
22b6b9aa.wav,Whispering Hiss Sneeze
22c5ea2f.wav,Motorcycle Microwave_oven Bus
22c78043.wav,Knock Bus Car_passing_by
22c98028.wav,Traffic_noise_and_roadway_noise Bus Waves_and_surf
22c9b301.wav,Accelerating_and_revving_and_vroom Car_passing_by Mechanical_fan
22cd860e.wav,Computer_keyboard Chewing_and_mastication Tick-tock
22f22fc9.wav,Microwave_oven Motorcycle Slam
22f2d98a.wav,Microwave_oven Slam Keys_jangling
2303e210.wav,Computer_keyboard Tick-tock Whispering
23244f49.wav,Tick-tock Cricket Purr
2327b6de.wav,Bass_drum Knock Finger_snapping
2343daa5.wav,Printer Waves_and_surf Drawer_open_or_close
235213ce.wav,Whispering Hiss Writing
235f959c.wav,Meow Sigh Gasp
236e7ce1.wav,Frying_(food) Hiss Bathtub_(filling_or_washing)
23726888.wav,Sigh Glockenspiel Gong
23756062.wav,Car_passing_by Traffic_noise_and_roadway_noise Bus
238b11f0.wav,Knock Bus Drawer_open_or_close
23a07927.wav,Hiss Frying_(food) Toilet_flush
23a2669b.wav,Sneeze Zipper_(clothing) Tick-tock
23c4613e.wav,Knock Slam Crackle
23c714b5.wav,Bass_drum Bass_guitar Knock
23d35eea.wav,Zipper_(clothing) Run Tick-tock
23fabbb4.wav,Stream Waves_and_surf Chewing_and_mastication
23fe505d.wav,Crackle Chirp_and_tweet Cricket
2406d1de.wav,Motorcycle Microwave_oven Car_passing_by
240e9caa.wav,Female_singing Tick-tock Microwave_oven
24456657.wav,Waves_and_surf Traffic_noise_and_roadway_noise Car_passing_by
244a60cd.wav,Finger_snapping Fart Bass_drum
2451cad9.wav,Accordion Harmonica Meow
2451d17b.wav,Buzz Gong Accordion
245c01e6.wav,Male_singing Church_bell Electric_guitar
2462f236.wav,Cricket Chirp_and_tweet Bark
24ae5bef.wav,Sigh Gong Microwave_oven
24ce9114.wav,Fart Sigh Whispering
24dda4ed.wav,Hiss Scissors Keys_jangling
24ecb25d.wav,Meow Female_singing Chirp_and_tweet
24f04ba5.wav,Run Waves_and_surf Knock
2548960b.wav,Motorcycle Traffic_noise_and_roadway_noise Accelerating_and_revving_and_vroom
256d567f.wav,Chewing_and_mastication Zipper_(clothing) Whispering
2583a54d.wav,Knock Crackle Tap
2599ff86.wav,Sigh Hiss Gong
259e3fa7.wav,Purr Computer_keyboard Tick-tock
25a8ef58.wav,Bass_drum Knock Slam
25a991a1.wav,Knock Crackle Keys_jangling
25beac1d.wav,Tap Shatter Keys_jangling
25c32640.wav,Crackle Run Walk_and_footsteps
25c8686f.wav,Burping_and_eructation Microwave_oven Sigh
25d481d6.wav,Bass_drum Knock Tap
25e059d3.wav,Bus Microwave_oven Printer
25e23528.wav,Accordion Gong Squeak
25e75fa8.wav,Run Chewing_and_mastication Bathtub_(filling_or_washing)
261cdf15.wav,Motorcycle Accelerating_and_revving_and_vroom Buzz
262131af.wav,Motorcycle Gong Car_passing_by
2624e8ff.wav,Meow Burping_and_eructation Gasp
26263cf0.wav,Sigh Meow Microwave_oven
262a7108.wav,Microwave_oven Skateboard Fart
262d4cca.wav,Harmonica Accordion Chink_and_clink
2655ac2c.wav,Accordion Gong Electric_guitar
26a25f5d.wav,Tap Gasp Marimba_and_xylophone
26a4977c.wav,Purr Knock Slam
26a6c2f3.wav,Chewing_and_mastication Sneeze Crackle
26abfa32.wav,Printer Fart Writing
26c001b7.wav,Waves_and_surf Stream Crackle
26c01e3f.wav,Bark Female_speech_and_woman_speaking Male_speech_and_man_speaking
26f921e3.wav,Cricket Chirp_and_tweet Male_speech_and_man_speaking
2707f8b0.wav,Female_speech_and_woman_speaking Female_singing Bark
27080c56.wav,Skateboard Drawer_open_or_close Knock
271ade69.wav,Gong Accelerating_and_revving_and_vroom Purr
272d95c7.wav,Traffic_noise_and_roadway_noise Car_passing_by Waves_and_surf
2733bb3f.wav,Female_singing Bark Cricket
27446bcd.wav,Slam Tap Cupboard_open_or_close
2756ca54.wav,Sneeze Skateboard Zipper_(clothing)
2758a116.wav,Female_singing Cricket Chirp_and_tweet
275e1bb6.wav,Female_speech_and_woman_speaking Gurgling Male_speech_and_man_speaking
278a19ee.wav,Printer Sigh Accordion
27903ab8.wav,Cricket Purr Microwave_oven
27924331.wav,Sneeze Male_speech_and_man_speaking Fart
279d4550.wav,Run Waves_and_surf Motorcycle
27a4f4a8.wav,Church_bell Printer Traffic_noise_and_roadway_noise
27a8cf7f.wav,Burping_and_eructation Microwave_oven Male_speech_and_man_speaking
27b8db15.wav,Microwave_oven Waves_and_surf Walk_and_footsteps
27c8eacc.wav,Writing Run Fart
27ce0e90.wav,Chewing_and_mastication Writing Computer_keyboard
27d07e83.wav,Cricket Mechanical_fan Purr
27d43eba.wav,Printer Motorcycle Bus
27df10d1.wav,Cricket Hiss Whispering
27e085c0.wav,Microwave_oven Cricket Drawer_open_or_close
280c07e4.wav,Printer Sigh Traffic_noise_and_roadway_noise
2810d717.wav,Slam Purr Knock
28142c7d.wav,Knock Crackle Tap
28199c01.wav,Knock Keys_jangling Tap
2833e567.wav,Gurgling Male_speech_and_man_speaking Fill_(with_liquid)
28383990.wav,Hiss Hi-hat Chink_and_clink
283bc0ea.wav,Crackle Tick-tock Run
2842be8c.wav,Gurgling Fart Run
28849a80.wav,Knock Crackle Keys_jangling
288a89c1.wav,Mechanical_fan Accelerating_and_revving_and_vroom Motorcycle
2894416d.wav,Knock Purr Crackle
289fb0b8.wav,Traffic_noise_and_roadway_noise Accelerating_and_revving_and_vroom Cricket
28a2ff49.wav,Knock Tap Tick-tock
28a9213d.wav,Run Computer_keyboard Writing
28d22d2e.wav,Printer Microwave_oven Motorcycle
28d2f36f.wav,Meow Sneeze Child_speech_and_kid_speaking
28e13187.wav,Knock Slam Tap
28e32693.wav,Motorcycle Accelerating_and_revving_and_vroom Car_passing_by
28f49053.wav,Run Waves_and_surf Skateboard
28ff0651.wav,Church_bell Male_singing Female_singing
290e30df.wav,Fart Skateboard Burping_and_eructation
292ef00f.wav,Female_speech_and_woman_speaking Electric_guitar Female_singing
2934735d.wav,Sneeze Drawer_open_or_close Zipper_(clothing)
2934d413.wav,Run Computer_keyboard Microwave_oven
29365227.wav,Knock Drawer_open_or_close Slam
295268ea.wav,Microwave_oven Drawer_open_or_close Bus
29699f09.wav,Run Zipper_(clothing) Chewing_and_mastication
297219cc.wav,Finger_snapping Whispering Shatter
2980d500.wav,Tick-tock Printer Marimba_and_xylophone
29826356.wav,Sneeze Whispering Tick-tock
29b0574f.wav,Run Walk_and_footsteps Zipper_(clothing)
29d72dfb.wav,Bus Traffic_noise_and_roadway_noise Mechanical_fan
29dd29fb.wav,Drawer_open_or_close Microwave_oven Slam
29e4880e.wav,Crackle Knock Run
2a0893c6.wav,Bass_guitar Gong Accelerating_and_revving_and_vroom
2a0a3828.wav,Gurgling Male_speech_and_man_speaking Whispering
2a484593.wav,Knock Tick-tock Tap
2a557637.wav,Computer_keyboard Writing Tick-tock
2a79d0a8.wav,Knock Tap Slam
2a9c7202.wav,Hiss Frying_(food) Bathtub_(filling_or_washing)
2aa1e0b8.wav,Child_speech_and_kid_speaking Sneeze Meow
2ac8607d.wav,Meow Bark Female_singing
2ad174b4.wav,Run Chewing_and_mastication Zipper_(clothing)
2ae04dd7.wav,Bus Traffic_noise_and_roadway_noise Car_passing_by
2aedff46.wav,Sigh Shatter Hiss
2af10e99.wav,Knock Crackle Tap
2af77e7f.wav,Motorcycle Microwave_oven Bus
2b160bb2.wav,Tick-tock Chewing_and_mastication Writing
2b2613d8.wav,Toilet_flush Printer Drawer_open_or_close
2b6ee441.wav,Tick-tock Knock Tap
2b95327b.wav,Motorcycle Car_passing_by Bus
2b9ca464.wav,Knock Slam Drawer_open_or_close
2bab5b09.wav,Tick-tock Sneeze Sigh
2bb1503c.wav,Fart Shatter Printer
2bbf558e.wav,Writing Chirp_and_tweet Cricket
2be779a7.wav,Microwave_oven Slam Computer_keyboard
2c010e00.wav,Microwave_oven Motorcycle Bus
2c2a3c77.wav,Chewing_and_mastication Writing Keys_jangling
2c2d400b.wav,Shatter Printer Keys_jangling
2c39bb30.wav,Church_bell Traffic_noise_and_roadway_noise Motorcycle
2c3a44f2.wav,Sneeze Tick-tock Screaming
2c7a5078.wav,Microwave_oven Electric_guitar Accordion
2c809d4f.wav,Knock Computer_keyboard Tick-tock
2c8b8812.wav,Computer_keyboard Run Tick-tock
2c924848.wav,Motorcycle Microwave_oven Burping_and_eructation
2cc7f972.wav,Knock Car_passing_by Bus
2cd526f7.wav,Knock Crackle Tap
2cdfa8c1.wav,Toilet_flush Chewing_and_mastication Writing
2cf4955c.wav,Motorcycle Microwave_oven Printer
2cfdaecd.wav,Bathtub_(filling_or_washing) Frying_(food) Hiss
2d0863b7.wav,Whispering Shatter Chewing_and_mastication
2d09c7ca.wav,Cricket Purr Mechanical_fan
2d15ca77.wav,Sigh Female_speech_and_woman_speaking Skateboard
2d209c25.wav,Knock Slam Tap
2d21dbf4.wav,Purr Car_passing_by Traffic_noise_and_roadway_noise
2d455ed9.wav,Chewing_and_mastication Tick-tock Computer_keyboard
2d4961a8.wav,Knock Crackle Drawer_open_or_close
2d4a0250.wav,Hiss Sigh Skateboard
2d56c2ae.wav,Frying_(food) Drawer_open_or_close Scissors
2d5dcc5d.wav,Microwave_oven Sigh Sneeze
2d666c1d.wav,Purr Church_bell Microwave_oven
2d6d99d4.wav,Sneeze Female_speech_and_woman_speaking Male_speech_and_man_speaking
2d7218f8.wav,Male_speech_and_man_speaking Sneeze Gasp
2d7ae271.wav,Cricket Male_speech_and_man_speaking Male_singing
2d8135cc.wav,Skateboard Run Waves_and_surf
2d88fa59.wav,Burping_and_eructation Gong Microwave_oven
2da4c729.wav,Bus Mechanical_fan Motorcycle
2db579cb.wav,Knock Tap Finger_snapping
2db63f0d.wav,Run Waves_and_surf Purr
2dd2a6bf.wav,Waves_and_surf Traffic_noise_and_roadway_noise Bus
2df0cf1f.wav,Sneeze Burping_and_eructation Sigh
2df1f901.wav,Church_bell Male_singing Cricket
2dfd32a3.wav,Female_singing Buzz Bus
2e61e614.wav,Sneeze Gasp Zipper_(clothing)
2e820b05.wav,Chirp_and_tweet Male_speech_and_man_speaking Cricket
2e8b4709.wav,Male_speech_and_man_speaking Gurgling Female_speech_and_woman_speaking
2e9ced66.wav,Bathtub_(filling_or_washing) Crackle Frying_(food)
2ea33689.wav,Church_bell Printer Motorcycle
2eade3e1.wav,Bus Church_bell Traffic_noise_and_roadway_noise
2eb3002c.wav,Marimba_and_xylophone Microwave_oven Gong
2eb51f57.wav,Glockenspiel Marimba_and_xylophone Gong
2ed9ce69.wav,Accordion Cricket Buzz
2edb4142.wav,Gong Bus Purr
2ee3ef28.wav,Female_speech_and_woman_speaking Fart Bark
2ee9f139.wav,Female_speech_and_woman_speaking Burping_and_eructation Sigh
2eeb7f35.wav,Sigh Traffic_noise_and_roadway_noise Printer
2eec6eda.wav,Hiss Sigh Glockenspiel
2f00863c.wav,Car_passing_by Traffic_noise_and_roadway_noise Accelerating_and_revving_and_vroom
2f14d3b3.wav,Printer Hiss Gurgling
2f2ab304.wav,Printer Church_bell Traffic_noise_and_roadway_noise
2f41afe1.wav,Church_bell Motorcycle Traffic_noise_and_roadway_noise
2f529eb8.wav,Hiss Bathtub_(filling_or_washing) Frying_(food)
2f5cbf20.wav,Cupboard_open_or_close Slam Drawer_open_or_close
2f6331aa.wav,Sneeze Sigh Whispering
2f643c50.wav,Male_speech_and_man_speaking Meow Sneeze
2f785877.wav,Knock Bass_drum Crackle
2f84c8e9.wav,Writing Keys_jangling Computer_keyboard
2f8dd247.wav,Knock Drawer_open_or_close Waves_and_surf
2f94fca3.wav,Burping_and_eructation Female_speech_and_woman_speaking Fart
2fa1cc09.wav,Crackle Knock Tick-tock
2fc6ede8.wav,Microwave_oven Drawer_open_or_close Slam
2fe3ae63.wav,Knock Slam Tap
2ffd2145.wav,Female_speech_and_woman_speaking Child_speech_and_kid_speaking Sigh
3011c55b.wav,Accordion Female_singing Buzz
3012731a.wav,Accelerating_and_revving_and_vroom Traffic_noise_and_roadway_noise Waves_and_surf
302f4eb8.wav,Tick-tock Tap Printer
303d4668.wav,Keys_jangling Computer_keyboard Writing
304d8a8e.wav,Purr Hiss Tick-tock
304f25f4.wav,Microwave_oven Skateboard Motorcycle
3052fe86.wav,Bus Traffic_noise_and_roadway_noise Microwave_oven
3061e8d1.wav,Meow Sigh Cupboard_open_or_close
309169fa.wav,Sneeze Sigh Gasp
30960f70.wav,Bus Mechanical_fan Traffic_noise_and_roadway_noise
309eea85.wav,Harmonica Bark Female_singing
30ac78a6.wav,Knock Crackle Tap
30d1840b.wav,Keys_jangling Scissors Shatter
30dc07a7.wav,Knock Bass_drum Crackle
30e1162a.wav,Female_speech_and_woman_speaking Child_speech_and_kid_speaking Bark
30e40cc3.wav,Printer Female_speech_and_woman_speaking Sigh
30f7577e.wav,Bathtub_(filling_or_washing) Walk_and_footsteps Frying_(food)
30f8ba51.wav,Bass_guitar Bass_drum Purr
3102ff8d.wav,Run Computer_keyboard Zipper_(clothing)
311fcc0d.wav,Crackle Bathtub_(filling_or_washing) Cricket
3129e5b4.wav,Bass_drum Slam Knock
312c730c.wav,Hiss Cricket Toilet_flush
312e1179.wav,Frying_(food) Hiss Hi-hat
312e698e.wav,Male_speech_and_man_speaking Chirp_and_tweet Cricket
31312cda.wav,Gong Bass_guitar Accelerating_and_revving_and_vroom
3134c1f5.wav,Crackle Knock Computer_keyboard
31452d93.wav,Waves_and_surf Stream Traffic_noise_and_roadway_noise
314a8107.wav,Electric_guitar Sigh Gasp
3174521f.wav,Drawer_open_or_close Microwave_oven Knock
3177529f.wav,Crackle Knock Tick-tock
317e5fda.wav,Chewing_and_mastication Computer_keyboard Run
3190ca46.wav,Frying_(food) Bathtub_(filling_or_washing) Hiss
31ab1bc4.wav,Burping_and_eructation Sneeze Gasp
31b883cb.wav,Burping_and_eructation Sigh Microwave_oven
31bf8f6c.wav,Church_bell Male_singing Bus
31c60809.wav,Shatter Zipper_(clothing) Knock
31c7a683.wav,Cricket Microwave_oven Whispering
31cfaf7c.wav,Sneeze Whispering Female_speech_and_woman_speaking
31ea3391.wav,Motorcycle Bus Traffic_noise_and_roadway_noise
31f4d839.wav,Knock Drawer_open_or_close Tick-tock
31fe4058.wav,Knock Crackle Bass_drum
31ff4a9f.wav,Cricket Hiss Bicycle_bell
320adc8a.wav,Hiss Frying_(food) Shatter
320b9457.wav,Accelerating_and_revving_and_vroom Printer Bus
320cb73f.wav,Waves_and_surf Traffic_noise_and_roadway_noise Car_passing_by
321c61dd.wav,Zipper_(clothing) Run Motorcycle
321d7624.wav,Bass_guitar Purr Accelerating_and_revving_and_vroom
322c634e.wav,Female_speech_and_woman_speaking Male_singing Printer
3246e22c.wav,Toilet_flush Printer Drawer_open_or_close
32663622.wav,Slam Knock Drawer_open_or_close
3273193a.wav,Accordion Bicycle_bell Tick-tock
327ff97c.wav,Cricket Hiss Whispering
3288c908.wav,Motorcycle Microwave_oven Printer
329d5f81.wav,Sigh Microwave_oven Sneeze
32aaacf1.wav,Hiss Shatter Whispering
32ad561a.wav,Chirp_and_tweet Cricket Male_speech_and_man_speaking
32b66826.wav,Zipper_(clothing) Gasp Whispering
32bf8f9d.wav,Knock Tap Slam
32cce167.wav,Shatter Keys_jangling Knock
32d21079.wav,Bicycle_bell Gong Microwave_oven
32e0e55a.wav,Bass_guitar Gong Accelerating_and_revving_and_vroom
32f26b94.wav,Printer Microwave_oven Drawer_open_or_close
330b1461.wav,Printer Microwave_oven Motorcycle
3313662e.wav,Shatter Fart Microwave_oven
33139052.wav,Cricket Hiss Sigh
33170581.wav,Microwave_oven Sigh Cricket
332246f6.wav,Cricket Bus Sigh
33355c50.wav,Church_bell Gong Bus
3347121c.wav,Drawer_open_or_close Printer Skateboard
3353d705.wav,Accelerating_and_revving_and_vroom Mechanical_fan Motorcycle
335d2ea3.wav,Church_bell Toilet_flush Traffic_noise_and_roadway_noise
336a88c3.wav,Bicycle_bell Marimba_and_xylophone Microwave_oven
338669d9.wav,Tick-tock Knock Computer_keyboard
33a61f8d.wav,Knock Bass_drum Slam
33bc9deb.wav,Keys_jangling Cricket Whispering
33c82ad4.wav,Child_speech_and_kid_speaking Female_speech_and_woman_speaking Yell
33ef8393.wav,Bicycle_bell Cricket Microwave_oven
33fbfca7.wav,Hiss Shatter Frying_(food)
34035cf8.wav,Microwave_oven Bus Run
340d5db4.wav,Accelerating_and_revving_and_vroom Traffic_noise_and_roadway_noise Motorcycle
340da762.wav,Purr Microwave_oven Mechanical_fan
34120253.wav,Printer Church_bell Accordion
341efc4b.wav,Cricket Chirp_and_tweet Accelerating_and_revving_and_vroom
342cc3ae.wav,Bark Male_singing Female_singing
34486c7f.wav,Motorcycle Bass_guitar Traffic_noise_and_roadway_noise
34510c7a.wav,Run Tick-tock Zipper_(clothing)
34512413.wav,Chewing_and_mastication Writing Run
346fc59c.wav,Run Zipper_(clothing) Computer_keyboard
3474d7cd.wav,Crackle Knock Tick-tock
348aaf17.wav,Cricket Crackle Chirp_and_tweet
349e5ea7.wav,Burping_and_eructation Female_speech_and_woman_speaking Male_speech_and_man_speaking
34aac2b5.wav,Male_singing Buzz Bark
34c53320.wav,Burping_and_eructation Gasp Yell
34cca3b3.wav,Church_bell Motorcycle Bus
34d0b2ca.wav,Bark Male_speech_and_man_speaking Female_singing
34d4cfda.wav,Traffic_noise_and_roadway_noise Church_bell Bus
34dc323b.wav,Gong Tick-tock Bark
34e6a0de.wav,Cricket Chirp_and_tweet Mechanical_fan
34f2c99d.wav,Crackle Fart Zipper_(clothing)
34fbb318.wav,Run Computer_keyboard Chewing_and_mastication
3500ed9d.wav,Knock Slam Tap
350942d1.wav,Hiss Toilet_flush Frying_(food)
351a8abe.wav,Mechanical_fan Accelerating_and_revving_and_vroom Purr
352ce267.wav,Bass_drum Knock Tap
3544797d.wav,Run Knock Microwave_oven
354d467a.wav,Knock Zipper_(clothing) Skateboard
355ddeda.wav,Waves_and_surf Mechanical_fan Accelerating_and_revving_and_vroom
356adc0d.wav,Tap Bark Gasp
356b99de.wav,Cricket Chirp_and_tweet Bicycle_bell
35930583.wav,Female_speech_and_woman_speaking Male_singing Bark
359a6e84.wav,Bus Microwave_oven Printer
35a7edad.wav,Knock Bass_drum Slam
35a8a688.wav,Computer_keyboard Zipper_(clothing) Chewing_and_mastication
35d5aca3.wav,Child_speech_and_kid_speaking Microwave_oven Printer
35dbfd81.wav,Harmonica Buzz Accordion
36027dca.wav,Knock Bass_drum Slam
361237d6.wav,Motorcycle Microwave_oven Bus
361c9c0e.wav,Cricket Marimba_and_xylophone Microwave_oven
3623b13a.wav,Female_singing Bark Female_speech_and_woman_speaking
3626ac5a.wav,Mechanical_fan Cricket Waves_and_surf
362f92f4.wav,Female_speech_and_woman_speaking Child_speech_and_kid_speaking Cupboard_open_or_close
366d25a7.wav,Accelerating_and_revving_and_vroom Motorcycle Cricket
366d6820.wav,Waves_and_surf Run Skateboard
367ef5a8.wav,Motorcycle Traffic_noise_and_roadway_noise Accelerating_and_revving_and_vroom
36896b31.wav,Waves_and_surf Sigh Run
368e3f09.wav,Knock Crackle Drawer_open_or_close
36b92bec.wav,Frying_(food) Bathtub_(filling_or_washing) Hiss
36beb3fd.wav,Male_singing Female_speech_and_woman_speaking Female_singing
36c459de.wav,Gong Church_bell Chink_and_clink
36dfae4f.wav,Tick-tock Sneeze Bark
36fe695f.wav,Microwave_oven Drawer_open_or_close Slam
37053a90.wav,Motorcycle Bus Church_bell
370eaa84.wav,Motorcycle Cricket Bus
37155f3a.wav,Car_passing_by Traffic_noise_and_roadway_noise Waves_and_surf
37790f99.wav,Hiss Frying_(food) Hi-hat
378216b2.wav,Bus Traffic_noise_and_roadway_noise Waves_and_surf
37856035.wav,Male_speech_and_man_speaking Gurgling Stream
3792237d.wav,Skateboard Zipper_(clothing) Knock
37941050.wav,Microwave_oven Motorcycle Printer
379ae4e1.wav,Stream Hiss Toilet_flush
379b7e21.wav,Cricket Stream Male_speech_and_man_speaking
379c063d.wav,Male_speech_and_man_speaking Female_speech_and_woman_speaking Fart
37a1946c.wav,Microwave_oven Knock Drawer_open_or_close
37a7927f.wav,Knock Slam Skateboard
37c95c1c.wav,Female_speech_and_woman_speaking Yell Male_singing
37ccc1ea.wav,Shatter Frying_(food) Bathtub_(filling_or_washing)
37d609aa.wav,Run Writing Chewing_and_mastication
37dc178a.wav,Motorcycle Printer Fart
37f5f0d8.wav,Bus Knock Waves_and_surf
382587b8.wav,Knock Crackle Slam
382cd8c5.wav,Knock Microwave_oven Crackle
38368c9b.wav,Sneeze Tick-tock Zipper_(clothing)
384b0ff2.wav,Gong Marimba_and_xylophone Chink_and_clink
38544190.wav,Knock Slam Run
38558ab1.wav,Sigh Purr Cricket
3858d281.wav,Knock Slam Bass_drum
385e8b0f.wav,Knock Run Zipper_(clothing)
38636d71.wav,Female_speech_and_woman_speaking Sigh Yell
38669440.wav,Cricket Mechanical_fan Accelerating_and_revving_and_vroom
387014ab.wav,Drawer_open_or_close Toilet_flush Skateboard
3876c193.wav,Meow Bark Burping_and_eructation
388f70a5.wav,Knock Waves_and_surf Walk_and_footsteps
38b9ff18.wav,Child_speech_and_kid_speaking Female_speech_and_woman_speaking Sneeze
38d29a00.wav,Run Purr Zipper_(clothing)
38d378d8.wav,Accelerating_and_revving_and_vroom Motorcycle Mechanical_fan
38d50e59.wav,Chirp_and_tweet Scissors Cricket
38d5d026.wav,Sneeze Skateboard Zipper_(clothing)
38e43355.wav,Female_speech_and_woman_speaking Meow Child_speech_and_kid_speaking
38ea5df2.wav,Gong Accelerating_and_revving_and_vroom Writing
38f6aa5e.wav,Male_speech_and_man_speaking Bus Traffic_noise_and_roadway_noise
38fea590.wav,Traffic_noise_and_roadway_noise Electric_guitar Bus
390789a8.wav,Bus Motorcycle Gurgling
390995ef.wav,Cricket Chirp_and_tweet Keys_jangling
39189c31.wav,Printer Tick-tock Church_bell
391fbd47.wav,Zipper_(clothing) Tick-tock Writing
392e88d7.wav,Cricket Purr Mechanical_fan
3939b821.wav,Tick-tock Microwave_oven Drawer_open_or_close
39467410.wav,Female_singing Buzz Bark
394b8ce2.wav,Run Computer_keyboard Zipper_(clothing)
395de76a.wav,Purr Cricket Accelerating_and_revving_and_vroom
395df625.wav,Burping_and_eructation Sneeze Gasp
396d793f.wav,Tick-tock Writing Purr
39723c0e.wav,Gong Hi-hat Marimba_and_xylophone
39768e2a.wav,Male_speech_and_man_speaking Gurgling Female_speech_and_woman_speaking
3987fc79.wav,Bus Motorcycle Accelerating_and_revving_and_vroom
398b6fa6.wav,Microwave_oven Knock Drawer_open_or_close
399732ec.wav,Sigh Marimba_and_xylophone Gong
39a8ac5c.wav,Knock Slam Crackle
39b6cc75.wav,Knock Crackle Tap
39bbcabd.wav,Bus Waves_and_surf Traffic_noise_and_roadway_noise
39c1f2fd.wav,Microwave_oven Bus Run
39d1b554.wav,Tick-tock Sigh Hiss
39e1b8cc.wav,Gurgling Trickle_and_dribble Fill_(with_liquid)
39e2f767.wav,Sneeze Male_speech_and_man_speaking Bark
39e35f03.wav,Toilet_flush Bus Tick-tock
39eb6dd5.wav,Skateboard Zipper_(clothing) Knock
39f19344.wav,Bus Toilet_flush Traffic_noise_and_roadway_noise
3a2353bb.wav,Bus Microwave_oven Knock
3a28e28a.wav,Bus Mechanical_fan Traffic_noise_and_roadway_noise
3a2a4822.wav,Tap Knock Slam
3a3e4b29.wav,Cricket Chirp_and_tweet Electric_guitar
3a49d5ed.wav,Gurgling Male_speech_and_man_speaking Motorcycle
3a4cf709.wav,Meow Sigh Microwave_oven
3a5e6dde.wav,Hiss Frying_(food) Bathtub_(filling_or_washing)
3a66e3df.wav,Chewing_and_mastication Writing Crackle
3a87c628.wav,Crackle Knock Walk_and_footsteps
3a885c38.wav,Knock Bus Traffic_noise_and_roadway_noise
3a8b9afe.wav,Church_bell Electric_guitar Bass_guitar
3aa5b432.wav,Skateboard Waves_and_surf Run
3ac609e1.wav,Bus Traffic_noise_and_roadway_noise Waves_and_surf
3acbee34.wav,Chirp_and_tweet Meow Cricket
3adfb8f0.wav,Bathtub_(filling_or_washing) Frying_(food) Stream
3ae08e83.wav,Run Printer Waves_and_surf
3ae0ea8b.wav,Motorcycle Run Zipper_(clothing)
3b0a3361.wav,Cricket Accelerating_and_revving_and_vroom Chirp_and_tweet
3b0b13f4.wav,Sneeze Male_speech_and_man_speaking Female_speech_and_woman_speaking
3b13f6a1.wav,Chirp_and_tweet Cricket Traffic_noise_and_roadway_noise
3b23ed90.wav,Hiss Cricket Printer
3b252939.wav,Microwave_oven Burping_and_eructation Bus
3b277890.wav,Sneeze Whispering Yell
3b382171.wav,Sneeze Male_speech_and_man_speaking Bark
3b3c2c67.wav,Chewing_and_mastication Gurgling Computer_keyboard
3b75b456.wav,Traffic_noise_and_roadway_noise Stream Waves_and_surf
3b7c7f94.wav,Knock Drawer_open_or_close Microwave_oven
3bb6024f.wav,Bus Accelerating_and_revving_and_vroom Car_passing_by
3bb7c24d.wav,Knock Crackle Slam
3bb9a722.wav,Purr Fart Motorcycle
3bda5fb0.wav,Bus Car_passing_by Traffic_noise_and_roadway_noise
3bfcab18.wav,Bass_guitar Electric_guitar Motorcycle
3c0370c8.wav,Slam Purr Knock
3c1b9399.wav,Run Waves_and_surf Walk_and_footsteps
3c20c95f.wav,Crackle Run Walk_and_footsteps
3c216393.wav,Purr Computer_keyboard Cricket
3c244ade.wav,Toilet_flush Stream Bathtub_(filling_or_washing)
3c348e5c.wav,Female_speech_and_woman_speaking Scissors Cricket
3c35237b.wav,Motorcycle Microwave_oven Bus
3c40f472.wav,Male_singing Cricket Chirp_and_tweet
3c525c1f.wav,Shatter Run Zipper_(clothing)
3c590143.wav,Cricket Chirp_and_tweet Male_speech_and_man_speaking
3c90b11b.wav,Tick-tock Writing Chewing_and_mastication
3c95067e.wav,Crackle Run Waves_and_surf
3ca6b1a3.wav,Trickle_and_dribble Chewing_and_mastication Computer_keyboard
3caf1f70.wav,Crackle Knock Slam
3cc51361.wav,Cricket Male_speech_and_man_speaking Electric_guitar
3cd30520.wav,Microwave_oven Female_speech_and_woman_speaking Printer
3ce0dcd0.wav,Hiss Buzz Shatter
3ce9fd74.wav,Male_speech_and_man_speaking Marimba_and_xylophone Meow
3cfeb0cd.wav,Hiss Frying_(food) Stream
3d07c63a.wav,Knock Tap Slam
3d0beb6f.wav,Shatter Run Writing
3d0dca90.wav,Church_bell Accelerating_and_revving_and_vroom Traffic_noise_and_roadway_noise
3d1d3f2b.wav,Motorcycle Bus Traffic_noise_and_roadway_noise
3d27f415.wav,Glockenspiel Marimba_and_xylophone Cricket
3d287b47.wav,Run Computer_keyboard Tick-tock
3d4e1dea.wav,Female_speech_and_woman_speaking Male_singing Male_speech_and_man_speaking
3d58d893.wav,Waves_and_surf Walk_and_footsteps Run
3d5f899d.wav,Gong Church_bell Accelerating_and_revving_and_vroom
3d633399.wav,Motorcycle Bus Microwave_oven
3d7309d7.wav,Crackle Run Stream
3d921767.wav,Bass_guitar Accelerating_and_revving_and_vroom Gong
3d9a715d.wav,Bathtub_(filling_or_washing) Crackle Stream
3db04d3f.wav,Bass_guitar Burping_and_eructation Purr
3db44f6c.wav,Marimba_and_xylophone Screaming Meow
3ddb4122.wav,Cricket Hiss Whispering
3dedbba9.wav,Hiss Shatter Whispering
3df2fc0e.wav,Bus Mechanical_fan Microwave_oven
3df5c540.wav,Zipper_(clothing) Walk_and_footsteps Run
3e230352.wav,Hiss Stream Waves_and_surf
3e3a6910.wav,Car_passing_by Accelerating_and_revving_and_vroom Traffic_noise_and_roadway_noise
3e4755ba.wav,Purr Bass_guitar Gurgling
3e52f857.wav,Chirp_and_tweet Female_speech_and_woman_speaking Bass_guitar
3e5ce660.wav,Cricket Mechanical_fan Purr
3e656c6e.wav,Bicycle_bell Sigh Gasp
3e65a00d.wav,Waves_and_surf Traffic_noise_and_roadway_noise Stream
3e691b83.wav,Tap Knock Slam
3e7889ed.wav,Sigh Burping_and_eructation Chink_and_clink
3e83500f.wav,Knock Car_passing_by Waves_and_surf
3e9967cf.wav,Microwave_oven Skateboard Motorcycle
3ebaff6d.wav,Bus Accelerating_and_revving_and_vroom Motorcycle
3ecc19c5.wav,Skateboard Bark Printer
3ed6c2b5.wav,Cricket Chirp_and_tweet Female_singing
3efc0912.wav,Gong Bus Church_bell
3f0f92ff.wav,Tick-tock Cricket Purr
3f15fd07.wav,Sneeze Chewing_and_mastication Zipper_(clothing)
3f16d9f3.wav,Church_bell Printer Accordion
3f19e53c.wav,Cricket Waves_and_surf Mechanical_fan
3f1ca1bb.wav,Toilet_flush Hiss Stream
3f29038e.wav,Female_speech_and_woman_speaking Male_speech_and_man_speaking Bark
3f2dbd00.wav,Microwave_oven Tap Sigh
3f4f4808.wav,Waves_and_surf Run Motorcycle
3f53a02f.wav,Female_speech_and_woman_speaking Fart Printer
3f7043d9.wav,Knock Run Zipper_(clothing)
3f80cc56.wav,Tick-tock Microwave_oven Tap
3f96494a.wav,Run Waves_and_surf Skateboard
3faf10be.wav,Bus Microwave_oven Traffic_noise_and_roadway_noise
3fd4d55a.wav,Finger_snapping Tap Knock
400ff09d.wav,Motorcycle Bus Printer
402e2d1b.wav,Knock Skateboard Slam
4030a4f2.wav,Knock Bass_drum Crackle
4034f327.wav,Printer Motorcycle Waves_and_surf
4037cd65.wav,Cricket Chirp_and_tweet Tick-tock
4040f015.wav,Microwave_oven Drawer_open_or_close Slam
40449ca7.wav,Frying_(food) Fart Printer
404b54c0.wav,Motorcycle Fart Bus
404fb677.wav,Waves_and_surf Traffic_noise_and_roadway_noise Bus
4053b801.wav,Gasp Sneeze Shatter
405c66af.wav,Shatter Crackle Keys_jangling
406306b6.wav,Church_bell Accordion Gong
406a1cc1.wav,Purr Sigh Cricket
406ade5e.wav,Chewing_and_mastication Gurgling Motorcycle
4093913f.wav,Toilet_flush Hiss Printer
40957335.wav,Sigh Female_speech_and_woman_speaking Burping_and_eructation
4098028d.wav,Drawer_open_or_close Bus Printer
40afd1b3.wav,Tick-tock Sigh Drawer_open_or_close
40c1ed87.wav,Shatter Knock Keys_jangling
40c50046.wav,Run Zipper_(clothing) Chewing_and_mastication
40d0726d.wav,Motorcycle Bus Mechanical_fan
40dd1274.wav,Female_speech_and_woman_speaking Bark Female_singing
40e25750.wav,Burping_and_eructation Hiss Sigh
410837eb.wav,Microwave_oven Knock Slam
410c2138.wav,Printer Sigh Microwave_oven
411993fd.wav,Hi-hat Finger_snapping Shatter
413b5427.wav,Accordion Bicycle_bell Squeak
41522a65.wav,Cricket Chirp_and_tweet Finger_snapping
415f4c8f.wav,Bicycle_bell Keys_jangling Shatter
41759973.wav,Walk_and_footsteps Run Stream
419271cc.wav,Cricket Hiss Tick-tock
4195cb1a.wav,Cricket Hiss Chirp_and_tweet
41af688a.wav,Crackle Tick-tock Walk_and_footsteps
41c60bba.wav,Knock Zipper_(clothing) Skateboard
41cfee6d.wav,Accordion Bicycle_bell Church_bell
41f16193.wav,Traffic_noise_and_roadway_noise Bus Drawer_open_or_close
41f1ea4a.wav,Bus Mechanical_fan Motorcycle
41f86bc4.wav,Stream Crackle Zipper_(clothing)
4215309a.wav,Computer_keyboard Printer Writing
4248d196.wav,Stream Waves_and_surf Bathtub_(filling_or_washing)
42542036.wav,Accelerating_and_revving_and_vroom Church_bell Traffic_noise_and_roadway_noise
