fname,label
000ccb97.wav,Fart Printer Tick-tock
0012633b.wav,Printer Motorcycle Tap
001ed5f1.wav,Writing Tick-tock Bass_drum
00294be0.wav,Writing Purr Printer
003fde7a.wav,Glockenspiel Tick-tock Tap
0040ccc9.wav,Bass_drum Finger_snapping Marimba_and_xylophone
0046b732.wav,Printer Fart Cupboard_open_or_close
004f3bbc.wav,Bass_guitar Gong Accelerating_and_revving_and_vroom
00526050.wav,Bass_drum Finger_snapping Tap
00559da4.wav,Chewing_and_mastication Scissors Run
00582bbe.wav,Marimba_and_xylophone Gong Toilet_flush
0064aedf.wav,Printer Fart Frying_(food)
0065512b.wav,Writing Finger_snapping Bass_drum
006a91d2.wav,Stream Waves_and_surf Printer
006ea9ee.wav,Hiss Gong Toilet_flush
006f9dca.wav,Hiss Cutlery_and_silverware Shatter
007450dc.wav,Harmonica Screaming Cricket
00979c8a.wav,Finger_snapping Hiss Toilet_flush
00992464.wav,Toilet_flush Fill_(with_liquid) Cutlery_and_silverware
00b44a8a.wav,Keys_jangling Printer Cutlery_and_silverware
00bfaaaf.wav,Fart Gasp Female_speech_and_woman_speaking
00cf9680.wav,Tick-tock Keys_jangling Frying_(food)
00eae94d.wav,Finger_snapping Writing Hiss
011ec5b8.wav,Male_speech_and_man_speaking Electric_guitar Fart
013200dc.wav,Writing Chewing_and_mastication Whispering
01440c2e.wav,Harmonica Church_bell Accordion
01567a3d.wav,Fart Bass_drum Tap
0163d203.wav,Purr Writing Motorcycle
017c24b2.wav,Harmonica Toilet_flush Meow
01a992c5.wav,Cricket Hiss Fart
01b1d976.wav,Scissors Finger_snapping Writing
01c1c371.wav,Hiss Marimba_and_xylophone Whispering
01cf8354.wav,Burping_and_eructation Marimba_and_xylophone Chink_and_clink
01d2c640.wav,Writing Printer Tick-tock
01d69423.wav,Tap Writing Drawer_open_or_close
01e9170b.wav,Female_singing Harmonica Accordion
01f2901a.wav,Scissors Shatter Keys_jangling
020b1fdf.wav,Printer Fart Tap
021457df.wav,Writing Cricket Scissors
02173589.wav,Screaming Female_singing Bark
021ac082.wav,Shatter Stream Run
02200884.wav,Writing Tick-tock Keys_jangling
02213278.wav,Scissors Stream Toilet_flush
022e3b2c.wav,Writing Chewing_and_mastication Scissors
023081f2.wav,Glockenspiel Tick-tock Cutlery_and_silverware
02596541.wav,Marimba_and_xylophone Gong Chink_and_clink
0289b79b.wav,Whispering Printer Sigh
028cf9db.wav,Printer Gurgling Sigh
028d26f7.wav,Cutlery_and_silverware Shatter Fill_(with_liquid)
02ab2a72.wav,Toilet_flush Bathtub_(filling_or_washing) Zipper_(clothing)
02c02ec1.wav,Printer Church_bell Harmonica
02ce28a1.wav,Bus Motorcycle Mechanical_fan
02d01f40.wav,Keys_jangling Scissors Tick-tock
02da7457.wav,Hiss Frying_(food) Toilet_flush
02e17633.wav,Fart Finger_snapping Printer
02e8059d.wav,Marimba_and_xylophone Bass_drum Male_speech_and_man_speaking
02f71319.wav,Hiss Hi-hat Screaming
03090fb0.wav,Gurgling Fill_(with_liquid) Whispering
03162c23.wav,Printer Buzz Child_speech_and_kid_speaking
032f518c.wav,Electric_guitar Gong Accordion
03300fcb.wav,Female_singing Hiss Toilet_flush
035dd895.wav,Run Zipper_(clothing) Drawer_open_or_close
03754ab4.wav,Hi-hat Tick-tock Sigh
037b47c4.wav,Whispering Clapping Marimba_and_xylophone
03887635.wav,Marimba_and_xylophone Writing Tick-tock
03931594.wav,Shatter Cutlery_and_silverware Trickle_and_dribble
039d2821.wav,Female_speech_and_woman_speaking Child_speech_and_kid_speaking Female_singing
03a47c4a.wav,Tick-tock Keys_jangling Scissors
03b80975.wav,Stream Waves_and_surf Bathtub_(filling_or_washing)
03c5e8d0.wav,Computer_keyboard Mechanical_fan Cupboard_open_or_close
03fe2971.wav,Finger_snapping Whispering Marimba_and_xylophone
04008bb5.wav,Keys_jangling Cutlery_and_silverware Shatter
040c5c0c.wav,Chewing_and_mastication Scissors Fill_(with_liquid)
041cff59.wav,Toilet_flush Hiss Tick-tock
042b07a4.wav,Gong Toilet_flush Church_bell
042b542f.wav,Electric_guitar Accordion Bass_guitar
04308d8d.wav,Female_speech_and_woman_speaking Cutlery_and_silverware Gasp
04355ea8.wav,Female_speech_and_woman_speaking Male_singing Female_singing
0442a617.wav,Screaming Chirp_and_tweet Meow
0443f812.wav,Shatter Fart Printer
04441d5b.wav,Writing Scissors Zipper_(clothing)
0453bb71.wav,Harmonica Writing Church_bell
04702c1c.wav,Hiss Chirp_and_tweet Cutlery_and_silverware
047ba0e1.wav,Keys_jangling Shatter Scissors
04877d29.wav,Car_passing_by Gong Marimba_and_xylophone
048c3418.wav,Stream Printer Toilet_flush
04a5c9eb.wav,Motorcycle Accelerating_and_revving_and_vroom Traffic_noise_and_roadway_noise
04ad8e52.wav,Shatter Cutlery_and_silverware Gurgling
04af82d9.wav,Tap Writing Bark
04b1558a.wav,Fill_(with_liquid) Toilet_flush Stream
04de7b9a.wav,Writing Keys_jangling Scissors
04e8bf2a.wav,Writing Printer Scissors
04f004fe.wav,Printer Drawer_open_or_close Writing
04f48f10.wav,Gong Meow Marimba_and_xylophone
0506eee8.wav,Electric_guitar Fart Motorcycle
050eb97f.wav,Accelerating_and_revving_and_vroom Motorcycle Frying_(food)
051bda9a.wav,Scissors Writing Hiss
057a3c2e.wav,Hiss Writing Finger_snapping
057c13c8.wav,Screaming Electric_guitar Yell
058a4a79.wav,Fart Cutlery_and_silverware Scissors
058ec864.wav,Glockenspiel Bicycle_bell Burping_and_eructation
05af19b1.wav,Motorcycle Printer Stream
05c881c4.wav,Writing Keys_jangling Scissors
05d775e9.wav,Shatter Cutlery_and_silverware Toilet_flush
05dae80d.wav,Electric_guitar Gong Accelerating_and_revving_and_vroom
05e34a55.wav,Frying_(food) Hiss Bathtub_(filling_or_washing)
05edaa47.wav,Writing Chewing_and_mastication Scissors
060b802f.wav,Sigh Shatter Toilet_flush
060d2d47.wav,Finger_snapping Writing Scissors
062e94dd.wav,Marimba_and_xylophone Hiss Tick-tock
06345241.wav,Screaming Squeak Meow
0648b115.wav,Burping_and_eructation Fart Whispering
06526954.wav,Chewing_and_mastication Scissors Writing
065b49ec.wav,Writing Marimba_and_xylophone Gong
06604d51.wav,Frying_(food) Finger_snapping Tap
068b717f.wav,Female_speech_and_woman_speaking Screaming Gasp
069b2f91.wav,Burping_and_eructation Purr Male_singing
069f3ce5.wav,Meow Child_speech_and_kid_speaking Hiss
06a23eb9.wav,Stream Buzz Toilet_flush
06c34152.wav,Hiss Printer Sigh
06feb5cf.wav,Accelerating_and_revving_and_vroom Motorcycle Bass_drum
0718ce8d.wav,Run Walk_and_footsteps Computer_keyboard
07295dd0.wav,Bass_drum Fart Cupboard_open_or_close
072ee4b2.wav,Keys_jangling Tick-tock Writing
074cbe2b.wav,Burping_and_eructation Meow Child_speech_and_kid_speaking
07502956.wav,Finger_snapping Writing Keys_jangling
07603ad3.wav,Motorcycle Bus Purr
07670752.wav,Trickle_and_dribble Fill_(with_liquid) Chirp_and_tweet
077f270d.wav,Marimba_and_xylophone Tick-tock Writing
0782d022.wav,Screaming Female_speech_and_woman_speaking Burping_and_eructation
078464b8.wav,Fart Printer Frying_(food)
07a82fbe.wav,Walk_and_footsteps Knock Drawer_open_or_close
07bca33c.wav,Chink_and_clink Cutlery_and_silverware Printer
07da8ebf.wav,Female_singing Screaming Yell
07dff283.wav,Drawer_open_or_close Run Microwave_oven
07f965a0.wav,Stream Toilet_flush Waves_and_surf
07fa6e7e.wav,Fart Burping_and_eructation Printer
08087580.wav,Stream Trickle_and_dribble Fill_(with_liquid)
0814db2b.wav,Tick-tock Hiss Harmonica
0815543c.wav,Fart Male_speech_and_man_speaking Gurgling
081d6520.wav,Shatter Printer Cutlery_and_silverware
081f2b5a.wav,Bass_drum Microwave_oven Drawer_open_or_close
0824bbdb.wav,Keys_jangling Cutlery_and_silverware Scissors
08272d1c.wav,Printer Cricket Writing
08278440.wav,Burping_and_eructation Printer Gasp
0837e041.wav,Printer Writing Microwave_oven
08390e01.wav,Keys_jangling Hiss Frying_(food)
083cc652.wav,Child_speech_and_kid_speaking Screaming Female_singing
08458ab2.wav,Writing Keys_jangling Scissors
0849057f.wav,Writing Hiss Tick-tock
084e5784.wav,Burping_and_eructation Printer Writing
085f174a.wav,Harmonica Printer Hiss
0865816c.wav,Gong Bass_drum Marimba_and_xylophone
086ce4a5.wav,Harmonica Gong Meow
086ebb95.wav,Motorcycle Accelerating_and_revving_and_vroom Mechanical_fan
08810dd4.wav,Keys_jangling Writing Hiss
08b06642.wav,Female_singing Harmonica Male_singing
08b2d04c.wav,Sigh Marimba_and_xylophone Tick-tock
08bc3e2d.wav,Buzz Gong Writing
08d46566.wav,Keys_jangling Writing Scissors
08d4acca.wav,Marimba_and_xylophone Gong Church_bell
08d5d316.wav,Toilet_flush Printer Waves_and_surf
08dfe75d.wav,Bass_drum Knock Marimba_and_xylophone
08eb3a69.wav,Printer Fart Cricket
08f36895.wav,Fart Drawer_open_or_close Run
08facc12.wav,Fill_(with_liquid) Trickle_and_dribble Whispering
090cc523.wav,Fill_(with_liquid) Trickle_and_dribble Chewing_and_mastication
091fa206.wav,Whispering Chewing_and_mastication Scissors
092d8e54.wav,Run Zipper_(clothing) Walk_and_footsteps
094761b8.wav,Printer Buzz Tap
0963270d.wav,Fart Shatter Cutlery_and_silverware
0992b95a.wav,Purr Printer Writing
0997968e.wav,Stream Zipper_(clothing) Scissors
09a67356.wav,Printer Toilet_flush Drawer_open_or_close
09d085e3.wav,Fart Keys_jangling Printer
0a31c905.wav,Computer_keyboard Tick-tock Hiss
0a3c2351.wav,Writing Tap Scissors
0a4d3800.wav,Writing Purr Printer
0a4ff0fb.wav,Fart Tick-tock Writing
0a56e261.wav,Gong Printer Cutlery_and_silverware
0a64010f.wav,Child_speech_and_kid_speaking Meow Buzz
0a683136.wav,Bass_guitar Gong Purr
0a6e6889.wav,Hiss Tick-tock Buzz
0a8e1630.wav,Bass_drum Knock Slam
0a950c32.wav,Gong Marimba_and_xylophone Electric_guitar
0aee7a2a.wav,Stream Toilet_flush Bathtub_(filling_or_washing)
0af7446d.wav,Tick-tock Printer Writing
0b1503e8.wav,Screaming Hiss Marimba_and_xylophone
0b33d746.wav,Harmonica Meow Gong
0b4819f1.wav,Keys_jangling Fart Printer
0b5c6535.wav,Keys_jangling Tick-tock Scissors
0b73077e.wav,Tick-tock Fill_(with_liquid) Harmonica
0b9e93e6.wav,Writing Printer Hiss
0ba7fe6b.wav,Bass_drum Finger_snapping Fart
0bacb61b.wav,Keys_jangling Tick-tock Finger_snapping
0bb86b6c.wav,Burping_and_eructation Fart Printer
0bbe8308.wav,Tap Finger_snapping Scissors
0bc36580.wav,Male_singing Bark Toilet_flush
0bc7822a.wav,Keys_jangling Shatter Scissors
0bdcdfba.wav,Marimba_and_xylophone Gong Meow
0bec3f54.wav,Tick-tock Keys_jangling Sigh
0c151ad3.wav,Waves_and_surf Stream Mechanical_fan
0c16f612.wav,Harmonica Female_singing Meow
0c32d940.wav,Screaming Yell Gong
0c390f3c.wav,Burping_and_eructation Gasp Printer
0c3b2573.wav,Motorcycle Microwave_oven Drawer_open_or_close
0c5ba768.wav,Finger_snapping Printer Tap
0c698ef7.wav,Tick-tock Keys_jangling Frying_(food)
0c8d9148.wav,Motorcycle Toilet_flush Buzz
0c8def18.wav,Motorcycle Car_passing_by Accelerating_and_revving_and_vroom
0c949702.wav,Toilet_flush Hiss Bathtub_(filling_or_washing)
0cb33d03.wav,Writing Whispering Marimba_and_xylophone
0cb4cde3.wav,Printer Keys_jangling Writing
0cdddb37.wav,Tick-tock Frying_(food) Finger_snapping
0ce84f9b.wav,Motorcycle Accelerating_and_revving_and_vroom Bus
0cfe3f96.wav,Whispering Gurgling Sigh
0d000cd7.wav,Fart Zipper_(clothing) Printer
0d1b11e0.wav,Gasp Cutlery_and_silverware Printer
0d2230eb.wav,Chewing_and_mastication Scissors Writing
0d2707f4.wav,Glockenspiel Marimba_and_xylophone Tick-tock
0d34341d.wav,Motorcycle Fart Printer
0d3dc96c.wav,Printer Fart Shatter
0d507c20.wav,Meow Harmonica Church_bell
0d540ee1.wav,Shatter Chewing_and_mastication Fill_(with_liquid)
0d5516ef.wav,Screaming Sigh Marimba_and_xylophone
0d6564bb.wav,Female_singing Bark Buzz
0d673a8c.wav,Marimba_and_xylophone Finger_snapping Gong
0d74277e.wav,Printer Writing Tick-tock
0d8d7af9.wav,Writing Tap Bass_drum
0d8e2166.wav,Shatter Keys_jangling Printer
0d8f3f54.wav,Bass_drum Cupboard_open_or_close Fart
0d9caeeb.wav,Fart Microwave_oven Drawer_open_or_close
0da3d582.wav,Whispering Chewing_and_mastication Gurgling
0dc06757.wav,Screaming Female_speech_and_woman_speaking Cutlery_and_silverware
0dc813d8.wav,Scissors Keys_jangling Frying_(food)
0dce3e5f.wav,Bathtub_(filling_or_washing) Shatter Cutlery_and_silverware
0dcf1534.wav,Stream Waves_and_surf Toilet_flush
0dda644b.wav,Toilet_flush Buzz Tick-tock
0ddd0393.wav,Printer Fart Whispering
0de2a4b2.wav,Female_speech_and_woman_speaking Bathtub_(filling_or_washing) Female_singing
0de4fc92.wav,Electric_guitar Gong Church_bell
0df1484c.wav,Printer Writing Purr
0e18c7d2.wav,Tick-tock Frying_(food) Keys_jangling
0e3e2590.wav,Printer Fart Hiss
0e4be6a4.wav,Bus Microwave_oven Motorcycle
0e6552c7.wav,Bass_drum Printer Fart
0e70a285.wav,Scissors Writing Chewing_and_mastication
0e7f5c7e.wav,Stream Shatter Waves_and_surf
0e9e941b.wav,Gurgling Fill_(with_liquid) Toilet_flush
0ea99bf4.wav,Gasp Screaming Female_speech_and_woman_speaking
0eaf6d60.wav,Printer Bus Drawer_open_or_close
0ec7e315.wav,Mechanical_fan Car_passing_by Accelerating_and_revving_and_vroom
0ed20fe2.wav,Waves_and_surf Zipper_(clothing) Printer
0ee80cb7.wav,Female_speech_and_woman_speaking Female_singing Male_singing
0ef6fb07.wav,Cutlery_and_silverware Printer Hiss
0f07f15f.wav,Finger_snapping Tick-tock Keys_jangling
0f08a4c8.wav,Purr Knock Bass_guitar
0f096853.wav,Bus Motorcycle Fart
0f1ab7b0.wav,Marimba_and_xylophone Gong Bass_drum
0f3fe29d.wav,Stream Toilet_flush Chewing_and_mastication
0f50ef2b.wav,Printer Motorcycle Stream
0f61907d.wav,Gong Bass_guitar Electric_guitar
0f663341.wav,Writing Finger_snapping Tick-tock
0f81d5bc.wav,Writing Keys_jangling Scissors
0faf5b2e.wav,Electric_guitar Accelerating_and_revving_and_vroom Bass_guitar
0fc07a52.wav,Writing Chewing_and_mastication Scissors
0fc6a683.wav,Writing Hiss Zipper_(clothing)
0fccb2e5.wav,Keys_jangling Scissors Toilet_flush
0fd91890.wav,Writing Child_speech_and_kid_speaking Scissors
0fdb30c1.wav,Drawer_open_or_close Zipper_(clothing) Walk_and_footsteps
0fed6565.wav,Toilet_flush Tick-tock Fill_(with_liquid)
0ff0e483.wav,Screaming Female_singing Accordion
0fffc208.wav,Marimba_and_xylophone Tap Buzz
100e123a.wav,Fart Printer Shatter
100faf3f.wav,Hiss Screaming Gurgling
101b2011.wav,Marimba_and_xylophone Glockenspiel Gong
10234fef.wav,Bass_drum Cupboard_open_or_close Finger_snapping
10236f0e.wav,Gong Chirp_and_tweet Electric_guitar
102fb14f.wav,Bass_guitar Gong Electric_guitar
1052e52b.wav,Burping_and_eructation Fart Cupboard_open_or_close
105460cd.wav,Burping_and_eructation Marimba_and_xylophone Male_speech_and_man_speaking
10678d21.wav,Cutlery_and_silverware Shatter Printer
107f3deb.wav,Scissors Writing Chewing_and_mastication
10811159.wav,Trickle_and_dribble Fill_(with_liquid) Stream
10a1aa40.wav,Printer Fart Frying_(food)
10a7b8f3.wav,Harmonica Female_singing Electric_guitar
10acf1b6.wav,Cricket Scissors Hiss
10c170b1.wav,Keys_jangling Trickle_and_dribble Fill_(with_liquid)
10d026e9.wav,Knock Bass_drum Purr
10d94568.wav,Zipper_(clothing) Fart Hiss
10e6a6ac.wav,Keys_jangling Hiss Finger_snapping
10e6db66.wav,Burping_and_eructation Gasp Cutlery_and_silverware
10e92421.wav,Toilet_flush Female_singing Printer
10f58e51.wav,Electric_guitar Accelerating_and_revving_and_vroom Bass_guitar
11071bad.wav,Finger_snapping Bass_drum Whispering
111f9431.wav,Tick-tock Cutlery_and_silverware Chewing_and_mastication
112bdb70.wav,Marimba_and_xylophone Female_singing Harmonica
113290e8.wav,Keys_jangling Scissors Writing
1142def0.wav,Keys_jangling Scissors Chewing_and_mastication
1147c12b.wav,Marimba_and_xylophone Bicycle_bell Sigh
1158e587.wav,Keys_jangling Scissors Cutlery_and_silverware
11641eb8.wav,Shatter Stream Toilet_flush
1167b492.wav,Writing Scissors Fart
1172c5fb.wav,Printer Motorcycle Church_bell
117358df.wav,Tick-tock Keys_jangling Writing
1175ac74.wav,Zipper_(clothing) Run Tick-tock
11b6c488.wav,Chewing_and_mastication Scissors Stream
11cc8bcb.wav,Chewing_and_mastication Gurgling Shatter
12264142.wav,Printer Gurgling Whispering
1226b0e0.wav,Scissors Writing Chewing_and_mastication
1247b7e3.wav,Glockenspiel Marimba_and_xylophone Chink_and_clink
124a286f.wav,Trickle_and_dribble Fill_(with_liquid) Bathtub_(filling_or_washing)
12600be5.wav,Writing Finger_snapping Scissors
12689530.wav,Harmonica Accordion Printer
126b674b.wav,Scissors Tick-tock Keys_jangling
127adb78.wav,Female_singing Child_speech_and_kid_speaking Bark
12849e29.wav,Writing Bathtub_(filling_or_washing) Keys_jangling
128a67de.wav,Finger_snapping Scissors Keys_jangling
12bcd3ec.wav,Cricket Writing Hiss
12d3e91f.wav,Fart Zipper_(clothing) Drawer_open_or_close
12d8c07f.wav,Printer Motorcycle Accelerating_and_revving_and_vroom
12ddf239.wav,Fill_(with_liquid) Computer_keyboard Bathtub_(filling_or_washing)
12df81e8.wav,Stream Waves_and_surf Shatter
12ee0010.wav,Chewing_and_mastication Writing Whispering
12fe33b6.wav,Tick-tock Printer Frying_(food)
130e4d2f.wav,Fill_(with_liquid) Tick-tock Screaming
13237edd.wav,Whispering Marimba_and_xylophone Chirp_and_tweet
134c3fea.wav,Tap Finger_snapping Hi-hat
134c95a2.wav,Writing Keys_jangling Scissors
13694181.wav,Bass_drum Gong Marimba_and_xylophone
13728313.wav,Car_passing_by Mechanical_fan Printer
13ae306e.wav,Gong Marimba_and_xylophone Hi-hat
13cfa025.wav,Printer Motorcycle Waves_and_surf
13e3453c.wav,Keys_jangling Scissors Tick-tock
13e84f69.wav,Keys_jangling Shatter Microwave_oven
14096fd8.wav,Chewing_and_mastication Writing Scissors
142b9865.wav,Keys_jangling Scissors Writing
1438cfd0.wav,Printer Writing Fart
143e6d96.wav,Cutlery_and_silverware Chink_and_clink Keys_jangling
14416af5.wav,Burping_and_eructation Marimba_and_xylophone Tick-tock
1451986d.wav,Printer Cupboard_open_or_close Fart
145a10e4.wav,Finger_snapping Printer Scissors
146c73a3.wav,Harmonica Hiss Marimba_and_xylophone
14ab7f13.wav,Motorcycle Printer Purr
14cbc626.wav,Fart Zipper_(clothing) Drawer_open_or_close
14d22f20.wav,Keys_jangling Shatter Writing
14e86cfb.wav,Finger_snapping Printer Tap
14fd704c.wav,Gong Bass_drum Accelerating_and_revving_and_vroom
151ea709.wav,Bathtub_(filling_or_washing) Scissors Fill_(with_liquid)
15288481.wav,Church_bell Accordion Harmonica
152a4e09.wav,Stream Bathtub_(filling_or_washing) Male_singing
153579d9.wav,Waves_and_surf Printer Motorcycle
1544427c.wav,Scissors Finger_snapping Zipper_(clothing)
154696fd.wav,Shatter Fart Printer
156bf74f.wav,Stream Motorcycle Frying_(food)
156c1736.wav,Church_bell Printer Motorcycle
15776b9c.wav,Computer_keyboard Writing Bathtub_(filling_or_washing)
157dd023.wav,Tick-tock Keys_jangling Whispering
15849032.wav,Cricket Scissors Chewing_and_mastication
15868ee8.wav,Hiss Printer Frying_(food)
159b8b9b.wav,Writing Chewing_and_mastication Scissors
159d2208.wav,Zipper_(clothing) Hiss Writing
15a78daf.wav,Tick-tock Writing Walk_and_footsteps
15a98fd7.wav,Bass_drum Fart Finger_snapping
15b0d4ec.wav,Tick-tock Keys_jangling Sigh
15bcf71d.wav,Bass_guitar Gong Accelerating_and_revving_and_vroom
15c34c4f.wav,Keys_jangling Cricket Printer
15e2bcaa.wav,Accordion Female_singing Harmonica
15e7bb78.wav,Keys_jangling Shatter Tick-tock
160105ad.wav,Harmonica Male_singing Female_singing
1604a3fa.wav,Writing Scissors Chewing_and_mastication
1606f119.wav,Printer Buzz Writing
160acbb0.wav,Hiss Cricket Chirp_and_tweet
165fd18a.wav,Fart Printer Drawer_open_or_close
166a05c0.wav,Stream Motorcycle Waves_and_surf
1670b964.wav,Run Walk_and_footsteps Zipper_(clothing)
167a4f00.wav,Cricket Tick-tock Scissors
168be388.wav,Fart Whispering Printer
16b56d33.wav,Keys_jangling Hiss Cricket
16bc3f60.wav,Shatter Toilet_flush Stream
16c7da35.wav,Stream Toilet_flush Scissors
16d80f68.wav,Accordion Bark Harmonica
16e17bed.wav,Stream Waves_and_surf Skateboard
16f7ac14.wav,Fart Printer Cupboard_open_or_close
16fd3589.wav,Zipper_(clothing) Writing Scissors
17135192.wav,Bicycle_bell Glockenspiel Cutlery_and_silverware
17140de5.wav,Writing Bathtub_(filling_or_washing) Toilet_flush
171aa36c.wav,Chirp_and_tweet Whispering Keys_jangling
17361a5c.wav,Stream Clapping Skateboard
1751bb8a.wav,Scissors Chewing_and_mastication Keys_jangling
1779b015.wav,Electric_guitar Bass_guitar Accelerating_and_revving_and_vroom
17b6e84f.wav,Keys_jangling Writing Scissors
17c4b25f.wav,Chink_and_clink Buzz Bathtub_(filling_or_washing)
17dfb6db.wav,Fart Printer Motorcycle
1802421a.wav,Printer Toilet_flush Frying_(food)
18183321.wav,Motorcycle Waves_and_surf Printer
183948d1.wav,Printer Run Bathtub_(filling_or_washing)
183fb536.wav,Meow Gong Car_passing_by
1843680b.wav,Whispering Chewing_and_mastication Fill_(with_liquid)
184aca02.wav,Frying_(food) Hiss Bathtub_(filling_or_washing)
18551bc1.wav,Printer Fart Cutlery_and_silverware
1859b7f7.wav,Keys_jangling Scissors Writing
1877623e.wav,Burping_and_eructation Tap Cutlery_and_silverware
1889c58d.wav,Fill_(with_liquid) Trickle_and_dribble Bark
18929e41.wav,Harmonica Hiss Chink_and_clink
1899de05.wav,Bass_drum Marimba_and_xylophone Writing
18ace84c.wav,Bark Zipper_(clothing) Screaming
18be000d.wav,Printer Bus Microwave_oven
18c94757.wav,Harmonica Church_bell Stream
18ea2e9e.wav,Run Printer Toilet_flush
18fda5a4.wav,Motorcycle Male_singing Stream
1904f396.wav,Gurgling Whispering Burping_and_eructation
19135157.wav,Writing Hiss Walk_and_footsteps
191adc5f.wav,Whispering Female_speech_and_woman_speaking Child_speech_and_kid_speaking
19303d26.wav,Male_singing Motorcycle Accordion
193a6063.wav,Marimba_and_xylophone Writing Tick-tock
1945b8ca.wav,Toilet_flush Printer Stream
19508dc0.wav,Accelerating_and_revving_and_vroom Church_bell Motorcycle
1960e51e.wav,Gurgling Whispering Trickle_and_dribble
19754d94.wav,Female_singing Toilet_flush Female_speech_and_woman_speaking
197ce5b2.wav,Female_speech_and_woman_speaking Male_singing Female_singing
199d4d12.wav,Gurgling Whispering Sneeze
19a7dec3.wav,Gurgling Whispering Chewing_and_mastication
19bb5700.wav,Fart Tick-tock Zipper_(clothing)
19c7c900.wav,Meow Sigh Chirp_and_tweet
19d9401d.wav,Printer Whispering Motorcycle
19dcb315.wav,Writing Tick-tock Marimba_and_xylophone
1a068a84.wav,Burping_and_eructation Gurgling Male_singing
1a0d1b78.wav,Stream Motorcycle Waves_and_surf
1a110901.wav,Toilet_flush Hiss Stream
1a1de9b9.wav,Harmonica Church_bell Toilet_flush
1a1def6e.wav,Toilet_flush Bathtub_(filling_or_washing) Stream
1a1edda6.wav,Whispering Female_speech_and_woman_speaking Female_singing
1a2580e1.wav,Bass_drum Clapping Finger_snapping
1a35ded5.wav,Scissors Keys_jangling Hiss
1a362723.wav,Screaming Child_speech_and_kid_speaking Squeak
1a44ace1.wav,Bass_guitar Hiss Purr
1a51eefe.wav,Bathtub_(filling_or_washing) Toilet_flush Writing
1a5c4e84.wav,Motorcycle Waves_and_surf Run
1a606ef2.wav,Hiss Marimba_and_xylophone Printer
1a6925fa.wav,Keys_jangling Scissors Writing
1a884f9e.wav,Writing Computer_keyboard Tick-tock
1abdac69.wav,Scissors Chewing_and_mastication Fill_(with_liquid)
1ac6f6f3.wav,Skateboard Sigh Toilet_flush
1acae695.wav,Car_passing_by Motorcycle Waves_and_surf
1acb3d32.wav,Printer Buzz Marimba_and_xylophone
1ad7f703.wav,Writing Printer Fart
1ae3ca16.wav,Keys_jangling Writing Tick-tock
1aec75a6.wav,Writing Crackle Keys_jangling
1b0687b2.wav,Cutlery_and_silverware Printer Cupboard_open_or_close
1b086eb7.wav,Printer Fart Zipper_(clothing)
1b0a3884.wav,Fill_(with_liquid) Toilet_flush Bark
1b1d1b2d.wav,Toilet_flush Scissors Writing
1b3ecd82.wav,Stream Accelerating_and_revving_and_vroom Motorcycle
1b5b6468.wav,Whispering Cupboard_open_or_close Fart
1b5daf72.wav,Keys_jangling Frying_(food) Finger_snapping
1b68d94a.wav,Printer Drawer_open_or_close Shatter
1ba04ecc.wav,Scissors Keys_jangling Frying_(food)
1bc14732.wav,Fill_(with_liquid) Shatter Cutlery_and_silverware
1bcfdfb5.wav,Burping_and_eructation Tap Purr
1bd82417.wav,Harmonica Chink_and_clink Church_bell
1be1c727.wav,Drawer_open_or_close Microwave_oven Bus
1bfd4be2.wav,Skateboard Fart Walk_and_footsteps
1c0e284a.wav,Printer Buzz Frying_(food)
1c0fbe4b.wav,Printer Marimba_and_xylophone Child_speech_and_kid_speaking
1c1dd720.wav,Male_singing Gurgling Sneeze
1c3bd325.wav,Tick-tock Fill_(with_liquid) Cutlery_and_silverware
1c699cb7.wav,Printer Microwave_oven Bicycle_bell
1c6d56db.wav,Keys_jangling Cutlery_and_silverware Tick-tock
1c77cedf.wav,Stream Waves_and_surf Scissors
1c785226.wav,Printer Writing Run
1c79ca96.wav,Tick-tock Keys_jangling Frying_(food)
1c8369cf.wav,Walk_and_footsteps Skateboard Zipper_(clothing)
1c983e19.wav,Printer Tick-tock Keys_jangling
1c9e3f10.wav,Bass_drum Cupboard_open_or_close Clapping
1cc5b5f7.wav,Trickle_and_dribble Fill_(with_liquid) Crackle
1cd55ad6.wav,Motorcycle Accelerating_and_revving_and_vroom Traffic_noise_and_roadway_noise
1cf8379b.wav,Hiss Cricket Keys_jangling
1d11b910.wav,Writing Scissors Keys_jangling
1d1778c4.wav,Gong Bass_drum Bass_guitar
1d1863a4.wav,Accelerating_and_revving_and_vroom Electric_guitar Motorcycle
1d2459ce.wav,Screaming Fart Zipper_(clothing)
1d279116.wav,Printer Tick-tock Tap
1d33f8e1.wav,Cutlery_and_silverware Shatter Hiss
1d4ae8ab.wav,Scissors Finger_snapping Whispering
1d58040b.wav,Child_speech_and_kid_speaking Cupboard_open_or_close Meow
1d6f2b16.wav,Female_speech_and_woman_speaking Female_singing Child_speech_and_kid_speaking
1d7d2a17.wav,Bus Motorcycle Purr
1db41feb.wav,Hiss Hi-hat Female_singing
1dbcd4ba.wav,Tick-tock Printer Writing
1dc3166b.wav,Fart Skateboard Printer
1dc417cd.wav,Tick-tock Scissors Toilet_flush
1dcc4dd4.wav,Mechanical_fan Bus Accelerating_and_revving_and_vroom
1de84153.wav,Motorcycle Microwave_oven Bus
1ded5864.wav,Marimba_and_xylophone Gong Tick-tock
1def6435.wav,Keys_jangling Chewing_and_mastication Shatter
1dfa910d.wav,Tick-tock Keys_jangling Frying_(food)
1e0b81a9.wav,Cupboard_open_or_close Child_speech_and_kid_speaking Female_speech_and_woman_speaking
1e1a72d5.wav,Frying_(food) Bass_drum Marimba_and_xylophone
1e1e674a.wav,Tick-tock Hiss Scissors
1e3763ba.wav,Gong Cupboard_open_or_close Screaming
1e3cd2f0.wav,Female_speech_and_woman_speaking Child_speech_and_kid_speaking Sneeze
1e6572de.wav,Writing Tick-tock Toilet_flush
1e6e9131.wav,Fart Zipper_(clothing) Skateboard
1e6fe316.wav,Stream Toilet_flush Scissors
1e7b59a7.wav,Child_speech_and_kid_speaking Cupboard_open_or_close Printer
1e8a965c.wav,Motorcycle Mechanical_fan Fart
1e8fe3d2.wav,Female_singing Male_singing Bark
1ea533ec.wav,Tick-tock Keys_jangling Sigh
1eac92a1.wav,Harmonica Toilet_flush Buzz
1ec2f60d.wav,Shatter Tick-tock Run
1eda3d26.wav,Harmonica Church_bell Screaming
1f27827e.wav,Harmonica Cutlery_and_silverware Hiss
1f293888.wav,Bass_drum Cupboard_open_or_close Accelerating_and_revving_and_vroom
1f3d2f22.wav,Stream Bathtub_(filling_or_washing) Toilet_flush
1f52baf2.wav,Cutlery_and_silverware Keys_jangling Printer
1f58cc84.wav,Female_speech_and_woman_speaking Male_speech_and_man_speaking Female_singing
1f63c45e.wav,Finger_snapping Scissors Keys_jangling
1f85a5c7.wav,Fart Skateboard Zipper_(clothing)
1f9c1f3e.wav,Male_singing Electric_guitar Accordion
1fc0282a.wav,Scissors Writing Finger_snapping
1fc8f9a5.wav,Bicycle_bell Keys_jangling Microwave_oven
1fd74cc3.wav,Tick-tock Glockenspiel Printer
1fde2c61.wav,Printer Tick-tock Zipper_(clothing)
1fe639ee.wav,Writing Scissors Tick-tock
1fec2121.wav,Toilet_flush Printer Drawer_open_or_close
1ff215f3.wav,Toilet_flush Printer Chewing_and_mastication
200b6920.wav,Printer Bus Microwave_oven
2012b2f4.wav,Microwave_oven Clapping Gong
201c18ee.wav,Printer Fart Run
20612e10.wav,Stream Toilet_flush Harmonica
2069253a.wav,Female_singing Marimba_and_xylophone Male_speech_and_man_speaking
206c0a24.wav,Writing Scissors Printer
20801c98.wav,Hiss Fart Cupboard_open_or_close
2087f937.wav,Cutlery_and_silverware Whispering Writing
20898b89.wav,Stream Fill_(with_liquid) Scissors
20b16812.wav,Keys_jangling Writing Cutlery_and_silverware
20c3541c.wav,Shatter Cutlery_and_silverware Tick-tock
20d2ad1c.wav,Meow Screaming Hiss
20dc6392.wav,Writing Hiss Keys_jangling
20e285c7.wav,Sigh Fart Skateboard
21102a3a.wav,Whispering Chewing_and_mastication Tick-tock
2113043a.wav,Female_singing Hiss Toilet_flush
2142adda.wav,Fill_(with_liquid) Female_singing Whispering
21447ea7.wav,Electric_guitar Accordion Harmonica
21455882.wav,Fill_(with_liquid) Tick-tock Hiss
2157612c.wav,Stream Hiss Toilet_flush
2159eea8.wav,Printer Fart Cutlery_and_silverware
2175b26d.wav,Bass_guitar Gong Buzz
217b109a.wav,Accelerating_and_revving_and_vroom Motorcycle Car_passing_by
2189acc6.wav,Harmonica Bark Chink_and_clink
218b15dc.wav,Male_speech_and_man_speaking Trickle_and_dribble Bark
218c8907.wav,Toilet_flush Stream Printer
21b0c9cb.wav,Chewing_and_mastication Skateboard Shatter
21b24d69.wav,Bass_drum Whispering Cupboard_open_or_close
21b601cd.wav,Gong Tick-tock Toilet_flush
21d2eb4c.wav,Fart Printer Cutlery_and_silverware
21d49986.wav,Bass_drum Marimba_and_xylophone Gong
21e8d6a9.wav,Printer Finger_snapping Slam
21eb5d58.wav,Waves_and_surf Motorcycle Stream
21eca32f.wav,Writing Scissors Computer_keyboard
21fa3245.wav,Keys_jangling Finger_snapping Scissors
2210c997.wav,Screaming Meow Bark
2216c947.wav,Male_singing Fart Gurgling
223032ba.wav,Cricket Hiss Chirp_and_tweet
2236c850.wav,Purr Mechanical_fan Accelerating_and_revving_and_vroom
223a5173.wav,Gurgling Fart Burping_and_eructation
22522048.wav,Microwave_oven Bus Drawer_open_or_close
2263763d.wav,Fart Printer Cricket
228a538c.wav,Tick-tock Keys_jangling Finger_snapping
22a7e375.wav,Stream Bathtub_(filling_or_washing) Toilet_flush
22b07889.wav,Whispering Cutlery_and_silverware Gurgling
22b6b9aa.wav,Tick-tock Hiss Finger_snapping
22c5ea2f.wav,Printer Toilet_flush Fart
22c78043.wav,Skateboard Waves_and_surf Purr
22c98028.wav,Bus Keys_jangling Fart
22c9b301.wav,Motorcycle Accelerating_and_revving_and_vroom Car_passing_by
22cd860e.wav,Chewing_and_mastication Fill_(with_liquid) Keys_jangling
22f22fc9.wav,Bass_guitar Gong Bass_drum
22f2d98a.wav,Keys_jangling Marimba_and_xylophone Scissors
2303e210.wav,Whispering Keys_jangling Cutlery_and_silverware
23244f49.wav,Whispering Writing Chewing_and_mastication
2327b6de.wav,Bass_drum Finger_snapping Marimba_and_xylophone
2343daa5.wav,Printer Toilet_flush Tick-tock
235213ce.wav,Whispering Chewing_and_mastication Finger_snapping
235f959c.wav,Meow Burping_and_eructation Child_speech_and_kid_speaking
236e7ce1.wav,Hiss Frying_(food) Cricket
23726888.wav,Harmonica Tick-tock Hiss
23756062.wav,Purr Gurgling Fart
238b11f0.wav,Marimba_and_xylophone Purr Printer
23a07927.wav,Hiss Cricket Male_singing
23a2669b.wav,Toilet_flush Bathtub_(filling_or_washing) Zipper_(clothing)
23c4613e.wav,Writing Buzz Crackle
23c714b5.wav,Bass_drum Bass_guitar Gong
23d35eea.wav,Tick-tock Zipper_(clothing) Writing
23fabbb4.wav,Stream Bathtub_(filling_or_washing) Toilet_flush
23fe505d.wav,Keys_jangling Writing Scissors
2406d1de.wav,Motorcycle Mechanical_fan Car_passing_by
240e9caa.wav,Female_singing Printer Hiss
24456657.wav,Stream Car_passing_by Clapping
244a60cd.wav,Finger_snapping Whispering Clapping
2451cad9.wav,Female_singing Bark Meow
2451d17b.wav,Harmonica Hiss Marimba_and_xylophone
245c01e6.wav,Male_singing Electric_guitar Motorcycle
2462f236.wav,Female_singing Male_singing Accordion
24ae5bef.wav,Chink_and_clink Sigh Marimba_and_xylophone
24ce9114.wav,Printer Fart Cutlery_and_silverware
24dda4ed.wav,Hiss Shatter Toilet_flush
24ecb25d.wav,Screaming Child_speech_and_kid_speaking Female_singing
24f04ba5.wav,Drawer_open_or_close Motorcycle Fart
2548960b.wav,Church_bell Printer Motorcycle
256d567f.wav,Scissors Writing Cutlery_and_silverware
2583a54d.wav,Tick-tock Keys_jangling Finger_snapping
2599ff86.wav,Hiss Gong Screaming
259e3fa7.wav,Writing Cricket Printer
25a8ef58.wav,Bass_drum Marimba_and_xylophone Bass_guitar
25a991a1.wav,Tick-tock Keys_jangling Scissors
25beac1d.wav,Tap Cupboard_open_or_close Marimba_and_xylophone
25c32640.wav,Tick-tock Writing Scissors
25c8686f.wav,Printer Burping_and_eructation Fart
25d481d6.wav,Bass_drum Printer Fart
25e059d3.wav,Printer Run Fart
25e23528.wav,Harmonica Female_singing Accordion
25e75fa8.wav,Shatter Hiss Cutlery_and_silverware
261cdf15.wav,Printer Hiss Toilet_flush
262131af.wav,Gong Bass_guitar Marimba_and_xylophone
2624e8ff.wav,Whispering Burping_and_eructation Tap
26263cf0.wav,Burping_and_eructation Printer Meow
262a7108.wav,Run Drawer_open_or_close Tap
262d4cca.wav,Harmonica Female_singing Toilet_flush
2655ac2c.wav,Harmonica Female_singing Accordion
26a25f5d.wav,Finger_snapping Whispering Marimba_and_xylophone
26a4977c.wav,Printer Fart Purr
26a6c2f3.wav,Fill_(with_liquid) Stream Trickle_and_dribble
26abfa32.wav,Fill_(with_liquid) Chewing_and_mastication Writing
26c001b7.wav,Stream Toilet_flush Shatter
26c01e3f.wav,Female_singing Female_speech_and_woman_speaking Bark
26f921e3.wav,Chewing_and_mastication Scissors Whispering
2707f8b0.wav,Female_singing Child_speech_and_kid_speaking Male_singing
27080c56.wav,Walk_and_footsteps Drawer_open_or_close Bass_drum
271ade69.wav,Toilet_flush Gong Bass_guitar
272d95c7.wav,Stream Car_passing_by Skateboard
2733bb3f.wav,Female_singing Male_singing Bark
27446bcd.wav,Bass_drum Fart Printer
2756ca54.wav,Scissors Shatter Chewing_and_mastication
2758a116.wav,Female_singing Male_singing Buzz
275e1bb6.wav,Female_speech_and_woman_speaking Female_singing Gurgling
278a19ee.wav,Printer Gasp Sigh
27903ab8.wav,Sigh Drawer_open_or_close Fill_(with_liquid)
27924331.wav,Cutlery_and_silverware Shatter Toilet_flush
279d4550.wav,Fart Writing Keys_jangling
27a4f4a8.wav,Male_singing Accordion Motorcycle
27a8cf7f.wav,Tap Burping_and_eructation Gasp
27b8db15.wav,Waves_and_surf Run Motorcycle
27c8eacc.wav,Writing Keys_jangling Fart
27ce0e90.wav,Chewing_and_mastication Writing Scissors
27d07e83.wav,Chirp_and_tweet Printer Cricket
27d43eba.wav,Printer Hiss Bathtub_(filling_or_washing)
27df10d1.wav,Gurgling Whispering Male_speech_and_man_speaking
27e085c0.wav,Shatter Cupboard_open_or_close Cutlery_and_silverware
280c07e4.wav,Printer Hiss Stream
2810d717.wav,Hiss Finger_snapping Cricket
28142c7d.wav,Keys_jangling Tick-tock Finger_snapping
28199c01.wav,Printer Finger_snapping Sigh
2833e567.wav,Toilet_flush Fill_(with_liquid) Shatter
28383990.wav,Hiss Bathtub_(filling_or_washing) Scissors
283bc0ea.wav,Scissors Writing Chewing_and_mastication
2842be8c.wav,Shatter Fart Cutlery_and_silverware
28849a80.wav,Tick-tock Keys_jangling Sigh
288a89c1.wav,Mechanical_fan Motorcycle Buzz
2894416d.wav,Hiss Writing Scissors
289fb0b8.wav,Fart Cupboard_open_or_close Shatter
28a2ff49.wav,Hiss Finger_snapping Writing
28a9213d.wav,Fart Writing Walk_and_footsteps
28d22d2e.wav,Printer Fart Motorcycle
28d2f36f.wav,Screaming Hiss Female_singing
28e13187.wav,Knock Bass_guitar Bass_drum
28e32693.wav,Motorcycle Accelerating_and_revving_and_vroom Mechanical_fan
28f49053.wav,Printer Fart Shatter
28ff0651.wav,Male_singing Harmonica Female_singing
290e30df.wav,Fart Gurgling Printer
292ef00f.wav,Child_speech_and_kid_speaking Cupboard_open_or_close Buzz
2934735d.wav,Hiss Zipper_(clothing) Toilet_flush
2934d413.wav,Keys_jangling Shatter Tick-tock
29365227.wav,Writing Gong Marimba_and_xylophone
295268ea.wav,Fart Printer Bus
29699f09.wav,Writing Hiss Zipper_(clothing)
297219cc.wav,Finger_snapping Printer Whispering
2980d500.wav,Toilet_flush Tick-tock Writing
29826356.wav,Tick-tock Finger_snapping Cutlery_and_silverware
29b0574f.wav,Writing Printer Zipper_(clothing)
29d72dfb.wav,Accelerating_and_revving_and_vroom Motorcycle Mechanical_fan
29dd29fb.wav,Fart Drawer_open_or_close Printer
29e4880e.wav,Writing Chewing_and_mastication Tick-tock
2a0893c6.wav,Bass_guitar Gong Accelerating_and_revving_and_vroom
2a0a3828.wav,Whispering Printer Gurgling
2a484593.wav,Finger_snapping Hiss Writing
2a557637.wav,Scissors Writing Chewing_and_mastication
2a79d0a8.wav,Marimba_and_xylophone Writing Tick-tock
2a9c7202.wav,Frying_(food) Hiss Printer
2aa1e0b8.wav,Zipper_(clothing) Fart Child_speech_and_kid_speaking
2ac8607d.wav,Yell Female_singing Harmonica
2ad174b4.wav,Bathtub_(filling_or_washing) Writing Crackle
2ae04dd7.wav,Car_passing_by Motorcycle Mechanical_fan
2aedff46.wav,Burping_and_eructation Cutlery_and_silverware Chink_and_clink
2af10e99.wav,Finger_snapping Tick-tock Scissors
2af77e7f.wav,Mechanical_fan Accelerating_and_revving_and_vroom Motorcycle
2b160bb2.wav,Writing Chewing_and_mastication Keys_jangling
2b2613d8.wav,Toilet_flush Cutlery_and_silverware Tick-tock
2b6ee441.wav,Writing Chewing_and_mastication Scissors
2b95327b.wav,Motorcycle Accelerating_and_revving_and_vroom Mechanical_fan
2b9ca464.wav,Knock Bass_drum Bass_guitar
2bab5b09.wav,Printer Chewing_and_mastication Whispering
2bb1503c.wav,Printer Fart Scissors
2bbf558e.wav,Shatter Cutlery_and_silverware Computer_keyboard
2be779a7.wav,Fart Drawer_open_or_close Zipper_(clothing)
2c010e00.wav,Printer Shatter Fart
2c2a3c77.wav,Tick-tock Chewing_and_mastication Scissors
2c2d400b.wav,Tick-tock Writing Keys_jangling
2c39bb30.wav,Church_bell Motorcycle Printer
2c3a44f2.wav,Trickle_and_dribble Fill_(with_liquid) Whispering
2c7a5078.wav,Electric_guitar Motorcycle Buzz
2c809d4f.wav,Writing Scissors Hiss
2c8b8812.wav,Writing Scissors Tick-tock
2c924848.wav,Fart Motorcycle Gasp
2cc7f972.wav,Car_passing_by Mechanical_fan Bass_drum
2cd526f7.wav,Finger_snapping Keys_jangling Tick-tock
2cdfa8c1.wav,Toilet_flush Hiss Bathtub_(filling_or_washing)
2cf4955c.wav,Hiss Shatter Scissors
2cfdaecd.wav,Cutlery_and_silverware Hiss Frying_(food)
2d0863b7.wav,Toilet_flush Writing Bathtub_(filling_or_washing)
2d09c7ca.wav,Whispering Cricket Chirp_and_tweet
2d15ca77.wav,Fart Shatter Cutlery_and_silverware
2d209c25.wav,Marimba_and_xylophone Tick-tock Writing
2d21dbf4.wav,Purr Motorcycle Accelerating_and_revving_and_vroom
2d455ed9.wav,Chewing_and_mastication Writing Scissors
2d4961a8.wav,Finger_snapping Scissors Writing
2d4a0250.wav,Toilet_flush Hiss Sigh
2d56c2ae.wav,Shatter Keys_jangling Tick-tock
2d5dcc5d.wav,Motorcycle Walk_and_footsteps Church_bell
2d666c1d.wav,Marimba_and_xylophone Writing Gong
2d6d99d4.wav,Female_speech_and_woman_speaking Fart Child_speech_and_kid_speaking
2d7218f8.wav,Clapping Fart Finger_snapping
2d7ae271.wav,Male_singing Burping_and_eructation Electric_guitar
2d8135cc.wav,Skateboard Stream Toilet_flush
2d88fa59.wav,Cutlery_and_silverware Whispering Fart
2da4c729.wav,Mechanical_fan Motorcycle Bus
2db579cb.wav,Finger_snapping Bass_drum Whispering
2db63f0d.wav,Writing Zipper_(clothing) Fart
2dd2a6bf.wav,Stream Toilet_flush Printer
2df0cf1f.wav,Burping_and_eructation Sigh Gasp
2df1f901.wav,Bathtub_(filling_or_washing) Screaming Buzz
2dfd32a3.wav,Harmonica Shatter Tick-tock
2e61e614.wav,Toilet_flush Shatter Sigh
2e820b05.wav,Chirp_and_tweet Screaming Whispering
2e8b4709.wav,Gurgling Whispering Shatter
2e9ced66.wav,Scissors Chewing_and_mastication Writing
2ea33689.wav,Female_singing Accordion Printer
2eade3e1.wav,Marimba_and_xylophone Gong Car_passing_by
2eb3002c.wav,Female_speech_and_woman_speaking Cupboard_open_or_close Toilet_flush
2eb51f57.wav,Harmonica Hiss Marimba_and_xylophone
2ed9ce69.wav,Harmonica Male_singing Stream
2edb4142.wav,Printer Toilet_flush Frying_(food)
2ee3ef28.wav,Printer Female_singing Fart
2ee9f139.wav,Gurgling Meow Whispering
2eeb7f35.wav,Child_speech_and_kid_speaking Hiss Female_singing
2eec6eda.wav,Marimba_and_xylophone Harmonica Hiss
2f00863c.wav,Gong Marimba_and_xylophone Bass_guitar
2f14d3b3.wav,Tick-tock Shatter Hiss
2f2ab304.wav,Harmonica Church_bell Toilet_flush
2f41afe1.wav,Gong Marimba_and_xylophone Electric_guitar
2f529eb8.wav,Chink_and_clink Scissors Bathtub_(filling_or_washing)
2f5cbf20.wav,Drawer_open_or_close Fart Shatter
2f6331aa.wav,Burping_and_eructation Gasp Cutlery_and_silverware
2f643c50.wav,Tick-tock Marimba_and_xylophone Whispering
2f785877.wav,Bass_drum Marimba_and_xylophone Gong
2f84c8e9.wav,Scissors Writing Keys_jangling
2f8dd247.wav,Printer Toilet_flush Run
2f94fca3.wav,Printer Burping_and_eructation Fart
2fa1cc09.wav,Keys_jangling Tick-tock Finger_snapping
2fc6ede8.wav,Marimba_and_xylophone Accelerating_and_revving_and_vroom Hiss
2fe3ae63.wav,Marimba_and_xylophone Writing Finger_snapping
2ffd2145.wav,Child_speech_and_kid_speaking Cupboard_open_or_close Fart
3011c55b.wav,Harmonica Female_singing Buzz
3012731a.wav,Motorcycle Waves_and_surf Stream
302f4eb8.wav,Marimba_and_xylophone Tick-tock Printer
303d4668.wav,Keys_jangling Scissors Writing
304d8a8e.wav,Hiss Printer Writing
304f25f4.wav,Zipper_(clothing) Motorcycle Walk_and_footsteps
3052fe86.wav,Printer Drawer_open_or_close Microwave_oven
3061e8d1.wav,Female_singing Yell Bark
309169fa.wav,Child_speech_and_kid_speaking Cutlery_and_silverware Whispering
30960f70.wav,Mechanical_fan Motorcycle Bus
309eea85.wav,Bark Screaming Female_singing
30ac78a6.wav,Tick-tock Sigh Keys_jangling
30d1840b.wav,Scissors Keys_jangling Chewing_and_mastication
30dc07a7.wav,Bass_drum Marimba_and_xylophone Bass_guitar
30e1162a.wav,Child_speech_and_kid_speaking Screaming Meow
30e40cc3.wav,Buzz Female_singing Male_singing
30f7577e.wav,Toilet_flush Writing Tick-tock
30f8ba51.wav,Bass_guitar Gong Accelerating_and_revving_and_vroom
3102ff8d.wav,Run Writing Walk_and_footsteps
311fcc0d.wav,Keys_jangling Frying_(food) Chirp_and_tweet
3129e5b4.wav,Bass_drum Marimba_and_xylophone Gong
312c730c.wav,Hiss Toilet_flush Printer
312e1179.wav,Frying_(food) Hiss Printer
312e698e.wav,Burping_and_eructation Chirp_and_tweet Male_speech_and_man_speaking
31312cda.wav,Gong Bass_guitar Marimba_and_xylophone
3134c1f5.wav,Chewing_and_mastication Keys_jangling Scissors
31452d93.wav,Motorcycle Waves_and_surf Stream
314a8107.wav,Gong Hi-hat Gasp
3174521f.wav,Frying_(food) Tick-tock Run
3177529f.wav,Writing Scissors Chewing_and_mastication
317e5fda.wav,Chewing_and_mastication Computer_keyboard Whispering
3190ca46.wav,Hiss Frying_(food) Bathtub_(filling_or_washing)
31ab1bc4.wav,Burping_and_eructation Fart Printer
31b883cb.wav,Fart Printer Gong
31bf8f6c.wav,Race_car_and_auto_racing Male_singing Bark
31c60809.wav,Whispering Printer Chewing_and_mastication
31c7a683.wav,Printer Fart Cutlery_and_silverware
31cfaf7c.wav,Bark Sneeze Gasp
31ea3391.wav,Motorcycle Electric_guitar Accelerating_and_revving_and_vroom
31f4d839.wav,Chewing_and_mastication Writing Computer_keyboard
31fe4058.wav,Bass_drum Marimba_and_xylophone Knock
31ff4a9f.wav,Keys_jangling Scissors Bicycle_bell
320adc8a.wav,Hiss Frying_(food) Printer
320b9457.wav,Fart Printer Motorcycle
320cb73f.wav,Stream Bathtub_(filling_or_washing) Frying_(food)
321c61dd.wav,Frying_(food) Finger_snapping Hiss
321d7624.wav,Bass_guitar Gong Accelerating_and_revving_and_vroom
322c634e.wav,Male_singing Female_singing Female_speech_and_woman_speaking
3246e22c.wav,Toilet_flush Writing Hiss
32663622.wav,Bass_drum Drawer_open_or_close Tap
3273193a.wav,Harmonica Church_bell Bathtub_(filling_or_washing)
327ff97c.wav,Shatter Cutlery_and_silverware Hiss
3288c908.wav,Motorcycle Bus Fart
329d5f81.wav,Burping_and_eructation Marimba_and_xylophone Tap
32aaacf1.wav,Shatter Cutlery_and_silverware Printer
32ad561a.wav,Stream Male_singing Electric_guitar
32b66826.wav,Fart Zipper_(clothing) Printer
32bf8f9d.wav,Sigh Tick-tock Printer
32cce167.wav,Keys_jangling Scissors Shatter
32d21079.wav,Toilet_flush Bus Church_bell
32e0e55a.wav,Gong Bass_guitar Marimba_and_xylophone
32f26b94.wav,Zipper_(clothing) Printer Fart
330b1461.wav,Motorcycle Printer Buzz
3313662e.wav,Shatter Zipper_(clothing) Fart
33139052.wav,Hiss Sigh Frying_(food)
33170581.wav,Burping_and_eructation Chirp_and_tweet Meow
332246f6.wav,Chirp_and_tweet Cutlery_and_silverware Whispering
33355c50.wav,Church_bell Accordion Harmonica
3347121c.wav,Printer Chink_and_clink Keys_jangling
3353d705.wav,Mechanical_fan Motorcycle Cupboard_open_or_close
335d2ea3.wav,Toilet_flush Hiss Harmonica
336a88c3.wav,Printer Fart Burping_and_eructation
338669d9.wav,Writing Whispering Scissors
33a61f8d.wav,Bass_drum Marimba_and_xylophone Gong
33bc9deb.wav,Keys_jangling Scissors Cricket
33c82ad4.wav,Child_speech_and_kid_speaking Female_singing Screaming
33ef8393.wav,Bicycle_bell Burping_and_eructation Chink_and_clink
33fbfca7.wav,Hiss Cricket Cutlery_and_silverware
34035cf8.wav,Drawer_open_or_close Fart Printer
340d5db4.wav,Accelerating_and_revving_and_vroom Motorcycle Printer
340da762.wav,Purr Writing Marimba_and_xylophone
34120253.wav,Harmonica Tick-tock Church_bell
341efc4b.wav,Stream Motorcycle Buzz
342cc3ae.wav,Male_singing Female_singing Screaming
34486c7f.wav,Motorcycle Accelerating_and_revving_and_vroom Cupboard_open_or_close
34510c7a.wav,Writing Printer Tick-tock
34512413.wav,Shatter Whispering Chewing_and_mastication
346fc59c.wav,Chewing_and_mastication Shatter Writing
3474d7cd.wav,Keys_jangling Scissors Writing
348aaf17.wav,Scissors Whispering Writing
349e5ea7.wav,Gurgling Whispering Writing
34aac2b5.wav,Harmonica Female_singing Screaming
34c53320.wav,Burping_and_eructation Fart Printer
34cca3b3.wav,Church_bell Printer Skateboard
34d0b2ca.wav,Female_singing Female_speech_and_woman_speaking Bark
34d4cfda.wav,Church_bell Toilet_flush Meow
34dc323b.wav,Bark Writing Chink_and_clink
34e6a0de.wav,Cricket Chirp_and_tweet Male_speech_and_man_speaking
34f2c99d.wav,Chewing_and_mastication Scissors Zipper_(clothing)
34fbb318.wav,Scissors Computer_keyboard Chewing_and_mastication
3500ed9d.wav,Bass_drum Tap Finger_snapping
350942d1.wav,Toilet_flush Printer Stream
351a8abe.wav,Motorcycle Accelerating_and_revving_and_vroom Electric_guitar
352ce267.wav,Bass_drum Fart Whispering
3544797d.wav,Printer Toilet_flush Whispering
354d467a.wav,Writing Tick-tock Sigh
355ddeda.wav,Fart Printer Frying_(food)
356adc0d.wav,Printer Tick-tock Finger_snapping
356b99de.wav,Chirp_and_tweet Cutlery_and_silverware Cupboard_open_or_close
35930583.wav,Female_singing Male_singing Screaming
359a6e84.wav,Printer Hiss Motorcycle
35a7edad.wav,Bass_drum Marimba_and_xylophone Finger_snapping
35a8a688.wav,Scissors Tick-tock Chewing_and_mastication
35d5aca3.wav,Toilet_flush Printer Zipper_(clothing)
35dbfd81.wav,Harmonica Accordion Church_bell
36027dca.wav,Bass_drum Gong Marimba_and_xylophone
361237d6.wav,Fart Shatter Cupboard_open_or_close
361c9c0e.wav,Cutlery_and_silverware Marimba_and_xylophone Glockenspiel
3623b13a.wav,Female_singing Male_singing Bark
3626ac5a.wav,Cricket Hiss Chirp_and_tweet
362f92f4.wav,Female_singing Bark Tick-tock
366d25a7.wav,Hi-hat Buzz Printer
366d6820.wav,Stream Skateboard Toilet_flush
367ef5a8.wav,Motorcycle Accelerating_and_revving_and_vroom Buzz
36896b31.wav,Fart Zipper_(clothing) Skateboard
368e3f09.wav,Marimba_and_xylophone Writing Gong
36b92bec.wav,Keys_jangling Tick-tock Clapping
36beb3fd.wav,Male_singing Female_singing Female_speech_and_woman_speaking
36c459de.wav,Marimba_and_xylophone Harmonica Sigh
36dfae4f.wav,Tick-tock Whispering Toilet_flush
36fe695f.wav,Printer Fart Drawer_open_or_close
37053a90.wav,Marimba_and_xylophone Chink_and_clink Harmonica
370eaa84.wav,Church_bell Printer Motorcycle
37155f3a.wav,Car_passing_by Skateboard Clapping
37790f99.wav,Frying_(food) Bathtub_(filling_or_washing) Hiss
378216b2.wav,Waves_and_surf Mechanical_fan Motorcycle
37856035.wav,Stream Bathtub_(filling_or_washing) Fill_(with_liquid)
3792237d.wav,Zipper_(clothing) Fart Hiss
37941050.wav,Motorcycle Mechanical_fan Accelerating_and_revving_and_vroom
379ae4e1.wav,Stream Bathtub_(filling_or_washing) Fill_(with_liquid)
379b7e21.wav,Stream Bathtub_(filling_or_washing) Fill_(with_liquid)
379c063d.wav,Gurgling Shatter Cutlery_and_silverware
37a1946c.wav,Printer Tick-tock Gong
37a7927f.wav,Printer Drawer_open_or_close Tap
37c95c1c.wav,Female_speech_and_woman_speaking Screaming Yell
37ccc1ea.wav,Bathtub_(filling_or_washing) Frying_(food) Hiss
37d609aa.wav,Shatter Printer Tick-tock
37dc178a.wav,Printer Frying_(food) Fart
37f5f0d8.wav,Bus Car_passing_by Mechanical_fan
382587b8.wav,Marimba_and_xylophone Gong Bass_drum
382cd8c5.wav,Frying_(food) Microwave_oven Motorcycle
38368c9b.wav,Shatter Cutlery_and_silverware Marimba_and_xylophone
384b0ff2.wav,Harmonica Marimba_and_xylophone Burping_and_eructation
38544190.wav,Tap Writing Computer_keyboard
38558ab1.wav,Burping_and_eructation Male_speech_and_man_speaking Purr
3858d281.wav,Bass_drum Marimba_and_xylophone Gong
385e8b0f.wav,Zipper_(clothing) Frying_(food) Finger_snapping
38636d71.wav,Screaming Fart Female_speech_and_woman_speaking
38669440.wav,Chirp_and_tweet Cricket Hiss
387014ab.wav,Toilet_flush Printer Tick-tock
3876c193.wav,Meow Burping_and_eructation Sigh
388f70a5.wav,Waves_and_surf Skateboard Motorcycle
38b9ff18.wav,Child_speech_and_kid_speaking Cupboard_open_or_close Zipper_(clothing)
38d29a00.wav,Printer Writing Zipper_(clothing)
38d378d8.wav,Motorcycle Printer Accelerating_and_revving_and_vroom
38d50e59.wav,Scissors Fill_(with_liquid) Chewing_and_mastication
38d5d026.wav,Hiss Printer Cutlery_and_silverware
38e43355.wav,Cupboard_open_or_close Screaming Squeak
38ea5df2.wav,Writing Keys_jangling Computer_keyboard
38f6aa5e.wav,Frying_(food) Screaming Toilet_flush
38fea590.wav,Traffic_noise_and_roadway_noise Stream Church_bell
390789a8.wav,Fart Writing Walk_and_footsteps
390995ef.wav,Toilet_flush Cutlery_and_silverware Hiss
39189c31.wav,Harmonica Motorcycle Writing
391fbd47.wav,Tick-tock Cutlery_and_silverware Shatter
392e88d7.wav,Cricket Chirp_and_tweet Hiss
3939b821.wav,Writing Whispering Scissors
39467410.wav,Female_singing Child_speech_and_kid_speaking Tick-tock
394b8ce2.wav,Writing Scissors Chewing_and_mastication
395de76a.wav,Stream Toilet_flush Bathtub_(filling_or_washing)
395df625.wav,Printer Burping_and_eructation Cutlery_and_silverware
396d793f.wav,Keys_jangling Shatter Writing
39723c0e.wav,Harmonica Male_singing Female_singing
39768e2a.wav,Whispering Gurgling Female_speech_and_woman_speaking
3987fc79.wav,Purr Fart Burping_and_eructation
398b6fa6.wav,Drawer_open_or_close Walk_and_footsteps Run
399732ec.wav,Chirp_and_tweet Screaming Hiss
39a8ac5c.wav,Keys_jangling Writing Shatter
39b6cc75.wav,Tick-tock Keys_jangling Shatter
39bbcabd.wav,Mechanical_fan Fart Slam
39c1f2fd.wav,Printer Fart Bus
39d1b554.wav,Tick-tock Scissors Cutlery_and_silverware
39e1b8cc.wav,Trickle_and_dribble Tick-tock Fill_(with_liquid)
39e2f767.wav,Yell Gurgling Burping_and_eructation
39e35f03.wav,Cutlery_and_silverware Shatter Toilet_flush
39eb6dd5.wav,Skateboard Walk_and_footsteps Zipper_(clothing)
39f19344.wav,Sigh Tick-tock Hiss
3a2353bb.wav,Marimba_and_xylophone Writing Hiss
3a28e28a.wav,Mechanical_fan Accelerating_and_revving_and_vroom Motorcycle
3a2a4822.wav,Whispering Tick-tock Writing
3a3e4b29.wav,Male_singing Electric_guitar Accordion
3a49d5ed.wav,Marimba_and_xylophone Cupboard_open_or_close Writing
3a4cf709.wav,Sigh Meow Gasp
3a5e6dde.wav,Hiss Scissors Writing
3a66e3df.wav,Writing Computer_keyboard Chewing_and_mastication
3a87c628.wav,Frying_(food) Tick-tock Scissors
3a885c38.wav,Car_passing_by Mechanical_fan Accelerating_and_revving_and_vroom
3a8b9afe.wav,Electric_guitar Accordion Female_singing
3aa5b432.wav,Stream Skateboard Waves_and_surf
3ac609e1.wav,Bus Motorcycle Mechanical_fan
3acbee34.wav,Chirp_and_tweet Screaming Gurgling
3adfb8f0.wav,Hiss Toilet_flush Printer
3ae08e83.wav,Toilet_flush Printer Hiss
3ae0ea8b.wav,Run Motorcycle Fart
3b0a3361.wav,Toilet_flush Hiss Screaming
3b0b13f4.wav,Whispering Sneeze Sigh
3b13f6a1.wav,Stream Bathtub_(filling_or_washing) Toilet_flush
3b23ed90.wav,Gurgling Cutlery_and_silverware Tick-tock
3b252939.wav,Printer Burping_and_eructation Drawer_open_or_close
3b277890.wav,Zipper_(clothing) Hiss Screaming
3b382171.wav,Trickle_and_dribble Yell Male_speech_and_man_speaking
3b3c2c67.wav,Scissors Computer_keyboard Writing
3b75b456.wav,Stream Motorcycle Accelerating_and_revving_and_vroom
3b7c7f94.wav,Microwave_oven Drawer_open_or_close Printer
3bb6024f.wav,Stream Toilet_flush Printer
3bb7c24d.wav,Writing Tick-tock Chewing_and_mastication
3bb9a722.wav,Keys_jangling Cricket Chewing_and_mastication
3bda5fb0.wav,Car_passing_by Bus Accelerating_and_revving_and_vroom
3bfcab18.wav,Electric_guitar Bass_guitar Gong
3c0370c8.wav,Bass_drum Motorcycle Mechanical_fan
3c1b9399.wav,Fart Printer Shatter
3c20c95f.wav,Run Zipper_(clothing) Walk_and_footsteps
3c216393.wav,Chewing_and_mastication Scissors Writing
3c244ade.wav,Toilet_flush Stream Hiss
3c348e5c.wav,Chewing_and_mastication Shatter Stream
3c35237b.wav,Motorcycle Microwave_oven Mechanical_fan
3c40f472.wav,Male_singing Female_singing Screaming
3c525c1f.wav,Frying_(food) Hiss Writing
3c590143.wav,Stream Chewing_and_mastication Motorcycle
3c90b11b.wav,Keys_jangling Tick-tock Shatter
3c95067e.wav,Shatter Toilet_flush Stream
3ca6b1a3.wav,Fill_(with_liquid) Hiss Cutlery_and_silverware
3caf1f70.wav,Crackle Bass_drum Writing
3cc51361.wav,Electric_guitar Gurgling Female_speech_and_woman_speaking
3cd30520.wav,Cutlery_and_silverware Fill_(with_liquid) Whispering
3ce0dcd0.wav,Hiss Tick-tock Printer
3ce9fd74.wav,Harmonica Church_bell Screaming
3cfeb0cd.wav,Printer Toilet_flush Hiss
3d07c63a.wav,Printer Finger_snapping Zipper_(clothing)
3d0beb6f.wav,Scissors Shatter Keys_jangling
3d0dca90.wav,Stream Toilet_flush Printer
3d1d3f2b.wav,Stream Male_singing Traffic_noise_and_roadway_noise
3d27f415.wav,Marimba_and_xylophone Glockenspiel Tick-tock
3d287b47.wav,Printer Motorcycle Toilet_flush
3d4e1dea.wav,Female_speech_and_woman_speaking Yell Male_singing
3d58d893.wav,Stream Waves_and_surf Bathtub_(filling_or_washing)
3d5f899d.wav,Chink_and_clink Church_bell Gong
3d633399.wav,Motorcycle Mechanical_fan Bus
3d7309d7.wav,Scissors Chewing_and_mastication Stream
3d921767.wav,Gong Bass_guitar Motorcycle
3d9a715d.wav,Stream Bathtub_(filling_or_washing) Shatter
3db04d3f.wav,Bass_guitar Gong Burping_and_eructation
3db44f6c.wav,Harmonica Chink_and_clink Sigh
3ddb4122.wav,Keys_jangling Whispering Hiss
3dedbba9.wav,Writing Scissors Chewing_and_mastication
3df2fc0e.wav,Bus Mechanical_fan Motorcycle
3df5c540.wav,Chewing_and_mastication Writing Stream
3e230352.wav,Fill_(with_liquid) Toilet_flush Tick-tock
3e3a6910.wav,Printer Fart Drawer_open_or_close
3e4755ba.wav,Bass_guitar Gong Purr
3e52f857.wav,Cricket Chirp_and_tweet Scissors
3e5ce660.wav,Fart Motorcycle Purr
3e656c6e.wav,Burping_and_eructation Chink_and_clink Marimba_and_xylophone
3e65a00d.wav,Waves_and_surf Stream Motorcycle
3e691b83.wav,Finger_snapping Tick-tock Tap
3e7889ed.wav,Marimba_and_xylophone Burping_and_eructation Cutlery_and_silverware
3e83500f.wav,Shatter Bass_drum Microwave_oven
3e9967cf.wav,Zipper_(clothing) Fart Mechanical_fan
3ebaff6d.wav,Motorcycle Printer Accelerating_and_revving_and_vroom
3ecc19c5.wav,Skateboard Fart Zipper_(clothing)
3ed6c2b5.wav,Hiss Harmonica Printer
3efc0912.wav,Drawer_open_or_close Printer Church_bell
3f0f92ff.wav,Zipper_(clothing) Writing Tick-tock
3f15fd07.wav,Fill_(with_liquid) Trickle_and_dribble Toilet_flush
3f16d9f3.wav,Printer Accordion Church_bell
3f19e53c.wav,Cricket Chirp_and_tweet Fart
3f1ca1bb.wav,Toilet_flush Tick-tock Bathtub_(filling_or_washing)
3f29038e.wav,Female_speech_and_woman_speaking Female_singing Yell
3f2dbd00.wav,Printer Whispering Fart
3f4f4808.wav,Printer Motorcycle Waves_and_surf
3f53a02f.wav,Fart Drawer_open_or_close Printer
3f7043d9.wav,Finger_snapping Printer Writing
3f80cc56.wav,Hiss Tick-tock Glockenspiel
3f96494a.wav,Fart Motorcycle Printer
3faf10be.wav,Bus Mechanical_fan Motorcycle
3fd4d55a.wav,Finger_snapping Bass_drum Whispering
400ff09d.wav,Toilet_flush Chewing_and_mastication Cutlery_and_silverware
402e2d1b.wav,Fart Drawer_open_or_close Zipper_(clothing)
4030a4f2.wav,Bass_drum Knock Bass_guitar
4034f327.wav,Toilet_flush Stream Motorcycle
4037cd65.wav,Whispering Tick-tock Fart
4040f015.wav,Printer Tick-tock Writing
40449ca7.wav,Printer Fart Cutlery_and_silverware
404b54c0.wav,Fart Keys_jangling Printer
404fb677.wav,Car_passing_by Fart Motorcycle
4053b801.wav,Gasp Shatter Child_speech_and_kid_speaking
405c66af.wav,Shatter Keys_jangling Cutlery_and_silverware
406306b6.wav,Harmonica Marimba_and_xylophone Meow
406a1cc1.wav,Burping_and_eructation Skateboard Bark
406ade5e.wav,Bathtub_(filling_or_washing) Crackle Computer_keyboard
4093913f.wav,Printer Toilet_flush Buzz
40957335.wav,Screaming Fart Female_speech_and_woman_speaking
4098028d.wav,Fart Computer_keyboard Writing
40afd1b3.wav,Whispering Writing Printer
40c1ed87.wav,Finger_snapping Marimba_and_xylophone Bass_drum
40c50046.wav,Run Fart Drawer_open_or_close
40d0726d.wav,Fart Mechanical_fan Motorcycle
40dd1274.wav,Printer Church_bell Buzz
40e25750.wav,Burping_and_eructation Gasp Sigh
410837eb.wav,Buzz Tick-tock Frying_(food)
410c2138.wav,Printer Frying_(food) Hiss
411993fd.wav,Finger_snapping Hi-hat Printer
413b5427.wav,Harmonica Accordion Female_singing
41522a65.wav,Finger_snapping Chirp_and_tweet Cricket
415f4c8f.wav,Keys_jangling Cutlery_and_silverware Printer
41759973.wav,Printer Stream Toilet_flush
419271cc.wav,Printer Fart Squeak
4195cb1a.wav,Female_singing Screaming Cutlery_and_silverware
41af688a.wav,Scissors Writing Hiss
41c60bba.wav,Drawer_open_or_close Tick-tock Walk_and_footsteps
41cfee6d.wav,Accordion Chink_and_clink Harmonica
41f16193.wav,Printer Shatter Bus
41f1ea4a.wav,Cricket Chirp_and_tweet Fart
41f86bc4.wav,Toilet_flush Stream Fill_(with_liquid)
4215309a.wav,Writing Tick-tock Zipper_(clothing)
4248d196.wav,Stream Toilet_flush Waves_and_surf
42542036.wav,Buzz Church_bell Motorcycle
