fname,label
000ccb97.wav,Bus Knock Fart
0012633b.wav,Hi-hat Acoustic_guitar Harmonica
001ed5f1.wav,Crackle Walk_and_footsteps Scissors
00294be0.wav,Gurgling Chewing_and_mastication Gong
003fde7a.wav,Glockenspiel Bicycle_bell Harmonica
0040ccc9.wav,Hi-hat Knock Accelerating_and_revving_and_vroom
0046b732.wav,Meow Purr Whispering
004f3bbc.wav,Bass_guitar Gong Accelerating_and_revving_and_vroom
00526050.wav,Gong Bus Motorcycle
00559da4.wav,Walk_and_footsteps Chewing_and_mastication Purr
00582bbe.wav,Bass_guitar Hi-hat Bass_drum
0064aedf.wav,Hi-hat Keys_jangling Meow
0065512b.wav,Walk_and_footsteps Bathtub_(filling_or_washing) Scissors
006a91d2.wav,Purr Writing Tick-tock
006ea9ee.wav,Gong Church_bell Buzz
006f9dca.wav,Scissors Purr Computer_keyboard
007450dc.wav,Squeak Screaming Bicycle_bell
00979c8a.wav,Keys_jangling Chewing_and_mastication Computer_keyboard
00992464.wav,Computer_keyboard Crackle Bark
00b44a8a.wav,Squeak Finger_snapping Scissors
00bfaaaf.wav,Squeak Buzz Meow
00cf9680.wav,Meow Knock Purr
00eae94d.wav,Hi-hat Finger_snapping Sigh
011ec5b8.wav,Meow Sneeze Burping_and_eructation
013200dc.wav,Scissors Sigh Computer_keyboard
01440c2e.wav,Harmonica Buzz Female_singing
01567a3d.wav,Knock Purr Fart
0163d203.wav,Chewing_and_mastication Keys_jangling Gong
017c24b2.wav,Meow Fart Finger_snapping
01a992c5.wav,Cricket Purr Buzz
01b1d976.wav,Meow Knock Sneeze
01c1c371.wav,Chirp_and_tweet Screaming Sneeze
01cf8354.wav,Sigh Finger_snapping Fart
01d2c640.wav,Gong Computer_keyboard Chewing_and_mastication
01d69423.wav,Keys_jangling Chewing_and_mastication Shatter
01e9170b.wav,Harmonica Bicycle_bell Glockenspiel
01f2901a.wav,Scissors Purr Chewing_and_mastication
020b1fdf.wav,Bus Traffic_noise_and_roadway_noise Mechanical_fan
021457df.wav,Scissors Computer_keyboard Shatter
02173589.wav,Female_singing Harmonica Screaming
021ac082.wav,Applause Crackle Clapping
02200884.wav,Purr Computer_keyboard Sigh
02213278.wav,Tick-tock Drawer_open_or_close Finger_snapping
022e3b2c.wav,Computer_keyboard Sigh Scissors
023081f2.wav,Church_bell Glockenspiel Buzz
02596541.wav,Glockenspiel Printer Church_bell
0289b79b.wav,Hi-hat Frying_(food) Hiss
028cf9db.wav,Female_singing Sigh Female_speech_and_woman_speaking
028d26f7.wav,Squeak Meow Scissors
02ab2a72.wav,Meow Tick-tock Buzz
02c02ec1.wav,Accordion Church_bell Clapping
02ce28a1.wav,Motorcycle Car_passing_by Shatter
02d01f40.wav,Scissors Purr Squeak
02da7457.wav,Hi-hat Shatter Scissors
02e17633.wav,Computer_keyboard Purr Scissors
02e8059d.wav,Bass_guitar Gong Acoustic_guitar
02f71319.wav,Bicycle_bell Screaming Printer
03090fb0.wav,Glockenspiel Church_bell Meow
03162c23.wav,Purr Meow Whispering
032f518c.wav,Acoustic_guitar Bass_guitar Hi-hat
03300fcb.wav,Gong Acoustic_guitar Bass_guitar
035dd895.wav,Purr Walk_and_footsteps Writing
03754ab4.wav,Screaming Harmonica Knock
037b47c4.wav,Gong Meow Fart
03887635.wav,Computer_keyboard Knock Chewing_and_mastication
03931594.wav,Meow Purr Whispering
039d2821.wav,Sigh Acoustic_guitar Bass_guitar
03a47c4a.wav,Scissors Buzz Purr
03b80975.wav,Cheering Applause Slam
03c5e8d0.wav,Hi-hat Bass_drum Shatter
03fe2971.wav,Knock Purr Fart
04008bb5.wav,Purr Computer_keyboard Meow
040c5c0c.wav,Scissors Purr Chewing_and_mastication
041cff59.wav,Computer_keyboard Tick-tock Knock
042b07a4.wav,Church_bell Accordion Female_singing
042b542f.wav,Accordion Harmonica Acoustic_guitar
04308d8d.wav,Meow Computer_keyboard Buzz
04355ea8.wav,Sigh Acoustic_guitar Computer_keyboard
0442a617.wav,Squeak Finger_snapping Screaming
0443f812.wav,Scissors Crackle Squeak
04441d5b.wav,Meow Computer_keyboard Knock
0453bb71.wav,Church_bell Glockenspiel Gong
04702c1c.wav,Meow Tick-tock Screaming
047ba0e1.wav,Sigh Scissors Shatter
04877d29.wav,Bus Church_bell Meow
048c3418.wav,Bathtub_(filling_or_washing) Walk_and_footsteps Clapping
04a5c9eb.wav,Run Female_speech_and_woman_speaking Tap
04ad8e52.wav,Gong Purr Scissors
04af82d9.wav,Sigh Bass_guitar Gong
04b1558a.wav,Bathtub_(filling_or_washing) Crackle Walk_and_footsteps
04de7b9a.wav,Scissors Purr Crackle
04e8bf2a.wav,Computer_keyboard Meow Chewing_and_mastication
04f004fe.wav,Bass_guitar Gong Bass_drum
04f48f10.wav,Chewing_and_mastication Meow Knock
0506eee8.wav,Microwave_oven Race_car_and_auto_racing Car_passing_by
050eb97f.wav,Crowd Run Female_speech_and_woman_speaking
051bda9a.wav,Purr Fart Tick-tock
057a3c2e.wav,Sigh Computer_keyboard Knock
057c13c8.wav,Meow Squeak Harmonica
058a4a79.wav,Finger_snapping Fart Squeak
058ec864.wav,Screaming Bicycle_bell Buzz
05af19b1.wav,Race_car_and_auto_racing Accelerating_and_revving_and_vroom Cheering
05c881c4.wav,Scissors Finger_snapping Computer_keyboard
05d775e9.wav,Frying_(food) Bathtub_(filling_or_washing) Trickle_and_dribble
05dae80d.wav,Female_speech_and_woman_speaking Bass_drum Sigh
05e34a55.wav,Scissors Buzz Purr
05edaa47.wav,Computer_keyboard Scissors Sigh
060b802f.wav,Squeak Finger_snapping Meow
060d2d47.wav,Computer_keyboard Keys_jangling Chewing_and_mastication
062e94dd.wav,Glockenspiel Gong Sigh
06345241.wav,Squeak Screaming Meow
0648b115.wav,Meow Purr Fart
06526954.wav,Chewing_and_mastication Walk_and_footsteps Computer_keyboard
065b49ec.wav,Computer_keyboard Knock Walk_and_footsteps
06604d51.wav,Meow Computer_keyboard Sigh
068b717f.wav,Tick-tock Squeak Meow
069b2f91.wav,Bicycle_bell Chirp_and_tweet Buzz
069f3ce5.wav,Squeak Finger_snapping Computer_keyboard
06a23eb9.wav,Meow Drawer_open_or_close Bark
06c34152.wav,Gurgling Bark Chewing_and_mastication
06feb5cf.wav,Gong Church_bell Acoustic_guitar
0718ce8d.wav,Purr Chewing_and_mastication Walk_and_footsteps
07295dd0.wav,Gong Bus Accelerating_and_revving_and_vroom
072ee4b2.wav,Purr Squeak Sneeze
074cbe2b.wav,Squeak Meow Cricket
07502956.wav,Purr Meow Knock
07603ad3.wav,Gong Bass_guitar Keys_jangling
07670752.wav,Computer_keyboard Finger_snapping Sigh
077f270d.wav,Church_bell Meow Tick-tock
0782d022.wav,Squeak Screaming Meow
078464b8.wav,Hiss Raindrop Stream
07a82fbe.wav,Bass_guitar Bass_drum Computer_keyboard
07bca33c.wav,Meow Purr Buzz
07da8ebf.wav,Screaming Child_speech_and_kid_speaking Squeak
07dff283.wav,Keys_jangling Bass_drum Skateboard
07f965a0.wav,Crackle Trickle_and_dribble Run
07fa6e7e.wav,Finger_snapping Purr Meow
08087580.wav,Computer_keyboard Chewing_and_mastication Sigh
0814db2b.wav,Glockenspiel Church_bell Buzz
0815543c.wav,Finger_snapping Meow Fart
081d6520.wav,Meow Purr Buzz
081f2b5a.wav,Bass_guitar Acoustic_guitar Gong
0824bbdb.wav,Scissors Keys_jangling Computer_keyboard
08272d1c.wav,Purr Meow Cricket
08278440.wav,Meow Squeak Fart
0837e041.wav,Sigh Tick-tock Clapping
08390e01.wav,Cricket Buzz Hiss
083cc652.wav,Squeak Whispering Meow
08458ab2.wav,Walk_and_footsteps Chewing_and_mastication Computer_keyboard
0849057f.wav,Sigh Computer_keyboard Fart
084e5784.wav,Computer_keyboard Purr Meow
085f174a.wav,Church_bell Gong Tick-tock
0865816c.wav,Computer_keyboard Meow Purr
086ce4a5.wav,Run Skateboard Bass_drum
086ebb95.wav,Keys_jangling Bus Meow
08810dd4.wav,Bass_guitar Shatter Knock
08b06642.wav,Buzz Harmonica Finger_snapping
08b2d04c.wav,Acoustic_guitar Accordion Sigh
08bc3e2d.wav,Meow Purr Scissors
08d46566.wav,Sigh Computer_keyboard Hi-hat
08d4acca.wav,Gong Marimba_and_xylophone Bass_guitar
08d5d316.wav,Meow Purr Walk_and_footsteps
08dfe75d.wav,Computer_keyboard Gong Walk_and_footsteps
08eb3a69.wav,Keys_jangling Hi-hat Shatter
08f36895.wav,Meow Purr Walk_and_footsteps
08facc12.wav,Sneeze Finger_snapping Sigh
090cc523.wav,Computer_keyboard Sigh Chewing_and_mastication
091fa206.wav,Acoustic_guitar Bass_guitar Tap
092d8e54.wav,Walk_and_footsteps Chewing_and_mastication Crackle
094761b8.wav,Glockenspiel Church_bell Gong
0963270d.wav,Hi-hat Sigh Shatter
0992b95a.wav,Purr Hi-hat Knock
0997968e.wav,Trickle_and_dribble Walk_and_footsteps Crackle
09a67356.wav,Purr Meow Whispering
09d085e3.wav,Waves_and_surf Crackle Raindrop
0a31c905.wav,Hi-hat Acoustic_guitar Keys_jangling
0a3c2351.wav,Computer_keyboard Sigh Purr
0a4d3800.wav,Computer_keyboard Keys_jangling Scissors
0a4ff0fb.wav,Scissors Hi-hat Purr
0a56e261.wav,Church_bell Gong Meow
0a64010f.wav,Meow Scissors Knock
0a683136.wav,Bass_guitar Gong Acoustic_guitar
0a6e6889.wav,Gong Marimba_and_xylophone Gurgling
0a8e1630.wav,Meow Walk_and_footsteps Purr
0a950c32.wav,Marimba_and_xylophone Female_singing Sigh
0aee7a2a.wav,Walk_and_footsteps Crackle Scissors
0af7446d.wav,Finger_snapping Squeak Bathtub_(filling_or_washing)
0b1503e8.wav,Tick-tock Finger_snapping Church_bell
0b33d746.wav,Squeak Meow Sigh
0b4819f1.wav,Crackle Meow Chirp_and_tweet
0b5c6535.wav,Computer_keyboard Sigh Gong
0b73077e.wav,Crowd Screaming Cheering
0b9e93e6.wav,Sigh Computer_keyboard Scissors
0ba7fe6b.wav,Bus Mechanical_fan Buzz
0bacb61b.wav,Meow Purr Knock
0bb86b6c.wav,Gong Computer_keyboard Sigh
0bbe8308.wav,Finger_snapping Fart Purr
0bc36580.wav,Clapping Bark Bathtub_(filling_or_washing)
0bc7822a.wav,Scissors Computer_keyboard Chewing_and_mastication
0bdcdfba.wav,Chewing_and_mastication Gong Computer_keyboard
0bec3f54.wav,Gong Microwave_oven Accelerating_and_revving_and_vroom
0c151ad3.wav,Waves_and_surf Mechanical_fan Crackle
0c16f612.wav,Meow Bicycle_bell Squeak
0c32d940.wav,Purr Meow Knock
0c390f3c.wav,Computer_keyboard Sigh Buzz
0c3b2573.wav,Keys_jangling Meow Computer_keyboard
0c5ba768.wav,Purr Fart Meow
0c698ef7.wav,Meow Purr Knock
0c8d9148.wav,Computer_keyboard Gong Keys_jangling
0c8def18.wav,Traffic_noise_and_roadway_noise Car_passing_by Bus
0c949702.wav,Child_speech_and_kid_speaking Computer_keyboard Sigh
0cb33d03.wav,Meow Purr Writing
0cb4cde3.wav,Gong Chewing_and_mastication Keys_jangling
0cdddb37.wav,Meow Purr Computer_keyboard
0ce84f9b.wav,Meow Chirp_and_tweet Bus
0cfe3f96.wav,Fart Finger_snapping Squeak
0d000cd7.wav,Fart Knock Purr
0d1b11e0.wav,Burping_and_eructation Bark Sneeze
0d2230eb.wav,Cricket Purr Sneeze
0d2707f4.wav,Church_bell Gong Glockenspiel
0d34341d.wav,Microwave_oven Bus Gong
0d3dc96c.wav,Purr Whispering Scissors
0d507c20.wav,Bicycle_bell Shatter Squeak
0d540ee1.wav,Computer_keyboard Walk_and_footsteps Chewing_and_mastication
0d5516ef.wav,Screaming Chirp_and_tweet Bicycle_bell
0d6564bb.wav,Child_speech_and_kid_speaking Sigh Clapping
0d673a8c.wav,Meow Knock Chirp_and_tweet
0d74277e.wav,Printer Chewing_and_mastication Computer_keyboard
0d8d7af9.wav,Purr Meow Whispering
0d8e2166.wav,Scissors Computer_keyboard Shatter
0d8f3f54.wav,Bus Motorcycle Purr
0d9caeeb.wav,Waves_and_surf Meow Cupboard_open_or_close
0da3d582.wav,Sigh Purr Computer_keyboard
0dc06757.wav,Meow Computer_keyboard Female_singing
0dc813d8.wav,Chewing_and_mastication Scissors Purr
0dce3e5f.wav,Crackle Walk_and_footsteps Trickle_and_dribble
0dcf1534.wav,Stream Crackle Meow
0dda644b.wav,Computer_keyboard Knock Purr
0ddd0393.wav,Meow Purr Computer_keyboard
0de2a4b2.wav,Acoustic_guitar Computer_keyboard Sigh
0de4fc92.wav,Church_bell Gong Buzz
0df1484c.wav,Gong Bass_guitar Keys_jangling
0e18c7d2.wav,Knock Meow Fart
0e3e2590.wav,Meow Keys_jangling Squeak
0e4be6a4.wav,Bus Waves_and_surf Meow
0e6552c7.wav,Walk_and_footsteps Writing Computer_keyboard
0e70a285.wav,Purr Scissors Whispering
0e7f5c7e.wav,Trickle_and_dribble Crackle Walk_and_footsteps
0e9e941b.wav,Gurgling Chewing_and_mastication Skateboard
0ea99bf4.wav,Purr Squeak Whispering
0eaf6d60.wav,Meow Purr Chewing_and_mastication
0ec7e315.wav,Keys_jangling Computer_keyboard Bass_guitar
0ed20fe2.wav,Walk_and_footsteps Trickle_and_dribble Crackle
0ee80cb7.wav,Sigh Acoustic_guitar Burping_and_eructation
0ef6fb07.wav,Meow Computer_keyboard Scissors
0f07f15f.wav,Meow Purr Knock
0f08a4c8.wav,Gong Crackle Scissors
0f096853.wav,Purr Walk_and_footsteps Meow
0f1ab7b0.wav,Walk_and_footsteps Knock Computer_keyboard
0f3fe29d.wav,Stream Trickle_and_dribble Run
0f50ef2b.wav,Motorcycle Traffic_noise_and_roadway_noise Microwave_oven
0f61907d.wav,Bass_guitar Acoustic_guitar Gong
0f663341.wav,Bark Chewing_and_mastication Sigh
0f81d5bc.wav,Hi-hat Shatter Computer_keyboard
0faf5b2e.wav,Bus Race_car_and_auto_racing Accelerating_and_revving_and_vroom
0fc07a52.wav,Purr Whispering Scissors
0fc6a683.wav,Crackle Hiss Trickle_and_dribble
0fccb2e5.wav,Hi-hat Sigh Shatter
0fd91890.wav,Meow Knock Sigh
0fdb30c1.wav,Meow Computer_keyboard Keys_jangling
0fed6565.wav,Scissors Buzz Hi-hat
0ff0e483.wav,Whispering Tick-tock Scissors
0fffc208.wav,Gong Church_bell Buzz
100e123a.wav,Slam Cheering Crowd
100faf3f.wav,Screaming Chirp_and_tweet Male_speech_and_man_speaking
101b2011.wav,Gong Computer_keyboard Bass_guitar
10234fef.wav,Motorcycle Buzz Bus
10236f0e.wav,Accelerating_and_revving_and_vroom Gong Car_passing_by
102fb14f.wav,Gong Accelerating_and_revving_and_vroom Car_passing_by
1052e52b.wav,Gong Bass_guitar Buzz
105460cd.wav,Slam Knock Screaming
10678d21.wav,Squeak Computer_keyboard Sigh
107f3deb.wav,Scissors Whispering Purr
10811159.wav,Walk_and_footsteps Bathtub_(filling_or_washing) Whispering
10a1aa40.wav,Tap Race_car_and_auto_racing Frying_(food)
10a7b8f3.wav,Buzz Hiss Fill_(with_liquid)
10acf1b6.wav,Purr Scissors Chewing_and_mastication
10c170b1.wav,Chewing_and_mastication Whispering Tick-tock
10d026e9.wav,Gong Bass_guitar Mechanical_fan
10d94568.wav,Computer_keyboard Chewing_and_mastication Walk_and_footsteps
10e6a6ac.wav,Meow Computer_keyboard Knock
10e6db66.wav,Gong Computer_keyboard Bass_guitar
10e92421.wav,Gong Church_bell Tick-tock
10f58e51.wav,Acoustic_guitar Harmonica Bass_guitar
11071bad.wav,Meow Knock Purr
111f9431.wav,Screaming Burping_and_eructation Printer
112bdb70.wav,Female_singing Screaming Glockenspiel
113290e8.wav,Sigh Shatter Scissors
1142def0.wav,Scissors Sigh Purr
1147c12b.wav,Meow Squeak Harmonica
1158e587.wav,Hi-hat Shatter Keys_jangling
11641eb8.wav,Knock Male_speech_and_man_speaking Gurgling
1167b492.wav,Sigh Gong Scissors
1172c5fb.wav,Applause Male_speech_and_man_speaking Female_speech_and_woman_speaking
117358df.wav,Meow Knock Purr
1175ac74.wav,Meow Crackle Computer_keyboard
11b6c488.wav,Trickle_and_dribble Cricket Frying_(food)
11cc8bcb.wav,Shatter Scissors Keys_jangling
12264142.wav,Sigh Squeak Bark
1226b0e0.wav,Scissors Keys_jangling Hi-hat
1247b7e3.wav,Church_bell Harmonica Tick-tock
124a286f.wav,Sigh Finger_snapping Computer_keyboard
12600be5.wav,Meow Chewing_and_mastication Sneeze
12689530.wav,Drawer_open_or_close Child_speech_and_kid_speaking Finger_snapping
126b674b.wav,Purr Chewing_and_mastication Meow
127adb78.wav,Clapping Female_singing Finger_snapping
12849e29.wav,Finger_snapping Computer_keyboard Squeak
128a67de.wav,Purr Computer_keyboard Meow
12bcd3ec.wav,Tick-tock Purr Bathtub_(filling_or_washing)
12d3e91f.wav,Scissors Crackle Computer_keyboard
12d8c07f.wav,Bus Keys_jangling Meow
12ddf239.wav,Walk_and_footsteps Chewing_and_mastication Computer_keyboard
12df81e8.wav,Crackle Walk_and_footsteps Scissors
12ee0010.wav,Sigh Computer_keyboard Chewing_and_mastication
12fe33b6.wav,Clapping Frying_(food) Chink_and_clink
130e4d2f.wav,Bark Sigh Computer_keyboard
13237edd.wav,Chirp_and_tweet Finger_snapping Screaming
134c3fea.wav,Fart Finger_snapping Knock
134c95a2.wav,Sigh Computer_keyboard Shatter
13694181.wav,Knock Computer_keyboard Purr
13728313.wav,Church_bell Tick-tock Gong
13ae306e.wav,Shatter Computer_keyboard Bicycle_bell
13cfa025.wav,Car_passing_by Race_car_and_auto_racing Bus
13e3453c.wav,Cricket Scissors Buzz
13e84f69.wav,Harmonica Church_bell Glockenspiel
14096fd8.wav,Walk_and_footsteps Crackle Chewing_and_mastication
142b9865.wav,Hi-hat Shatter Sigh
1438cfd0.wav,Hi-hat Bass_guitar Sigh
143e6d96.wav,Bicycle_bell Harmonica Chink_and_clink
14416af5.wav,Gong Computer_keyboard Sigh
1451986d.wav,Meow Knock Squeak
145a10e4.wav,Scissors Hi-hat Purr
146c73a3.wav,Harmonica Clapping Finger_snapping
14ab7f13.wav,Gong Bass_guitar Keys_jangling
14cbc626.wav,Whispering Sneeze Squeak
14d22f20.wav,Sigh Hi-hat Scissors
14e86cfb.wav,Whispering Computer_keyboard Sigh
14fd704c.wav,Hi-hat Bass_guitar Bass_drum
151ea709.wav,Tick-tock Finger_snapping Clapping
15288481.wav,Church_bell Acoustic_guitar Tick-tock
152a4e09.wav,Stream Applause Raindrop
153579d9.wav,Chewing_and_mastication Walk_and_footsteps Computer_keyboard
1544427c.wav,Computer_keyboard Purr Sigh
154696fd.wav,Hi-hat Shatter Bus
156bf74f.wav,Scissors Finger_snapping Whispering
156c1736.wav,Accordion Church_bell Meow
15776b9c.wav,Computer_keyboard Scissors Purr
157dd023.wav,Knock Meow Purr
15849032.wav,Cricket Purr Buzz
15868ee8.wav,Cricket Chirp_and_tweet Scissors
159b8b9b.wav,Computer_keyboard Sigh Knock
159d2208.wav,Chewing_and_mastication Sigh Sneeze
15a78daf.wav,Gong Sigh Bass_guitar
15a98fd7.wav,Buzz Bus Accelerating_and_revving_and_vroom
15b0d4ec.wav,Meow Purr Knock
15bcf71d.wav,Accelerating_and_revving_and_vroom Bass_guitar Gong
15c34c4f.wav,Keys_jangling Shatter Computer_keyboard
15e2bcaa.wav,Glockenspiel Gong Sigh
15e7bb78.wav,Scissors Purr Whispering
160105ad.wav,Harmonica Accordion Glockenspiel
1604a3fa.wav,Sigh Computer_keyboard Gong
1606f119.wav,Purr Scissors Meow
160acbb0.wav,Hiss Knock Stream
165fd18a.wav,Walk_and_footsteps Keys_jangling Mechanical_fan
166a05c0.wav,Skateboard Crackle Walk_and_footsteps
1670b964.wav,Purr Computer_keyboard Scissors
167a4f00.wav,Buzz Accelerating_and_revving_and_vroom Cricket
168be388.wav,Knock Meow Purr
16b56d33.wav,Keys_jangling Computer_keyboard Shatter
16bc3f60.wav,Squeak Tick-tock Finger_snapping
16c7da35.wav,Trickle_and_dribble Crackle Frying_(food)
16d80f68.wav,Female_singing Sigh Marimba_and_xylophone
16e17bed.wav,Mechanical_fan Waves_and_surf Race_car_and_auto_racing
16f7ac14.wav,Hi-hat Computer_keyboard Bass_guitar
16fd3589.wav,Scissors Keys_jangling Computer_keyboard
17135192.wav,Harmonica Buzz Female_singing
17140de5.wav,Trickle_and_dribble Walk_and_footsteps Cricket
171aa36c.wav,Sigh Scissors Shatter
17361a5c.wav,Crackle Walk_and_footsteps Trickle_and_dribble
1751bb8a.wav,Purr Sneeze Finger_snapping
1779b015.wav,Acoustic_guitar Bass_guitar Marimba_and_xylophone
17b6e84f.wav,Computer_keyboard Chewing_and_mastication Sigh
17c4b25f.wav,Cheering Slam Run
17dfb6db.wav,Gong Computer_keyboard Bass_guitar
1802421a.wav,Mechanical_fan Hiss Stream
18183321.wav,Traffic_noise_and_roadway_noise Slam Bus
183948d1.wav,Skateboard Run Crackle
183fb536.wav,Meow Bark Sigh
1843680b.wav,Walk_and_footsteps Chewing_and_mastication Purr
184aca02.wav,Purr Computer_keyboard Chewing_and_mastication
18551bc1.wav,Purr Finger_snapping Meow
1859b7f7.wav,Shatter Sigh Hi-hat
1877623e.wav,Computer_keyboard Tick-tock Sigh
1889c58d.wav,Bark Sigh Knock
18929e41.wav,Harmonica Squeak Glockenspiel
1899de05.wav,Gong Bass_guitar Knock
18ace84c.wav,Squeak Meow Finger_snapping
18be000d.wav,Walk_and_footsteps Crackle Chewing_and_mastication
18c94757.wav,Run Trickle_and_dribble Skateboard
18ea2e9e.wav,Frying_(food) Trickle_and_dribble Crackle
18fda5a4.wav,Run Clapping Applause
1904f396.wav,Knock Purr Meow
19135157.wav,Computer_keyboard Chewing_and_mastication Sigh
191adc5f.wav,Finger_snapping Squeak Meow
19303d26.wav,Car_passing_by Bass_drum Slam
193a6063.wav,Gong Chewing_and_mastication Computer_keyboard
1945b8ca.wav,Shatter Hi-hat Crowd
19508dc0.wav,Microwave_oven Bus Printer
1960e51e.wav,Keys_jangling Scissors Hi-hat
19754d94.wav,Acoustic_guitar Gong Glockenspiel
197ce5b2.wav,Squeak Sigh Whispering
199d4d12.wav,Sigh Squeak Finger_snapping
19a7dec3.wav,Chewing_and_mastication Computer_keyboard Purr
19bb5700.wav,Run Tap Skateboard
19c7c900.wav,Meow Harmonica Church_bell
19d9401d.wav,Purr Fart Meow
19dcb315.wav,Squeak Bathtub_(filling_or_washing) Sigh
1a068a84.wav,Bass_guitar Gong Acoustic_guitar
1a0d1b78.wav,Meow Purr Waves_and_surf
1a110901.wav,Toilet_flush Hiss Gong
1a1de9b9.wav,Church_bell Harmonica Bicycle_bell
1a1def6e.wav,Clapping Applause Run
1a1edda6.wav,Squeak Sneeze Child_speech_and_kid_speaking
1a2580e1.wav,Car_passing_by Gurgling Gong
1a35ded5.wav,Frying_(food) Scissors Crackle
1a362723.wav,Squeak Meow Purr
1a44ace1.wav,Gong Car_passing_by Accelerating_and_revving_and_vroom
1a51eefe.wav,Chewing_and_mastication Computer_keyboard Scissors
1a5c4e84.wav,Purr Crackle Waves_and_surf
1a606ef2.wav,Hi-hat Keys_jangling Scissors
1a6925fa.wav,Scissors Sigh Shatter
1a884f9e.wav,Hi-hat Shatter Keys_jangling
1abdac69.wav,Crackle Scissors Shatter
1ac6f6f3.wav,Chirp_and_tweet Bicycle_bell Tick-tock
1acae695.wav,Waves_and_surf Chirp_and_tweet Cupboard_open_or_close
1acb3d32.wav,Acoustic_guitar Hi-hat Bass_guitar
1ad7f703.wav,Walk_and_footsteps Drawer_open_or_close Crackle
1ae3ca16.wav,Purr Computer_keyboard Walk_and_footsteps
1aec75a6.wav,Gurgling Chewing_and_mastication Walk_and_footsteps
1b0687b2.wav,Purr Squeak Fart
1b086eb7.wav,Chewing_and_mastication Walk_and_footsteps Crackle
1b0a3884.wav,Church_bell Screaming Squeak
1b1d1b2d.wav,Meow Tick-tock Purr
1b3ecd82.wav,Race_car_and_auto_racing Accelerating_and_revving_and_vroom Car_passing_by
1b5b6468.wav,Finger_snapping Purr Meow
1b5daf72.wav,Meow Computer_keyboard Purr
1b68d94a.wav,Gong Bass_guitar Gurgling
1ba04ecc.wav,Purr Squeak Scissors
1bc14732.wav,Tick-tock Scissors Computer_keyboard
1bcfdfb5.wav,Acoustic_guitar Gong Bass_guitar
1bd82417.wav,Gong Church_bell Glockenspiel
1be1c727.wav,Meow Scissors Keys_jangling
1bfd4be2.wav,Buzz Tick-tock Scissors
1c0e284a.wav,Motorcycle Gurgling Trickle_and_dribble
1c0fbe4b.wav,Meow Buzz Squeak
1c1dd720.wav,Clapping Finger_snapping Child_speech_and_kid_speaking
1c3bd325.wav,Screaming Gurgling Chewing_and_mastication
1c699cb7.wav,Bus Mechanical_fan Meow
1c6d56db.wav,Screaming Chirp_and_tweet Bicycle_bell
1c77cedf.wav,Purr Walk_and_footsteps Finger_snapping
1c785226.wav,Chewing_and_mastication Purr Walk_and_footsteps
1c79ca96.wav,Meow Purr Knock
1c8369cf.wav,Purr Chewing_and_mastication Walk_and_footsteps
1c983e19.wav,Run Chink_and_clink Keys_jangling
1c9e3f10.wav,Bus Mechanical_fan Gong
1cc5b5f7.wav,Scissors Sigh Computer_keyboard
1cd55ad6.wav,Race_car_and_auto_racing Traffic_noise_and_roadway_noise Accelerating_and_revving_and_vroom
1cf8379b.wav,Buzz Cricket Hiss
1d11b910.wav,Scissors Purr Crackle
1d1778c4.wav,Bass_guitar Accelerating_and_revving_and_vroom Gong
1d1863a4.wav,Accelerating_and_revving_and_vroom Car_passing_by Race_car_and_auto_racing
1d2459ce.wav,Scissors Sigh Buzz
1d279116.wav,Meow Finger_snapping Computer_keyboard
1d33f8e1.wav,Chirp_and_tweet Finger_snapping Buzz
1d4ae8ab.wav,Computer_keyboard Fart Finger_snapping
1d58040b.wav,Meow Squeak Scissors
1d6f2b16.wav,Finger_snapping Sneeze Whispering
1d7d2a17.wav,Waves_and_surf Mechanical_fan Motorcycle
1db41feb.wav,Car_passing_by Gong Accelerating_and_revving_and_vroom
1dbcd4ba.wav,Walk_and_footsteps Computer_keyboard Chewing_and_mastication
1dc3166b.wav,Meow Purr Crackle
1dc417cd.wav,Computer_keyboard Chewing_and_mastication Knock
1dcc4dd4.wav,Bus Bass_guitar Shatter
1de84153.wav,Bus Microwave_oven Traffic_noise_and_roadway_noise
1ded5864.wav,Gong Bass_guitar Computer_keyboard
1def6435.wav,Meow Keys_jangling Computer_keyboard
1dfa910d.wav,Church_bell Tick-tock Meow
1e0b81a9.wav,Acoustic_guitar Bass_guitar Hi-hat
1e1a72d5.wav,Meow Knock Purr
1e1e674a.wav,Scissors Purr Computer_keyboard
1e3763ba.wav,Squeak Meow Screaming
1e3cd2f0.wav,Squeak Whispering Scissors
1e6572de.wav,Harmonica Glockenspiel Hi-hat
1e6e9131.wav,Meow Finger_snapping Squeak
1e6fe316.wav,Chewing_and_mastication Gurgling Walk_and_footsteps
1e7b59a7.wav,Purr Squeak Whispering
1e8a965c.wav,Crackle Raindrop Mechanical_fan
1e8fe3d2.wav,Tick-tock Female_singing Finger_snapping
1ea533ec.wav,Gong Bass_guitar Acoustic_guitar
1eac92a1.wav,Glockenspiel Harmonica Church_bell
1ec2f60d.wav,Scissors Purr Squeak
1eda3d26.wav,Crowd Slam Screaming
1f27827e.wav,Glockenspiel Church_bell Harmonica
1f293888.wav,Buzz Bass_guitar Accelerating_and_revving_and_vroom
1f3d2f22.wav,Stream Applause Raindrop
1f52baf2.wav,Meow Purr Computer_keyboard
1f58cc84.wav,Computer_keyboard Sigh Knock
1f63c45e.wav,Computer_keyboard Bark Sneeze
1f85a5c7.wav,Purr Finger_snapping Fart
1f9c1f3e.wav,Gong Glockenspiel Bass_guitar
1fc0282a.wav,Purr Scissors Computer_keyboard
1fc8f9a5.wav,Harmonica Hi-hat Shatter
1fd74cc3.wav,Tick-tock Meow Printer
1fde2c61.wav,Chewing_and_mastication Writing Gurgling
1fe639ee.wav,Chewing_and_mastication Computer_keyboard Keys_jangling
1fec2121.wav,Scissors Writing Computer_keyboard
1ff215f3.wav,Crackle Knock Meow
200b6920.wav,Meow Shatter Keys_jangling
2012b2f4.wav,Meow Scissors Purr
201c18ee.wav,Purr Scissors Meow
20612e10.wav,Clapping Run Cheering
2069253a.wav,Screaming Squeak Sigh
206c0a24.wav,Purr Finger_snapping Meow
20801c98.wav,Bicycle_bell Glockenspiel Slam
2087f937.wav,Tap Church_bell Male_singing
20898b89.wav,Trickle_and_dribble Gurgling Bathtub_(filling_or_washing)
20b16812.wav,Keys_jangling Meow Squeak
20c3541c.wav,Hi-hat Scissors Sigh
20d2ad1c.wav,Squeak Male_speech_and_man_speaking Sneeze
20dc6392.wav,Keys_jangling Chewing_and_mastication Hi-hat
20e285c7.wav,Cheering Crackle Applause
21102a3a.wav,Computer_keyboard Sigh Chewing_and_mastication
2113043a.wav,Female_singing Harmonica Bicycle_bell
2142adda.wav,Finger_snapping Bathtub_(filling_or_washing) Sigh
21447ea7.wav,Harmonica Female_singing Child_speech_and_kid_speaking
21455882.wav,Meow Tick-tock Purr
2157612c.wav,Crowd Cheering Applause
2159eea8.wav,Knock Fart Finger_snapping
2175b26d.wav,Bass_guitar Gong Acoustic_guitar
217b109a.wav,Meow Mechanical_fan Chirp_and_tweet
2189acc6.wav,Harmonica Meow Female_singing
218b15dc.wav,Sneeze Whispering Sigh
218c8907.wav,Crowd Female_speech_and_woman_speaking Clapping
21b0c9cb.wav,Walk_and_footsteps Crackle Computer_keyboard
21b24d69.wav,Purr Buzz Bus
21b601cd.wav,Marimba_and_xylophone Gong Female_singing
21d2eb4c.wav,Gong Bass_guitar Shatter
21d49986.wav,Gong Walk_and_footsteps Computer_keyboard
21e8d6a9.wav,Bass_guitar Meow Computer_keyboard
21eb5d58.wav,Stream Trickle_and_dribble Frying_(food)
21eca32f.wav,Meow Purr Knock
21fa3245.wav,Tick-tock Meow Sneeze
2210c997.wav,Meow Squeak Scissors
2216c947.wav,Bus Car_passing_by Race_car_and_auto_racing
223032ba.wav,Chirp_and_tweet Tick-tock Cricket
2236c850.wav,Chewing_and_mastication Shatter Keys_jangling
223a5173.wav,Finger_snapping Bark Drawer_open_or_close
22522048.wav,Bus Microwave_oven Cupboard_open_or_close
2263763d.wav,Bass_drum Tap Female_speech_and_woman_speaking
228a538c.wav,Scissors Shatter Keys_jangling
22a7e375.wav,Applause Bathtub_(filling_or_washing) Clapping
22b07889.wav,Meow Squeak Whispering
22b6b9aa.wav,Finger_snapping Purr Meow
22c5ea2f.wav,Run Cheering Bass_drum
22c78043.wav,Child_speech_and_kid_speaking Sneeze Sigh
22c98028.wav,Crackle Chewing_and_mastication Purr
22c9b301.wav,Crackle Meow Mechanical_fan
22cd860e.wav,Computer_keyboard Chewing_and_mastication Sigh
22f22fc9.wav,Bass_guitar Computer_keyboard Keys_jangling
22f2d98a.wav,Sigh Hi-hat Computer_keyboard
2303e210.wav,Purr Sigh Computer_keyboard
23244f49.wav,Computer_keyboard Sigh Sneeze
2327b6de.wav,Purr Bus Accelerating_and_revving_and_vroom
2343daa5.wav,Keys_jangling Chink_and_clink Hi-hat
235213ce.wav,Meow Buzz Knock
235f959c.wav,Meow Buzz Squeak
236e7ce1.wav,Scissors Purr Crackle
23726888.wav,Church_bell Gong Glockenspiel
23756062.wav,Bus Gong Cupboard_open_or_close
238b11f0.wav,Gong Bass_guitar Computer_keyboard
23a07927.wav,Keys_jangling Computer_keyboard Purr
23a2669b.wav,Frying_(food) Trickle_and_dribble Bathtub_(filling_or_washing)
23c4613e.wav,Knock Computer_keyboard Bass_guitar
23c714b5.wav,Accelerating_and_revving_and_vroom Gong Mechanical_fan
23d35eea.wav,Knock Meow Purr
23fabbb4.wav,Applause Clapping Bathtub_(filling_or_washing)
23fe505d.wav,Computer_keyboard Scissors Purr
2406d1de.wav,Bus Keys_jangling Hi-hat
240e9caa.wav,Female_singing Marimba_and_xylophone Sigh
24456657.wav,Applause Cheering Crackle
244a60cd.wav,Meow Purr Knock
2451cad9.wav,Meow Squeak Harmonica
2451d17b.wav,Harmonica Church_bell Glockenspiel
245c01e6.wav,Run Trickle_and_dribble Stream
2462f236.wav,Buzz Sigh Harmonica
24ae5bef.wav,Accordion Male_speech_and_man_speaking Church_bell
24ce9114.wav,Computer_keyboard Purr Knock
24dda4ed.wav,Cricket Chirp_and_tweet Water_tap_and_faucet
24ecb25d.wav,Squeak Meow Screaming
24f04ba5.wav,Crackle Walk_and_footsteps Fart
2548960b.wav,Acoustic_guitar Hi-hat Bass_guitar
256d567f.wav,Sigh Squeak Whispering
2583a54d.wav,Meow Knock Purr
2599ff86.wav,Crowd Bark Clapping
259e3fa7.wav,Computer_keyboard Chewing_and_mastication Keys_jangling
25a8ef58.wav,Gong Accelerating_and_revving_and_vroom Buzz
25a991a1.wav,Knock Meow Purr
25beac1d.wav,Computer_keyboard Meow Squeak
25c32640.wav,Applause Female_speech_and_woman_speaking Printer
25c8686f.wav,Sigh Computer_keyboard Gong
25d481d6.wav,Bus Buzz Purr
25e059d3.wav,Chirp_and_tweet Meow Cupboard_open_or_close
25e23528.wav,Screaming Squeak Meow
25e75fa8.wav,Chirp_and_tweet Trickle_and_dribble Crackle
261cdf15.wav,Church_bell Hiss Race_car_and_auto_racing
262131af.wav,Gong Marimba_and_xylophone Bass_guitar
2624e8ff.wav,Computer_keyboard Sigh Whispering
26263cf0.wav,Purr Meow Squeak
262a7108.wav,Scissors Computer_keyboard Crackle
262d4cca.wav,Harmonica Meow Hi-hat
2655ac2c.wav,Church_bell Harmonica Accordion
26a25f5d.wav,Meow Purr Finger_snapping
26a4977c.wav,Chewing_and_mastication Keys_jangling Gong
26a6c2f3.wav,Chewing_and_mastication Finger_snapping Tick-tock
26abfa32.wav,Computer_keyboard Sigh Keys_jangling
26c001b7.wav,Walk_and_footsteps Crackle Trickle_and_dribble
26c01e3f.wav,Harmonica Acoustic_guitar Sigh
26f921e3.wav,Scissors Sigh Bathtub_(filling_or_washing)
2707f8b0.wav,Whispering Sigh Finger_snapping
27080c56.wav,Meow Crackle Scissors
271ade69.wav,Gong Church_bell Buzz
272d95c7.wav,Applause Crackle Raindrop
2733bb3f.wav,Clapping Sigh Child_speech_and_kid_speaking
27446bcd.wav,Gong Bass_guitar Church_bell
2756ca54.wav,Meow Finger_snapping Purr
2758a116.wav,Child_speech_and_kid_speaking Squeak Buzz
275e1bb6.wav,Harmonica Acoustic_guitar Squeak
278a19ee.wav,Buzz Drawer_open_or_close Burping_and_eructation
27903ab8.wav,Bass_drum Female_speech_and_woman_speaking Tap
27924331.wav,Fart Knock Purr
279d4550.wav,Scissors Keys_jangling Computer_keyboard
27a4f4a8.wav,Clapping Chink_and_clink Applause
27a8cf7f.wav,Acoustic_guitar Bass_guitar Hi-hat
27b8db15.wav,Purr Sneeze Scissors
27c8eacc.wav,Hi-hat Shatter Bass_drum
27ce0e90.wav,Computer_keyboard Scissors Chewing_and_mastication
27d07e83.wav,Chirp_and_tweet Buzz Tick-tock
27d43eba.wav,Applause Buzz Race_car_and_auto_racing
27df10d1.wav,Squeak Sigh Sneeze
27e085c0.wav,Squeak Finger_snapping Meow
280c07e4.wav,Gurgling Chewing_and_mastication Buzz
2810d717.wav,Computer_keyboard Purr Scissors
28142c7d.wav,Bus Knock Gong
28199c01.wav,Meow Purr Bus
2833e567.wav,Run Skateboard Screaming
28383990.wav,Finger_snapping Tick-tock Bathtub_(filling_or_washing)
283bc0ea.wav,Scissors Purr Computer_keyboard
2842be8c.wav,Crackle Walk_and_footsteps Tap
28849a80.wav,Computer_keyboard Chewing_and_mastication Sigh
288a89c1.wav,Bass_drum Tap Accelerating_and_revving_and_vroom
2894416d.wav,Bass_guitar Gong Computer_keyboard
289fb0b8.wav,Run Slam Skateboard
28a2ff49.wav,Meow Computer_keyboard Scissors
28a9213d.wav,Shatter Keys_jangling Computer_keyboard
28d22d2e.wav,Hi-hat Meow Tap
28d2f36f.wav,Purr Knock Finger_snapping
28e13187.wav,Gong Bass_guitar Computer_keyboard
28e32693.wav,Bus Gong Car_passing_by
28f49053.wav,Walk_and_footsteps Drawer_open_or_close Whispering
28ff0651.wav,Church_bell Glockenspiel Gong
290e30df.wav,Knock Fart Purr
292ef00f.wav,Bathtub_(filling_or_washing) Finger_snapping Clapping
2934735d.wav,Computer_keyboard Meow Purr
2934d413.wav,Computer_keyboard Sigh Squeak
29365227.wav,Computer_keyboard Bass_guitar Gong
295268ea.wav,Printer Cupboard_open_or_close Waves_and_surf
29699f09.wav,Computer_keyboard Chewing_and_mastication Shatter
297219cc.wav,Purr Meow Fart
2980d500.wav,Gong Bass_guitar Hi-hat
29826356.wav,Finger_snapping Sigh Squeak
29b0574f.wav,Purr Computer_keyboard Scissors
29d72dfb.wav,Traffic_noise_and_roadway_noise Waves_and_surf Bus
29dd29fb.wav,Computer_keyboard Acoustic_guitar Bass_guitar
29e4880e.wav,Computer_keyboard Purr Shatter
2a0893c6.wav,Gong Bass_guitar Accelerating_and_revving_and_vroom
2a0a3828.wav,Sigh Computer_keyboard Hi-hat
2a484593.wav,Computer_keyboard Purr Sigh
2a557637.wav,Computer_keyboard Sigh Chewing_and_mastication
2a79d0a8.wav,Gong Gurgling Bass_guitar
2a9c7202.wav,Scissors Hi-hat Purr
2aa1e0b8.wav,Sigh Tick-tock Whispering
2ac8607d.wav,Screaming Squeak Burping_and_eructation
2ad174b4.wav,Walk_and_footsteps Purr Crackle
2ae04dd7.wav,Waves_and_surf Traffic_noise_and_roadway_noise Mechanical_fan
2aedff46.wav,Shatter Keys_jangling Squeak
2af10e99.wav,Purr Knock Meow
2af77e7f.wav,Keys_jangling Gong Bass_guitar
2b160bb2.wav,Sigh Hi-hat Computer_keyboard
2b2613d8.wav,Bathtub_(filling_or_washing) Clapping Burping_and_eructation
2b6ee441.wav,Sigh Computer_keyboard Chewing_and_mastication
2b95327b.wav,Traffic_noise_and_roadway_noise Bus Motorcycle
2b9ca464.wav,Computer_keyboard Knock Meow
2bab5b09.wav,Fart Chewing_and_mastication Sigh
2bb1503c.wav,Meow Buzz Finger_snapping
2bbf558e.wav,Computer_keyboard Sigh Meow
2be779a7.wav,Computer_keyboard Hi-hat Keys_jangling
2c010e00.wav,Hi-hat Keys_jangling Shatter
2c2a3c77.wav,Purr Whispering Finger_snapping
2c2d400b.wav,Computer_keyboard Hi-hat Tick-tock
2c39bb30.wav,Gong Microwave_oven Church_bell
2c3a44f2.wav,Screaming Squeak Sigh
2c7a5078.wav,Tap Male_singing Bass_drum
2c809d4f.wav,Computer_keyboard Gong Keys_jangling
2c8b8812.wav,Purr Chewing_and_mastication Computer_keyboard
2c924848.wav,Gong Marimba_and_xylophone Accelerating_and_revving_and_vroom
2cc7f972.wav,Gong Bass_guitar Accelerating_and_revving_and_vroom
2cd526f7.wav,Knock Meow Computer_keyboard
2cdfa8c1.wav,Chewing_and_mastication Scissors Computer_keyboard
2cf4955c.wav,Mechanical_fan Crackle Meow
2cfdaecd.wav,Trickle_and_dribble Sink_(filling_or_washing) Bathtub_(filling_or_washing)
2d0863b7.wav,Harmonica Acoustic_guitar Marimba_and_xylophone
2d09c7ca.wav,Chirp_and_tweet Squeak Harmonica
2d15ca77.wav,Walk_and_footsteps Computer_keyboard Meow
2d209c25.wav,Bass_guitar Gong Keys_jangling
2d21dbf4.wav,Walk_and_footsteps Mechanical_fan Car_passing_by
2d455ed9.wav,Sneeze Purr Computer_keyboard
2d4961a8.wav,Purr Meow Whispering
2d4a0250.wav,Meow Purr Sneeze
2d56c2ae.wav,Scissors Purr Chewing_and_mastication
2d5dcc5d.wav,Squeak Sigh Scissors
2d666c1d.wav,Harmonica Glockenspiel Meow
2d6d99d4.wav,Whispering Squeak Finger_snapping
2d7218f8.wav,Finger_snapping Meow Purr
2d7ae271.wav,Applause Gong Church_bell
2d8135cc.wav,Trickle_and_dribble Run Skateboard
2d88fa59.wav,Meow Gong Computer_keyboard
2da4c729.wav,Shatter Motorcycle Hiss
2db579cb.wav,Knock Meow Purr
2db63f0d.wav,Crackle Chewing_and_mastication Walk_and_footsteps
2dd2a6bf.wav,Stream Skateboard Mechanical_fan
2df0cf1f.wav,Squeak Finger_snapping Sneeze
2df1f901.wav,Clapping Bathtub_(filling_or_washing) Drawer_open_or_close
2dfd32a3.wav,Printer Female_singing Buzz
2e61e614.wav,Whispering Purr Sneeze
2e820b05.wav,Squeak Meow Screaming
2e8b4709.wav,Acoustic_guitar Sigh Bass_guitar
2e9ced66.wav,Purr Child_speech_and_kid_speaking Squeak
2ea33689.wav,Accordion Harmonica Church_bell
2eade3e1.wav,Meow Church_bell Bicycle_bell
2eb3002c.wav,Church_bell Meow Hi-hat
2eb51f57.wav,Church_bell Gong Marimba_and_xylophone
2ed9ce69.wav,Accordion Harmonica Church_bell
2edb4142.wav,Gong Bass_guitar Computer_keyboard
2ee3ef28.wav,Computer_keyboard Scissors Sigh
2ee9f139.wav,Whispering Squeak Purr
2eeb7f35.wav,Meow Squeak Sneeze
2eec6eda.wav,Meow Bicycle_bell Screaming
2f00863c.wav,Waves_and_surf Mechanical_fan Motorcycle
2f14d3b3.wav,Hi-hat Harmonica Accordion
2f2ab304.wav,Accordion Harmonica Clapping
2f41afe1.wav,Bass_guitar Gong Marimba_and_xylophone
2f529eb8.wav,Buzz Bathtub_(filling_or_washing) Toilet_flush
2f5cbf20.wav,Meow Bass_guitar Gong
2f6331aa.wav,Finger_snapping Fart Sigh
2f643c50.wav,Computer_keyboard Sigh Writing
2f785877.wav,Gong Bus Accelerating_and_revving_and_vroom
2f84c8e9.wav,Sigh Computer_keyboard Acoustic_guitar
2f8dd247.wav,Meow Writing Church_bell
2f94fca3.wav,Meow Gong Church_bell
2fa1cc09.wav,Knock Computer_keyboard Meow
2fc6ede8.wav,Computer_keyboard Scissors Purr
2fe3ae63.wav,Bass_guitar Gong Computer_keyboard
2ffd2145.wav,Purr Finger_snapping Whispering
3011c55b.wav,Clapping Accordion Harmonica
3012731a.wav,Purr Writing Computer_keyboard
302f4eb8.wav,Gong Church_bell Glockenspiel
303d4668.wav,Scissors Purr Computer_keyboard
304d8a8e.wav,Glockenspiel Printer Meow
304f25f4.wav,Hi-hat Scissors Computer_keyboard
3052fe86.wav,Church_bell Meow Gong
3061e8d1.wav,Squeak Meow Screaming
309169fa.wav,Whispering Sigh Scissors
30960f70.wav,Traffic_noise_and_roadway_noise Waves_and_surf Mechanical_fan
309eea85.wav,Harmonica Accordion Child_speech_and_kid_speaking
30ac78a6.wav,Meow Knock Purr
30d1840b.wav,Scissors Purr Squeak
30dc07a7.wav,Gong Accelerating_and_revving_and_vroom Bus
30e1162a.wav,Meow Squeak Sneeze
30e40cc3.wav,Clapping Female_speech_and_woman_speaking Applause
30f7577e.wav,Walk_and_footsteps Trickle_and_dribble Squeak
30f8ba51.wav,Accelerating_and_revving_and_vroom Bass_guitar Gong
3102ff8d.wav,Walk_and_footsteps Chewing_and_mastication Purr
311fcc0d.wav,Hi-hat Scissors Sigh
3129e5b4.wav,Bus Buzz Motorcycle
312c730c.wav,Frying_(food) Sink_(filling_or_washing) Bathtub_(filling_or_washing)
312e1179.wav,Hi-hat Scissors Acoustic_guitar
312e698e.wav,Screaming Male_speech_and_man_speaking Sigh
31312cda.wav,Gong Bass_guitar Car_passing_by
3134c1f5.wav,Purr Computer_keyboard Chewing_and_mastication
31452d93.wav,Skateboard Applause Cheering
314a8107.wav,Tick-tock Meow Purr
3174521f.wav,Computer_keyboard Hi-hat Sigh
3177529f.wav,Computer_keyboard Purr Chewing_and_mastication
317e5fda.wav,Meow Knock Purr
3190ca46.wav,Scissors Hi-hat Buzz
31ab1bc4.wav,Finger_snapping Knock Purr
31b883cb.wav,Church_bell Sigh Male_speech_and_man_speaking
31bf8f6c.wav,Female_speech_and_woman_speaking Cupboard_open_or_close Child_speech_and_kid_speaking
31c60809.wav,Meow Purr Finger_snapping
31c7a683.wav,Purr Scissors Child_speech_and_kid_speaking
31cfaf7c.wav,Sigh Computer_keyboard Squeak
31ea3391.wav,Race_car_and_auto_racing Bus Gong
31f4d839.wav,Walk_and_footsteps Computer_keyboard Chewing_and_mastication
31fe4058.wav,Computer_keyboard Gong Bass_guitar
31ff4a9f.wav,Squeak Finger_snapping Computer_keyboard
320adc8a.wav,Buzz Cricket Sink_(filling_or_washing)
320b9457.wav,Frying_(food) Printer Drawer_open_or_close
320cb73f.wav,Crackle Raindrop Stream
321c61dd.wav,Meow Purr Keys_jangling
321d7624.wav,Gong Accelerating_and_revving_and_vroom Bass_guitar
322c634e.wav,Accordion Female_singing Harmonica
3246e22c.wav,Drawer_open_or_close Printer Frying_(food)
32663622.wav,Meow Bass_guitar Computer_keyboard
3273193a.wav,Squeak Meow Child_speech_and_kid_speaking
327ff97c.wav,Tick-tock Meow Squeak
3288c908.wav,Traffic_noise_and_roadway_noise Shatter Motorcycle
329d5f81.wav,Church_bell Tick-tock Glockenspiel
32aaacf1.wav,Scissors Squeak Purr
32ad561a.wav,Clapping Applause Accordion
32b66826.wav,Bark Tick-tock Meow
32bf8f9d.wav,Knock Computer_keyboard Sigh
32cce167.wav,Squeak Computer_keyboard Meow
32d21079.wav,Meow Squeak Scissors
32e0e55a.wav,Gong Bass_guitar Accelerating_and_revving_and_vroom
32f26b94.wav,Meow Keys_jangling Computer_keyboard
330b1461.wav,Keys_jangling Writing Scissors
3313662e.wav,Purr Meow Finger_snapping
33139052.wav,Buzz Chirp_and_tweet Finger_snapping
33170581.wav,Bicycle_bell Squeak Meow
332246f6.wav,Screaming Chirp_and_tweet Burping_and_eructation
33355c50.wav,Gong Keys_jangling Bass_guitar
3347121c.wav,Computer_keyboard Knock Meow
3353d705.wav,Motorcycle Accelerating_and_revving_and_vroom Hiss
335d2ea3.wav,Crowd Cheering Yell
336a88c3.wav,Meow Purr Bicycle_bell
338669d9.wav,Knock Computer_keyboard Purr
33a61f8d.wav,Gong Bass_guitar Bus
33bc9deb.wav,Sigh Hi-hat Scissors
33c82ad4.wav,Meow Squeak Tick-tock
33ef8393.wav,Marimba_and_xylophone Female_singing Sigh
33fbfca7.wav,Cricket Trickle_and_dribble Walk_and_footsteps
34035cf8.wav,Bass_guitar Keys_jangling Computer_keyboard
340d5db4.wav,Keys_jangling Gong Bass_guitar
340da762.wav,Gong Walk_and_footsteps Computer_keyboard
34120253.wav,Meow Bicycle_bell Church_bell
341efc4b.wav,Drawer_open_or_close Clapping Finger_snapping
342cc3ae.wav,Clapping Child_speech_and_kid_speaking Bathtub_(filling_or_washing)
34486c7f.wav,Bass_guitar Acoustic_guitar Hi-hat
34510c7a.wav,Computer_keyboard Scissors Purr
34512413.wav,Scissors Bathtub_(filling_or_washing) Tick-tock
346fc59c.wav,Computer_keyboard Chewing_and_mastication Squeak
3474d7cd.wav,Sigh Computer_keyboard Scissors
348aaf17.wav,Scissors Purr Squeak
349e5ea7.wav,Gasp Buzz Meow
34aac2b5.wav,Child_speech_and_kid_speaking Harmonica Female_singing
34c53320.wav,Fart Gong Squeak
34cca3b3.wav,Church_bell Accordion Knock
34d0b2ca.wav,Sigh Child_speech_and_kid_speaking Finger_snapping
34d4cfda.wav,Skateboard Slam Cheering
34dc323b.wav,Bark Sigh Gurgling
34e6a0de.wav,Finger_snapping Fart Chirp_and_tweet
34f2c99d.wav,Purr Scissors Computer_keyboard
34fbb318.wav,Computer_keyboard Sigh Chewing_and_mastication
3500ed9d.wav,Fart Meow Finger_snapping
350942d1.wav,Computer_keyboard Knock Fart
351a8abe.wav,Meow Computer_keyboard Keys_jangling
352ce267.wav,Bus Motorcycle Gong
3544797d.wav,Hi-hat Bass_guitar Sigh
354d467a.wav,Purr Chewing_and_mastication Walk_and_footsteps
355ddeda.wav,Trickle_and_dribble Crackle Gurgling
356adc0d.wav,Fart Purr Computer_keyboard
356b99de.wav,Meow Finger_snapping Sneeze
35930583.wav,Bathtub_(filling_or_washing) Clapping Bark
359a6e84.wav,Hi-hat Harmonica Shatter
35a7edad.wav,Gong Buzz Purr
35a8a688.wav,Meow Computer_keyboard Scissors
35d5aca3.wav,Meow Buzz Keys_jangling
35dbfd81.wav,Buzz Church_bell Glockenspiel
36027dca.wav,Gong Motorcycle Mechanical_fan
361237d6.wav,Female_speech_and_woman_speaking Bass_drum Chink_and_clink
361c9c0e.wav,Keys_jangling Shatter Male_speech_and_man_speaking
3623b13a.wav,Female_singing Clapping Female_speech_and_woman_speaking
3626ac5a.wav,Cricket Hiss Raindrop
362f92f4.wav,Sigh Meow Squeak
366d25a7.wav,Accelerating_and_revving_and_vroom Race_car_and_auto_racing Buzz
366d6820.wav,Trickle_and_dribble Crackle Walk_and_footsteps
367ef5a8.wav,Gong Bus Microwave_oven
36896b31.wav,Printer Tick-tock Buzz
368e3f09.wav,Computer_keyboard Chewing_and_mastication Knock
36b92bec.wav,Scissors Tick-tock Computer_keyboard
36beb3fd.wav,Finger_snapping Squeak Bathtub_(filling_or_washing)
36c459de.wav,Female_singing Screaming Sigh
36dfae4f.wav,Sigh Computer_keyboard Tick-tock
36fe695f.wav,Hi-hat Scissors Computer_keyboard
37053a90.wav,Squeak Screaming Harmonica
370eaa84.wav,Cheering Applause Crowd
37155f3a.wav,Mechanical_fan Crackle Skateboard
37790f99.wav,Frying_(food) Scissors Buzz
378216b2.wav,Waves_and_surf Traffic_noise_and_roadway_noise Mechanical_fan
37856035.wav,Cheering Crowd Crackle
3792237d.wav,Purr Computer_keyboard Meow
37941050.wav,Meow Walk_and_footsteps Computer_keyboard
379ae4e1.wav,Bathtub_(filling_or_washing) Frying_(food) Clapping
379b7e21.wav,Clapping Applause Bathtub_(filling_or_washing)
379c063d.wav,Meow Squeak Finger_snapping
37a1946c.wav,Meow Bark Tick-tock
37a7927f.wav,Bass_guitar Computer_keyboard Gong
37c95c1c.wav,Squeak Meow Whispering
37ccc1ea.wav,Hi-hat Scissors Buzz
37d609aa.wav,Walk_and_footsteps Bark Chewing_and_mastication
37dc178a.wav,Raindrop Crackle Hiss
37f5f0d8.wav,Waves_and_surf Traffic_noise_and_roadway_noise Mechanical_fan
382587b8.wav,Meow Knock Purr
382cd8c5.wav,Purr Meow Walk_and_footsteps
38368c9b.wav,Meow Knock Sigh
384b0ff2.wav,Gong Sigh Buzz
38544190.wav,Bass_guitar Hi-hat Bass_drum
38558ab1.wav,Sigh Gasp Computer_keyboard
3858d281.wav,Gong Bass_guitar Acoustic_guitar
385e8b0f.wav,Chewing_and_mastication Scissors Purr
38636d71.wav,Squeak Screaming Meow
38669440.wav,Chirp_and_tweet Crackle Tap
387014ab.wav,Chewing_and_mastication Tick-tock Run
3876c193.wav,Walk_and_footsteps Squeak Fart
388f70a5.wav,Purr Meow Chirp_and_tweet
38b9ff18.wav,Meow Bass_drum Gasp
38d29a00.wav,Chewing_and_mastication Keys_jangling Gong
38d378d8.wav,Bus Applause Microwave_oven
38d50e59.wav,Hi-hat Scissors Sigh
38d5d026.wav,Computer_keyboard Purr Meow
38e43355.wav,Squeak Meow Child_speech_and_kid_speaking
38ea5df2.wav,Hi-hat Squeak Harmonica
38f6aa5e.wav,Screaming Bathtub_(filling_or_washing) Bark
38fea590.wav,Tap Accordion Church_bell
390789a8.wav,Run Skateboard Chink_and_clink
390995ef.wav,Squeak Finger_snapping Tick-tock
39189c31.wav,Printer Toilet_flush Run
391fbd47.wav,Meow Sigh Computer_keyboard
392e88d7.wav,Waves_and_surf Cricket Mechanical_fan
3939b821.wav,Computer_keyboard Sigh Hi-hat
39467410.wav,Accordion Clapping Child_speech_and_kid_speaking
394b8ce2.wav,Scissors Computer_keyboard Chewing_and_mastication
395de76a.wav,Sigh Bark Computer_keyboard
395df625.wav,Whispering Computer_keyboard Purr
396d793f.wav,Hi-hat Computer_keyboard Shatter
39723c0e.wav,Harmonica Female_singing Accordion
39768e2a.wav,Sigh Whispering Keys_jangling
3987fc79.wav,Walk_and_footsteps Mechanical_fan Car_passing_by
398b6fa6.wav,Computer_keyboard Sigh Scissors
399732ec.wav,Squeak Chirp_and_tweet Screaming
39a8ac5c.wav,Computer_keyboard Chewing_and_mastication Shatter
39b6cc75.wav,Glockenspiel Gong Church_bell
39bbcabd.wav,Crackle Walk_and_footsteps Skateboard
39c1f2fd.wav,Hi-hat Acoustic_guitar Bass_guitar
39d1b554.wav,Sneeze Purr Whispering
39e1b8cc.wav,Walk_and_footsteps Crackle Computer_keyboard
39e2f767.wav,Squeak Meow Finger_snapping
39e35f03.wav,Bathtub_(filling_or_washing) Screaming Clapping
39eb6dd5.wav,Crackle Meow Computer_keyboard
39f19344.wav,Tick-tock Church_bell Buzz
3a2353bb.wav,Gong Keys_jangling Computer_keyboard
3a28e28a.wav,Motorcycle Bus Keys_jangling
3a2a4822.wav,Meow Finger_snapping Purr
3a3e4b29.wav,Acoustic_guitar Bass_guitar Accordion
3a49d5ed.wav,Keys_jangling Bass_guitar Bass_drum
3a4cf709.wav,Purr Squeak Meow
3a5e6dde.wav,Hi-hat Scissors Shatter
3a66e3df.wav,Computer_keyboard Keys_jangling Shatter
3a87c628.wav,Purr Scissors Squeak
3a885c38.wav,Walk_and_footsteps Motorcycle Knock
3a8b9afe.wav,Acoustic_guitar Harmonica Bass_guitar
3aa5b432.wav,Crackle Stream Trickle_and_dribble
3ac609e1.wav,Bus Motorcycle Meow
3acbee34.wav,Squeak Screaming Chirp_and_tweet
3adfb8f0.wav,Shatter Crackle Scissors
3ae08e83.wav,Trickle_and_dribble Crackle Run
3ae0ea8b.wav,Computer_keyboard Purr Meow
3b0a3361.wav,Cheering Applause Crowd
3b0b13f4.wav,Purr Whispering Computer_keyboard
3b13f6a1.wav,Stream Applause Race_car_and_auto_racing
3b23ed90.wav,Male_speech_and_man_speaking Tick-tock Church_bell
3b252939.wav,Purr Squeak Meow
3b277890.wav,Scissors Squeak Whispering
3b382171.wav,Meow Squeak Screaming
3b3c2c67.wav,Computer_keyboard Chewing_and_mastication Sigh
3b75b456.wav,Applause Cheering Race_car_and_auto_racing
3b7c7f94.wav,Computer_keyboard Walk_and_footsteps Chewing_and_mastication
3bb6024f.wav,Crackle Tap Clapping
3bb7c24d.wav,Computer_keyboard Sigh Knock
3bb9a722.wav,Cupboard_open_or_close Purr Writing
3bda5fb0.wav,Meow Waves_and_surf Chirp_and_tweet
3bfcab18.wav,Acoustic_guitar Bass_guitar Marimba_and_xylophone
3c0370c8.wav,Keys_jangling Gong Bass_guitar
3c1b9399.wav,Tap Church_bell Bass_drum
3c20c95f.wav,Purr Computer_keyboard Scissors
3c216393.wav,Sigh Computer_keyboard Chirp_and_tweet
3c244ade.wav,Trickle_and_dribble Drip Computer_keyboard
3c348e5c.wav,Whispering Finger_snapping Tick-tock
3c35237b.wav,Keys_jangling Meow Computer_keyboard
3c40f472.wav,Cricket Screaming Buzz
3c525c1f.wav,Scissors Hi-hat Purr
3c590143.wav,Drawer_open_or_close Clapping Whispering
3c90b11b.wav,Computer_keyboard Sigh Church_bell
3c95067e.wav,Walk_and_footsteps Purr Whispering
3ca6b1a3.wav,Shatter Keys_jangling Squeak
3caf1f70.wav,Walk_and_footsteps Meow Mechanical_fan
3cc51361.wav,Meow Sneeze Tick-tock
3cd30520.wav,Sigh Squeak Chink_and_clink
3ce0dcd0.wav,Shatter Hiss Hi-hat
3ce9fd74.wav,Screaming Run Bicycle_bell
3cfeb0cd.wav,Scissors Frying_(food) Crackle
3d07c63a.wav,Knock Purr Fart
3d0beb6f.wav,Purr Scissors Squeak
3d0dca90.wav,Meow Finger_snapping Drawer_open_or_close
3d1d3f2b.wav,Applause Clapping Crowd
3d27f415.wav,Church_bell Glockenspiel Meow
3d287b47.wav,Hi-hat Keys_jangling Bass_guitar
3d4e1dea.wav,Sigh Acoustic_guitar Computer_keyboard
3d58d893.wav,Run Trickle_and_dribble Stream
3d5f899d.wav,Gong Church_bell Buzz
3d633399.wav,Traffic_noise_and_roadway_noise Shatter Motorcycle
3d7309d7.wav,Scissors Cricket Bathtub_(filling_or_washing)
3d921767.wav,Gong Bass_guitar Accelerating_and_revving_and_vroom
3d9a715d.wav,Trickle_and_dribble Walk_and_footsteps Frying_(food)
3db04d3f.wav,Bass_guitar Gong Acoustic_guitar
3db44f6c.wav,Screaming Female_singing Harmonica
3ddb4122.wav,Purr Computer_keyboard Meow
3dedbba9.wav,Squeak Meow Whispering
3df2fc0e.wav,Keys_jangling Male_speech_and_man_speaking Sigh
3df5c540.wav,Sneeze Finger_snapping Fart
3e230352.wav,Screaming Slam Cheering
3e3a6910.wav,Hi-hat Bass_guitar Buzz
3e4755ba.wav,Gong Bass_guitar Keys_jangling
3e52f857.wav,Squeak Sigh Whispering
3e5ce660.wav,Crackle Meow Chirp_and_tweet
3e656c6e.wav,Meow Tick-tock Buzz
3e65a00d.wav,Raindrop Crackle Traffic_noise_and_roadway_noise
3e691b83.wav,Gong Bass_guitar Computer_keyboard
3e7889ed.wav,Squeak Computer_keyboard Purr
3e83500f.wav,Meow Purr Sneeze
3e9967cf.wav,Crackle Bass_drum Meow
3ebaff6d.wav,Knock Accelerating_and_revving_and_vroom Car_passing_by
3ecc19c5.wav,Gurgling Chewing_and_mastication Skateboard
3ed6c2b5.wav,Computer_keyboard Acoustic_guitar Sigh
3efc0912.wav,Accordion Church_bell Harmonica
3f0f92ff.wav,Tick-tock Bark Finger_snapping
3f15fd07.wav,Bark Computer_keyboard Sigh
3f16d9f3.wav,Hi-hat Harmonica Accordion
3f19e53c.wav,Hiss Yell Tap
3f1ca1bb.wav,Tick-tock Sneeze Bark
3f29038e.wav,Sigh Acoustic_guitar Computer_keyboard
3f2dbd00.wav,Meow Purr Knock
3f4f4808.wav,Crackle Mechanical_fan Waves_and_surf
3f53a02f.wav,Drawer_open_or_close Scissors Computer_keyboard
3f7043d9.wav,Purr Scissors Meow
3f80cc56.wav,Computer_keyboard Gong Chewing_and_mastication
3f96494a.wav,Crackle Purr Meow
3faf10be.wav,Traffic_noise_and_roadway_noise Slam Skateboard
3fd4d55a.wav,Bus Motorcycle Waves_and_surf
400ff09d.wav,Crackle Trickle_and_dribble Run
402e2d1b.wav,Meow Computer_keyboard Buzz
4030a4f2.wav,Purr Meow Computer_keyboard
4034f327.wav,Slam Run Motorcycle
4037cd65.wav,Sneeze Purr Squeak
4040f015.wav,Hi-hat Acoustic_guitar Computer_keyboard
40449ca7.wav,Cricket Chirp_and_tweet Scissors
404b54c0.wav,Chirp_and_tweet Scissors Cricket
404fb677.wav,Meow Waves_and_surf Traffic_noise_and_roadway_noise
4053b801.wav,Computer_keyboard Scissors Sigh
405c66af.wav,Fart Purr Finger_snapping
406306b6.wav,Glockenspiel Church_bell Buzz
406a1cc1.wav,Gurgling Sneeze Purr
406ade5e.wav,Shatter Hi-hat Keys_jangling
4093913f.wav,Walk_and_footsteps Run Crackle
40957335.wav,Squeak Scissors Sneeze
4098028d.wav,Computer_keyboard Chewing_and_mastication Meow
40afd1b3.wav,Chirp_and_tweet Computer_keyboard Fart
40c1ed87.wav,Knock Meow Purr
40c50046.wav,Shatter Hi-hat Sigh
40d0726d.wav,Waves_and_surf Traffic_noise_and_roadway_noise Bus
40dd1274.wav,Accordion Harmonica Female_singing
40e25750.wav,Knock Male_speech_and_man_speaking Screaming
410837eb.wav,Gong Bass_guitar Purr
410c2138.wav,Chirp_and_tweet Tick-tock Buzz
411993fd.wav,Fart Purr Knock
413b5427.wav,Glockenspiel Harmonica Buzz
41522a65.wav,Chirp_and_tweet Finger_snapping Scissors
415f4c8f.wav,Hi-hat Shatter Keys_jangling
41759973.wav,Raindrop Crackle Trickle_and_dribble
419271cc.wav,Squeak Bicycle_bell Screaming
4195cb1a.wav,Screaming Squeak Harmonica
41af688a.wav,Scissors Computer_keyboard Writing
41c60bba.wav,Scissors Purr Computer_keyboard
41cfee6d.wav,Meow Glockenspiel Squeak
41f16193.wav,Shatter Computer_keyboard Knock
41f1ea4a.wav,Meow Church_bell Bicycle_bell
41f86bc4.wav,Trickle_and_dribble Bathtub_(filling_or_washing) Crackle
4215309a.wav,Hi-hat Computer_keyboard Gong
4248d196.wav,Cheering Crowd Applause
42542036.wav,Clapping Tap Applause
