fname,label
000ccb97.wav,Fart Meow Screaming
0012633b.wav,Cricket Buzz Frying_(food)
001ed5f1.wav,Walk_and_footsteps Crackle Whispering
00294be0.wav,Chewing_and_mastication Whispering Cricket
003fde7a.wav,Computer_keyboard Harmonica Bicycle_bell
0040ccc9.wav,Hi-hat Bass_guitar Computer_keyboard
0046b732.wav,Squeak Bark Purr
004f3bbc.wav,Walk_and_footsteps Keys_jangling Writing
00526050.wav,Meow Race_car_and_auto_racing Bus
00559da4.wav,Walk_and_footsteps Crackle Trickle_and_dribble
00582bbe.wav,Keys_jangling Computer_keyboard Bass_guitar
0064aedf.wav,Keys_jangling Hi-hat Bass_guitar
0065512b.wav,Trickle_and_dribble Crackle Walk_and_footsteps
006a91d2.wav,Zipper_(clothing) Cricket Trickle_and_dribble
006ea9ee.wav,Gong Gurgling Microwave_oven
006f9dca.wav,Cricket Chirp_and_tweet Scissors
007450dc.wav,Screaming Bicycle_bell Sigh
00979c8a.wav,Walk_and_footsteps Chewing_and_mastication Whispering
00992464.wav,Shatter Run Trickle_and_dribble
00b44a8a.wav,Cricket Chirp_and_tweet Shatter
00bfaaaf.wav,Screaming Squeak Bark
00cf9680.wav,Whispering Chirp_and_tweet Fart
00eae94d.wav,Squeak Finger_snapping Whispering
011ec5b8.wav,Purr Whispering Scissors
013200dc.wav,Computer_keyboard Chewing_and_mastication Purr
01440c2e.wav,Harmonica Accordion Glockenspiel
01567a3d.wav,Meow Mechanical_fan Walk_and_footsteps
0163d203.wav,Walk_and_footsteps Whispering Chewing_and_mastication
017c24b2.wav,Tick-tock Fart Child_speech_and_kid_speaking
01a992c5.wav,Cricket Trickle_and_dribble Crackle
01b1d976.wav,Whispering Squeak Scissors
01c1c371.wav,Child_speech_and_kid_speaking Chewing_and_mastication Sigh
01cf8354.wav,Computer_keyboard Fart Sneeze
01d2c640.wav,Purr Writing Whispering
01d69423.wav,Computer_keyboard Keys_jangling Chewing_and_mastication
01e9170b.wav,Harmonica Female_singing Frying_(food)
01f2901a.wav,Cricket Trickle_and_dribble Frying_(food)
020b1fdf.wav,Bus Microwave_oven Race_car_and_auto_racing
021457df.wav,Cricket Computer_keyboard Chirp_and_tweet
02173589.wav,Harmonica Female_singing Glockenspiel
021ac082.wav,Run Applause Skateboard
02200884.wav,Computer_keyboard Chirp_and_tweet Chewing_and_mastication
02213278.wav,Tick-tock Bark Finger_snapping
022e3b2c.wav,Whispering Chirp_and_tweet Chewing_and_mastication
023081f2.wav,Harmonica Glockenspiel Gong
02596541.wav,Harmonica Glockenspiel Female_singing
0289b79b.wav,Crackle Hiss Raindrop
028cf9db.wav,Female_singing Acoustic_guitar Sigh
028d26f7.wav,Chirp_and_tweet Squeak Screaming
02ab2a72.wav,Chewing_and_mastication Computer_keyboard Chirp_and_tweet
02c02ec1.wav,Harmonica Church_bell Accordion
02ce28a1.wav,Waves_and_surf Traffic_noise_and_roadway_noise Mechanical_fan
02d01f40.wav,Chirp_and_tweet Whispering Scissors
02da7457.wav,Cricket Crackle Frying_(food)
02e17633.wav,Whispering Walk_and_footsteps Purr
02e8059d.wav,Bass_guitar Acoustic_guitar Hi-hat
02f71319.wav,Hiss Bicycle_bell Cricket
03090fb0.wav,Shatter Computer_keyboard Keys_jangling
03162c23.wav,Purr Whispering Writing
032f518c.wav,Acoustic_guitar Bass_guitar Harmonica
03300fcb.wav,Gong Acoustic_guitar Harmonica
035dd895.wav,Cricket Trickle_and_dribble Crackle
03754ab4.wav,Run Shatter Hi-hat
037b47c4.wav,Fart Bark Sigh
03887635.wav,Chewing_and_mastication Whispering Walk_and_footsteps
03931594.wav,Walk_and_footsteps Whispering Bark
039d2821.wav,Acoustic_guitar Bass_guitar Sigh
03a47c4a.wav,Cricket Frying_(food) Squeak
03b80975.wav,Cheering Skateboard Applause
03c5e8d0.wav,Shatter Keys_jangling Crackle
03fe2971.wav,Fart Bark Sneeze
04008bb5.wav,Whispering Purr Finger_snapping
040c5c0c.wav,Chewing_and_mastication Scissors Computer_keyboard
041cff59.wav,Tick-tock Computer_keyboard Bark
042b07a4.wav,Church_bell Harmonica Glockenspiel
042b542f.wav,Bass_guitar Acoustic_guitar Hi-hat
04308d8d.wav,Bark Computer_keyboard Walk_and_footsteps
04355ea8.wav,Acoustic_guitar Bass_guitar Hi-hat
0442a617.wav,Screaming Squeak Bicycle_bell
0443f812.wav,Cricket Walk_and_footsteps Squeak
04441d5b.wav,Walk_and_footsteps Whispering Chewing_and_mastication
0453bb71.wav,Harmonica Glockenspiel Female_singing
04702c1c.wav,Tick-tock Child_speech_and_kid_speaking Squeak
047ba0e1.wav,Chirp_and_tweet Scissors Cricket
04877d29.wav,Race_car_and_auto_racing Accelerating_and_revving_and_vroom Microwave_oven
048c3418.wav,Scissors Cricket Computer_keyboard
04a5c9eb.wav,Run Skateboard Frying_(food)
04ad8e52.wav,Gurgling Chewing_and_mastication Drip
04af82d9.wav,Sigh Shatter Keys_jangling
04b1558a.wav,Trickle_and_dribble Crackle Drip
04de7b9a.wav,Cricket Trickle_and_dribble Chirp_and_tweet
04e8bf2a.wav,Walk_and_footsteps Writing Whispering
04f004fe.wav,Keys_jangling Bass_guitar Shatter
04f48f10.wav,Gurgling Chewing_and_mastication Keys_jangling
0506eee8.wav,Race_car_and_auto_racing Car_passing_by Accelerating_and_revving_and_vroom
050eb97f.wav,Run Screaming Slam
051bda9a.wav,Tick-tock Purr Drawer_open_or_close
057a3c2e.wav,Chewing_and_mastication Walk_and_footsteps Writing
057c13c8.wav,Harmonica Bicycle_bell Screaming
058a4a79.wav,Squeak Sneeze Bark
058ec864.wav,Bicycle_bell Buzz Keys_jangling
05af19b1.wav,Race_car_and_auto_racing Cheering Accelerating_and_revving_and_vroom
05c881c4.wav,Finger_snapping Burping_and_eructation Squeak
05d775e9.wav,Run Trickle_and_dribble Skateboard
05dae80d.wav,Burping_and_eructation Skateboard Computer_keyboard
05e34a55.wav,Cricket Trickle_and_dribble Squeak
05edaa47.wav,Chewing_and_mastication Computer_keyboard Scissors
060b802f.wav,Screaming Squeak Chirp_and_tweet
060d2d47.wav,Walk_and_footsteps Computer_keyboard Squeak
062e94dd.wav,Harmonica Glockenspiel Gong
06345241.wav,Screaming Squeak Child_speech_and_kid_speaking
0648b115.wav,Fart Sneeze Squeak
06526954.wav,Walk_and_footsteps Chewing_and_mastication Whispering
065b49ec.wav,Computer_keyboard Chewing_and_mastication Writing
06604d51.wav,Computer_keyboard Sigh Keys_jangling
068b717f.wav,Child_speech_and_kid_speaking Walk_and_footsteps Whispering
069b2f91.wav,Harmonica Printer Male_speech_and_man_speaking
069f3ce5.wav,Child_speech_and_kid_speaking Fart Squeak
06a23eb9.wav,Race_car_and_auto_racing Printer Applause
06c34152.wav,Gurgling Chewing_and_mastication Bark
06feb5cf.wav,Microwave_oven Race_car_and_auto_racing Accelerating_and_revving_and_vroom
0718ce8d.wav,Walk_and_footsteps Whispering Writing
07295dd0.wav,Meow Bark Purr
072ee4b2.wav,Whispering Walk_and_footsteps Purr
074cbe2b.wav,Squeak Screaming Chirp_and_tweet
07502956.wav,Whispering Meow Zipper_(clothing)
07603ad3.wav,Keys_jangling Shatter Mechanical_fan
07670752.wav,Trickle_and_dribble Bark Walk_and_footsteps
077f270d.wav,Finger_snapping Fart Tick-tock
0782d022.wav,Screaming Squeak Bicycle_bell
078464b8.wav,Stream Raindrop Frying_(food)
07a82fbe.wav,Walk_and_footsteps Computer_keyboard Writing
07bca33c.wav,Tick-tock Fart Drawer_open_or_close
07da8ebf.wav,Shatter Screaming Bicycle_bell
07dff283.wav,Skateboard Run Keys_jangling
07f965a0.wav,Trickle_and_dribble Run Stream
07fa6e7e.wav,Bark Tick-tock Fart
08087580.wav,Chirp_and_tweet Shatter Trickle_and_dribble
0814db2b.wav,Bicycle_bell Harmonica Glockenspiel
0815543c.wav,Fart Bark Tick-tock
081d6520.wav,Fart Meow Finger_snapping
081f2b5a.wav,Bass_guitar Hi-hat Acoustic_guitar
0824bbdb.wav,Chirp_and_tweet Cricket Walk_and_footsteps
08272d1c.wav,Cricket Chirp_and_tweet Walk_and_footsteps
08278440.wav,Sigh Bark Screaming
0837e041.wav,Child_speech_and_kid_speaking Sigh Sneeze
08390e01.wav,Cricket Chirp_and_tweet Crackle
083cc652.wav,Squeak Sneeze Tick-tock
08458ab2.wav,Walk_and_footsteps Cricket Writing
0849057f.wav,Fart Finger_snapping Squeak
084e5784.wav,Walk_and_footsteps Purr Writing
085f174a.wav,Gong Glockenspiel Applause
0865816c.wav,Walk_and_footsteps Meow Zipper_(clothing)
086ce4a5.wav,Run Skateboard Shatter
086ebb95.wav,Mechanical_fan Keys_jangling Microwave_oven
08810dd4.wav,Walk_and_footsteps Chewing_and_mastication Chirp_and_tweet
08b06642.wav,Tick-tock Bark Female_singing
08b2d04c.wav,Harmonica Accordion Clapping
08bc3e2d.wav,Whispering Purr Sneeze
08d46566.wav,Writing Whispering Purr
08d4acca.wav,Gong Tick-tock Buzz
08d5d316.wav,Trickle_and_dribble Stream Mechanical_fan
08dfe75d.wav,Walk_and_footsteps Computer_keyboard Keys_jangling
08eb3a69.wav,Gurgling Cricket Shatter
08f36895.wav,Mechanical_fan Walk_and_footsteps Zipper_(clothing)
08facc12.wav,Bark Whispering Computer_keyboard
090cc523.wav,Shatter Chirp_and_tweet Sigh
091fa206.wav,Acoustic_guitar Bass_guitar Gong
092d8e54.wav,Walk_and_footsteps Crackle Chewing_and_mastication
094761b8.wav,Gong Harmonica Acoustic_guitar
0963270d.wav,Computer_keyboard Keys_jangling Shatter
0992b95a.wav,Cricket Chirp_and_tweet Shatter
0997968e.wav,Trickle_and_dribble Crackle Raindrop
09a67356.wav,Purr Whispering Scissors
09d085e3.wav,Skateboard Mechanical_fan Run
0a31c905.wav,Keys_jangling Hi-hat Computer_keyboard
0a3c2351.wav,Squeak Chirp_and_tweet Child_speech_and_kid_speaking
0a4d3800.wav,Cricket Writing Keys_jangling
0a4ff0fb.wav,Purr Scissors Writing
0a56e261.wav,Harmonica Bass_guitar Keys_jangling
0a64010f.wav,Harmonica Hi-hat Shatter
0a683136.wav,Acoustic_guitar Bass_guitar Keys_jangling
0a6e6889.wav,Keys_jangling Gong Shatter
0a8e1630.wav,Walk_and_footsteps Writing Zipper_(clothing)
0a950c32.wav,Sink_(filling_or_washing) Gong Harmonica
0aee7a2a.wav,Trickle_and_dribble Crackle Walk_and_footsteps
0af7446d.wav,Frying_(food) Child_speech_and_kid_speaking Squeak
0b1503e8.wav,Tick-tock Bark Fart
0b33d746.wav,Screaming Shatter Sigh
0b4819f1.wav,Crackle Walk_and_footsteps Trickle_and_dribble
0b5c6535.wav,Chewing_and_mastication Computer_keyboard Sigh
0b73077e.wav,Crowd Screaming Male_speech_and_man_speaking
0b9e93e6.wav,Computer_keyboard Chewing_and_mastication Walk_and_footsteps
0ba7fe6b.wav,Walk_and_footsteps Meow Fart
0bacb61b.wav,Whispering Chirp_and_tweet Squeak
0bb86b6c.wav,Sigh Chewing_and_mastication Zipper_(clothing)
0bbe8308.wav,Fart Screaming Bark
0bc36580.wav,Bark Crowd Child_speech_and_kid_speaking
0bc7822a.wav,Trickle_and_dribble Computer_keyboard Crackle
0bdcdfba.wav,Walk_and_footsteps Computer_keyboard Chewing_and_mastication
0bec3f54.wav,Gong Bass_guitar Acoustic_guitar
0c151ad3.wav,Mechanical_fan Waves_and_surf Stream
0c16f612.wav,Harmonica Glockenspiel Bicycle_bell
0c32d940.wav,Purr Sneeze Bark
0c390f3c.wav,Bark Fart Tick-tock
0c3b2573.wav,Keys_jangling Computer_keyboard Walk_and_footsteps
0c5ba768.wav,Fart Meow Zipper_(clothing)
0c698ef7.wav,Whispering Chirp_and_tweet Scissors
0c8d9148.wav,Computer_keyboard Chewing_and_mastication Keys_jangling
0c8def18.wav,Traffic_noise_and_roadway_noise Car_passing_by Bus
0c949702.wav,Fart Bark Computer_keyboard
0cb33d03.wav,Computer_keyboard Walk_and_footsteps Bark
0cb4cde3.wav,Walk_and_footsteps Writing Purr
0cdddb37.wav,Walk_and_footsteps Computer_keyboard Meow
0ce84f9b.wav,Mechanical_fan Traffic_noise_and_roadway_noise Waves_and_surf
0cfe3f96.wav,Sigh Screaming Fart
0d000cd7.wav,Fart Screaming Sneeze
0d1b11e0.wav,Bark Sneeze Purr
0d2230eb.wav,Chirp_and_tweet Squeak Cricket
0d2707f4.wav,Bicycle_bell Harmonica Screaming
0d34341d.wav,Microwave_oven Race_car_and_auto_racing Bus
0d3dc96c.wav,Chirp_and_tweet Whispering Walk_and_footsteps
0d507c20.wav,Shatter Hi-hat Harmonica
0d540ee1.wav,Computer_keyboard Trickle_and_dribble Walk_and_footsteps
0d5516ef.wav,Screaming Bicycle_bell Chirp_and_tweet
0d6564bb.wav,Child_speech_and_kid_speaking Fart Sigh
0d673a8c.wav,Fart Finger_snapping Sigh
0d74277e.wav,Drip Chewing_and_mastication Computer_keyboard
0d8d7af9.wav,Walk_and_footsteps Whispering Bark
0d8e2166.wav,Computer_keyboard Cricket Trickle_and_dribble
0d8f3f54.wav,Meow Bus Microwave_oven
0d9caeeb.wav,Mechanical_fan Raindrop Crackle
0da3d582.wav,Walk_and_footsteps Computer_keyboard Bark
0dc06757.wav,Child_speech_and_kid_speaking Squeak Sneeze
0dc813d8.wav,Walk_and_footsteps Trickle_and_dribble Chirp_and_tweet
0dce3e5f.wav,Trickle_and_dribble Crackle Run
0dcf1534.wav,Stream Microwave_oven Mechanical_fan
0dda644b.wav,Computer_keyboard Keys_jangling Chirp_and_tweet
0ddd0393.wav,Meow Walk_and_footsteps Squeak
0de2a4b2.wav,Bass_guitar Acoustic_guitar Sigh
0de4fc92.wav,Gong Church_bell Harmonica
0df1484c.wav,Computer_keyboard Purr Keys_jangling
0e18c7d2.wav,Whispering Chirp_and_tweet Finger_snapping
0e3e2590.wav,Run Shatter Bicycle_bell
0e4be6a4.wav,Mechanical_fan Traffic_noise_and_roadway_noise Car_passing_by
0e6552c7.wav,Walk_and_footsteps Writing Zipper_(clothing)
0e70a285.wav,Scissors Cricket Walk_and_footsteps
0e7f5c7e.wav,Trickle_and_dribble Crackle Raindrop
0e9e941b.wav,Gurgling Drip Chewing_and_mastication
0ea99bf4.wav,Sneeze Squeak Tick-tock
0eaf6d60.wav,Walk_and_footsteps Whispering Writing
0ec7e315.wav,Trickle_and_dribble Mechanical_fan Keys_jangling
0ed20fe2.wav,Trickle_and_dribble Cricket Crackle
0ee80cb7.wav,Child_speech_and_kid_speaking Sigh Female_singing
0ef6fb07.wav,Computer_keyboard Purr Bark
0f07f15f.wav,Fart Meow Whispering
0f08a4c8.wav,Walk_and_footsteps Chirp_and_tweet Keys_jangling
0f096853.wav,Cricket Walk_and_footsteps Chirp_and_tweet
0f1ab7b0.wav,Walk_and_footsteps Writing Whispering
0f3fe29d.wav,Trickle_and_dribble Stream Crackle
0f50ef2b.wav,Stream Microwave_oven Mechanical_fan
0f61907d.wav,Bass_guitar Acoustic_guitar Hi-hat
0f663341.wav,Drip Chewing_and_mastication Gurgling
0f81d5bc.wav,Computer_keyboard Chewing_and_mastication Scissors
0faf5b2e.wav,Race_car_and_auto_racing Microwave_oven Accelerating_and_revving_and_vroom
0fc07a52.wav,Scissors Whispering Cricket
0fc6a683.wav,Cricket Chirp_and_tweet Drip
0fccb2e5.wav,Shatter Chirp_and_tweet Cricket
0fd91890.wav,Bark Squeak Computer_keyboard
0fdb30c1.wav,Purr Walk_and_footsteps Writing
0fed6565.wav,Frying_(food) Printer Hiss
0ff0e483.wav,Child_speech_and_kid_speaking Whispering Fart
0fffc208.wav,Race_car_and_auto_racing Buzz Car_passing_by
100e123a.wav,Cheering Crowd Slam
100faf3f.wav,Screaming Chirp_and_tweet Bicycle_bell
101b2011.wav,Sigh Computer_keyboard Bark
10234fef.wav,Meow Mechanical_fan Microwave_oven
10236f0e.wav,Race_car_and_auto_racing Applause Cheering
102fb14f.wav,Accelerating_and_revving_and_vroom Gong Bass_guitar
1052e52b.wav,Hi-hat Bark Computer_keyboard
105460cd.wav,Gurgling Gong Male_speech_and_man_speaking
10678d21.wav,Squeak Screaming Bark
107f3deb.wav,Cricket Whispering Chirp_and_tweet
10811159.wav,Walk_and_footsteps Bark Whispering
10a1aa40.wav,Run Skateboard Tap
10a7b8f3.wav,Harmonica Female_singing Glockenspiel
10acf1b6.wav,Cricket Walk_and_footsteps Chirp_and_tweet
10c170b1.wav,Tick-tock Whispering Scissors
10d026e9.wav,Keys_jangling Mechanical_fan Walk_and_footsteps
10d94568.wav,Whispering Walk_and_footsteps Chewing_and_mastication
10e6a6ac.wav,Whispering Scissors Zipper_(clothing)
10e6db66.wav,Fart Zipper_(clothing) Sigh
10e92421.wav,Printer Computer_keyboard Clapping
10f58e51.wav,Bass_guitar Acoustic_guitar Hi-hat
11071bad.wav,Finger_snapping Squeak Fart
111f9431.wav,Buzz Cricket Sink_(filling_or_washing)
112bdb70.wav,Harmonica Buzz Sigh
113290e8.wav,Chirp_and_tweet Sigh Chewing_and_mastication
1142def0.wav,Chirp_and_tweet Computer_keyboard Scissors
1147c12b.wav,Harmonica Bicycle_bell Squeak
1158e587.wav,Cricket Computer_keyboard Chirp_and_tweet
11641eb8.wav,Shatter Male_speech_and_man_speaking Skateboard
1167b492.wav,Purr Bark Whispering
1172c5fb.wav,Male_speech_and_man_speaking Printer Applause
117358df.wav,Whispering Chirp_and_tweet Meow
1175ac74.wav,Walk_and_footsteps Bark Computer_keyboard
11b6c488.wav,Trickle_and_dribble Crackle Frying_(food)
11cc8bcb.wav,Chirp_and_tweet Cricket Shatter
12264142.wav,Purr Whispering Computer_keyboard
1226b0e0.wav,Keys_jangling Computer_keyboard Shatter
1247b7e3.wav,Tick-tock Computer_keyboard Buzz
124a286f.wav,Gurgling Chewing_and_mastication Drip
12600be5.wav,Whispering Purr Chewing_and_mastication
12689530.wav,Tick-tock Child_speech_and_kid_speaking Clapping
126b674b.wav,Whispering Computer_keyboard Chewing_and_mastication
127adb78.wav,Sigh Child_speech_and_kid_speaking Female_speech_and_woman_speaking
12849e29.wav,Bark Squeak Fart
128a67de.wav,Whispering Chirp_and_tweet Fart
12bcd3ec.wav,Cricket Scissors Purr
12d3e91f.wav,Purr Drawer_open_or_close Bark
12d8c07f.wav,Mechanical_fan Bus Keys_jangling
12ddf239.wav,Trickle_and_dribble Walk_and_footsteps Crackle
12df81e8.wav,Trickle_and_dribble Crackle Walk_and_footsteps
12ee0010.wav,Chirp_and_tweet Scissors Cricket
12fe33b6.wav,Run Frying_(food) Skateboard
130e4d2f.wav,Gurgling Computer_keyboard Chewing_and_mastication
13237edd.wav,Chirp_and_tweet Cricket Scissors
134c3fea.wav,Fart Bark Sneeze
134c95a2.wav,Sigh Chewing_and_mastication Computer_keyboard
13694181.wav,Walk_and_footsteps Meow Mechanical_fan
13728313.wav,Mechanical_fan Car_passing_by Skateboard
13ae306e.wav,Sigh Computer_keyboard Shatter
13cfa025.wav,Race_car_and_auto_racing Traffic_noise_and_roadway_noise Bus
13e3453c.wav,Cricket Trickle_and_dribble Crackle
13e84f69.wav,Bicycle_bell Glockenspiel Gong
14096fd8.wav,Crackle Cricket Chirp_and_tweet
142b9865.wav,Shatter Crackle Keys_jangling
1438cfd0.wav,Bass_guitar Hi-hat Acoustic_guitar
143e6d96.wav,Cricket Bicycle_bell Shatter
14416af5.wav,Chewing_and_mastication Computer_keyboard Sigh
1451986d.wav,Child_speech_and_kid_speaking Drawer_open_or_close Whispering
145a10e4.wav,Tick-tock Computer_keyboard Drawer_open_or_close
146c73a3.wav,Tick-tock Child_speech_and_kid_speaking Fart
14ab7f13.wav,Keys_jangling Computer_keyboard Writing
14cbc626.wav,Chewing_and_mastication Computer_keyboard Whispering
14d22f20.wav,Computer_keyboard Chewing_and_mastication Scissors
14e86cfb.wav,Bark Whispering Sneeze
14fd704c.wav,Keys_jangling Computer_keyboard Purr
151ea709.wav,Tick-tock Bark Finger_snapping
15288481.wav,Harmonica Acoustic_guitar Glockenspiel
152a4e09.wav,Stream Run Clapping
153579d9.wav,Walk_and_footsteps Crackle Trickle_and_dribble
1544427c.wav,Walk_and_footsteps Whispering Writing
154696fd.wav,Traffic_noise_and_roadway_noise Mechanical_fan Raindrop
156bf74f.wav,Scissors Cricket Trickle_and_dribble
156c1736.wav,Hi-hat Harmonica Church_bell
15776b9c.wav,Walk_and_footsteps Whispering Chewing_and_mastication
157dd023.wav,Whispering Fart Chirp_and_tweet
15849032.wav,Chirp_and_tweet Whispering Cricket
15868ee8.wav,Cricket Scissors Trickle_and_dribble
159b8b9b.wav,Computer_keyboard Chewing_and_mastication Writing
159d2208.wav,Whispering Chewing_and_mastication Walk_and_footsteps
15a78daf.wav,Gurgling Chewing_and_mastication Drip
15a98fd7.wav,Fart Meow Bark
15b0d4ec.wav,Whispering Fart Chirp_and_tweet
15bcf71d.wav,Bass_guitar Accelerating_and_revving_and_vroom Hi-hat
15c34c4f.wav,Chirp_and_tweet Computer_keyboard Keys_jangling
15e2bcaa.wav,Female_singing Harmonica Gong
15e7bb78.wav,Chirp_and_tweet Cricket Scissors
160105ad.wav,Harmonica Accordion Glockenspiel
1604a3fa.wav,Chewing_and_mastication Computer_keyboard Writing
1606f119.wav,Cricket Purr Whispering
160acbb0.wav,Cricket Chirp_and_tweet Fill_(with_liquid)
165fd18a.wav,Skateboard Mechanical_fan Keys_jangling
166a05c0.wav,Skateboard Run Mechanical_fan
1670b964.wav,Walk_and_footsteps Writing Zipper_(clothing)
167a4f00.wav,Shatter Hi-hat Bass_guitar
168be388.wav,Sneeze Fart Squeak
16b56d33.wav,Chirp_and_tweet Drip Chewing_and_mastication
16bc3f60.wav,Whispering Squeak Scissors
16c7da35.wav,Trickle_and_dribble Crackle Raindrop
16d80f68.wav,Harmonica Female_singing Acoustic_guitar
16e17bed.wav,Race_car_and_auto_racing Car_passing_by Skateboard
16f7ac14.wav,Walk_and_footsteps Computer_keyboard Keys_jangling
16fd3589.wav,Cricket Chirp_and_tweet Computer_keyboard
17135192.wav,Sigh Screaming Bicycle_bell
17140de5.wav,Trickle_and_dribble Crackle Run
171aa36c.wav,Crackle Shatter Trickle_and_dribble
17361a5c.wav,Walk_and_footsteps Trickle_and_dribble Stream
1751bb8a.wav,Whispering Purr Tick-tock
1779b015.wav,Bass_guitar Acoustic_guitar Harmonica
17b6e84f.wav,Computer_keyboard Crackle Keys_jangling
17c4b25f.wav,Cheering Applause Skateboard
17dfb6db.wav,Walk_and_footsteps Bark Meow
1802421a.wav,Stream Microwave_oven Mechanical_fan
18183321.wav,Traffic_noise_and_roadway_noise Mechanical_fan Skateboard
183948d1.wav,Skateboard Stream Run
183fb536.wav,Run Bark Screaming
1843680b.wav,Walk_and_footsteps Computer_keyboard Chewing_and_mastication
184aca02.wav,Cricket Chirp_and_tweet Trickle_and_dribble
18551bc1.wav,Fart Meow Bark
1859b7f7.wav,Computer_keyboard Chirp_and_tweet Sigh
1877623e.wav,Bark Computer_keyboard Purr
1889c58d.wav,Bark Sigh Burping_and_eructation
18929e41.wav,Harmonica Female_singing Accordion
1899de05.wav,Meow Walk_and_footsteps Race_car_and_auto_racing
18ace84c.wav,Squeak Bark Sneeze
18be000d.wav,Trickle_and_dribble Stream Mechanical_fan
18c94757.wav,Run Trickle_and_dribble Stream
18ea2e9e.wav,Trickle_and_dribble Frying_(food) Crackle
18fda5a4.wav,Stream Run Toilet_flush
1904f396.wav,Whispering Chirp_and_tweet Meow
19135157.wav,Walk_and_footsteps Whispering Computer_keyboard
191adc5f.wav,Sneeze Squeak Bark
19303d26.wav,Motorcycle Bus Race_car_and_auto_racing
193a6063.wav,Computer_keyboard Writing Chewing_and_mastication
1945b8ca.wav,Run Shatter Skateboard
19508dc0.wav,Race_car_and_auto_racing Skateboard Tap
1960e51e.wav,Keys_jangling Computer_keyboard Shatter
19754d94.wav,Gong Acoustic_guitar Buzz
197ce5b2.wav,Child_speech_and_kid_speaking Sigh Sneeze
199d4d12.wav,Sigh Male_speech_and_man_speaking Screaming
19a7dec3.wav,Drip Chewing_and_mastication Computer_keyboard
19bb5700.wav,Run Skateboard Chink_and_clink
19c7c900.wav,Screaming Fart Bark
19d9401d.wav,Fart Tick-tock Meow
19dcb315.wav,Child_speech_and_kid_speaking Squeak Sneeze
1a068a84.wav,Bass_guitar Acoustic_guitar Hi-hat
1a0d1b78.wav,Mechanical_fan Stream Run
1a110901.wav,Toilet_flush Hiss Sink_(filling_or_washing)
1a1de9b9.wav,Harmonica Church_bell Glockenspiel
1a1def6e.wav,Crowd Applause Run
1a1edda6.wav,Child_speech_and_kid_speaking Screaming Squeak
1a2580e1.wav,Drawer_open_or_close Fart Bark
1a35ded5.wav,Frying_(food) Crackle Trickle_and_dribble
1a362723.wav,Squeak Screaming Walk_and_footsteps
1a44ace1.wav,Gong Accelerating_and_revving_and_vroom Car_passing_by
1a51eefe.wav,Chirp_and_tweet Cricket Walk_and_footsteps
1a5c4e84.wav,Stream Raindrop Cricket
1a606ef2.wav,Hiss Keys_jangling Motorcycle
1a6925fa.wav,Chirp_and_tweet Cricket Scissors
1a884f9e.wav,Shatter Keys_jangling Computer_keyboard
1abdac69.wav,Trickle_and_dribble Drip Crackle
1ac6f6f3.wav,Chewing_and_mastication Cricket Whispering
1acae695.wav,Waves_and_surf Mechanical_fan Traffic_noise_and_roadway_noise
1acb3d32.wav,Acoustic_guitar Harmonica Tick-tock
1ad7f703.wav,Computer_keyboard Chewing_and_mastication Crackle
1ae3ca16.wav,Purr Whispering Cricket
1aec75a6.wav,Walk_and_footsteps Scissors Chirp_and_tweet
1b0687b2.wav,Chirp_and_tweet Cricket Squeak
1b086eb7.wav,Walk_and_footsteps Whispering Chewing_and_mastication
1b0a3884.wav,Run Screaming Skateboard
1b1d1b2d.wav,Tick-tock Chewing_and_mastication Computer_keyboard
1b3ecd82.wav,Race_car_and_auto_racing Accelerating_and_revving_and_vroom Gong
1b5b6468.wav,Fart Bark Meow
1b5daf72.wav,Computer_keyboard Walk_and_footsteps Bark
1b68d94a.wav,Walk_and_footsteps Computer_keyboard Writing
1ba04ecc.wav,Whispering Scissors Walk_and_footsteps
1bc14732.wav,Computer_keyboard Sigh Chewing_and_mastication
1bcfdfb5.wav,Acoustic_guitar Bass_guitar Harmonica
1bd82417.wav,Gong Female_singing Church_bell
1be1c727.wav,Keys_jangling Walk_and_footsteps Computer_keyboard
1bfd4be2.wav,Bark Drawer_open_or_close Fart
1c0e284a.wav,Trickle_and_dribble Hiss Stream
1c0fbe4b.wav,Squeak Bark Bicycle_bell
1c1dd720.wav,Child_speech_and_kid_speaking Clapping Computer_keyboard
1c3bd325.wav,Gurgling Drip Shatter
1c699cb7.wav,Bus Mechanical_fan Traffic_noise_and_roadway_noise
1c6d56db.wav,Hiss Bicycle_bell Shatter
1c77cedf.wav,Walk_and_footsteps Whispering Writing
1c785226.wav,Walk_and_footsteps Whispering Chewing_and_mastication
1c79ca96.wav,Whispering Chirp_and_tweet Fart
1c8369cf.wav,Walk_and_footsteps Computer_keyboard Keys_jangling
1c983e19.wav,Run Trickle_and_dribble Shatter
1c9e3f10.wav,Meow Walk_and_footsteps Bus
1cc5b5f7.wav,Computer_keyboard Keys_jangling Walk_and_footsteps
1cd55ad6.wav,Race_car_and_auto_racing Accelerating_and_revving_and_vroom Cheering
1cf8379b.wav,Cricket Chirp_and_tweet Buzz
1d11b910.wav,Cricket Scissors Chirp_and_tweet
1d1778c4.wav,Accelerating_and_revving_and_vroom Bass_guitar Hi-hat
1d1863a4.wav,Race_car_and_auto_racing Accelerating_and_revving_and_vroom Bus
1d2459ce.wav,Clapping Child_speech_and_kid_speaking Female_speech_and_woman_speaking
1d279116.wav,Squeak Chirp_and_tweet Computer_keyboard
1d33f8e1.wav,Tick-tock Burping_and_eructation Sneeze
1d4ae8ab.wav,Bark Sneeze Tick-tock
1d58040b.wav,Walk_and_footsteps Squeak Shatter
1d6f2b16.wav,Child_speech_and_kid_speaking Sneeze Sigh
1d7d2a17.wav,Waves_and_surf Traffic_noise_and_roadway_noise Mechanical_fan
1db41feb.wav,Car_passing_by Race_car_and_auto_racing Church_bell
1dbcd4ba.wav,Trickle_and_dribble Crackle Computer_keyboard
1dc3166b.wav,Drawer_open_or_close Purr Bark
1dc417cd.wav,Walk_and_footsteps Writing Computer_keyboard
1dcc4dd4.wav,Bus Accelerating_and_revving_and_vroom Race_car_and_auto_racing
1de84153.wav,Bus Microwave_oven Accelerating_and_revving_and_vroom
1ded5864.wav,Computer_keyboard Chewing_and_mastication Walk_and_footsteps
1def6435.wav,Computer_keyboard Purr Scissors
1dfa910d.wav,Glockenspiel Harmonica Tick-tock
1e0b81a9.wav,Bass_guitar Acoustic_guitar Hi-hat
1e1a72d5.wav,Squeak Walk_and_footsteps Chirp_and_tweet
1e1e674a.wav,Trickle_and_dribble Cricket Crackle
1e3763ba.wav,Harmonica Screaming Bicycle_bell
1e3cd2f0.wav,Whispering Bark Squeak
1e6572de.wav,Harmonica Bicycle_bell Female_singing
1e6e9131.wav,Walk_and_footsteps Mechanical_fan Zipper_(clothing)
1e6fe316.wav,Trickle_and_dribble Walk_and_footsteps Crackle
1e7b59a7.wav,Whispering Child_speech_and_kid_speaking Squeak
1e8a965c.wav,Mechanical_fan Raindrop Stream
1e8fe3d2.wav,Sneeze Fart Tick-tock
1ea533ec.wav,Acoustic_guitar Gong Bass_guitar
1eac92a1.wav,Harmonica Glockenspiel Bicycle_bell
1ec2f60d.wav,Whispering Scissors Chewing_and_mastication
1eda3d26.wav,Accordion Crowd Screaming
1f27827e.wav,Harmonica Glockenspiel Bicycle_bell
1f293888.wav,Microwave_oven Meow Keys_jangling
1f3d2f22.wav,Applause Clapping Stream
1f52baf2.wav,Fart Knock Meow
1f58cc84.wav,Child_speech_and_kid_speaking Computer_keyboard Sigh
1f63c45e.wav,Whispering Walk_and_footsteps Purr
1f85a5c7.wav,Meow Fart Tick-tock
1f9c1f3e.wav,Gong Acoustic_guitar Harmonica
1fc0282a.wav,Whispering Purr Chirp_and_tweet
1fc8f9a5.wav,Shatter Bicycle_bell Keys_jangling
1fd74cc3.wav,Tick-tock Bicycle_bell Meow
1fde2c61.wav,Purr Whispering Chewing_and_mastication
1fe639ee.wav,Chewing_and_mastication Gurgling Computer_keyboard
1fec2121.wav,Whispering Writing Computer_keyboard
1ff215f3.wav,Run Keys_jangling Skateboard
200b6920.wav,Keys_jangling Computer_keyboard Zipper_(clothing)
2012b2f4.wav,Purr Whispering Tick-tock
201c18ee.wav,Purr Writing Whispering
20612e10.wav,Run Crowd Clapping
2069253a.wav,Screaming Sigh Squeak
206c0a24.wav,Walk_and_footsteps Purr Zipper_(clothing)
20801c98.wav,Yell Harmonica Church_bell
2087f937.wav,Fill_(with_liquid) Drip Microwave_oven
20898b89.wav,Trickle_and_dribble Stream Crackle
20b16812.wav,Squeak Bicycle_bell Tick-tock
20c3541c.wav,Computer_keyboard Writing Keys_jangling
20d2ad1c.wav,Screaming Bark Chirp_and_tweet
20dc6392.wav,Keys_jangling Shatter Computer_keyboard
20e285c7.wav,Run Skateboard Cheering
21102a3a.wav,Walk_and_footsteps Chirp_and_tweet Chewing_and_mastication
2113043a.wav,Female_singing Harmonica Gong
2142adda.wav,Sigh Screaming Sneeze
21447ea7.wav,Harmonica Female_singing Glockenspiel
21455882.wav,Cricket Tick-tock Buzz
2157612c.wav,Cheering Crowd Applause
2159eea8.wav,Finger_snapping Fart Squeak
2175b26d.wav,Acoustic_guitar Bass_guitar Gong
217b109a.wav,Walk_and_footsteps Trickle_and_dribble Mechanical_fan
2189acc6.wav,Harmonica Child_speech_and_kid_speaking Female_singing
218b15dc.wav,Sigh Sneeze Bark
218c8907.wav,Crowd Cheering Clapping
21b0c9cb.wav,Run Walk_and_footsteps Shatter
21b24d69.wav,Fart Meow Walk_and_footsteps
21b601cd.wav,Bicycle_bell Glockenspiel Buzz
21d2eb4c.wav,Keys_jangling Writing Computer_keyboard
21d49986.wav,Meow Fart Zipper_(clothing)
21e8d6a9.wav,Purr Keys_jangling Meow
21eb5d58.wav,Stream Trickle_and_dribble Raindrop
21eca32f.wav,Walk_and_footsteps Fart Meow
21fa3245.wav,Squeak Whispering Bark
2210c997.wav,Squeak Walk_and_footsteps Bark
2216c947.wav,Race_car_and_auto_racing Bus Accelerating_and_revving_and_vroom
223032ba.wav,Cricket Chirp_and_tweet Whispering
2236c850.wav,Trickle_and_dribble Chirp_and_tweet Cricket
223a5173.wav,Bark Sneeze Fart
22522048.wav,Keys_jangling Microwave_oven Bus
2263763d.wav,Skateboard Shatter Keys_jangling
228a538c.wav,Computer_keyboard Keys_jangling Chewing_and_mastication
22a7e375.wav,Trickle_and_dribble Frying_(food) Clapping
22b07889.wav,Bark Sigh Squeak
22b6b9aa.wav,Fart Meow Finger_snapping
22c5ea2f.wav,Run Skateboard Trickle_and_dribble
22c78043.wav,Child_speech_and_kid_speaking Shatter Squeak
22c98028.wav,Trickle_and_dribble Raindrop Crackle
22c9b301.wav,Keys_jangling Mechanical_fan Waves_and_surf
22cd860e.wav,Computer_keyboard Chewing_and_mastication Walk_and_footsteps
22f22fc9.wav,Bass_guitar Keys_jangling Hi-hat
22f2d98a.wav,Sigh Chewing_and_mastication Computer_keyboard
2303e210.wav,Chirp_and_tweet Chewing_and_mastication Whispering
23244f49.wav,Computer_keyboard Chewing_and_mastication Chirp_and_tweet
2327b6de.wav,Walk_and_footsteps Mechanical_fan Fart
2343daa5.wav,Run Shatter Trickle_and_dribble
235213ce.wav,Squeak Chirp_and_tweet Bark
235f959c.wav,Screaming Squeak Child_speech_and_kid_speaking
236e7ce1.wav,Cricket Squeak Knock
23726888.wav,Gong Computer_keyboard Keys_jangling
23756062.wav,Car_passing_by Accelerating_and_revving_and_vroom Mechanical_fan
238b11f0.wav,Fart Purr Meow
23a07927.wav,Whispering Purr Computer_keyboard
23a2669b.wav,Trickle_and_dribble Frying_(food) Cricket
23c4613e.wav,Walk_and_footsteps Computer_keyboard Bark
23c714b5.wav,Walk_and_footsteps Keys_jangling Hi-hat
23d35eea.wav,Whispering Scissors Fart
23fabbb4.wav,Clapping Applause Run
23fe505d.wav,Computer_keyboard Chewing_and_mastication Writing
2406d1de.wav,Microwave_oven Accelerating_and_revving_and_vroom Keys_jangling
240e9caa.wav,Harmonica Tick-tock Female_singing
24456657.wav,Applause Cheering Crowd
244a60cd.wav,Fart Meow Bark
2451cad9.wav,Harmonica Bicycle_bell Screaming
2451d17b.wav,Harmonica Female_singing Accordion
245c01e6.wav,Run Skateboard Clapping
2462f236.wav,Buzz Acoustic_guitar Female_singing
24ae5bef.wav,Harmonica Accordion Church_bell
24ce9114.wav,Zipper_(clothing) Fart Bark
24dda4ed.wav,Sink_(filling_or_washing) Cricket Buzz
24ecb25d.wav,Chirp_and_tweet Squeak Screaming
24f04ba5.wav,Walk_and_footsteps Mechanical_fan Crackle
2548960b.wav,Bass_guitar Acoustic_guitar Hi-hat
256d567f.wav,Chirp_and_tweet Scissors Whispering
2583a54d.wav,Whispering Chirp_and_tweet Scissors
2599ff86.wav,Cheering Crowd Bark
259e3fa7.wav,Walk_and_footsteps Computer_keyboard Chirp_and_tweet
25a8ef58.wav,Meow Accelerating_and_revving_and_vroom Buzz
25a991a1.wav,Whispering Chirp_and_tweet Scissors
25beac1d.wav,Squeak Screaming Chirp_and_tweet
25c32640.wav,Toilet_flush Buzz Printer
25c8686f.wav,Whispering Chewing_and_mastication Computer_keyboard
25d481d6.wav,Meow Bus Buzz
25e059d3.wav,Mechanical_fan Waves_and_surf Meow
25e23528.wav,Bicycle_bell Harmonica Screaming
25e75fa8.wav,Crackle Cricket Shatter
261cdf15.wav,Printer Race_car_and_auto_racing Buzz
262131af.wav,Bass_guitar Keys_jangling Gong
2624e8ff.wav,Sigh Bark Whispering
26263cf0.wav,Sneeze Computer_keyboard Squeak
262a7108.wav,Computer_keyboard Shatter Chirp_and_tweet
262d4cca.wav,Harmonica Accordion Glockenspiel
2655ac2c.wav,Harmonica Accordion Glockenspiel
26a25f5d.wav,Fart Squeak Bark
26a4977c.wav,Keys_jangling Chewing_and_mastication Bus
26a6c2f3.wav,Whispering Tick-tock Scissors
26abfa32.wav,Gurgling Drip Chewing_and_mastication
26c001b7.wav,Trickle_and_dribble Crackle Frying_(food)
26c01e3f.wav,Harmonica Tick-tock Child_speech_and_kid_speaking
26f921e3.wav,Chewing_and_mastication Whispering Computer_keyboard
2707f8b0.wav,Fart Finger_snapping Squeak
27080c56.wav,Walk_and_footsteps Computer_keyboard Keys_jangling
271ade69.wav,Gong Microwave_oven Car_passing_by
272d95c7.wav,Applause Run Skateboard
2733bb3f.wav,Child_speech_and_kid_speaking Harmonica Female_singing
27446bcd.wav,Meow Bus Race_car_and_auto_racing
2756ca54.wav,Fart Sneeze Meow
2758a116.wav,Child_speech_and_kid_speaking Female_singing Bathtub_(filling_or_washing)
275e1bb6.wav,Hi-hat Harmonica Child_speech_and_kid_speaking
278a19ee.wav,Printer Frying_(food) Tick-tock
27903ab8.wav,Motorcycle Shatter Male_speech_and_man_speaking
27924331.wav,Sneeze Fart Tick-tock
279d4550.wav,Cricket Chirp_and_tweet Keys_jangling
27a4f4a8.wav,Printer Church_bell Buzz
27a8cf7f.wav,Purr Computer_keyboard Writing
27b8db15.wav,Whispering Purr Drawer_open_or_close
27c8eacc.wav,Shatter Keys_jangling Computer_keyboard
27ce0e90.wav,Walk_and_footsteps Chirp_and_tweet Computer_keyboard
27d07e83.wav,Cricket Sink_(filling_or_washing) Chirp_and_tweet
27d43eba.wav,Race_car_and_auto_racing Applause Buzz
27df10d1.wav,Sigh Chirp_and_tweet Squeak
27e085c0.wav,Bark Bathtub_(filling_or_washing) Clapping
280c07e4.wav,Gurgling Chewing_and_mastication Car_passing_by
2810d717.wav,Walk_and_footsteps Whispering Purr
28142c7d.wav,Meow Bus Race_car_and_auto_racing
28199c01.wav,Meow Knock Bark
2833e567.wav,Trickle_and_dribble Shatter Toilet_flush
28383990.wav,Chirp_and_tweet Computer_keyboard Screaming
283bc0ea.wav,Walk_and_footsteps Crackle Computer_keyboard
2842be8c.wav,Keys_jangling Computer_keyboard Crackle
28849a80.wav,Cricket Drip Trickle_and_dribble
288a89c1.wav,Run Tap Traffic_noise_and_roadway_noise
2894416d.wav,Computer_keyboard Chewing_and_mastication Keys_jangling
289fb0b8.wav,Run Skateboard Cheering
28a2ff49.wav,Purr Whispering Writing
28a9213d.wav,Keys_jangling Walk_and_footsteps Computer_keyboard
28d22d2e.wav,Tap Hi-hat Church_bell
28d2f36f.wav,Squeak Sneeze Screaming
28e13187.wav,Walk_and_footsteps Keys_jangling Computer_keyboard
28e32693.wav,Keys_jangling Bus Accelerating_and_revving_and_vroom
28f49053.wav,Walk_and_footsteps Trickle_and_dribble Zipper_(clothing)
28ff0651.wav,Church_bell Harmonica Accordion
290e30df.wav,Fart Mechanical_fan Walk_and_footsteps
292ef00f.wav,Tick-tock Scissors Fart
2934735d.wav,Whispering Squeak Scissors
2934d413.wav,Walk_and_footsteps Chewing_and_mastication Computer_keyboard
29365227.wav,Computer_keyboard Chewing_and_mastication Writing
295268ea.wav,Microwave_oven Waves_and_surf Mechanical_fan
29699f09.wav,Walk_and_footsteps Chirp_and_tweet Chewing_and_mastication
297219cc.wav,Meow Fart Squeak
2980d500.wav,Computer_keyboard Keys_jangling Hi-hat
29826356.wav,Whispering Sneeze Sigh
29b0574f.wav,Purr Whispering Writing
29d72dfb.wav,Traffic_noise_and_roadway_noise Waves_and_surf Mechanical_fan
29dd29fb.wav,Purr Computer_keyboard Chewing_and_mastication
29e4880e.wav,Walk_and_footsteps Trickle_and_dribble Chirp_and_tweet
2a0893c6.wav,Gong Accelerating_and_revving_and_vroom Bass_guitar
2a0a3828.wav,Chirp_and_tweet Sigh Computer_keyboard
2a484593.wav,Whispering Purr Writing
2a557637.wav,Whispering Chirp_and_tweet Chewing_and_mastication
2a79d0a8.wav,Tick-tock Computer_keyboard Gong
2a9c7202.wav,Cricket Frying_(food) Chirp_and_tweet
2aa1e0b8.wav,Sigh Bark Whispering
2ac8607d.wav,Screaming Harmonica Squeak
2ad174b4.wav,Walk_and_footsteps Trickle_and_dribble Computer_keyboard
2ae04dd7.wav,Waves_and_surf Traffic_noise_and_roadway_noise Mechanical_fan
2aedff46.wav,Chirp_and_tweet Computer_keyboard Shatter
2af10e99.wav,Whispering Chirp_and_tweet Purr
2af77e7f.wav,Keys_jangling Bass_guitar Hi-hat
2b160bb2.wav,Computer_keyboard Keys_jangling Sigh
2b2613d8.wav,Trickle_and_dribble Computer_keyboard Chewing_and_mastication
2b6ee441.wav,Chirp_and_tweet Chewing_and_mastication Walk_and_footsteps
2b95327b.wav,Traffic_noise_and_roadway_noise Mechanical_fan Microwave_oven
2b9ca464.wav,Walk_and_footsteps Whispering Writing
2bab5b09.wav,Whispering Purr Chewing_and_mastication
2bb1503c.wav,Bark Sneeze Purr
2bbf558e.wav,Computer_keyboard Bark Walk_and_footsteps
2be779a7.wav,Computer_keyboard Keys_jangling Chewing_and_mastication
2c010e00.wav,Meow Bicycle_bell Microwave_oven
2c2a3c77.wav,Whispering Scissors Purr
2c2d400b.wav,Computer_keyboard Chewing_and_mastication Gurgling
2c39bb30.wav,Microwave_oven Gong Church_bell
2c3a44f2.wav,Bark Screaming Chirp_and_tweet
2c7a5078.wav,Applause Female_speech_and_woman_speaking Male_speech_and_man_speaking
2c809d4f.wav,Chewing_and_mastication Computer_keyboard Sigh
2c8b8812.wav,Walk_and_footsteps Whispering Chirp_and_tweet
2c924848.wav,Accelerating_and_revving_and_vroom Bass_guitar Electric_guitar
2cc7f972.wav,Accelerating_and_revving_and_vroom Keys_jangling Mechanical_fan
2cd526f7.wav,Walk_and_footsteps Mechanical_fan Zipper_(clothing)
2cdfa8c1.wav,Trickle_and_dribble Sink_(filling_or_washing) Toilet_flush
2cf4955c.wav,Raindrop Mechanical_fan Stream
2cfdaecd.wav,Trickle_and_dribble Drip Sink_(filling_or_washing)
2d0863b7.wav,Computer_keyboard Bark Chewing_and_mastication
2d09c7ca.wav,Chirp_and_tweet Fart Squeak
2d15ca77.wav,Bark Walk_and_footsteps Computer_keyboard
2d209c25.wav,Keys_jangling Computer_keyboard Chewing_and_mastication
2d21dbf4.wav,Knock Car_passing_by Waves_and_surf
2d455ed9.wav,Chewing_and_mastication Computer_keyboard Writing
2d4961a8.wav,Whispering Purr Zipper_(clothing)
2d4a0250.wav,Whispering Squeak Sneeze
2d56c2ae.wav,Scissors Chewing_and_mastication Computer_keyboard
2d5dcc5d.wav,Whispering Burping_and_eructation Computer_keyboard
2d666c1d.wav,Harmonica Bicycle_bell Hi-hat
2d6d99d4.wav,Purr Bark Computer_keyboard
2d7218f8.wav,Bark Fart Sneeze
2d7ae271.wav,Gong Gurgling Buzz
2d8135cc.wav,Stream Trickle_and_dribble Toilet_flush
2d88fa59.wav,Squeak Sigh Bark
2da4c729.wav,Traffic_noise_and_roadway_noise Raindrop Mechanical_fan
2db579cb.wav,Whispering Chirp_and_tweet Fart
2db63f0d.wav,Walk_and_footsteps Whispering Computer_keyboard
2dd2a6bf.wav,Stream Skateboard Raindrop
2df0cf1f.wav,Whispering Chewing_and_mastication Computer_keyboard
2df1f901.wav,Bark Bathtub_(filling_or_washing) Run
2dfd32a3.wav,Printer Child_speech_and_kid_speaking Sink_(filling_or_washing)
2e61e614.wav,Whispering Fart Child_speech_and_kid_speaking
2e820b05.wav,Squeak Sneeze Bark
2e8b4709.wav,Keys_jangling Computer_keyboard Shatter
2e9ced66.wav,Tick-tock Cricket Computer_keyboard
2ea33689.wav,Harmonica Accordion Acoustic_guitar
2eade3e1.wav,Bicycle_bell Sigh Computer_keyboard
2eb3002c.wav,Harmonica Glockenspiel Hi-hat
2eb51f57.wav,Gong Gurgling Glockenspiel
2ed9ce69.wav,Harmonica Accordion Glockenspiel
2edb4142.wav,Gurgling Keys_jangling Chewing_and_mastication
2ee3ef28.wav,Buzz Toilet_flush Male_speech_and_man_speaking
2ee9f139.wav,Purr Bark Sneeze
2eeb7f35.wav,Shatter Bicycle_bell Keys_jangling
2eec6eda.wav,Female_singing Screaming Gasp
2f00863c.wav,Traffic_noise_and_roadway_noise Race_car_and_auto_racing Mechanical_fan
2f14d3b3.wav,Hi-hat Harmonica Shatter
2f2ab304.wav,Accordion Harmonica Run
2f41afe1.wav,Bass_guitar Acoustic_guitar Harmonica
2f529eb8.wav,Hiss Cricket Fill_(with_liquid)
2f5cbf20.wav,Walk_and_footsteps Meow Chewing_and_mastication
2f6331aa.wav,Sneeze Fart Burping_and_eructation
2f643c50.wav,Squeak Child_speech_and_kid_speaking Bark
2f785877.wav,Meow Buzz Accelerating_and_revving_and_vroom
2f84c8e9.wav,Chewing_and_mastication Computer_keyboard Whispering
2f8dd247.wav,Skateboard Cricket Mechanical_fan
2f94fca3.wav,Sigh Screaming Bark
2fa1cc09.wav,Whispering Chirp_and_tweet Scissors
2fc6ede8.wav,Purr Chewing_and_mastication Computer_keyboard
2fe3ae63.wav,Walk_and_footsteps Fart Squeak
2ffd2145.wav,Squeak Writing Bark
3011c55b.wav,Harmonica Female_singing Child_speech_and_kid_speaking
3012731a.wav,Whispering Purr Walk_and_footsteps
302f4eb8.wav,Gong Chewing_and_mastication Drip
303d4668.wav,Walk_and_footsteps Chirp_and_tweet Whispering
304d8a8e.wav,Keys_jangling Gurgling Gong
304f25f4.wav,Frying_(food) Keys_jangling Zipper_(clothing)
3052fe86.wav,Keys_jangling Hi-hat Shatter
3061e8d1.wav,Screaming Squeak Harmonica
309169fa.wav,Whispering Child_speech_and_kid_speaking Writing
30960f70.wav,Traffic_noise_and_roadway_noise Mechanical_fan Waves_and_surf
309eea85.wav,Harmonica Female_singing Child_speech_and_kid_speaking
30ac78a6.wav,Whispering Fart Chirp_and_tweet
30d1840b.wav,Cricket Chirp_and_tweet Computer_keyboard
30dc07a7.wav,Accelerating_and_revving_and_vroom Microwave_oven Meow
30e1162a.wav,Child_speech_and_kid_speaking Squeak Screaming
30e40cc3.wav,Clapping Run Drawer_open_or_close
30f7577e.wav,Trickle_and_dribble Cricket Chewing_and_mastication
30f8ba51.wav,Accelerating_and_revving_and_vroom Bass_guitar Motorcycle
3102ff8d.wav,Walk_and_footsteps Trickle_and_dribble Crackle
311fcc0d.wav,Cricket Chirp_and_tweet Squeak
3129e5b4.wav,Walk_and_footsteps Mechanical_fan Meow
312c730c.wav,Sink_(filling_or_washing) Cricket Drip
312e1179.wav,Frying_(food) Buzz Computer_keyboard
312e698e.wav,Shatter Sink_(filling_or_washing) Gurgling
31312cda.wav,Gong Bass_guitar Acoustic_guitar
3134c1f5.wav,Whispering Chewing_and_mastication Chirp_and_tweet
31452d93.wav,Bus Skateboard Traffic_noise_and_roadway_noise
314a8107.wav,Chewing_and_mastication Computer_keyboard Sneeze
3174521f.wav,Bark Computer_keyboard Tick-tock
3177529f.wav,Whispering Walk_and_footsteps Purr
317e5fda.wav,Whispering Chirp_and_tweet Squeak
3190ca46.wav,Cricket Frying_(food) Squeak
31ab1bc4.wav,Bark Fart Tick-tock
31b883cb.wav,Bass_guitar Hi-hat Skateboard
31bf8f6c.wav,Skateboard Male_speech_and_man_speaking Cupboard_open_or_close
31c60809.wav,Squeak Fart Purr
31c7a683.wav,Printer Bicycle_bell Meow
31cfaf7c.wav,Sigh Sneeze Whispering
31ea3391.wav,Race_car_and_auto_racing Bus Accelerating_and_revving_and_vroom
31f4d839.wav,Writing Whispering Purr
31fe4058.wav,Bass_guitar Computer_keyboard Hi-hat
31ff4a9f.wav,Squeak Sneeze Finger_snapping
320adc8a.wav,Cricket Trickle_and_dribble Hiss
320b9457.wav,Frying_(food) Toilet_flush Cricket
320cb73f.wav,Run Stream Raindrop
321c61dd.wav,Computer_keyboard Chewing_and_mastication Walk_and_footsteps
321d7624.wav,Bass_guitar Gong Accelerating_and_revving_and_vroom
322c634e.wav,Harmonica Church_bell Applause
3246e22c.wav,Frying_(food) Printer Skateboard
32663622.wav,Walk_and_footsteps Bark Computer_keyboard
3273193a.wav,Squeak Child_speech_and_kid_speaking Sneeze
327ff97c.wav,Computer_keyboard Whispering Chewing_and_mastication
3288c908.wav,Motorcycle Shatter Keys_jangling
329d5f81.wav,Computer_keyboard Bicycle_bell Gong
32aaacf1.wav,Cricket Computer_keyboard Scissors
32ad561a.wav,Run Crowd Accordion
32b66826.wav,Tick-tock Bark Drawer_open_or_close
32bf8f9d.wav,Whispering Chewing_and_mastication Chirp_and_tweet
32cce167.wav,Squeak Chirp_and_tweet Scissors
32d21079.wav,Screaming Bicycle_bell Squeak
32e0e55a.wav,Gong Bass_guitar Gurgling
32f26b94.wav,Keys_jangling Computer_keyboard Shatter
330b1461.wav,Microwave_oven Buzz Frying_(food)
3313662e.wav,Tick-tock Meow Bark
33139052.wav,Burping_and_eructation Bark Screaming
33170581.wav,Bicycle_bell Harmonica Squeak
332246f6.wav,Computer_keyboard Sigh Screaming
33355c50.wav,Hi-hat Keys_jangling Bass_guitar
3347121c.wav,Writing Purr Chewing_and_mastication
3353d705.wav,Accelerating_and_revving_and_vroom Motorcycle Hiss
335d2ea3.wav,Crowd Cheering Slam
336a88c3.wav,Sneeze Meow Bark
338669d9.wav,Whispering Chirp_and_tweet Finger_snapping
33a61f8d.wav,Meow Bark Buzz
33bc9deb.wav,Chirp_and_tweet Cricket Shatter
33c82ad4.wav,Bark Sneeze Purr
33ef8393.wav,Sigh Sneeze Buzz
33fbfca7.wav,Trickle_and_dribble Crackle Cricket
34035cf8.wav,Keys_jangling Computer_keyboard Walk_and_footsteps
340d5db4.wav,Keys_jangling Motorcycle Accelerating_and_revving_and_vroom
340da762.wav,Purr Writing Keys_jangling
34120253.wav,Harmonica Bicycle_bell Screaming
341efc4b.wav,Clapping Drawer_open_or_close Bark
342cc3ae.wav,Harmonica Accordion Screaming
34486c7f.wav,Bass_guitar Acoustic_guitar Hi-hat
34510c7a.wav,Purr Writing Computer_keyboard
34512413.wav,Cricket Computer_keyboard Scissors
346fc59c.wav,Walk_and_footsteps Computer_keyboard Chewing_and_mastication
3474d7cd.wav,Chirp_and_tweet Cricket Computer_keyboard
348aaf17.wav,Scissors Computer_keyboard Whispering
349e5ea7.wav,Bark Walk_and_footsteps Sneeze
34aac2b5.wav,Harmonica Child_speech_and_kid_speaking Female_singing
34c53320.wav,Fart Bark Tick-tock
34cca3b3.wav,Church_bell Cheering Harmonica
34d0b2ca.wav,Child_speech_and_kid_speaking Female_singing Sneeze
34d4cfda.wav,Cheering Run Skateboard
34dc323b.wav,Bark Chewing_and_mastication Sneeze
34e6a0de.wav,Tick-tock Fart Finger_snapping
34f2c99d.wav,Walk_and_footsteps Bark Drawer_open_or_close
34fbb318.wav,Trickle_and_dribble Computer_keyboard Walk_and_footsteps
3500ed9d.wav,Tick-tock Drawer_open_or_close Bark
350942d1.wav,Fart Zipper_(clothing) Purr
351a8abe.wav,Keys_jangling Shatter Computer_keyboard
352ce267.wav,Meow Bus Race_car_and_auto_racing
3544797d.wav,Computer_keyboard Keys_jangling Walk_and_footsteps
354d467a.wav,Walk_and_footsteps Chewing_and_mastication Purr
355ddeda.wav,Trickle_and_dribble Crackle Hiss
356adc0d.wav,Fart Sneeze Squeak
356b99de.wav,Squeak Tick-tock Sneeze
35930583.wav,Child_speech_and_kid_speaking Fart Sneeze
359a6e84.wav,Shatter Hi-hat Keys_jangling
35a7edad.wav,Meow Mechanical_fan Walk_and_footsteps
35a8a688.wav,Walk_and_footsteps Bark Chewing_and_mastication
35d5aca3.wav,Shatter Run Meow
35dbfd81.wav,Accordion Church_bell Glockenspiel
36027dca.wav,Accelerating_and_revving_and_vroom Meow Race_car_and_auto_racing
361237d6.wav,Shatter Hi-hat Keys_jangling
361c9c0e.wav,Computer_keyboard Harmonica Male_speech_and_man_speaking
3623b13a.wav,Child_speech_and_kid_speaking Female_singing Fart
3626ac5a.wav,Raindrop Hiss Cricket
362f92f4.wav,Child_speech_and_kid_speaking Sigh Female_singing
366d25a7.wav,Harmonica Applause Hiss
366d6820.wav,Trickle_and_dribble Crackle Run
367ef5a8.wav,Microwave_oven Accelerating_and_revving_and_vroom Bus
36896b31.wav,Chewing_and_mastication Computer_keyboard Drip
368e3f09.wav,Chewing_and_mastication Computer_keyboard Walk_and_footsteps
36b92bec.wav,Squeak Sneeze Computer_keyboard
36beb3fd.wav,Child_speech_and_kid_speaking Female_singing Clapping
36c459de.wav,Toilet_flush Bicycle_bell Hiss
36dfae4f.wav,Bark Computer_keyboard Squeak
36fe695f.wav,Keys_jangling Purr Shatter
37053a90.wav,Bicycle_bell Shatter Harmonica
370eaa84.wav,Cheering Run Tap
37155f3a.wav,Skateboard Crowd Cheering
37790f99.wav,Chirp_and_tweet Cricket Scissors
378216b2.wav,Traffic_noise_and_roadway_noise Waves_and_surf Mechanical_fan
37856035.wav,Crackle Skateboard Cheering
3792237d.wav,Whispering Purr Walk_and_footsteps
37941050.wav,Walk_and_footsteps Trickle_and_dribble Mechanical_fan
379ae4e1.wav,Trickle_and_dribble Stream Frying_(food)
379b7e21.wav,Trickle_and_dribble Crackle Run
379c063d.wav,Bark Tick-tock Sneeze
37a1946c.wav,Purr Tick-tock Whispering
37a7927f.wav,Walk_and_footsteps Bark Computer_keyboard
37c95c1c.wav,Bark Squeak Sneeze
37ccc1ea.wav,Frying_(food) Raindrop Hiss
37d609aa.wav,Bark Walk_and_footsteps Computer_keyboard
37dc178a.wav,Raindrop Hiss Stream
37f5f0d8.wav,Waves_and_surf Traffic_noise_and_roadway_noise Mechanical_fan
382587b8.wav,Whispering Chirp_and_tweet Fart
382cd8c5.wav,Walk_and_footsteps Purr Meow
38368c9b.wav,Chewing_and_mastication Computer_keyboard Sigh
384b0ff2.wav,Gong Bass_guitar Female_singing
38544190.wav,Bass_guitar Keys_jangling Computer_keyboard
38558ab1.wav,Computer_keyboard Bark Purr
3858d281.wav,Bark Meow Tick-tock
385e8b0f.wav,Purr Whispering Writing
38636d71.wav,Squeak Screaming Bicycle_bell
38669440.wav,Crackle Chirp_and_tweet Trickle_and_dribble
387014ab.wav,Computer_keyboard Drip Trickle_and_dribble
3876c193.wav,Squeak Sneeze Fart
388f70a5.wav,Mechanical_fan Walk_and_footsteps Waves_and_surf
38b9ff18.wav,Walk_and_footsteps Bark Sigh
38d29a00.wav,Keys_jangling Chewing_and_mastication Computer_keyboard
38d378d8.wav,Microwave_oven Race_car_and_auto_racing Accelerating_and_revving_and_vroom
38d50e59.wav,Sigh Computer_keyboard Bark
38d5d026.wav,Whispering Walk_and_footsteps Chirp_and_tweet
38e43355.wav,Child_speech_and_kid_speaking Squeak Screaming
38ea5df2.wav,Shatter Hi-hat Keys_jangling
38f6aa5e.wav,Cheering Run Crowd
38fea590.wav,Run Crowd Tap
390789a8.wav,Keys_jangling Skateboard Mechanical_fan
390995ef.wav,Squeak Sneeze Finger_snapping
39189c31.wav,Printer Toilet_flush Sink_(filling_or_washing)
391fbd47.wav,Whispering Bark Sigh
392e88d7.wav,Cricket Chirp_and_tweet Crackle
3939b821.wav,Computer_keyboard Shatter Keys_jangling
39467410.wav,Harmonica Squeak Tick-tock
394b8ce2.wav,Computer_keyboard Chewing_and_mastication Walk_and_footsteps
395de76a.wav,Tick-tock Sneeze Finger_snapping
395df625.wav,Computer_keyboard Sneeze Purr
396d793f.wav,Chirp_and_tweet Cricket Scissors
39723c0e.wav,Harmonica Female_singing Child_speech_and_kid_speaking
39768e2a.wav,Chirp_and_tweet Shatter Keys_jangling
3987fc79.wav,Mechanical_fan Gurgling Keys_jangling
398b6fa6.wav,Purr Writing Whispering
399732ec.wav,Computer_keyboard Harmonica Gong
39a8ac5c.wav,Computer_keyboard Walk_and_footsteps Chewing_and_mastication
39b6cc75.wav,Glockenspiel Car_passing_by Gong
39bbcabd.wav,Mechanical_fan Raindrop Stream
39c1f2fd.wav,Keys_jangling Shatter Hi-hat
39d1b554.wav,Whispering Squeak Finger_snapping
39e1b8cc.wav,Trickle_and_dribble Computer_keyboard Crackle
39e2f767.wav,Sneeze Bark Walk_and_footsteps
39e35f03.wav,Run Screaming Shatter
39eb6dd5.wav,Walk_and_footsteps Drawer_open_or_close Bark
39f19344.wav,Gurgling Gong Chewing_and_mastication
3a2353bb.wav,Walk_and_footsteps Computer_keyboard Purr
3a28e28a.wav,Motorcycle Accelerating_and_revving_and_vroom Traffic_noise_and_roadway_noise
3a2a4822.wav,Bark Squeak Meow
3a3e4b29.wav,Harmonica Acoustic_guitar Bass_guitar
3a49d5ed.wav,Keys_jangling Gurgling Shatter
3a4cf709.wav,Screaming Bicycle_bell Squeak
3a5e6dde.wav,Cricket Cupboard_open_or_close Keys_jangling
3a66e3df.wav,Crackle Trickle_and_dribble Shatter
3a87c628.wav,Whispering Chirp_and_tweet Meow
3a885c38.wav,Walk_and_footsteps Trickle_and_dribble Mechanical_fan
3a8b9afe.wav,Harmonica Acoustic_guitar Bass_guitar
3aa5b432.wav,Stream Walk_and_footsteps Crackle
3ac609e1.wav,Mechanical_fan Keys_jangling Meow
3acbee34.wav,Chirp_and_tweet Screaming Squeak
3adfb8f0.wav,Trickle_and_dribble Hiss Raindrop
3ae08e83.wav,Trickle_and_dribble Crackle Frying_(food)
3ae0ea8b.wav,Walk_and_footsteps Computer_keyboard Chewing_and_mastication
3b0a3361.wav,Crowd Cheering Applause
3b0b13f4.wav,Purr Sneeze Writing
3b13f6a1.wav,Stream Run Trickle_and_dribble
3b23ed90.wav,Computer_keyboard Writing Purr
3b252939.wav,Whispering Computer_keyboard Bark
3b277890.wav,Squeak Walk_and_footsteps Sneeze
3b382171.wav,Sigh Bark Screaming
3b3c2c67.wav,Chewing_and_mastication Computer_keyboard Sigh
3b75b456.wav,Crowd Applause Cheering
3b7c7f94.wav,Trickle_and_dribble Crackle Walk_and_footsteps
3bb6024f.wav,Bark Clapping Cheering
3bb7c24d.wav,Walk_and_footsteps Computer_keyboard Writing
3bb9a722.wav,Cricket Purr Keys_jangling
3bda5fb0.wav,Waves_and_surf Mechanical_fan Raindrop
3bfcab18.wav,Bass_guitar Acoustic_guitar Harmonica
3c0370c8.wav,Keys_jangling Computer_keyboard Bus
3c1b9399.wav,Skateboard Run Crowd
3c20c95f.wav,Walk_and_footsteps Purr Whispering
3c216393.wav,Chirp_and_tweet Sigh Screaming
3c244ade.wav,Trickle_and_dribble Computer_keyboard Scissors
3c348e5c.wav,Computer_keyboard Bathtub_(filling_or_washing) Walk_and_footsteps
3c35237b.wav,Keys_jangling Walk_and_footsteps Computer_keyboard
3c40f472.wav,Child_speech_and_kid_speaking Squeak Cricket
3c525c1f.wav,Frying_(food) Cricket Crackle
3c590143.wav,Drawer_open_or_close Purr Computer_keyboard
3c90b11b.wav,Chirp_and_tweet Chewing_and_mastication Computer_keyboard
3c95067e.wav,Walk_and_footsteps Trickle_and_dribble Bark
3ca6b1a3.wav,Shatter Trickle_and_dribble Crackle
3caf1f70.wav,Walk_and_footsteps Zipper_(clothing) Meow
3cc51361.wav,Purr Scissors Whispering
3cd30520.wav,Sigh Computer_keyboard Chewing_and_mastication
3ce0dcd0.wav,Cricket Hiss Buzz
3ce9fd74.wav,Screaming Run Bicycle_bell
3cfeb0cd.wav,Cricket Trickle_and_dribble Frying_(food)
3d07c63a.wav,Fart Meow Finger_snapping
3d0beb6f.wav,Chirp_and_tweet Whispering Scissors
3d0dca90.wav,Drawer_open_or_close Bark Fart
3d1d3f2b.wav,Applause Crowd Cheering
3d27f415.wav,Gong Glockenspiel Car_passing_by
3d287b47.wav,Keys_jangling Computer_keyboard Writing
3d4e1dea.wav,Acoustic_guitar Sigh Bass_guitar
3d58d893.wav,Stream Trickle_and_dribble Run
3d5f899d.wav,Tick-tock Gong Buzz
3d633399.wav,Shatter Motorcycle Race_car_and_auto_racing
3d7309d7.wav,Trickle_and_dribble Crackle Cricket
3d921767.wav,Bass_guitar Gong Acoustic_guitar
3d9a715d.wav,Trickle_and_dribble Crackle Run
3db04d3f.wav,Bass_guitar Acoustic_guitar Gong
3db44f6c.wav,Screaming Harmonica Squeak
3ddb4122.wav,Chirp_and_tweet Whispering Cricket
3dedbba9.wav,Sneeze Purr Tick-tock
3df2fc0e.wav,Keys_jangling Bus Shatter
3df5c540.wav,Whispering Bark Walk_and_footsteps
3e230352.wav,Toilet_flush Fill_(with_liquid) Trickle_and_dribble
3e3a6910.wav,Bass_guitar Hi-hat Bark
3e4755ba.wav,Bass_guitar Gong Keys_jangling
3e52f857.wav,Chirp_and_tweet Squeak Sigh
3e5ce660.wav,Trickle_and_dribble Walk_and_footsteps Crackle
3e656c6e.wav,Meow Tick-tock Fart
3e65a00d.wav,Traffic_noise_and_roadway_noise Cheering Mechanical_fan
3e691b83.wav,Walk_and_footsteps Computer_keyboard Bark
3e7889ed.wav,Hi-hat Keys_jangling Computer_keyboard
3e83500f.wav,Walk_and_footsteps Whispering Chirp_and_tweet
3e9967cf.wav,Keys_jangling Skateboard Shatter
3ebaff6d.wav,Traffic_noise_and_roadway_noise Car_passing_by Accelerating_and_revving_and_vroom
3ecc19c5.wav,Skateboard Gurgling Car_passing_by
3ed6c2b5.wav,Sneeze Sigh Computer_keyboard
3efc0912.wav,Harmonica Female_singing Church_bell
3f0f92ff.wav,Whispering Computer_keyboard Tick-tock
3f15fd07.wav,Computer_keyboard Bark Sigh
3f16d9f3.wav,Harmonica Bicycle_bell Hi-hat
3f19e53c.wav,Motorcycle Skateboard Race_car_and_auto_racing
3f1ca1bb.wav,Gurgling Drip Chewing_and_mastication
3f29038e.wav,Sigh Bass_guitar Acoustic_guitar
3f2dbd00.wav,Fart Meow Bark
3f4f4808.wav,Stream Raindrop Mechanical_fan
3f53a02f.wav,Computer_keyboard Purr Keys_jangling
3f7043d9.wav,Purr Whispering Cricket
3f80cc56.wav,Whispering Walk_and_footsteps Sigh
3f96494a.wav,Cricket Walk_and_footsteps Whispering
3faf10be.wav,Traffic_noise_and_roadway_noise Skateboard Run
3fd4d55a.wav,Bus Meow Race_car_and_auto_racing
400ff09d.wav,Gurgling Trickle_and_dribble Drip
402e2d1b.wav,Purr Bark Drawer_open_or_close
4030a4f2.wav,Walk_and_footsteps Whispering Zipper_(clothing)
4034f327.wav,Run Chink_and_clink Skateboard
4037cd65.wav,Cricket Child_speech_and_kid_speaking Fart
4040f015.wav,Purr Scissors Computer_keyboard
40449ca7.wav,Cricket Crackle Frying_(food)
404b54c0.wav,Trickle_and_dribble Crackle Raindrop
404fb677.wav,Mechanical_fan Traffic_noise_and_roadway_noise Race_car_and_auto_racing
4053b801.wav,Sigh Squeak Chirp_and_tweet
405c66af.wav,Fart Sneeze Meow
406306b6.wav,Female_singing Harmonica Gong
406a1cc1.wav,Purr Tick-tock Whispering
406ade5e.wav,Crackle Trickle_and_dribble Shatter
4093913f.wav,Run Trickle_and_dribble Stream
40957335.wav,Walk_and_footsteps Bark Computer_keyboard
4098028d.wav,Computer_keyboard Keys_jangling Chewing_and_mastication
40afd1b3.wav,Chirp_and_tweet Chewing_and_mastication Computer_keyboard
40c1ed87.wav,Fart Meow Finger_snapping
40c50046.wav,Keys_jangling Chewing_and_mastication Computer_keyboard
40d0726d.wav,Waves_and_surf Traffic_noise_and_roadway_noise Mechanical_fan
40dd1274.wav,Female_singing Screaming Printer
40e25750.wav,Printer Chink_and_clink Harmonica
410837eb.wav,Purr Writing Squeak
410c2138.wav,Cricket Buzz Chirp_and_tweet
411993fd.wav,Fart Meow Tick-tock
413b5427.wav,Bicycle_bell Harmonica Glockenspiel
41522a65.wav,Cricket Chirp_and_tweet Fart
415f4c8f.wav,Chirp_and_tweet Cricket Buzz
41759973.wav,Stream Raindrop Skateboard
419271cc.wav,Harmonica Printer Bicycle_bell
4195cb1a.wav,Sigh Female_singing Harmonica
41af688a.wav,Computer_keyboard Writing Scissors
41c60bba.wav,Sigh Squeak Bark
41cfee6d.wav,Harmonica Bicycle_bell Glockenspiel
41f16193.wav,Chewing_and_mastication Walk_and_footsteps Run
41f1ea4a.wav,Run Church_bell Harmonica
41f86bc4.wav,Trickle_and_dribble Run Crackle
4215309a.wav,Keys_jangling Computer_keyboard Chewing_and_mastication
4248d196.wav,Applause Crowd Cheering
42542036.wav,Church_bell Harmonica Tap
