fname,label
000ccb97.wav,Hi-hat Sigh Race_car_and_auto_racing
0012633b.wav,Frying_(food) Squeak Acoustic_guitar
001ed5f1.wav,Crackle Walk_and_footsteps Frying_(food)
00294be0.wav,Gurgling Chewing_and_mastication Drip
003fde7a.wav,Bicycle_bell Gong Buzz
0040ccc9.wav,Hi-hat Bass_guitar Acoustic_guitar
0046b732.wav,Hi-hat Sigh Squeak
004f3bbc.wav,Motorcycle Car_passing_by Keys_jangling
00526050.wav,Hi-hat Race_car_and_auto_racing Accelerating_and_revving_and_vroom
00559da4.wav,Chewing_and_mastication Crackle Walk_and_footsteps
00582bbe.wav,Gong Keys_jangling Microwave_oven
0064aedf.wav,Microwave_oven Gong Bus
0065512b.wav,Trickle_and_dribble Frying_(food) Stream
006a91d2.wav,Stream Whispering Trickle_and_dribble
006ea9ee.wav,Gong Gurgling Accelerating_and_revving_and_vroom
006f9dca.wav,Chirp_and_tweet Drip Sink_(filling_or_washing)
007450dc.wav,Screaming Squeak Bicycle_bell
00979c8a.wav,Chewing_and_mastication Keys_jangling Computer_keyboard
00992464.wav,Trickle_and_dribble Drip Shatter
00b44a8a.wav,Squeak Cricket Drip
00bfaaaf.wav,Drawer_open_or_close Whispering Fart
00cf9680.wav,Whispering Knock Purr
00eae94d.wav,Tick-tock Hi-hat Squeak
011ec5b8.wav,Tick-tock Purr Sneeze
013200dc.wav,Whispering Bathtub_(filling_or_washing) Squeak
01440c2e.wav,Harmonica Glockenspiel Bicycle_bell
01567a3d.wav,Hi-hat Tick-tock Motorcycle
0163d203.wav,Chewing_and_mastication Gurgling Computer_keyboard
017c24b2.wav,Clapping Drawer_open_or_close Fart
01a992c5.wav,Cricket Trickle_and_dribble Chirp_and_tweet
01b1d976.wav,Sneeze Whispering Bathtub_(filling_or_washing)
01c1c371.wav,Gurgling Chewing_and_mastication Microwave_oven
01cf8354.wav,Burping_and_eructation Tick-tock Sigh
01d2c640.wav,Purr Computer_keyboard Gong
01d69423.wav,Gong Gurgling Bass_guitar
01e9170b.wav,Harmonica Female_singing Buzz
01f2901a.wav,Cricket Drip Scissors
020b1fdf.wav,Microwave_oven Bus Race_car_and_auto_racing
021457df.wav,Writing Computer_keyboard Sigh
02173589.wav,Female_singing Hi-hat Harmonica
021ac082.wav,Applause Raindrop Stream
02200884.wav,Keys_jangling Zipper_(clothing) Sigh
02213278.wav,Tick-tock Finger_snapping Scissors
022e3b2c.wav,Squeak Whispering Sneeze
023081f2.wav,Buzz Gong Church_bell
02596541.wav,Gong Printer Microwave_oven
0289b79b.wav,Hiss Frying_(food) Tap
028cf9db.wav,Female_singing Harmonica Female_speech_and_woman_speaking
028d26f7.wav,Chirp_and_tweet Whispering Sneeze
02ab2a72.wav,Computer_keyboard Hi-hat Finger_snapping
02c02ec1.wav,Harmonica Church_bell Glockenspiel
02ce28a1.wav,Microwave_oven Motorcycle Traffic_noise_and_roadway_noise
02d01f40.wav,Squeak Chewing_and_mastication Scissors
02da7457.wav,Toilet_flush Drip Sink_(filling_or_washing)
02e17633.wav,Chewing_and_mastication Purr Whispering
02e8059d.wav,Hi-hat Bass_guitar Race_car_and_auto_racing
02f71319.wav,Hiss Buzz Gurgling
03090fb0.wav,Screaming Harmonica Marimba_and_xylophone
03162c23.wav,Purr Chewing_and_mastication Drawer_open_or_close
032f518c.wav,Acoustic_guitar Hi-hat Bass_guitar
03300fcb.wav,Gong Female_singing Harmonica
035dd895.wav,Whispering Purr Walk_and_footsteps
03754ab4.wav,Hi-hat Frying_(food) Computer_keyboard
037b47c4.wav,Hi-hat Crowd Sigh
03887635.wav,Computer_keyboard Whispering Chewing_and_mastication
03931594.wav,Bark Purr Finger_snapping
039d2821.wav,Sigh Child_speech_and_kid_speaking Chirp_and_tweet
03a47c4a.wav,Hiss Frying_(food) Chirp_and_tweet
03b80975.wav,Applause Slam Cheering
03c5e8d0.wav,Trickle_and_dribble Crackle Hi-hat
03fe2971.wav,Hi-hat Gasp Tick-tock
04008bb5.wav,Gasp Sigh Hi-hat
040c5c0c.wav,Chewing_and_mastication Trickle_and_dribble Drip
041cff59.wav,Purr Computer_keyboard Tick-tock
042b07a4.wav,Harmonica Hiss Hi-hat
042b542f.wav,Acoustic_guitar Harmonica Female_singing
04308d8d.wav,Purr Finger_snapping Bass_guitar
04355ea8.wav,Sigh Sneeze Whispering
0442a617.wav,Finger_snapping Squeak Tick-tock
0443f812.wav,Crackle Whispering Purr
04441d5b.wav,Computer_keyboard Finger_snapping Sigh
0453bb71.wav,Female_singing Hiss Buzz
04702c1c.wav,Harmonica Hiss Gasp
047ba0e1.wav,Chirp_and_tweet Squeak Cricket
04877d29.wav,Bus Microwave_oven Gong
048c3418.wav,Burping_and_eructation Toilet_flush Bark
04a5c9eb.wav,Frying_(food) Skateboard Run
04ad8e52.wav,Gurgling Toilet_flush Gong
04af82d9.wav,Keys_jangling Buzz Sigh
04b1558a.wav,Trickle_and_dribble Frying_(food) Chirp_and_tweet
04de7b9a.wav,Crackle Trickle_and_dribble Frying_(food)
04e8bf2a.wav,Computer_keyboard Keys_jangling Zipper_(clothing)
04f004fe.wav,Gong Microwave_oven Keys_jangling
04f48f10.wav,Gurgling Chewing_and_mastication Computer_keyboard
0506eee8.wav,Microwave_oven Accelerating_and_revving_and_vroom Race_car_and_auto_racing
050eb97f.wav,Female_singing Harmonica Slam
051bda9a.wav,Fart Tick-tock Purr
057a3c2e.wav,Computer_keyboard Chewing_and_mastication Whispering
057c13c8.wav,Harmonica Bicycle_bell Accordion
058a4a79.wav,Squeak Purr Fart
058ec864.wav,Chirp_and_tweet Bicycle_bell Keys_jangling
05af19b1.wav,Race_car_and_auto_racing Accelerating_and_revving_and_vroom Car_passing_by
05c881c4.wav,Squeak Drip Tick-tock
05d775e9.wav,Run Trickle_and_dribble Frying_(food)
05dae80d.wav,Gurgling Gong Skateboard
05e34a55.wav,Frying_(food) Raindrop Crackle
05edaa47.wav,Computer_keyboard Chewing_and_mastication Bark
060b802f.wav,Chirp_and_tweet Screaming Fart
060d2d47.wav,Purr Zipper_(clothing) Squeak
062e94dd.wav,Gong Hi-hat Glockenspiel
06345241.wav,Screaming Squeak Chirp_and_tweet
0648b115.wav,Fart Squeak Drawer_open_or_close
06526954.wav,Chewing_and_mastication Computer_keyboard Gurgling
065b49ec.wav,Keys_jangling Writing Purr
06604d51.wav,Drip Cricket Gong
068b717f.wav,Bathtub_(filling_or_washing) Finger_snapping Bark
069b2f91.wav,Buzz Strum Printer
069f3ce5.wav,Purr Burping_and_eructation Drawer_open_or_close
06a23eb9.wav,Microwave_oven Mechanical_fan Bark
06c34152.wav,Gong Tick-tock Gurgling
06feb5cf.wav,Microwave_oven Race_car_and_auto_racing Gong
0718ce8d.wav,Walk_and_footsteps Whispering Purr
07295dd0.wav,Hi-hat Race_car_and_auto_racing Accelerating_and_revving_and_vroom
072ee4b2.wav,Whispering Purr Tick-tock
074cbe2b.wav,Squeak Cricket Meow
07502956.wav,Purr Whispering Knock
07603ad3.wav,Gong Bus Microwave_oven
07670752.wav,Hiss Buzz Hi-hat
077f270d.wav,Sneeze Purr Bark
0782d022.wav,Screaming Squeak Bicycle_bell
078464b8.wav,Raindrop Crackle Stream
07a82fbe.wav,Computer_keyboard Skateboard Gurgling
07bca33c.wav,Tick-tock Applause Microwave_oven
07da8ebf.wav,Screaming Raindrop Crackle
07dff283.wav,Burping_and_eructation Skateboard Applause
07f965a0.wav,Trickle_and_dribble Run Stream
07fa6e7e.wav,Tick-tock Purr Finger_snapping
08087580.wav,Chewing_and_mastication Trickle_and_dribble Drip
0814db2b.wav,Harmonica Gong Hi-hat
0815543c.wav,Tick-tock Purr Drawer_open_or_close
081d6520.wav,Hi-hat Squeak Applause
081f2b5a.wav,Bass_guitar Hi-hat Acoustic_guitar
0824bbdb.wav,Chirp_and_tweet Sigh Whispering
08272d1c.wav,Writing Purr Cricket
08278440.wav,Squeak Fart Hi-hat
0837e041.wav,Applause Drawer_open_or_close Clapping
08390e01.wav,Cricket Chirp_and_tweet Crackle
083cc652.wav,Hi-hat Finger_snapping Harmonica
08458ab2.wav,Chewing_and_mastication Computer_keyboard Gurgling
0849057f.wav,Sigh Child_speech_and_kid_speaking Squeak
084e5784.wav,Whispering Purr Sneeze
085f174a.wav,Hi-hat Buzz Hiss
0865816c.wav,Purr Keys_jangling Knock
086ce4a5.wav,Motorcycle Run Mechanical_fan
086ebb95.wav,Microwave_oven Keys_jangling Bus
08810dd4.wav,Computer_keyboard Walk_and_footsteps Keys_jangling
08b06642.wav,Accelerating_and_revving_and_vroom Female_singing Finger_snapping
08b2d04c.wav,Harmonica Accordion Female_singing
08bc3e2d.wav,Bark Whispering Burping_and_eructation
08d46566.wav,Computer_keyboard Chewing_and_mastication Squeak
08d4acca.wav,Gong Meow Buzz
08d5d316.wav,Stream Microwave_oven Mechanical_fan
08dfe75d.wav,Car_passing_by Computer_keyboard Zipper_(clothing)
08eb3a69.wav,Gurgling Chewing_and_mastication Drip
08f36895.wav,Keys_jangling Walk_and_footsteps Crackle
08facc12.wav,Bathtub_(filling_or_washing) Whispering Bark
090cc523.wav,Chewing_and_mastication Chirp_and_tweet Trickle_and_dribble
091fa206.wav,Acoustic_guitar Harmonica Gong
092d8e54.wav,Chewing_and_mastication Walk_and_footsteps Computer_keyboard
094761b8.wav,Acoustic_guitar Applause Harmonica
0963270d.wav,Computer_keyboard Burping_and_eructation Frying_(food)
0992b95a.wav,Chewing_and_mastication Drip Computer_keyboard
0997968e.wav,Trickle_and_dribble Walk_and_footsteps Stream
09a67356.wav,Purr Microwave_oven Accelerating_and_revving_and_vroom
09d085e3.wav,Microwave_oven Bus Mechanical_fan
0a31c905.wav,Frying_(food) Acoustic_guitar Harmonica
0a3c2351.wav,Meow Church_bell Gong
0a4d3800.wav,Chewing_and_mastication Computer_keyboard Zipper_(clothing)
0a4ff0fb.wav,Whispering Purr Drawer_open_or_close
0a56e261.wav,Hi-hat Harmonica Gasp
0a64010f.wav,Hi-hat Harmonica Female_singing
0a683136.wav,Hi-hat Acoustic_guitar Gong
0a6e6889.wav,Gong Bass_guitar Drip
0a8e1630.wav,Purr Walk_and_footsteps Whispering
0a950c32.wav,Hiss Gong Marimba_and_xylophone
0aee7a2a.wav,Walk_and_footsteps Trickle_and_dribble Drawer_open_or_close
0af7446d.wav,Tick-tock Drawer_open_or_close Bathtub_(filling_or_washing)
0b1503e8.wav,Squeak Whispering Purr
0b33d746.wav,Sigh Computer_keyboard Chink_and_clink
0b4819f1.wav,Crackle Trickle_and_dribble Walk_and_footsteps
0b5c6535.wav,Chewing_and_mastication Gurgling Bark
0b73077e.wav,Gurgling Cheering Crowd
0b9e93e6.wav,Chewing_and_mastication Writing Purr
0ba7fe6b.wav,Hi-hat Accelerating_and_revving_and_vroom Motorcycle
0bacb61b.wav,Knock Whispering Squeak
0bb86b6c.wav,Drawer_open_or_close Hi-hat Gong
0bbe8308.wav,Squeak Fart Purr
0bc36580.wav,Female_speech_and_woman_speaking Crowd Bark
0bc7822a.wav,Trickle_and_dribble Frying_(food) Crackle
0bdcdfba.wav,Microwave_oven Chewing_and_mastication Gurgling
0bec3f54.wav,Gong Microwave_oven Bass_guitar
0c151ad3.wav,Mechanical_fan Raindrop Stream
0c16f612.wav,Harmonica Glockenspiel Buzz
0c32d940.wav,Hi-hat Finger_snapping Applause
0c390f3c.wav,Drawer_open_or_close Whispering Gasp
0c3b2573.wav,Microwave_oven Keys_jangling Mechanical_fan
0c5ba768.wav,Purr Tick-tock Drawer_open_or_close
0c698ef7.wav,Knock Purr Bark
0c8d9148.wav,Motorcycle Writing Microwave_oven
0c8def18.wav,Traffic_noise_and_roadway_noise Bus Race_car_and_auto_racing
0c949702.wav,Toilet_flush Printer Female_singing
0cb33d03.wav,Purr Finger_snapping Bark
0cb4cde3.wav,Writing Gong Computer_keyboard
0cdddb37.wav,Zipper_(clothing) Gong Car_passing_by
0ce84f9b.wav,Microwave_oven Mechanical_fan Keys_jangling
0cfe3f96.wav,Squeak Fart Hi-hat
0d000cd7.wav,Race_car_and_auto_racing Fart Bark
0d1b11e0.wav,Purr Bark Finger_snapping
0d2230eb.wav,Chirp_and_tweet Whispering Cricket
0d2707f4.wav,Gong Buzz Church_bell
0d34341d.wav,Microwave_oven Keys_jangling Motorcycle
0d3dc96c.wav,Finger_snapping Tick-tock Computer_keyboard
0d507c20.wav,Bicycle_bell Screaming Harmonica
0d540ee1.wav,Chewing_and_mastication Computer_keyboard Whispering
0d5516ef.wav,Bicycle_bell Harmonica Screaming
0d6564bb.wav,Female_singing Bathtub_(filling_or_washing) Child_speech_and_kid_speaking
0d673a8c.wav,Purr Meow Zipper_(clothing)
0d74277e.wav,Keys_jangling Printer Motorcycle
0d8d7af9.wav,Purr Burping_and_eructation Bark
0d8e2166.wav,Frying_(food) Trickle_and_dribble Crackle
0d8f3f54.wav,Hi-hat Race_car_and_auto_racing Accelerating_and_revving_and_vroom
0d9caeeb.wav,Drawer_open_or_close Cupboard_open_or_close Frying_(food)
0da3d582.wav,Computer_keyboard Writing Walk_and_footsteps
0dc06757.wav,Drip Microwave_oven Motorcycle
0dc813d8.wav,Chewing_and_mastication Computer_keyboard Trickle_and_dribble
0dce3e5f.wav,Trickle_and_dribble Frying_(food) Crackle
0dcf1534.wav,Microwave_oven Mechanical_fan Raindrop
0dda644b.wav,Bathtub_(filling_or_washing) Tick-tock Writing
0ddd0393.wav,Accelerating_and_revving_and_vroom Hi-hat Race_car_and_auto_racing
0de2a4b2.wav,Sneeze Whispering Clapping
0de4fc92.wav,Gong Church_bell Acoustic_guitar
0df1484c.wav,Gong Microwave_oven Purr
0e18c7d2.wav,Sneeze Squeak Whispering
0e3e2590.wav,Bicycle_bell Harmonica Hi-hat
0e4be6a4.wav,Microwave_oven Car_passing_by Mechanical_fan
0e6552c7.wav,Walk_and_footsteps Crackle Computer_keyboard
0e70a285.wav,Purr Scissors Tick-tock
0e7f5c7e.wav,Trickle_and_dribble Walk_and_footsteps Crackle
0e9e941b.wav,Gurgling Trickle_and_dribble Chewing_and_mastication
0ea99bf4.wav,Finger_snapping Gasp Bark
0eaf6d60.wav,Computer_keyboard Chewing_and_mastication Writing
0ec7e315.wav,Mechanical_fan Keys_jangling Raindrop
0ed20fe2.wav,Trickle_and_dribble Drip Walk_and_footsteps
0ee80cb7.wav,Burping_and_eructation Clapping Fart
0ef6fb07.wav,Hi-hat Computer_keyboard Gong
0f07f15f.wav,Purr Whispering Knock
0f08a4c8.wav,Whispering Computer_keyboard Drawer_open_or_close
0f096853.wav,Purr Walk_and_footsteps Writing
0f1ab7b0.wav,Purr Whispering Writing
0f3fe29d.wav,Stream Trickle_and_dribble Raindrop
0f50ef2b.wav,Microwave_oven Toilet_flush Mechanical_fan
0f61907d.wav,Bass_guitar Acoustic_guitar Gong
0f663341.wav,Drip Squeak Cricket
0f81d5bc.wav,Computer_keyboard Squeak Chewing_and_mastication
0faf5b2e.wav,Gong Race_car_and_auto_racing Accelerating_and_revving_and_vroom
0fc07a52.wav,Purr Crackle Drawer_open_or_close
0fc6a683.wav,Frying_(food) Water_tap_and_faucet Hiss
0fccb2e5.wav,Hi-hat Squeak Frying_(food)
0fd91890.wav,Burping_and_eructation Fart Bark
0fdb30c1.wav,Purr Chewing_and_mastication Whispering
0fed6565.wav,Toilet_flush Frying_(food) Hiss
0ff0e483.wav,Whispering Finger_snapping Knock
0fffc208.wav,Gong Race_car_and_auto_racing Bass_guitar
100e123a.wav,Slam Cheering Crowd
100faf3f.wav,Screaming Harmonica Keys_jangling
101b2011.wav,Gong Hi-hat Bass_guitar
10234fef.wav,Accelerating_and_revving_and_vroom Race_car_and_auto_racing Hi-hat
10236f0e.wav,Accelerating_and_revving_and_vroom Race_car_and_auto_racing Microwave_oven
102fb14f.wav,Gong Bass_guitar Accelerating_and_revving_and_vroom
1052e52b.wav,Hi-hat Drawer_open_or_close Applause
105460cd.wav,Gong Accelerating_and_revving_and_vroom Hiss
10678d21.wav,Sigh Hi-hat Fart
107f3deb.wav,Purr Chewing_and_mastication Whispering
10811159.wav,Walk_and_footsteps Whispering Crackle
10a1aa40.wav,Frying_(food) Applause Tap
10a7b8f3.wav,Hiss Female_singing Harmonica
10acf1b6.wav,Crackle Fart Walk_and_footsteps
10c170b1.wav,Tick-tock Buzz Finger_snapping
10d026e9.wav,Gong Car_passing_by Accelerating_and_revving_and_vroom
10d94568.wav,Chewing_and_mastication Computer_keyboard Writing
10e6a6ac.wav,Whispering Finger_snapping Fart
10e6db66.wav,Gong Hi-hat Motorcycle
10e92421.wav,Printer Toilet_flush Tick-tock
10f58e51.wav,Bass_guitar Acoustic_guitar Harmonica
11071bad.wav,Squeak Gasp Sigh
111f9431.wav,Gurgling Printer Chirp_and_tweet
112bdb70.wav,Buzz Chirp_and_tweet Harmonica
113290e8.wav,Sigh Chewing_and_mastication Squeak
1142def0.wav,Whispering Bathtub_(filling_or_washing) Squeak
1147c12b.wav,Meow Chirp_and_tweet Harmonica
1158e587.wav,Sigh Chirp_and_tweet Hi-hat
11641eb8.wav,Trickle_and_dribble Gurgling Crackle
1167b492.wav,Gong Accelerating_and_revving_and_vroom Gasp
1172c5fb.wav,Applause Buzz Gasp
117358df.wav,Knock Whispering Bark
1175ac74.wav,Hi-hat Bass_guitar Skateboard
11b6c488.wav,Trickle_and_dribble Frying_(food) Crackle
11cc8bcb.wav,Computer_keyboard Trickle_and_dribble Crackle
12264142.wav,Purr Whispering Sneeze
1226b0e0.wav,Computer_keyboard Chewing_and_mastication Keys_jangling
1247b7e3.wav,Female_singing Chirp_and_tweet Sigh
124a286f.wav,Drip Tick-tock Chirp_and_tweet
12600be5.wav,Whispering Tick-tock Bark
12689530.wav,Female_singing Tick-tock Child_speech_and_kid_speaking
126b674b.wav,Squeak Tick-tock Drip
127adb78.wav,Female_speech_and_woman_speaking Female_singing Gasp
12849e29.wav,Finger_snapping Tick-tock Hi-hat
128a67de.wav,Purr Whispering Knock
12bcd3ec.wav,Chirp_and_tweet Cricket Tick-tock
12d3e91f.wav,Microwave_oven Drawer_open_or_close Cupboard_open_or_close
12d8c07f.wav,Keys_jangling Microwave_oven Mechanical_fan
12ddf239.wav,Trickle_and_dribble Mechanical_fan Chewing_and_mastication
12df81e8.wav,Crackle Trickle_and_dribble Walk_and_footsteps
12ee0010.wav,Squeak Computer_keyboard Chewing_and_mastication
12fe33b6.wav,Toilet_flush Frying_(food) Printer
130e4d2f.wav,Gurgling Drip Male_speech_and_man_speaking
13237edd.wav,Chirp_and_tweet Sneeze Bathtub_(filling_or_washing)
134c3fea.wav,Fart Squeak Gasp
134c95a2.wav,Computer_keyboard Chewing_and_mastication Sigh
13694181.wav,Motorcycle Car_passing_by Accelerating_and_revving_and_vroom
13728313.wav,Gong Car_passing_by Gurgling
13ae306e.wav,Sigh Gasp Shatter
13cfa025.wav,Bus Race_car_and_auto_racing Slam
13e3453c.wav,Trickle_and_dribble Frying_(food) Cricket
13e84f69.wav,Gong Keys_jangling Bicycle_bell
14096fd8.wav,Trickle_and_dribble Walk_and_footsteps Crackle
142b9865.wav,Trickle_and_dribble Hi-hat Keys_jangling
1438cfd0.wav,Bass_guitar Acoustic_guitar Gong
143e6d96.wav,Bicycle_bell Crackle Buzz
14416af5.wav,Gurgling Drip Computer_keyboard
1451986d.wav,Applause Crowd Church_bell
145a10e4.wav,Squeak Drawer_open_or_close Purr
146c73a3.wav,Female_singing Buzz Tick-tock
14ab7f13.wav,Microwave_oven Motorcycle Gong
14cbc626.wav,Sneeze Whispering Chirp_and_tweet
14d22f20.wav,Computer_keyboard Squeak Chewing_and_mastication
14e86cfb.wav,Tick-tock Whispering Purr
14fd704c.wav,Computer_keyboard Keys_jangling Chewing_and_mastication
151ea709.wav,Applause Finger_snapping Scissors
15288481.wav,Acoustic_guitar Harmonica Glockenspiel
152a4e09.wav,Printer Stream Toilet_flush
153579d9.wav,Computer_keyboard Chewing_and_mastication Trickle_and_dribble
1544427c.wav,Whispering Walk_and_footsteps Purr
154696fd.wav,Traffic_noise_and_roadway_noise Bus Race_car_and_auto_racing
156bf74f.wav,Frying_(food) Bathtub_(filling_or_washing) Whispering
156c1736.wav,Church_bell Tick-tock Applause
15776b9c.wav,Chewing_and_mastication Purr Computer_keyboard
157dd023.wav,Whispering Purr Knock
15849032.wav,Cricket Chirp_and_tweet Buzz
15868ee8.wav,Cricket Chirp_and_tweet Bathtub_(filling_or_washing)
159b8b9b.wav,Computer_keyboard Writing Scissors
159d2208.wav,Chewing_and_mastication Walk_and_footsteps Gurgling
15a78daf.wav,Gurgling Drip Gong
15a98fd7.wav,Hi-hat Race_car_and_auto_racing Squeak
15b0d4ec.wav,Knock Bark Finger_snapping
15bcf71d.wav,Motorcycle Accelerating_and_revving_and_vroom Gong
15c34c4f.wav,Keys_jangling Computer_keyboard Chewing_and_mastication
15e2bcaa.wav,Female_singing Harmonica Glockenspiel
15e7bb78.wav,Chirp_and_tweet Cricket Sneeze
160105ad.wav,Harmonica Accordion Applause
1604a3fa.wav,Computer_keyboard Chewing_and_mastication Writing
1606f119.wav,Purr Drawer_open_or_close Squeak
160acbb0.wav,Waves_and_surf Hiss Chirp_and_tweet
165fd18a.wav,Skateboard Bus Keys_jangling
166a05c0.wav,Skateboard Toilet_flush Trickle_and_dribble
1670b964.wav,Keys_jangling Walk_and_footsteps Crackle
167a4f00.wav,Cricket Buzz Sink_(filling_or_washing)
168be388.wav,Squeak Purr Sneeze
16b56d33.wav,Chewing_and_mastication Chirp_and_tweet Buzz
16bc3f60.wav,Sneeze Tick-tock Finger_snapping
16c7da35.wav,Trickle_and_dribble Raindrop Stream
16d80f68.wav,Female_singing Harmonica Sigh
16e17bed.wav,Race_car_and_auto_racing Car_passing_by Mechanical_fan
16f7ac14.wav,Keys_jangling Bark Purr
16fd3589.wav,Chewing_and_mastication Computer_keyboard Walk_and_footsteps
17135192.wav,Bicycle_bell Hiss Harmonica
17140de5.wav,Frying_(food) Trickle_and_dribble Drip
171aa36c.wav,Crackle Trickle_and_dribble Frying_(food)
17361a5c.wav,Applause Stream Finger_snapping
1751bb8a.wav,Sneeze Tick-tock Purr
1779b015.wav,Acoustic_guitar Bass_guitar Female_singing
17b6e84f.wav,Chewing_and_mastication Gurgling Computer_keyboard
17c4b25f.wav,Applause Slam Male_speech_and_man_speaking
17dfb6db.wav,Skateboard Computer_keyboard Church_bell
1802421a.wav,Frying_(food) Race_car_and_auto_racing Mechanical_fan
18183321.wav,Traffic_noise_and_roadway_noise Bus Microwave_oven
183948d1.wav,Skateboard Toilet_flush Applause
183fb536.wav,Bark Screaming Slam
1843680b.wav,Chewing_and_mastication Computer_keyboard Whispering
184aca02.wav,Frying_(food) Bathtub_(filling_or_washing) Raindrop
18551bc1.wav,Tick-tock Hi-hat Squeak
1859b7f7.wav,Computer_keyboard Scissors Chewing_and_mastication
1877623e.wav,Finger_snapping Tick-tock Whispering
1889c58d.wav,Gurgling Chewing_and_mastication Bark
18929e41.wav,Harmonica Hi-hat Glockenspiel
1899de05.wav,Car_passing_by Accelerating_and_revving_and_vroom Motorcycle
18ace84c.wav,Squeak Gasp Bathtub_(filling_or_washing)
18be000d.wav,Crackle Mechanical_fan Trickle_and_dribble
18c94757.wav,Trickle_and_dribble Run Church_bell
18ea2e9e.wav,Frying_(food) Toilet_flush Trickle_and_dribble
18fda5a4.wav,Printer Toilet_flush Tap
1904f396.wav,Whispering Bark Knock
19135157.wav,Walk_and_footsteps Computer_keyboard Knock
191adc5f.wav,Squeak Sigh Knock
19303d26.wav,Bus Waves_and_surf Skateboard
193a6063.wav,Computer_keyboard Writing Gurgling
1945b8ca.wav,Toilet_flush Trickle_and_dribble Run
19508dc0.wav,Microwave_oven Applause Female_speech_and_woman_speaking
1960e51e.wav,Writing Chewing_and_mastication Drip
19754d94.wav,Female_singing Gong Female_speech_and_woman_speaking
197ce5b2.wav,Male_singing Child_speech_and_kid_speaking Female_singing
199d4d12.wav,Chirp_and_tweet Child_speech_and_kid_speaking Screaming
19a7dec3.wav,Purr Burping_and_eructation Gasp
19bb5700.wav,Chink_and_clink Run Skateboard
19c7c900.wav,Squeak Hi-hat Fart
19d9401d.wav,Fart Purr Bark
19dcb315.wav,Whispering Child_speech_and_kid_speaking Finger_snapping
1a068a84.wav,Bass_guitar Hi-hat Gong
1a0d1b78.wav,Drawer_open_or_close Purr Fart
1a110901.wav,Toilet_flush Frying_(food) Hiss
1a1de9b9.wav,Church_bell Harmonica Glockenspiel
1a1def6e.wav,Applause Hiss Stream
1a1edda6.wav,Chirp_and_tweet Screaming Female_singing
1a2580e1.wav,Accelerating_and_revving_and_vroom Car_passing_by Gong
1a35ded5.wav,Hiss Frying_(food) Crackle
1a362723.wav,Bicycle_bell Screaming Squeak
1a44ace1.wav,Accelerating_and_revving_and_vroom Gong Car_passing_by
1a51eefe.wav,Chewing_and_mastication Walk_and_footsteps Computer_keyboard
1a5c4e84.wav,Drawer_open_or_close Purr Frying_(food)
1a606ef2.wav,Accelerating_and_revving_and_vroom Keys_jangling Motorcycle
1a6925fa.wav,Chirp_and_tweet Chewing_and_mastication Cricket
1a884f9e.wav,Keys_jangling Shatter Computer_keyboard
1abdac69.wav,Trickle_and_dribble Chewing_and_mastication Drip
1ac6f6f3.wav,Church_bell Chirp_and_tweet Bicycle_bell
1acae695.wav,Microwave_oven Bus Mechanical_fan
1acb3d32.wav,Tick-tock Female_singing Sneeze
1ad7f703.wav,Drip Toilet_flush Frying_(food)
1ae3ca16.wav,Purr Writing Zipper_(clothing)
1aec75a6.wav,Walk_and_footsteps Motorcycle Trickle_and_dribble
1b0687b2.wav,Squeak Bark Fart
1b086eb7.wav,Chewing_and_mastication Gurgling Purr
1b0a3884.wav,Bark Hiss Applause
1b1d1b2d.wav,Tick-tock Finger_snapping Purr
1b3ecd82.wav,Race_car_and_auto_racing Accelerating_and_revving_and_vroom Car_passing_by
1b5b6468.wav,Drawer_open_or_close Squeak Tick-tock
1b5daf72.wav,Drawer_open_or_close Burping_and_eructation Purr
1b68d94a.wav,Keys_jangling Computer_keyboard Motorcycle
1ba04ecc.wav,Finger_snapping Squeak Whispering
1bc14732.wav,Sigh Tick-tock Squeak
1bcfdfb5.wav,Hi-hat Acoustic_guitar Bass_guitar
1bd82417.wav,Harmonica Glockenspiel Gong
1be1c727.wav,Keys_jangling Computer_keyboard Frying_(food)
1bfd4be2.wav,Applause Drawer_open_or_close Sigh
1c0e284a.wav,Trickle_and_dribble Mechanical_fan Stream
1c0fbe4b.wav,Hi-hat Harmonica Applause
1c1dd720.wav,Applause Clapping Drawer_open_or_close
1c3bd325.wav,Trickle_and_dribble Fill_(with_liquid) Toilet_flush
1c699cb7.wav,Bus Microwave_oven Accelerating_and_revving_and_vroom
1c6d56db.wav,Hiss Buzz Raindrop
1c77cedf.wav,Walk_and_footsteps Computer_keyboard Whispering
1c785226.wav,Whispering Chewing_and_mastication Bark
1c79ca96.wav,Knock Whispering Sneeze
1c8369cf.wav,Walk_and_footsteps Computer_keyboard Chewing_and_mastication
1c983e19.wav,Trickle_and_dribble Frying_(food) Mechanical_fan
1c9e3f10.wav,Accelerating_and_revving_and_vroom Hi-hat Race_car_and_auto_racing
1cc5b5f7.wav,Walk_and_footsteps Chewing_and_mastication Computer_keyboard
1cd55ad6.wav,Race_car_and_auto_racing Car_passing_by Accelerating_and_revving_and_vroom
1cf8379b.wav,Chirp_and_tweet Hiss Cricket
1d11b910.wav,Squeak Purr Whispering
1d1778c4.wav,Accelerating_and_revving_and_vroom Bass_guitar Gong
1d1863a4.wav,Car_passing_by Microwave_oven Accelerating_and_revving_and_vroom
1d2459ce.wav,Female_speech_and_woman_speaking Clapping Bathtub_(filling_or_washing)
1d279116.wav,Trickle_and_dribble Whispering Buzz
1d33f8e1.wav,Sneeze Chirp_and_tweet Gasp
1d4ae8ab.wav,Purr Hi-hat Sigh
1d58040b.wav,Squeak Computer_keyboard Whispering
1d6f2b16.wav,Sigh Sneeze Child_speech_and_kid_speaking
1d7d2a17.wav,Microwave_oven Motorcycle Mechanical_fan
1db41feb.wav,Cheering Applause Female_singing
1dbcd4ba.wav,Trickle_and_dribble Drip Computer_keyboard
1dc3166b.wav,Drawer_open_or_close Applause Accelerating_and_revving_and_vroom
1dc417cd.wav,Computer_keyboard Writing Zipper_(clothing)
1dcc4dd4.wav,Bus Gong Accelerating_and_revving_and_vroom
1de84153.wav,Microwave_oven Motorcycle Bus
1ded5864.wav,Whispering Computer_keyboard Chewing_and_mastication
1def6435.wav,Computer_keyboard Squeak Zipper_(clothing)
1dfa910d.wav,Meow Church_bell Gong
1e0b81a9.wav,Acoustic_guitar Accordion Electric_guitar
1e1a72d5.wav,Crackle Purr Knock
1e1e674a.wav,Frying_(food) Trickle_and_dribble Drip
1e3763ba.wav,Hi-hat Harmonica Gong
1e3cd2f0.wav,Whispering Gasp Child_speech_and_kid_speaking
1e6572de.wav,Harmonica Glockenspiel Hi-hat
1e6e9131.wav,Purr Finger_snapping Burping_and_eructation
1e6fe316.wav,Trickle_and_dribble Chewing_and_mastication Walk_and_footsteps
1e7b59a7.wav,Whispering Sneeze Squeak
1e8a965c.wav,Raindrop Mechanical_fan Microwave_oven
1e8fe3d2.wav,Female_singing Sneeze Whispering
1ea533ec.wav,Gong Bass_guitar Acoustic_guitar
1eac92a1.wav,Hi-hat Harmonica Gong
1ec2f60d.wav,Sneeze Purr Tick-tock
1eda3d26.wav,Crowd Accordion Screaming
1f27827e.wav,Harmonica Glockenspiel Buzz
1f293888.wav,Accelerating_and_revving_and_vroom Motorcycle Race_car_and_auto_racing
1f3d2f22.wav,Applause Stream Clapping
1f52baf2.wav,Purr Finger_snapping Gasp
1f58cc84.wav,Applause Male_speech_and_man_speaking Sigh
1f63c45e.wav,Bark Whispering Burping_and_eructation
1f85a5c7.wav,Bark Applause Drawer_open_or_close
1f9c1f3e.wav,Gong Glockenspiel Harmonica
1fc0282a.wav,Purr Whispering Squeak
1fc8f9a5.wav,Bicycle_bell Keys_jangling Buzz
1fd74cc3.wav,Gong Buzz Microwave_oven
1fde2c61.wav,Gurgling Microwave_oven Gong
1fe639ee.wav,Computer_keyboard Chewing_and_mastication Drip
1fec2121.wav,Purr Writing Fart
1ff215f3.wav,Frying_(food) Bathtub_(filling_or_washing) Drawer_open_or_close
200b6920.wav,Microwave_oven Writing Bus
2012b2f4.wav,Whispering Purr Fart
201c18ee.wav,Bark Microwave_oven Drawer_open_or_close
20612e10.wav,Crowd Cheering Applause
2069253a.wav,Screaming Shatter Bicycle_bell
206c0a24.wav,Purr Squeak Tick-tock
20801c98.wav,Toilet_flush Race_car_and_auto_racing Hiss
2087f937.wav,Toilet_flush Keys_jangling Frying_(food)
20898b89.wav,Stream Toilet_flush Hiss
20b16812.wav,Bicycle_bell Keys_jangling Meow
20c3541c.wav,Writing Computer_keyboard Purr
20d2ad1c.wav,Gasp Knock Bicycle_bell
20dc6392.wav,Keys_jangling Drip Gurgling
20e285c7.wav,Applause Run Skateboard
21102a3a.wav,Squeak Bathtub_(filling_or_washing) Computer_keyboard
2113043a.wav,Female_singing Buzz Tick-tock
2142adda.wav,Sink_(filling_or_washing) Cricket Chirp_and_tweet
21447ea7.wav,Harmonica Female_singing Hi-hat
21455882.wav,Tick-tock Purr Gasp
2157612c.wav,Applause Cheering Crowd
2159eea8.wav,Squeak Bathtub_(filling_or_washing) Race_car_and_auto_racing
2175b26d.wav,Bass_guitar Acoustic_guitar Gong
217b109a.wav,Microwave_oven Frying_(food) Trickle_and_dribble
2189acc6.wav,Harmonica Female_singing Child_speech_and_kid_speaking
218b15dc.wav,Sneeze Fart Bark
218c8907.wav,Crowd Applause Cheering
21b0c9cb.wav,Chewing_and_mastication Walk_and_footsteps Trickle_and_dribble
21b24d69.wav,Hi-hat Accelerating_and_revving_and_vroom Race_car_and_auto_racing
21b601cd.wav,Gong Motorcycle Hi-hat
21d2eb4c.wav,Purr Writing Computer_keyboard
21d49986.wav,Meow Purr Car_passing_by
21e8d6a9.wav,Whispering Chewing_and_mastication Purr
21eb5d58.wav,Stream Raindrop Trickle_and_dribble
21eca32f.wav,Tick-tock Purr Squeak
21fa3245.wav,Finger_snapping Sneeze Whispering
2210c997.wav,Bark Frying_(food) Drawer_open_or_close
2216c947.wav,Female_speech_and_woman_speaking Male_speech_and_man_speaking Microwave_oven
223032ba.wav,Chirp_and_tweet Whispering Cricket
2236c850.wav,Trickle_and_dribble Mechanical_fan Keys_jangling
223a5173.wav,Tick-tock Squeak Gasp
22522048.wav,Microwave_oven Gong Bus
2263763d.wav,Toilet_flush Fill_(with_liquid) Gurgling
228a538c.wav,Computer_keyboard Chewing_and_mastication Purr
22a7e375.wav,Stream Crackle Applause
22b07889.wav,Computer_keyboard Whispering Fart
22b6b9aa.wav,Tick-tock Purr Squeak
22c5ea2f.wav,Trickle_and_dribble Stream Raindrop
22c78043.wav,Female_singing Sneeze Buzz
22c98028.wav,Keys_jangling Trickle_and_dribble Frying_(food)
22c9b301.wav,Keys_jangling Mechanical_fan Meow
22cd860e.wav,Chewing_and_mastication Computer_keyboard Gurgling
22f22fc9.wav,Bass_guitar Computer_keyboard Gong
22f2d98a.wav,Squeak Sigh Chewing_and_mastication
2303e210.wav,Chewing_and_mastication Squeak Sneeze
23244f49.wav,Computer_keyboard Bark Chewing_and_mastication
2327b6de.wav,Hi-hat Accelerating_and_revving_and_vroom Motorcycle
2343daa5.wav,Toilet_flush Printer Keys_jangling
235213ce.wav,Gasp Sigh Squeak
235f959c.wav,Fart Squeak Child_speech_and_kid_speaking
236e7ce1.wav,Raindrop Hiss Frying_(food)
23726888.wav,Tick-tock Buzz Toilet_flush
23756062.wav,Microwave_oven Bus Keys_jangling
238b11f0.wav,Chewing_and_mastication Bark Computer_keyboard
23a07927.wav,Purr Tick-tock Sneeze
23a2669b.wav,Toilet_flush Printer Hiss
23c4613e.wav,Computer_keyboard Walk_and_footsteps Chewing_and_mastication
23c714b5.wav,Motorcycle Accelerating_and_revving_and_vroom Hi-hat
23d35eea.wav,Whispering Squeak Sneeze
23fabbb4.wav,Applause Slam Clapping
23fe505d.wav,Purr Cricket Chewing_and_mastication
2406d1de.wav,Bus Microwave_oven Keys_jangling
240e9caa.wav,Female_singing Harmonica Tick-tock
24456657.wav,Applause Slam Male_speech_and_man_speaking
244a60cd.wav,Hi-hat Tick-tock Race_car_and_auto_racing
2451cad9.wav,Harmonica Glockenspiel Hi-hat
2451d17b.wav,Harmonica Accordion Female_singing
245c01e6.wav,Female_speech_and_woman_speaking Clapping Printer
2462f236.wav,Female_singing Harmonica Buzz
24ae5bef.wav,Acoustic_guitar Female_singing Male_singing
24ce9114.wav,Gasp Sigh Keys_jangling
24dda4ed.wav,Chirp_and_tweet Hiss Cricket
24ecb25d.wav,Chirp_and_tweet Cricket Squeak
24f04ba5.wav,Drawer_open_or_close Skateboard Crackle
2548960b.wav,Applause Acoustic_guitar Microwave_oven
256d567f.wav,Whispering Squeak Chewing_and_mastication
2583a54d.wav,Whispering Knock Bark
2599ff86.wav,Applause Slam Bark
259e3fa7.wav,Computer_keyboard Chewing_and_mastication Keys_jangling
25a8ef58.wav,Motorcycle Car_passing_by Accelerating_and_revving_and_vroom
25a991a1.wav,Whispering Knock Finger_snapping
25beac1d.wav,Hi-hat Sigh Squeak
25c32640.wav,Toilet_flush Printer Microwave_oven
25c8686f.wav,Bass_guitar Computer_keyboard Keys_jangling
25d481d6.wav,Race_car_and_auto_racing Hi-hat Accelerating_and_revving_and_vroom
25e059d3.wav,Microwave_oven Applause Mechanical_fan
25e23528.wav,Bicycle_bell Harmonica Squeak
25e75fa8.wav,Trickle_and_dribble Frying_(food) Drip
261cdf15.wav,Printer Applause Church_bell
262131af.wav,Gong Bass_guitar Accelerating_and_revving_and_vroom
2624e8ff.wav,Hi-hat Gong Bass_guitar
26263cf0.wav,Hi-hat Tick-tock Bicycle_bell
262a7108.wav,Chirp_and_tweet Drip Computer_keyboard
262d4cca.wav,Harmonica Accordion Church_bell
2655ac2c.wav,Harmonica Accordion Buzz
26a25f5d.wav,Hi-hat Sigh Tick-tock
26a4977c.wav,Gong Microwave_oven Motorcycle
26a6c2f3.wav,Tick-tock Whispering Scissors
26abfa32.wav,Cricket Drip Trickle_and_dribble
26c001b7.wav,Trickle_and_dribble Frying_(food) Crackle
26c01e3f.wav,Sigh Female_singing Sneeze
26f921e3.wav,Chirp_and_tweet Sneeze Tick-tock
2707f8b0.wav,Whispering Gasp Female_singing
27080c56.wav,Gong Skateboard Bass_guitar
271ade69.wav,Gong Microwave_oven Accelerating_and_revving_and_vroom
272d95c7.wav,Applause Slam Stream
2733bb3f.wav,Female_singing Buzz Gasp
27446bcd.wav,Hi-hat Race_car_and_auto_racing Church_bell
2756ca54.wav,Tick-tock Purr Drawer_open_or_close
2758a116.wav,Female_singing Child_speech_and_kid_speaking Bathtub_(filling_or_washing)
275e1bb6.wav,Chirp_and_tweet Sigh Cricket
278a19ee.wav,Female_singing Applause Finger_snapping
27903ab8.wav,Toilet_flush Fill_(with_liquid) Male_speech_and_man_speaking
27924331.wav,Purr Fart Bark
279d4550.wav,Writing Purr Keys_jangling
27a4f4a8.wav,Printer Toilet_flush Harmonica
27a8cf7f.wav,Computer_keyboard Purr Burping_and_eructation
27b8db15.wav,Purr Chewing_and_mastication Drawer_open_or_close
27c8eacc.wav,Hi-hat Keys_jangling Frying_(food)
27ce0e90.wav,Chewing_and_mastication Computer_keyboard Walk_and_footsteps
27d07e83.wav,Cricket Chirp_and_tweet Printer
27d43eba.wav,Applause Race_car_and_auto_racing Hiss
27df10d1.wav,Chirp_and_tweet Buzz Cricket
27e085c0.wav,Finger_snapping Squeak Tick-tock
280c07e4.wav,Microwave_oven Gurgling Chewing_and_mastication
2810d717.wav,Chewing_and_mastication Purr Walk_and_footsteps
28142c7d.wav,Hi-hat Race_car_and_auto_racing Bus
28199c01.wav,Hi-hat Race_car_and_auto_racing Zipper_(clothing)
2833e567.wav,Toilet_flush Motorcycle Trickle_and_dribble
28383990.wav,Chirp_and_tweet Finger_snapping Tick-tock
283bc0ea.wav,Chewing_and_mastication Computer_keyboard Drip
2842be8c.wav,Frying_(food) Trickle_and_dribble Computer_keyboard
28849a80.wav,Hi-hat Squeak Frying_(food)
288a89c1.wav,Microwave_oven Traffic_noise_and_roadway_noise Race_car_and_auto_racing
2894416d.wav,Computer_keyboard Gong Bass_guitar
289fb0b8.wav,Run Toilet_flush Skateboard
28a2ff49.wav,Purr Whispering Computer_keyboard
28a9213d.wav,Keys_jangling Crackle Computer_keyboard
28d22d2e.wav,Harmonica Hi-hat Church_bell
28d2f36f.wav,Hi-hat Squeak Harmonica
28e13187.wav,Keys_jangling Gurgling Skateboard
28e32693.wav,Bus Car_passing_by Keys_jangling
28f49053.wav,Trickle_and_dribble Computer_keyboard Frying_(food)
28ff0651.wav,Female_singing Harmonica Accordion
290e30df.wav,Sigh Purr Gasp
292ef00f.wav,Tick-tock Whispering Sneeze
2934735d.wav,Whispering Sneeze Bark
2934d413.wav,Whispering Computer_keyboard Zipper_(clothing)
29365227.wav,Computer_keyboard Writing Gong
295268ea.wav,Microwave_oven Toilet_flush Mechanical_fan
29699f09.wav,Keys_jangling Walk_and_footsteps Hi-hat
297219cc.wav,Fart Gasp Squeak
2980d500.wav,Gong Keys_jangling Microwave_oven
29826356.wav,Squeak Bathtub_(filling_or_washing) Chirp_and_tweet
29b0574f.wav,Purr Chewing_and_mastication Whispering
29d72dfb.wav,Mechanical_fan Microwave_oven Raindrop
29dd29fb.wav,Writing Whispering Drawer_open_or_close
29e4880e.wav,Chewing_and_mastication Computer_keyboard Gurgling
2a0893c6.wav,Gong Accelerating_and_revving_and_vroom Microwave_oven
2a0a3828.wav,Sigh Computer_keyboard Gasp
2a484593.wav,Whispering Tick-tock Sneeze
2a557637.wav,Chewing_and_mastication Computer_keyboard Bark
2a79d0a8.wav,Gong Meow Microwave_oven
2a9c7202.wav,Frying_(food) Crackle Hiss
2aa1e0b8.wav,Whispering Squeak Sneeze
2ac8607d.wav,Bicycle_bell Screaming Harmonica
2ad174b4.wav,Crackle Computer_keyboard Frying_(food)
2ae04dd7.wav,Microwave_oven Mechanical_fan Motorcycle
2aedff46.wav,Chewing_and_mastication Squeak Keys_jangling
2af10e99.wav,Whispering Finger_snapping Sneeze
2af77e7f.wav,Gong Microwave_oven Keys_jangling
2b160bb2.wav,Sigh Computer_keyboard Whispering
2b2613d8.wav,Trickle_and_dribble Drip Computer_keyboard
2b6ee441.wav,Chewing_and_mastication Squeak Computer_keyboard
2b95327b.wav,Microwave_oven Traffic_noise_and_roadway_noise Race_car_and_auto_racing
2b9ca464.wav,Bark Knock Meow
2bab5b09.wav,Chewing_and_mastication Bark Gurgling
2bb1503c.wav,Gasp Applause Accelerating_and_revving_and_vroom
2bbf558e.wav,Purr Whispering Finger_snapping
2be779a7.wav,Computer_keyboard Bass_guitar Gong
2c010e00.wav,Meow Microwave_oven Bicycle_bell
2c2a3c77.wav,Tick-tock Purr Whispering
2c2d400b.wav,Drip Computer_keyboard Gurgling
2c39bb30.wav,Microwave_oven Race_car_and_auto_racing Gong
2c3a44f2.wav,Screaming Chewing_and_mastication Bark
2c7a5078.wav,Printer Marimba_and_xylophone Toilet_flush
2c809d4f.wav,Chewing_and_mastication Computer_keyboard Sigh
2c8b8812.wav,Chewing_and_mastication Computer_keyboard Zipper_(clothing)
2c924848.wav,Accelerating_and_revving_and_vroom Gong Strum
2cc7f972.wav,Gong Keys_jangling Motorcycle
2cd526f7.wav,Squeak Meow Purr
2cdfa8c1.wav,Trickle_and_dribble Toilet_flush Drip
2cf4955c.wav,Stream Raindrop Mechanical_fan
2cfdaecd.wav,Trickle_and_dribble Hiss Drip
2d0863b7.wav,Keys_jangling Drip Gong
2d09c7ca.wav,Whispering Sneeze Meow
2d15ca77.wav,Bark Finger_snapping Burping_and_eructation
2d209c25.wav,Gong Bass_guitar Keys_jangling
2d21dbf4.wav,Accelerating_and_revving_and_vroom Car_passing_by Gong
2d455ed9.wav,Sigh Whispering Bark
2d4961a8.wav,Whispering Purr Knock
2d4a0250.wav,Bark Squeak Gasp
2d56c2ae.wav,Tick-tock Drip Whispering
2d5dcc5d.wav,Drawer_open_or_close Tick-tock Bark
2d666c1d.wav,Harmonica Bicycle_bell Church_bell
2d6d99d4.wav,Finger_snapping Applause Gasp
2d7218f8.wav,Squeak Tick-tock Purr
2d7ae271.wav,Female_singing Gong Applause
2d8135cc.wav,Printer Toilet_flush Microwave_oven
2d88fa59.wav,Hi-hat Sigh Whispering
2da4c729.wav,Motorcycle Microwave_oven Mechanical_fan
2db579cb.wav,Whispering Knock Bark
2db63f0d.wav,Drawer_open_or_close Tick-tock Whispering
2dd2a6bf.wav,Stream Printer Trickle_and_dribble
2df0cf1f.wav,Burping_and_eructation Bark Gurgling
2df1f901.wav,Bathtub_(filling_or_washing) Tick-tock Drawer_open_or_close
2dfd32a3.wav,Hiss Frying_(food) Female_singing
2e61e614.wav,Whispering Purr Sigh
2e820b05.wav,Sneeze Meow Squeak
2e8b4709.wav,Printer Strum Gong
2e9ced66.wav,Burping_and_eructation Drawer_open_or_close Purr
2ea33689.wav,Harmonica Accordion Female_singing
2eade3e1.wav,Buzz Harmonica Chirp_and_tweet
2eb3002c.wav,Harmonica Glockenspiel Bicycle_bell
2eb51f57.wav,Bass_guitar Female_singing Harmonica
2ed9ce69.wav,Accordion Harmonica Female_singing
2edb4142.wav,Chewing_and_mastication Drip Gurgling
2ee3ef28.wav,Purr Sneeze Burping_and_eructation
2ee9f139.wav,Sigh Purr Finger_snapping
2eeb7f35.wav,Bicycle_bell Hi-hat Raindrop
2eec6eda.wav,Bicycle_bell Buzz Meow
2f00863c.wav,Microwave_oven Bus Traffic_noise_and_roadway_noise
2f14d3b3.wav,Harmonica Hi-hat Glockenspiel
2f2ab304.wav,Accordion Harmonica Applause
2f41afe1.wav,Bass_guitar Gong Acoustic_guitar
2f529eb8.wav,Hiss Frying_(food) Toilet_flush
2f5cbf20.wav,Hi-hat Race_car_and_auto_racing Church_bell
2f6331aa.wav,Burping_and_eructation Squeak Screaming
2f643c50.wav,Sigh Squeak Whispering
2f785877.wav,Car_passing_by Motorcycle Gong
2f84c8e9.wav,Writing Squeak Computer_keyboard
2f8dd247.wav,Microwave_oven Mechanical_fan Skateboard
2f94fca3.wav,Fart Hi-hat Squeak
2fa1cc09.wav,Whispering Fart Knock
2fc6ede8.wav,Computer_keyboard Squeak Whispering
2fe3ae63.wav,Hi-hat Sigh Gong
2ffd2145.wav,Knock Screaming Accelerating_and_revving_and_vroom
3011c55b.wav,Female_singing Accordion Harmonica
3012731a.wav,Whispering Drawer_open_or_close Tick-tock
302f4eb8.wav,Gong Gurgling Drip
303d4668.wav,Computer_keyboard Chewing_and_mastication Squeak
304d8a8e.wav,Hiss Sink_(filling_or_washing) Buzz
304f25f4.wav,Frying_(food) Toilet_flush Microwave_oven
3052fe86.wav,Gong Microwave_oven Computer_keyboard
3061e8d1.wav,Harmonica Screaming Bicycle_bell
309169fa.wav,Sneeze Whispering Tick-tock
30960f70.wav,Microwave_oven Mechanical_fan Bus
309eea85.wav,Harmonica Female_singing Child_speech_and_kid_speaking
30ac78a6.wav,Whispering Finger_snapping Knock
30d1840b.wav,Chirp_and_tweet Cricket Scissors
30dc07a7.wav,Car_passing_by Gong Accelerating_and_revving_and_vroom
30e1162a.wav,Screaming Female_singing Knock
30e40cc3.wav,Burping_and_eructation Toilet_flush Female_speech_and_woman_speaking
30f7577e.wav,Microwave_oven Mechanical_fan Motorcycle
30f8ba51.wav,Motorcycle Accelerating_and_revving_and_vroom Gong
3102ff8d.wav,Walk_and_footsteps Trickle_and_dribble Crackle
311fcc0d.wav,Chirp_and_tweet Squeak Sigh
3129e5b4.wav,Accelerating_and_revving_and_vroom Hi-hat Motorcycle
312c730c.wav,Sink_(filling_or_washing) Frying_(food) Toilet_flush
312e1179.wav,Frying_(food) Finger_snapping Toilet_flush
312e698e.wav,Cricket Chirp_and_tweet Shatter
31312cda.wav,Gong Acoustic_guitar Bass_guitar
3134c1f5.wav,Squeak Whispering Chewing_and_mastication
31452d93.wav,Microwave_oven Bus Mechanical_fan
314a8107.wav,Chirp_and_tweet Sigh Whispering
3174521f.wav,Burping_and_eructation Computer_keyboard Bark
3177529f.wav,Whispering Computer_keyboard Purr
317e5fda.wav,Whispering Bark Sneeze
3190ca46.wav,Frying_(food) Hiss Chirp_and_tweet
31ab1bc4.wav,Drawer_open_or_close Purr Tick-tock
31b883cb.wav,Church_bell Microwave_oven Car_passing_by
31bf8f6c.wav,Male_speech_and_man_speaking Female_speech_and_woman_speaking Burping_and_eructation
31c60809.wav,Tick-tock Finger_snapping Whispering
31c7a683.wav,Bicycle_bell Bark Cupboard_open_or_close
31cfaf7c.wav,Sneeze Whispering Squeak
31ea3391.wav,Microwave_oven Race_car_and_auto_racing Bus
31f4d839.wav,Writing Chewing_and_mastication Meow
31fe4058.wav,Gong Accelerating_and_revving_and_vroom Car_passing_by
31ff4a9f.wav,Fart Tick-tock Buzz
320adc8a.wav,Hiss Chirp_and_tweet Hi-hat
320b9457.wav,Toilet_flush Frying_(food) Printer
320cb73f.wav,Slam Applause Stream
321c61dd.wav,Zipper_(clothing) Computer_keyboard Gasp
321d7624.wav,Gong Hi-hat Bass_guitar
322c634e.wav,Church_bell Female_singing Applause
3246e22c.wav,Drawer_open_or_close Printer Burping_and_eructation
32663622.wav,Computer_keyboard Keys_jangling Zipper_(clothing)
3273193a.wav,Tick-tock Meow Purr
327ff97c.wav,Drip Tick-tock Toilet_flush
3288c908.wav,Motorcycle Microwave_oven Keys_jangling
329d5f81.wav,Buzz Keys_jangling Gong
32aaacf1.wav,Drip Sink_(filling_or_washing) Buzz
32ad561a.wav,Slam Run Crowd
32b66826.wav,Applause Bark Drawer_open_or_close
32bf8f9d.wav,Whispering Computer_keyboard Writing
32cce167.wav,Hi-hat Squeak Finger_snapping
32d21079.wav,Bicycle_bell Slam Meow
32e0e55a.wav,Gong Accelerating_and_revving_and_vroom Car_passing_by
32f26b94.wav,Computer_keyboard Microwave_oven Keys_jangling
330b1461.wav,Microwave_oven Drawer_open_or_close Writing
3313662e.wav,Tick-tock Purr Drawer_open_or_close
33139052.wav,Bathtub_(filling_or_washing) Frying_(food) Sigh
33170581.wav,Chirp_and_tweet Keys_jangling Sigh
332246f6.wav,Chirp_and_tweet Gasp Trickle_and_dribble
33355c50.wav,Gong Bass_guitar Microwave_oven
3347121c.wav,Computer_keyboard Whispering Writing
3353d705.wav,Accelerating_and_revving_and_vroom Motorcycle Gong
335d2ea3.wav,Crowd Cheering Yell
336a88c3.wav,Bicycle_bell Tick-tock Meow
338669d9.wav,Squeak Tick-tock Gasp
33a61f8d.wav,Car_passing_by Motorcycle Accelerating_and_revving_and_vroom
33bc9deb.wav,Sigh Squeak Scissors
33c82ad4.wav,Hi-hat Applause Harmonica
33ef8393.wav,Gong Keys_jangling Bass_guitar
33fbfca7.wav,Cricket Trickle_and_dribble Raindrop
34035cf8.wav,Computer_keyboard Writing Keys_jangling
340d5db4.wav,Microwave_oven Keys_jangling Motorcycle
340da762.wav,Motorcycle Keys_jangling Writing
34120253.wav,Harmonica Church_bell Hi-hat
341efc4b.wav,Applause Drawer_open_or_close Clapping
342cc3ae.wav,Clapping Female_singing Child_speech_and_kid_speaking
34486c7f.wav,Bass_guitar Keys_jangling Gong
34510c7a.wav,Drawer_open_or_close Sneeze Purr
34512413.wav,Toilet_flush Drip Chirp_and_tweet
346fc59c.wav,Chewing_and_mastication Computer_keyboard Walk_and_footsteps
3474d7cd.wav,Chewing_and_mastication Computer_keyboard Scissors
348aaf17.wav,Chirp_and_tweet Whispering Tick-tock
349e5ea7.wav,Gasp Knock Finger_snapping
34aac2b5.wav,Harmonica Female_singing Glockenspiel
34c53320.wav,Whispering Fart Church_bell
34cca3b3.wav,Church_bell Accordion Applause
34d0b2ca.wav,Female_singing Sigh Child_speech_and_kid_speaking
34d4cfda.wav,Traffic_noise_and_roadway_noise Car_passing_by Race_car_and_auto_racing
34dc323b.wav,Gong Gurgling Gasp
34e6a0de.wav,Fart Chirp_and_tweet Tick-tock
34f2c99d.wav,Tick-tock Drawer_open_or_close Fart
34fbb318.wav,Chewing_and_mastication Computer_keyboard Walk_and_footsteps
3500ed9d.wav,Hi-hat Drawer_open_or_close Church_bell
350942d1.wav,Purr Gasp Keys_jangling
351a8abe.wav,Keys_jangling Computer_keyboard Writing
352ce267.wav,Hi-hat Race_car_and_auto_racing Drawer_open_or_close
3544797d.wav,Keys_jangling Chewing_and_mastication Computer_keyboard
354d467a.wav,Gurgling Chewing_and_mastication Computer_keyboard
355ddeda.wav,Fill_(with_liquid) Stream Hiss
356adc0d.wav,Gasp Purr Accelerating_and_revving_and_vroom
356b99de.wav,Squeak Bark Fart
35930583.wav,Female_singing Screaming Finger_snapping
359a6e84.wav,Burping_and_eructation Shatter Screaming
35a7edad.wav,Accelerating_and_revving_and_vroom Race_car_and_auto_racing Car_passing_by
35a8a688.wav,Computer_keyboard Purr Whispering
35d5aca3.wav,Computer_keyboard Gasp Writing
35dbfd81.wav,Accordion Applause Church_bell
36027dca.wav,Motorcycle Hi-hat Accelerating_and_revving_and_vroom
361237d6.wav,Frying_(food) Trickle_and_dribble Acoustic_guitar
361c9c0e.wav,Glockenspiel Harmonica Bicycle_bell
3623b13a.wav,Female_singing Female_speech_and_woman_speaking Male_singing
3626ac5a.wav,Frying_(food) Crackle Raindrop
362f92f4.wav,Child_speech_and_kid_speaking Gasp Whispering
366d25a7.wav,Hiss Harmonica Hi-hat
366d6820.wav,Trickle_and_dribble Crackle Chewing_and_mastication
367ef5a8.wav,Microwave_oven Bus Gong
36896b31.wav,Computer_keyboard Toilet_flush Gurgling
368e3f09.wav,Sigh Computer_keyboard Squeak
36b92bec.wav,Squeak Bathtub_(filling_or_washing) Bark
36beb3fd.wav,Harmonica Clapping Sigh
36c459de.wav,Crowd Female_singing Hiss
36dfae4f.wav,Fart Computer_keyboard Sneeze
36fe695f.wav,Computer_keyboard Whispering Frying_(food)
37053a90.wav,Harmonica Squeak Female_singing
370eaa84.wav,Applause Race_car_and_auto_racing Tap
37155f3a.wav,Skateboard Applause Race_car_and_auto_racing
37790f99.wav,Frying_(food) Trickle_and_dribble Crackle
378216b2.wav,Microwave_oven Mechanical_fan Traffic_noise_and_roadway_noise
37856035.wav,Applause Bark Clapping
3792237d.wav,Whispering Drawer_open_or_close Computer_keyboard
37941050.wav,Motorcycle Keys_jangling Crackle
379ae4e1.wav,Toilet_flush Sink_(filling_or_washing) Hiss
379b7e21.wav,Stream Finger_snapping Applause
379c063d.wav,Purr Tick-tock Bark
37a1946c.wav,Purr Microwave_oven Bark
37a7927f.wav,Gong Bass_guitar Hi-hat
37c95c1c.wav,Knock Squeak Gasp
37ccc1ea.wav,Frying_(food) Hiss Raindrop
37d609aa.wav,Chewing_and_mastication Bark Computer_keyboard
37dc178a.wav,Raindrop Stream Hiss
37f5f0d8.wav,Mechanical_fan Stream Waves_and_surf
382587b8.wav,Bark Whispering Sneeze
382cd8c5.wav,Skateboard Drawer_open_or_close Zipper_(clothing)
38368c9b.wav,Tick-tock Chewing_and_mastication Bark
384b0ff2.wav,Gong Hiss Glockenspiel
38544190.wav,Keys_jangling Gurgling Computer_keyboard
38558ab1.wav,Tick-tock Sneeze Applause
3858d281.wav,Hi-hat Bass_guitar Race_car_and_auto_racing
385e8b0f.wav,Chewing_and_mastication Computer_keyboard Writing
38636d71.wav,Screaming Squeak Finger_snapping
38669440.wav,Purr Tick-tock Burping_and_eructation
387014ab.wav,Frying_(food) Toilet_flush Drip
3876c193.wav,Squeak Burping_and_eructation Purr
388f70a5.wav,Skateboard Mechanical_fan Waves_and_surf
38b9ff18.wav,Waves_and_surf Mechanical_fan Keys_jangling
38d29a00.wav,Gurgling Chewing_and_mastication Keys_jangling
38d378d8.wav,Microwave_oven Mechanical_fan Race_car_and_auto_racing
38d50e59.wav,Squeak Cricket Sneeze
38d5d026.wav,Purr Whispering Walk_and_footsteps
38e43355.wav,Female_singing Child_speech_and_kid_speaking Screaming
38ea5df2.wav,Hi-hat Frying_(food) Bathtub_(filling_or_washing)
38f6aa5e.wav,Screaming Bark Cheering
38fea590.wav,Tap Run Toilet_flush
390789a8.wav,Skateboard Trickle_and_dribble Crackle
390995ef.wav,Tick-tock Sneeze Purr
39189c31.wav,Toilet_flush Printer Microwave_oven
391fbd47.wav,Squeak Bark Sigh
392e88d7.wav,Crackle Cricket Raindrop
3939b821.wav,Bark Squeak Computer_keyboard
39467410.wav,Tick-tock Female_singing Harmonica
394b8ce2.wav,Chewing_and_mastication Computer_keyboard Drip
395de76a.wav,Sneeze Whispering Squeak
395df625.wav,Purr Gasp Tick-tock
396d793f.wav,Chewing_and_mastication Computer_keyboard Drip
39723c0e.wav,Harmonica Accordion Female_singing
39768e2a.wav,Chirp_and_tweet Bicycle_bell Male_speech_and_man_speaking
3987fc79.wav,Car_passing_by Motorcycle Accelerating_and_revving_and_vroom
398b6fa6.wav,Burping_and_eructation Sneeze Bark
399732ec.wav,Hiss Buzz Hi-hat
39a8ac5c.wav,Computer_keyboard Writing Keys_jangling
39b6cc75.wav,Hi-hat Glockenspiel Buzz
39bbcabd.wav,Crackle Frying_(food) Trickle_and_dribble
39c1f2fd.wav,Hi-hat Acoustic_guitar Keys_jangling
39d1b554.wav,Tick-tock Whispering Gasp
39e1b8cc.wav,Trickle_and_dribble Crackle Frying_(food)
39e2f767.wav,Squeak Hi-hat Burping_and_eructation
39e35f03.wav,Trickle_and_dribble Bathtub_(filling_or_washing) Frying_(food)
39eb6dd5.wav,Hi-hat Applause Gong
39f19344.wav,Microwave_oven Gurgling Computer_keyboard
3a2353bb.wav,Keys_jangling Chewing_and_mastication Microwave_oven
3a28e28a.wav,Motorcycle Mechanical_fan Microwave_oven
3a2a4822.wav,Gasp Purr Tick-tock
3a3e4b29.wav,Female_speech_and_woman_speaking Female_singing Male_singing
3a49d5ed.wav,Gurgling Chewing_and_mastication Drip
3a4cf709.wav,Bicycle_bell Screaming Slam
3a5e6dde.wav,Hiss Microwave_oven Frying_(food)
3a66e3df.wav,Trickle_and_dribble Computer_keyboard Drip
3a87c628.wav,Finger_snapping Whispering Squeak
3a885c38.wav,Mechanical_fan Microwave_oven Keys_jangling
3a8b9afe.wav,Harmonica Acoustic_guitar Marimba_and_xylophone
3aa5b432.wav,Stream Applause Crackle
3ac609e1.wav,Microwave_oven Mechanical_fan Keys_jangling
3acbee34.wav,Chirp_and_tweet Buzz Sneeze
3adfb8f0.wav,Stream Raindrop Trickle_and_dribble
3ae08e83.wav,Toilet_flush Trickle_and_dribble Stream
3ae0ea8b.wav,Writing Zipper_(clothing) Keys_jangling
3b0a3361.wav,Slam Applause Crowd
3b0b13f4.wav,Purr Whispering Sneeze
3b13f6a1.wav,Printer Toilet_flush Stream
3b23ed90.wav,Printer Tick-tock Burping_and_eructation
3b252939.wav,Purr Bark Sneeze
3b277890.wav,Bathtub_(filling_or_washing) Squeak Whispering
3b382171.wav,Gasp Fart Bark
3b3c2c67.wav,Chewing_and_mastication Walk_and_footsteps Computer_keyboard
3b75b456.wav,Stream Race_car_and_auto_racing Applause
3b7c7f94.wav,Chewing_and_mastication Walk_and_footsteps Trickle_and_dribble
3bb6024f.wav,Female_speech_and_woman_speaking Bathtub_(filling_or_washing) Applause
3bb7c24d.wav,Computer_keyboard Chewing_and_mastication Whispering
3bb9a722.wav,Gong Bass_guitar Bus
3bda5fb0.wav,Mechanical_fan Waves_and_surf Microwave_oven
3bfcab18.wav,Acoustic_guitar Bass_guitar Electric_guitar
3c0370c8.wav,Gong Microwave_oven Computer_keyboard
3c1b9399.wav,Church_bell Tap Female_speech_and_woman_speaking
3c20c95f.wav,Purr Walk_and_footsteps Writing
3c216393.wav,Chirp_and_tweet Buzz Cricket
3c244ade.wav,Trickle_and_dribble Drip Chewing_and_mastication
3c348e5c.wav,Frying_(food) Whispering Drawer_open_or_close
3c35237b.wav,Purr Keys_jangling Writing
3c40f472.wav,Harmonica Male_singing Female_singing
3c525c1f.wav,Frying_(food) Crackle Bathtub_(filling_or_washing)
3c590143.wav,Drawer_open_or_close Purr Burping_and_eructation
3c90b11b.wav,Computer_keyboard Sigh Buzz
3c95067e.wav,Drawer_open_or_close Frying_(food) Finger_snapping
3ca6b1a3.wav,Hi-hat Drip Squeak
3caf1f70.wav,Purr Whispering Walk_and_footsteps
3cc51361.wav,Burping_and_eructation Purr Fart
3cd30520.wav,Bark Chewing_and_mastication Burping_and_eructation
3ce0dcd0.wav,Cricket Buzz Drip
3ce9fd74.wav,Screaming Run Bathtub_(filling_or_washing)
3cfeb0cd.wav,Frying_(food) Toilet_flush Hiss
3d07c63a.wav,Tick-tock Hi-hat Drawer_open_or_close
3d0beb6f.wav,Sneeze Chirp_and_tweet Scissors
3d0dca90.wav,Fart Tick-tock Purr
3d1d3f2b.wav,Applause Cheering Race_car_and_auto_racing
3d27f415.wav,Hiss Buzz Sink_(filling_or_washing)
3d287b47.wav,Computer_keyboard Keys_jangling Gong
3d4e1dea.wav,Sigh Acoustic_guitar Harmonica
3d58d893.wav,Stream Trickle_and_dribble Crackle
3d5f899d.wav,Female_singing Microwave_oven Tick-tock
3d633399.wav,Trickle_and_dribble Shatter Keys_jangling
3d7309d7.wav,Cricket Frying_(food) Chirp_and_tweet
3d921767.wav,Gong Bass_guitar Marimba_and_xylophone
3d9a715d.wav,Trickle_and_dribble Frying_(food) Crackle
3db04d3f.wav,Bass_guitar Gong Acoustic_guitar
3db44f6c.wav,Harmonica Female_singing Screaming
3ddb4122.wav,Sigh Whispering Squeak
3dedbba9.wav,Purr Chirp_and_tweet Tick-tock
3df2fc0e.wav,Keys_jangling Gong Microwave_oven
3df5c540.wav,Whispering Sneeze Finger_snapping
3e230352.wav,Hiss Microwave_oven Motorcycle
3e3a6910.wav,Hi-hat Bass_guitar Accelerating_and_revving_and_vroom
3e4755ba.wav,Gong Accelerating_and_revving_and_vroom Hi-hat
3e52f857.wav,Chirp_and_tweet Whispering Sigh
3e5ce660.wav,Writing Purr Crackle
3e656c6e.wav,Purr Sneeze Whispering
3e65a00d.wav,Applause Raindrop Race_car_and_auto_racing
3e691b83.wav,Hi-hat Bass_guitar Gong
3e7889ed.wav,Sigh Hi-hat Sneeze
3e83500f.wav,Walk_and_footsteps Fart Whispering
3e9967cf.wav,Stream Keys_jangling Skateboard
3ebaff6d.wav,Accelerating_and_revving_and_vroom Car_passing_by Motorcycle
3ecc19c5.wav,Skateboard Gurgling Car_passing_by
3ed6c2b5.wav,Drip Sink_(filling_or_washing) Buzz
3efc0912.wav,Accordion Church_bell Harmonica
3f0f92ff.wav,Tick-tock Fart Bark
3f15fd07.wav,Gurgling Computer_keyboard Chewing_and_mastication
3f16d9f3.wav,Harmonica Electric_guitar Hi-hat
3f19e53c.wav,Motorcycle Race_car_and_auto_racing Traffic_noise_and_roadway_noise
3f1ca1bb.wav,Drip Drawer_open_or_close Bark
3f29038e.wav,Child_speech_and_kid_speaking Chirp_and_tweet Chink_and_clink
3f2dbd00.wav,Squeak Gasp Tick-tock
3f4f4808.wav,Crackle Drawer_open_or_close Frying_(food)
3f53a02f.wav,Burping_and_eructation Drawer_open_or_close Bark
3f7043d9.wav,Purr Whispering Drawer_open_or_close
3f80cc56.wav,Whispering Squeak Computer_keyboard
3f96494a.wav,Purr Whispering Crackle
3faf10be.wav,Skateboard Microwave_oven Race_car_and_auto_racing
3fd4d55a.wav,Race_car_and_auto_racing Hi-hat Bus
400ff09d.wav,Gurgling Drip Chewing_and_mastication
402e2d1b.wav,Meow Church_bell Microwave_oven
4030a4f2.wav,Purr Whispering Knock
4034f327.wav,Hiss Bicycle_bell Fill_(with_liquid)
4037cd65.wav,Cricket Burping_and_eructation Printer
4040f015.wav,Whispering Squeak Drawer_open_or_close
40449ca7.wav,Frying_(food) Hiss Crackle
404b54c0.wav,Frying_(food) Trickle_and_dribble Scissors
404fb677.wav,Microwave_oven Traffic_noise_and_roadway_noise Mechanical_fan
4053b801.wav,Sneeze Whispering Squeak
405c66af.wav,Squeak Fart Bathtub_(filling_or_washing)
406306b6.wav,Harmonica Female_singing Gong
406a1cc1.wav,Purr Chewing_and_mastication Gurgling
406ade5e.wav,Trickle_and_dribble Hi-hat Motorcycle
4093913f.wav,Trickle_and_dribble Frying_(food) Toilet_flush
40957335.wav,Waves_and_surf Purr Chirp_and_tweet
4098028d.wav,Chewing_and_mastication Computer_keyboard Keys_jangling
40afd1b3.wav,Bark Chewing_and_mastication Squeak
40c1ed87.wav,Tick-tock Squeak Gasp
40c50046.wav,Chewing_and_mastication Computer_keyboard Gurgling
40d0726d.wav,Mechanical_fan Bus Microwave_oven
40dd1274.wav,Female_singing Harmonica Buzz
40e25750.wav,Printer Toilet_flush Burping_and_eructation
410837eb.wav,Whispering Gasp Sneeze
410c2138.wav,Chirp_and_tweet Cricket Toilet_flush
411993fd.wav,Squeak Race_car_and_auto_racing Fart
413b5427.wav,Harmonica Glockenspiel Hi-hat
41522a65.wav,Whispering Fart Chirp_and_tweet
415f4c8f.wav,Chirp_and_tweet Cricket Drip
41759973.wav,Stream Raindrop Fill_(with_liquid)
419271cc.wav,Chirp_and_tweet Bicycle_bell Buzz
4195cb1a.wav,Harmonica Glockenspiel Buzz
41af688a.wav,Whispering Frying_(food) Bathtub_(filling_or_washing)
41c60bba.wav,Burping_and_eructation Whispering Sneeze
41cfee6d.wav,Harmonica Hi-hat Gong
41f16193.wav,Gurgling Computer_keyboard Drip
41f1ea4a.wav,Applause Hiss Raindrop
41f86bc4.wav,Trickle_and_dribble Toilet_flush Drip
4215309a.wav,Chewing_and_mastication Computer_keyboard Drip
4248d196.wav,Applause Stream Crowd
42542036.wav,Frying_(food) Tap Applause
