fname,label
000ccb97.wav,Bus Sigh Car_passing_by
0012633b.wav,Hi-hat Bass_guitar Buzz
001ed5f1.wav,Crackle Walk_and_footsteps Bark
00294be0.wav,Chewing_and_mastication Gurgling Drip
003fde7a.wav,Glockenspiel Harmonica Bicycle_bell
0040ccc9.wav,Bass_guitar Hi-hat Shatter
0046b732.wav,Buzz Chirp_and_tweet Knock
004f3bbc.wav,Bass_guitar Motorcycle Gong
00526050.wav,Motorcycle Accelerating_and_revving_and_vroom Car_passing_by
00559da4.wav,Walk_and_footsteps Chewing_and_mastication Crackle
00582bbe.wav,Computer_keyboard Bass_guitar Shatter
0064aedf.wav,Gong Computer_keyboard Gurgling
0065512b.wav,Walk_and_footsteps Trickle_and_dribble Crackle
006a91d2.wav,Drawer_open_or_close Chewing_and_mastication Walk_and_footsteps
006ea9ee.wav,Gong Gurgling Bass_guitar
006f9dca.wav,Squeak Scissors Cricket
007450dc.wav,Screaming Squeak Bark
00979c8a.wav,Chewing_and_mastication Computer_keyboard Sigh
00992464.wav,Computer_keyboard Gurgling Drip
00b44a8a.wav,Sigh Computer_keyboard Bathtub_(filling_or_washing)
00bfaaaf.wav,Bark Sigh Computer_keyboard
00cf9680.wav,Sigh Chirp_and_tweet Computer_keyboard
00eae94d.wav,Sigh Computer_keyboard Hi-hat
011ec5b8.wav,Computer_keyboard Chewing_and_mastication Whispering
013200dc.wav,Computer_keyboard Chewing_and_mastication Scissors
01440c2e.wav,Harmonica Accordion Marimba_and_xylophone
01567a3d.wav,Bus Motorcycle Car_passing_by
0163d203.wav,Keys_jangling Chewing_and_mastication Computer_keyboard
017c24b2.wav,Bark Child_speech_and_kid_speaking Finger_snapping
01a992c5.wav,Cricket Chirp_and_tweet Buzz
01b1d976.wav,Sigh Bark Whispering
01c1c371.wav,Screaming Sigh Computer_keyboard
01cf8354.wav,Computer_keyboard Child_speech_and_kid_speaking Squeak
01d2c640.wav,Gong Computer_keyboard Bass_guitar
01d69423.wav,Computer_keyboard Gurgling Gong
01e9170b.wav,Harmonica Acoustic_guitar Chink_and_clink
01f2901a.wav,Scissors Bathtub_(filling_or_washing) Trickle_and_dribble
020b1fdf.wav,Microwave_oven Bus Race_car_and_auto_racing
021457df.wav,Crackle Chewing_and_mastication Computer_keyboard
02173589.wav,Sigh Computer_keyboard Female_singing
021ac082.wav,Applause Cheering Slam
02200884.wav,Sigh Computer_keyboard Bass_guitar
02213278.wav,Bark Tick-tock Finger_snapping
022e3b2c.wav,Computer_keyboard Sigh Chewing_and_mastication
023081f2.wav,Sigh Glockenspiel Gong
02596541.wav,Harmonica Female_singing Glockenspiel
0289b79b.wav,Motorcycle Hiss Skateboard
028cf9db.wav,Female_singing Accordion Female_speech_and_woman_speaking
028d26f7.wav,Sigh Squeak Screaming
02ab2a72.wav,Computer_keyboard Chewing_and_mastication Tick-tock
02c02ec1.wav,Accordion Applause Run
02ce28a1.wav,Car_passing_by Motorcycle Accelerating_and_revving_and_vroom
02d01f40.wav,Squeak Computer_keyboard Scissors
02da7457.wav,Shatter Drip Hi-hat
02e17633.wav,Walk_and_footsteps Chewing_and_mastication Computer_keyboard
02e8059d.wav,Sigh Bass_guitar Gong
02f71319.wav,Hiss Buzz Motorcycle
03090fb0.wav,Harmonica Bicycle_bell Screaming
03162c23.wav,Computer_keyboard Chewing_and_mastication Walk_and_footsteps
032f518c.wav,Acoustic_guitar Bass_guitar Harmonica
03300fcb.wav,Gong Acoustic_guitar Bass_guitar
035dd895.wav,Walk_and_footsteps Chewing_and_mastication Whispering
03754ab4.wav,Screaming Finger_snapping Computer_keyboard
037b47c4.wav,Sigh Motorcycle Gong
03887635.wav,Bass_guitar Sigh Computer_keyboard
03931594.wav,Computer_keyboard Sigh Finger_snapping
039d2821.wav,Sigh Computer_keyboard Bass_guitar
03a47c4a.wav,Bathtub_(filling_or_washing) Squeak Frying_(food)
03b80975.wav,Skateboard Applause Cheering
03c5e8d0.wav,Crackle Hi-hat Shatter
03fe2971.wav,Gong Bass_guitar Sigh
04008bb5.wav,Sigh Chirp_and_tweet Gasp
040c5c0c.wav,Chewing_and_mastication Scissors Walk_and_footsteps
041cff59.wav,Bass_guitar Sigh Computer_keyboard
042b07a4.wav,Church_bell Harmonica Hiss
042b542f.wav,Acoustic_guitar Bass_guitar Glockenspiel
04308d8d.wav,Bass_guitar Sigh Keys_jangling
04355ea8.wav,Computer_keyboard Sigh Whispering
0442a617.wav,Screaming Sigh Harmonica
0443f812.wav,Keys_jangling Computer_keyboard Bark
04441d5b.wav,Sigh Bass_guitar Computer_keyboard
0453bb71.wav,Church_bell Harmonica Gong
04702c1c.wav,Computer_keyboard Bark Gasp
047ba0e1.wav,Sigh Scissors Computer_keyboard
04877d29.wav,Gong Microwave_oven Church_bell
048c3418.wav,Skateboard Gurgling Chewing_and_mastication
04a5c9eb.wav,Skateboard Run Applause
04ad8e52.wav,Gurgling Drip Skateboard
04af82d9.wav,Keys_jangling Shatter Gurgling
04b1558a.wav,Chewing_and_mastication Walk_and_footsteps Computer_keyboard
04de7b9a.wav,Crackle Scissors Walk_and_footsteps
04e8bf2a.wav,Keys_jangling Computer_keyboard Shatter
04f004fe.wav,Bass_guitar Keys_jangling Shatter
04f48f10.wav,Gong Gurgling Computer_keyboard
0506eee8.wav,Microwave_oven Gong Race_car_and_auto_racing
050eb97f.wav,Slam Run Screaming
051bda9a.wav,Tick-tock Purr Squeak
057a3c2e.wav,Chewing_and_mastication Sigh Computer_keyboard
057c13c8.wav,Accordion Harmonica Screaming
058a4a79.wav,Sigh Finger_snapping Bark
058ec864.wav,Bicycle_bell Harmonica Sigh
05af19b1.wav,Race_car_and_auto_racing Male_singing Bass_guitar
05c881c4.wav,Drip Bathtub_(filling_or_washing) Hi-hat
05d775e9.wav,Run Applause Slam
05dae80d.wav,Gurgling Computer_keyboard Male_speech_and_man_speaking
05e34a55.wav,Squeak Crackle Sigh
05edaa47.wav,Computer_keyboard Bark Finger_snapping
060b802f.wav,Screaming Squeak Bark
060d2d47.wav,Computer_keyboard Keys_jangling Chewing_and_mastication
062e94dd.wav,Gurgling Gong Sigh
06345241.wav,Screaming Squeak Sigh
0648b115.wav,Sigh Chirp_and_tweet Buzz
06526954.wav,Chewing_and_mastication Computer_keyboard Walk_and_footsteps
065b49ec.wav,Bass_guitar Sigh Motorcycle
06604d51.wav,Computer_keyboard Sigh Chewing_and_mastication
068b717f.wav,Bark Computer_keyboard Walk_and_footsteps
069b2f91.wav,Male_speech_and_man_speaking Marimba_and_xylophone Buzz
069f3ce5.wav,Computer_keyboard Tick-tock Sneeze
06a23eb9.wav,Applause Run Tap
06c34152.wav,Gurgling Chewing_and_mastication Gasp
06feb5cf.wav,Gong Acoustic_guitar Church_bell
0718ce8d.wav,Walk_and_footsteps Chewing_and_mastication Computer_keyboard
07295dd0.wav,Accelerating_and_revving_and_vroom Motorcycle Car_passing_by
072ee4b2.wav,Computer_keyboard Chewing_and_mastication Tick-tock
074cbe2b.wav,Meow Screaming Squeak
07502956.wav,Sigh Chewing_and_mastication Computer_keyboard
07603ad3.wav,Bus Gong Bass_guitar
07670752.wav,Crackle Sigh Bark
077f270d.wav,Bark Sigh Finger_snapping
0782d022.wav,Screaming Squeak Sigh
078464b8.wav,Hiss Frying_(food) Crackle
07a82fbe.wav,Computer_keyboard Keys_jangling Chewing_and_mastication
07bca33c.wav,Tick-tock Computer_keyboard Sigh
07da8ebf.wav,Screaming Child_speech_and_kid_speaking Sigh
07dff283.wav,Skateboard Keys_jangling Run
07f965a0.wav,Skateboard Run Applause
07fa6e7e.wav,Sigh Finger_snapping Buzz
08087580.wav,Squeak Screaming Computer_keyboard
0814db2b.wav,Gong Glockenspiel Motorcycle
0815543c.wav,Sigh Buzz Chirp_and_tweet
081d6520.wav,Hi-hat Finger_snapping Sigh
081f2b5a.wav,Bass_guitar Shatter Keys_jangling
0824bbdb.wav,Keys_jangling Sigh Hi-hat
08272d1c.wav,Walk_and_footsteps Writing Chirp_and_tweet
08278440.wav,Sigh Buzz Chirp_and_tweet
0837e041.wav,Sigh Screaming Bark
08390e01.wav,Cricket Chirp_and_tweet Sigh
083cc652.wav,Walk_and_footsteps Computer_keyboard Bark
08458ab2.wav,Walk_and_footsteps Crackle Chewing_and_mastication
0849057f.wav,Sigh Crackle Computer_keyboard
084e5784.wav,Sigh Crackle Chewing_and_mastication
085f174a.wav,Gong Glockenspiel Hi-hat
0865816c.wav,Bass_guitar Sigh Computer_keyboard
086ce4a5.wav,Skateboard Run Bass_drum
086ebb95.wav,Keys_jangling Microwave_oven Gong
08810dd4.wav,Chewing_and_mastication Sigh Motorcycle
08b06642.wav,Female_singing Marimba_and_xylophone Sigh
08b2d04c.wav,Computer_keyboard Bathtub_(filling_or_washing) Bark
08bc3e2d.wav,Computer_keyboard Finger_snapping Whispering
08d46566.wav,Chewing_and_mastication Computer_keyboard Sigh
08d4acca.wav,Gong Bass_guitar Gurgling
08d5d316.wav,Mechanical_fan Drawer_open_or_close Walk_and_footsteps
08dfe75d.wav,Bass_guitar Shatter Motorcycle
08eb3a69.wav,Keys_jangling Gurgling Chewing_and_mastication
08f36895.wav,Walk_and_footsteps Mechanical_fan Crackle
08facc12.wav,Bark Finger_snapping Bathtub_(filling_or_washing)
090cc523.wav,Sigh Screaming Computer_keyboard
091fa206.wav,Accordion Bass_guitar Harmonica
092d8e54.wav,Walk_and_footsteps Chewing_and_mastication Crackle
094761b8.wav,Acoustic_guitar Gong Glockenspiel
0963270d.wav,Computer_keyboard Shatter Keys_jangling
0992b95a.wav,Computer_keyboard Shatter Hi-hat
0997968e.wav,Trickle_and_dribble Walk_and_footsteps Crackle
09a67356.wav,Writing Computer_keyboard Keys_jangling
09d085e3.wav,Skateboard Keys_jangling Bus
0a31c905.wav,Hi-hat Shatter Computer_keyboard
0a3c2351.wav,Sigh Shatter Computer_keyboard
0a4d3800.wav,Chewing_and_mastication Keys_jangling Computer_keyboard
0a4ff0fb.wav,Scissors Computer_keyboard Hi-hat
0a56e261.wav,Sigh Bass_guitar Harmonica
0a64010f.wav,Child_speech_and_kid_speaking Computer_keyboard Meow
0a683136.wav,Bass_guitar Sigh Computer_keyboard
0a6e6889.wav,Gong Bass_guitar Marimba_and_xylophone
0a8e1630.wav,Chewing_and_mastication Walk_and_footsteps Computer_keyboard
0a950c32.wav,Sigh Marimba_and_xylophone Gong
0aee7a2a.wav,Walk_and_footsteps Trickle_and_dribble Crackle
0af7446d.wav,Bathtub_(filling_or_washing) Crackle Frying_(food)
0b1503e8.wav,Sigh Hi-hat Computer_keyboard
0b33d746.wav,Screaming Computer_keyboard Sigh
0b4819f1.wav,Walk_and_footsteps Writing Crackle
0b5c6535.wav,Chewing_and_mastication Computer_keyboard Sigh
0b73077e.wav,Crowd Cheering Screaming
0b9e93e6.wav,Computer_keyboard Chewing_and_mastication Sigh
0ba7fe6b.wav,Accelerating_and_revving_and_vroom Motorcycle Car_passing_by
0bacb61b.wav,Sigh Chirp_and_tweet Computer_keyboard
0bb86b6c.wav,Gong Sigh Gurgling
0bbe8308.wav,Sigh Finger_snapping Fart
0bc36580.wav,Bark Clapping Female_speech_and_woman_speaking
0bc7822a.wav,Scissors Computer_keyboard Chewing_and_mastication
0bdcdfba.wav,Chewing_and_mastication Computer_keyboard Keys_jangling
0bec3f54.wav,Gong Bass_guitar Acoustic_guitar
0c151ad3.wav,Mechanical_fan Waves_and_surf Bus
0c16f612.wav,Harmonica Chink_and_clink Glockenspiel
0c32d940.wav,Finger_snapping Computer_keyboard Whispering
0c390f3c.wav,Sigh Gong Motorcycle
0c3b2573.wav,Keys_jangling Computer_keyboard Meow
0c5ba768.wav,Buzz Chirp_and_tweet Bus
0c698ef7.wav,Sigh Whispering Finger_snapping
0c8d9148.wav,Bass_guitar Keys_jangling Gong
0c8def18.wav,Bus Traffic_noise_and_roadway_noise Car_passing_by
0c949702.wav,Computer_keyboard Hi-hat Bathtub_(filling_or_washing)
0cb33d03.wav,Buzz Chirp_and_tweet Hi-hat
0cb4cde3.wav,Computer_keyboard Chewing_and_mastication Keys_jangling
0cdddb37.wav,Computer_keyboard Chewing_and_mastication Sigh
0ce84f9b.wav,Keys_jangling Microwave_oven Motorcycle
0cfe3f96.wav,Sigh Chirp_and_tweet Screaming
0d000cd7.wav,Sigh Car_passing_by Knock
0d1b11e0.wav,Whispering Bark Finger_snapping
0d2230eb.wav,Cricket Sigh Chirp_and_tweet
0d2707f4.wav,Gong Shatter Glockenspiel
0d34341d.wav,Microwave_oven Bus Printer
0d3dc96c.wav,Computer_keyboard Sigh Whispering
0d507c20.wav,Sigh Harmonica Screaming
0d540ee1.wav,Chewing_and_mastication Computer_keyboard Whispering
0d5516ef.wav,Screaming Squeak Bicycle_bell
0d6564bb.wav,Child_speech_and_kid_speaking Sneeze Sigh
0d673a8c.wav,Sigh Buzz Chirp_and_tweet
0d74277e.wav,Keys_jangling Shatter Hi-hat
0d8d7af9.wav,Computer_keyboard Keys_jangling Finger_snapping
0d8e2166.wav,Scissors Bathtub_(filling_or_washing) Crackle
0d8f3f54.wav,Accelerating_and_revving_and_vroom Car_passing_by Motorcycle
0d9caeeb.wav,Meow Microwave_oven Drawer_open_or_close
0da3d582.wav,Computer_keyboard Sigh Crackle
0dc06757.wav,Chewing_and_mastication Computer_keyboard Gurgling
0dc813d8.wav,Chewing_and_mastication Computer_keyboard Crackle
0dce3e5f.wav,Crackle Keys_jangling Run
0dcf1534.wav,Microwave_oven Mechanical_fan Skateboard
0dda644b.wav,Computer_keyboard Sigh Finger_snapping
0ddd0393.wav,Car_passing_by Accelerating_and_revving_and_vroom Buzz
0de2a4b2.wav,Computer_keyboard Sigh Whispering
0de4fc92.wav,Gong Church_bell Acoustic_guitar
0df1484c.wav,Computer_keyboard Bass_guitar Chewing_and_mastication
0e18c7d2.wav,Sigh Finger_snapping Tick-tock
0e3e2590.wav,Run Meow Keys_jangling
0e4be6a4.wav,Microwave_oven Gong Bus
0e6552c7.wav,Walk_and_footsteps Mechanical_fan Crackle
0e70a285.wav,Scissors Drawer_open_or_close Cricket
0e7f5c7e.wav,Crackle Keys_jangling Trickle_and_dribble
0e9e941b.wav,Gurgling Drip Chewing_and_mastication
0ea99bf4.wav,Finger_snapping Sigh Bark
0eaf6d60.wav,Chewing_and_mastication Computer_keyboard Keys_jangling
0ec7e315.wav,Motorcycle Keys_jangling Gong
0ed20fe2.wav,Chewing_and_mastication Walk_and_footsteps Trickle_and_dribble
0ee80cb7.wav,Child_speech_and_kid_speaking Sneeze Sigh
0ef6fb07.wav,Computer_keyboard Hi-hat Gong
0f07f15f.wav,Sigh Chirp_and_tweet Knock
0f08a4c8.wav,Motorcycle Sigh Computer_keyboard
0f096853.wav,Keys_jangling Shatter Motorcycle
0f1ab7b0.wav,Chewing_and_mastication Motorcycle Computer_keyboard
0f3fe29d.wav,Skateboard Trickle_and_dribble Stream
0f50ef2b.wav,Tap Bicycle_bell Mechanical_fan
0f61907d.wav,Bass_guitar Gong Acoustic_guitar
0f663341.wav,Sigh Chewing_and_mastication Drip
0f81d5bc.wav,Computer_keyboard Chewing_and_mastication Sigh
0faf5b2e.wav,Gong Bus Microwave_oven
0fc07a52.wav,Scissors Whispering Walk_and_footsteps
0fc6a683.wav,Crackle Squeak Bark
0fccb2e5.wav,Hi-hat Bass_guitar Sigh
0fd91890.wav,Bark Finger_snapping Sigh
0fdb30c1.wav,Computer_keyboard Sigh Chewing_and_mastication
0fed6565.wav,Hiss Drip Hi-hat
0ff0e483.wav,Bark Child_speech_and_kid_speaking Computer_keyboard
0fffc208.wav,Gong Bass_guitar Shatter
100e123a.wav,Slam Cheering Applause
100faf3f.wav,Screaming Sigh Squeak
101b2011.wav,Bass_guitar Sigh Computer_keyboard
10234fef.wav,Accelerating_and_revving_and_vroom Car_passing_by Motorcycle
10236f0e.wav,Motorcycle Accelerating_and_revving_and_vroom Car_passing_by
102fb14f.wav,Gong Bass_guitar Car_passing_by
1052e52b.wav,Gong Bass_guitar Motorcycle
105460cd.wav,Gong Gurgling Drip
10678d21.wav,Sigh Computer_keyboard Hi-hat
107f3deb.wav,Walk_and_footsteps Computer_keyboard Chewing_and_mastication
10811159.wav,Walk_and_footsteps Scissors Chewing_and_mastication
10a1aa40.wav,Skateboard Applause Tap
10a7b8f3.wav,Glockenspiel Harmonica Marimba_and_xylophone
10acf1b6.wav,Crackle Sigh Computer_keyboard
10c170b1.wav,Chewing_and_mastication Computer_keyboard Finger_snapping
10d026e9.wav,Gong Bass_guitar Motorcycle
10d94568.wav,Chewing_and_mastication Computer_keyboard Walk_and_footsteps
10e6a6ac.wav,Sigh Computer_keyboard Finger_snapping
10e6db66.wav,Gong Motorcycle Gurgling
10e92421.wav,Gurgling Female_speech_and_woman_speaking Toilet_flush
10f58e51.wav,Acoustic_guitar Bass_guitar Harmonica
11071bad.wav,Chirp_and_tweet Sigh Bass_guitar
111f9431.wav,Gurgling Chewing_and_mastication Gasp
112bdb70.wav,Sigh Harmonica Marimba_and_xylophone
113290e8.wav,Sigh Computer_keyboard Squeak
1142def0.wav,Sigh Squeak Scissors
1147c12b.wav,Screaming Meow Chirp_and_tweet
1158e587.wav,Sigh Computer_keyboard Hi-hat
11641eb8.wav,Screaming Bark Crowd
1167b492.wav,Gurgling Chewing_and_mastication Computer_keyboard
1172c5fb.wav,Male_singing Male_speech_and_man_speaking Female_speech_and_woman_speaking
117358df.wav,Sigh Finger_snapping Gasp
1175ac74.wav,Hi-hat Computer_keyboard Keys_jangling
11b6c488.wav,Trickle_and_dribble Crackle Scissors
11cc8bcb.wav,Crackle Keys_jangling Walk_and_footsteps
12264142.wav,Computer_keyboard Bark Chewing_and_mastication
1226b0e0.wav,Computer_keyboard Sigh Shatter
1247b7e3.wav,Buzz Church_bell Finger_snapping
124a286f.wav,Chewing_and_mastication Gurgling Computer_keyboard
12600be5.wav,Chewing_and_mastication Computer_keyboard Walk_and_footsteps
12689530.wav,Clapping Female_singing Harmonica
126b674b.wav,Tick-tock Computer_keyboard Bark
127adb78.wav,Female_speech_and_woman_speaking Child_speech_and_kid_speaking Computer_keyboard
12849e29.wav,Computer_keyboard Sigh Finger_snapping
128a67de.wav,Sigh Computer_keyboard Chirp_and_tweet
12bcd3ec.wav,Chewing_and_mastication Computer_keyboard Scissors
12d3e91f.wav,Purr Chewing_and_mastication Walk_and_footsteps
12d8c07f.wav,Keys_jangling Motorcycle Bus
12ddf239.wav,Chewing_and_mastication Motorcycle Keys_jangling
12df81e8.wav,Crackle Walk_and_footsteps Mechanical_fan
12ee0010.wav,Sigh Computer_keyboard Hi-hat
12fe33b6.wav,Frying_(food) Clapping Tap
130e4d2f.wav,Gurgling Bark Chewing_and_mastication
13237edd.wav,Chirp_and_tweet Sigh Screaming
134c3fea.wav,Sigh Chirp_and_tweet Buzz
134c95a2.wav,Sigh Chewing_and_mastication Computer_keyboard
13694181.wav,Bass_guitar Motorcycle Gong
13728313.wav,Gong Buzz Gurgling
13ae306e.wav,Sigh Screaming Squeak
13cfa025.wav,Skateboard Slam Race_car_and_auto_racing
13e3453c.wav,Cricket Crackle Scissors
13e84f69.wav,Bicycle_bell Glockenspiel Church_bell
14096fd8.wav,Walk_and_footsteps Crackle Keys_jangling
142b9865.wav,Crackle Hi-hat Sigh
1438cfd0.wav,Bass_guitar Acoustic_guitar Sigh
143e6d96.wav,Screaming Squeak Bicycle_bell
14416af5.wav,Sigh Gong Bass_guitar
1451986d.wav,Sigh Keys_jangling Computer_keyboard
145a10e4.wav,Scissors Sigh Bathtub_(filling_or_washing)
146c73a3.wav,Harmonica Female_singing Accordion
14ab7f13.wav,Keys_jangling Motorcycle Shatter
14cbc626.wav,Whispering Sigh Squeak
14d22f20.wav,Sigh Computer_keyboard Scissors
14e86cfb.wav,Sigh Hi-hat Buzz
14fd704c.wav,Computer_keyboard Keys_jangling Bass_guitar
151ea709.wav,Bathtub_(filling_or_washing) Gurgling Clapping
15288481.wav,Applause Hi-hat Computer_keyboard
152a4e09.wav,Tap Skateboard Female_speech_and_woman_speaking
153579d9.wav,Chewing_and_mastication Walk_and_footsteps Keys_jangling
1544427c.wav,Walk_and_footsteps Sigh Computer_keyboard
154696fd.wav,Bass_drum Shatter Skateboard
156bf74f.wav,Scissors Squeak Computer_keyboard
156c1736.wav,Church_bell Harmonica Computer_keyboard
15776b9c.wav,Computer_keyboard Walk_and_footsteps Chewing_and_mastication
157dd023.wav,Sigh Finger_snapping Whispering
15849032.wav,Sigh Squeak Whispering
15868ee8.wav,Cricket Chirp_and_tweet Sigh
159b8b9b.wav,Sigh Chewing_and_mastication Gurgling
159d2208.wav,Chewing_and_mastication Computer_keyboard Sigh
15a78daf.wav,Gurgling Gong Computer_keyboard
15a98fd7.wav,Bus Accelerating_and_revving_and_vroom Motorcycle
15b0d4ec.wav,Sigh Chirp_and_tweet Finger_snapping
15bcf71d.wav,Bass_guitar Gong Motorcycle
15c34c4f.wav,Keys_jangling Shatter Computer_keyboard
15e2bcaa.wav,Glockenspiel Sink_(filling_or_washing) Sigh
15e7bb78.wav,Scissors Sigh Computer_keyboard
160105ad.wav,Accordion Harmonica Marimba_and_xylophone
1604a3fa.wav,Chewing_and_mastication Scissors Computer_keyboard
1606f119.wav,Writing Computer_keyboard Chirp_and_tweet
160acbb0.wav,Chirp_and_tweet Cricket Crackle
165fd18a.wav,Keys_jangling Skateboard Bus
166a05c0.wav,Skateboard Crackle Chewing_and_mastication
1670b964.wav,Walk_and_footsteps Chewing_and_mastication Mechanical_fan
167a4f00.wav,Cricket Buzz Chirp_and_tweet
168be388.wav,Sigh Hi-hat Bass_guitar
16b56d33.wav,Chirp_and_tweet Hi-hat Keys_jangling
16bc3f60.wav,Bark Computer_keyboard Tick-tock
16c7da35.wav,Crackle Trickle_and_dribble Skateboard
16d80f68.wav,Computer_keyboard Child_speech_and_kid_speaking Harmonica
16e17bed.wav,Race_car_and_auto_racing Car_passing_by Skateboard
16f7ac14.wav,Keys_jangling Computer_keyboard Chewing_and_mastication
16fd3589.wav,Chewing_and_mastication Computer_keyboard Walk_and_footsteps
17135192.wav,Sigh Harmonica Screaming
17140de5.wav,Shatter Computer_keyboard Keys_jangling
171aa36c.wav,Scissors Crackle Computer_keyboard
17361a5c.wav,Crackle Walk_and_footsteps Applause
1751bb8a.wav,Tick-tock Bark Whispering
1779b015.wav,Acoustic_guitar Bass_guitar Glockenspiel
17b6e84f.wav,Computer_keyboard Chewing_and_mastication Drip
17c4b25f.wav,Applause Slam Skateboard
17dfb6db.wav,Bass_guitar Keys_jangling Buzz
1802421a.wav,Hiss Mechanical_fan Microwave_oven
18183321.wav,Traffic_noise_and_roadway_noise Bus Mechanical_fan
183948d1.wav,Skateboard Run Trickle_and_dribble
183fb536.wav,Screaming Bark Bicycle_bell
1843680b.wav,Chewing_and_mastication Scissors Computer_keyboard
184aca02.wav,Sigh Computer_keyboard Hi-hat
18551bc1.wav,Sigh Finger_snapping Buzz
1859b7f7.wav,Computer_keyboard Sigh Chewing_and_mastication
1877623e.wav,Sigh Bass_guitar Computer_keyboard
1889c58d.wav,Bark Computer_keyboard Sigh
18929e41.wav,Accordion Harmonica Child_speech_and_kid_speaking
1899de05.wav,Motorcycle Bass_guitar Sigh
18ace84c.wav,Finger_snapping Bark Sigh
18be000d.wav,Skateboard Mechanical_fan Crackle
18c94757.wav,Run Tap Applause
18ea2e9e.wav,Trickle_and_dribble Drip Crackle
18fda5a4.wav,Tap Skateboard Printer
1904f396.wav,Sigh Chirp_and_tweet Computer_keyboard
19135157.wav,Chewing_and_mastication Computer_keyboard Sigh
191adc5f.wav,Sigh Finger_snapping Whispering
19303d26.wav,Skateboard Bus Motorcycle
193a6063.wav,Computer_keyboard Chewing_and_mastication Gong
1945b8ca.wav,Hi-hat Crowd Toilet_flush
19508dc0.wav,Applause Female_speech_and_woman_speaking Church_bell
1960e51e.wav,Computer_keyboard Keys_jangling Sigh
19754d94.wav,Female_singing Sigh Male_singing
197ce5b2.wav,Child_speech_and_kid_speaking Sneeze Sigh
199d4d12.wav,Child_speech_and_kid_speaking Sigh Computer_keyboard
19a7dec3.wav,Gurgling Computer_keyboard Chewing_and_mastication
19bb5700.wav,Skateboard Run Tap
19c7c900.wav,Sigh Screaming Finger_snapping
19d9401d.wav,Knock Sigh Finger_snapping
19dcb315.wav,Computer_keyboard Sigh Walk_and_footsteps
1a068a84.wav,Bass_guitar Gong Acoustic_guitar
1a0d1b78.wav,Drawer_open_or_close Meow Cupboard_open_or_close
1a110901.wav,Hiss Toilet_flush Gurgling
1a1de9b9.wav,Church_bell Harmonica Applause
1a1def6e.wav,Skateboard Run Applause
1a1edda6.wav,Child_speech_and_kid_speaking Sigh Computer_keyboard
1a2580e1.wav,Mechanical_fan Buzz Cupboard_open_or_close
1a35ded5.wav,Hiss Crackle Sigh
1a362723.wav,Squeak Sigh Gasp
1a44ace1.wav,Gong Gurgling Bass_guitar
1a51eefe.wav,Computer_keyboard Sigh Chewing_and_mastication
1a5c4e84.wav,Drawer_open_or_close Cupboard_open_or_close Purr
1a606ef2.wav,Motorcycle Keys_jangling Accelerating_and_revving_and_vroom
1a6925fa.wav,Sigh Computer_keyboard Scissors
1a884f9e.wav,Shatter Keys_jangling Computer_keyboard
1abdac69.wav,Chewing_and_mastication Drip Scissors
1ac6f6f3.wav,Computer_keyboard Child_speech_and_kid_speaking Bark
1acae695.wav,Microwave_oven Bus Mechanical_fan
1acb3d32.wav,Acoustic_guitar Computer_keyboard Whispering
1ad7f703.wav,Chewing_and_mastication Gurgling Drip
1ae3ca16.wav,Computer_keyboard Crackle Writing
1aec75a6.wav,Crackle Chewing_and_mastication Walk_and_footsteps
1b0687b2.wav,Walk_and_footsteps Crackle Chewing_and_mastication
1b086eb7.wav,Chewing_and_mastication Gurgling Computer_keyboard
1b0a3884.wav,Bark Female_speech_and_woman_speaking Skateboard
1b1d1b2d.wav,Computer_keyboard Tick-tock Bark
1b3ecd82.wav,Gong Race_car_and_auto_racing Car_passing_by
1b5b6468.wav,Sigh Finger_snapping Whispering
1b5daf72.wav,Computer_keyboard Chewing_and_mastication Gasp
1b68d94a.wav,Bass_guitar Gong Motorcycle
1ba04ecc.wav,Sigh Crackle Finger_snapping
1bc14732.wav,Computer_keyboard Sigh Chewing_and_mastication
1bcfdfb5.wav,Bass_guitar Acoustic_guitar Gong
1bd82417.wav,Gong Glockenspiel Marimba_and_xylophone
1be1c727.wav,Keys_jangling Walk_and_footsteps Computer_keyboard
1bfd4be2.wav,Mechanical_fan Buzz Bark
1c0e284a.wav,Gurgling Motorcycle Fill_(with_liquid)
1c0fbe4b.wav,Bass_guitar Sigh Hi-hat
1c1dd720.wav,Clapping Child_speech_and_kid_speaking Sneeze
1c3bd325.wav,Gurgling Screaming Computer_keyboard
1c699cb7.wav,Bus Gong Microwave_oven
1c6d56db.wav,Bicycle_bell Sigh Buzz
1c77cedf.wav,Walk_and_footsteps Chewing_and_mastication Crackle
1c785226.wav,Chewing_and_mastication Computer_keyboard Walk_and_footsteps
1c79ca96.wav,Sigh Knock Chirp_and_tweet
1c8369cf.wav,Chewing_and_mastication Walk_and_footsteps Computer_keyboard
1c983e19.wav,Keys_jangling Shatter Run
1c9e3f10.wav,Accelerating_and_revving_and_vroom Motorcycle Car_passing_by
1cc5b5f7.wav,Crackle Walk_and_footsteps Computer_keyboard
1cd55ad6.wav,Car_passing_by Bus Race_car_and_auto_racing
1cf8379b.wav,Chirp_and_tweet Sigh Buzz
1d11b910.wav,Crackle Scissors Sigh
1d1778c4.wav,Gong Bass_guitar Accelerating_and_revving_and_vroom
1d1863a4.wav,Bus Car_passing_by Gong
1d2459ce.wav,Bark Male_speech_and_man_speaking Sigh
1d279116.wav,Computer_keyboard Bass_guitar Sigh
1d33f8e1.wav,Chirp_and_tweet Sigh Buzz
1d4ae8ab.wav,Bass_guitar Sigh Hi-hat
1d58040b.wav,Sigh Gasp Bass_guitar
1d6f2b16.wav,Sigh Computer_keyboard Whispering
1d7d2a17.wav,Motorcycle Microwave_oven Mechanical_fan
1db41feb.wav,Crowd Car_passing_by Gong
1dbcd4ba.wav,Computer_keyboard Keys_jangling Shatter
1dc3166b.wav,Bus Buzz Hi-hat
1dc417cd.wav,Chewing_and_mastication Sigh Computer_keyboard
1dcc4dd4.wav,Bus Bass_guitar Motorcycle
1de84153.wav,Bus Microwave_oven Gong
1ded5864.wav,Bass_guitar Gong Sigh
1def6435.wav,Computer_keyboard Keys_jangling Hi-hat
1dfa910d.wav,Screaming Sigh Bicycle_bell
1e0b81a9.wav,Bass_guitar Acoustic_guitar Hi-hat
1e1a72d5.wav,Sigh Chirp_and_tweet Screaming
1e1e674a.wav,Drip Chewing_and_mastication Computer_keyboard
1e3763ba.wav,Screaming Squeak Harmonica
1e3cd2f0.wav,Sigh Computer_keyboard Bark
1e6572de.wav,Harmonica Hi-hat Bicycle_bell
1e6e9131.wav,Mechanical_fan Knock Whispering
1e6fe316.wav,Chewing_and_mastication Walk_and_footsteps Computer_keyboard
1e7b59a7.wav,Gasp Sigh Computer_keyboard
1e8a965c.wav,Skateboard Raindrop Crackle
1e8fe3d2.wav,Sneeze Bark Whispering
1ea533ec.wav,Acoustic_guitar Bass_guitar Gong
1eac92a1.wav,Glockenspiel Bicycle_bell Computer_keyboard
1ec2f60d.wav,Computer_keyboard Chewing_and_mastication Walk_and_footsteps
1eda3d26.wav,Female_speech_and_woman_speaking Crowd Female_singing
1f27827e.wav,Glockenspiel Acoustic_guitar Harmonica
1f293888.wav,Accelerating_and_revving_and_vroom Gong Bass_guitar
1f3d2f22.wav,Applause Crackle Raindrop
1f52baf2.wav,Sigh Bass_guitar Hi-hat
1f58cc84.wav,Computer_keyboard Sigh Sneeze
1f63c45e.wav,Computer_keyboard Whispering Walk_and_footsteps
1f85a5c7.wav,Finger_snapping Mechanical_fan Gong
1f9c1f3e.wav,Gong Male_singing Female_singing
1fc0282a.wav,Walk_and_footsteps Scissors Crackle
1fc8f9a5.wav,Bass_guitar Shatter Keys_jangling
1fd74cc3.wav,Buzz Church_bell Bicycle_bell
1fde2c61.wav,Gurgling Chewing_and_mastication Computer_keyboard
1fe639ee.wav,Chewing_and_mastication Computer_keyboard Gurgling
1fec2121.wav,Computer_keyboard Writing Chewing_and_mastication
1ff215f3.wav,Skateboard Bark Computer_keyboard
200b6920.wav,Computer_keyboard Writing Keys_jangling
2012b2f4.wav,Computer_keyboard Sigh Meow
201c18ee.wav,Keys_jangling Computer_keyboard Chewing_and_mastication
20612e10.wav,Run Crowd Cheering
2069253a.wav,Sigh Screaming Computer_keyboard
206c0a24.wav,Walk_and_footsteps Whispering Sigh
20801c98.wav,Bicycle_bell Screaming Bark
2087f937.wav,Shatter Toilet_flush Computer_keyboard
20898b89.wav,Chewing_and_mastication Gurgling Drip
20b16812.wav,Sigh Chirp_and_tweet Bass_guitar
20c3541c.wav,Computer_keyboard Sigh Scissors
20d2ad1c.wav,Computer_keyboard Sigh Screaming
20dc6392.wav,Keys_jangling Shatter Bass_guitar
20e285c7.wav,Cheering Applause Skateboard
21102a3a.wav,Computer_keyboard Sigh Hi-hat
2113043a.wav,Gong Female_singing Marimba_and_xylophone
2142adda.wav,Sigh Screaming Bathtub_(filling_or_washing)
21447ea7.wav,Female_singing Hi-hat Harmonica
21455882.wav,Tick-tock Finger_snapping Meow
2157612c.wav,Crowd Bark Cheering
2159eea8.wav,Sigh Chirp_and_tweet Bass_guitar
2175b26d.wav,Bass_guitar Gong Acoustic_guitar
217b109a.wav,Mechanical_fan Walk_and_footsteps Meow
2189acc6.wav,Harmonica Female_singing Child_speech_and_kid_speaking
218b15dc.wav,Sigh Computer_keyboard Bark
218c8907.wav,Skateboard Crowd Clapping
21b0c9cb.wav,Crackle Walk_and_footsteps Squeak
21b24d69.wav,Accelerating_and_revving_and_vroom Motorcycle Car_passing_by
21b601cd.wav,Gong Gurgling Marimba_and_xylophone
21d2eb4c.wav,Keys_jangling Gong Hi-hat
21d49986.wav,Motorcycle Car_passing_by Gong
21e8d6a9.wav,Keys_jangling Computer_keyboard Shatter
21eb5d58.wav,Stream Skateboard Trickle_and_dribble
21eca32f.wav,Sigh Whispering Purr
21fa3245.wav,Sigh Finger_snapping Computer_keyboard
2210c997.wav,Bark Walk_and_footsteps Sigh
2216c947.wav,Male_speech_and_man_speaking Female_speech_and_woman_speaking Male_singing
223032ba.wav,Chirp_and_tweet Tick-tock Meow
2236c850.wav,Keys_jangling Motorcycle Chewing_and_mastication
223a5173.wav,Sigh Whispering Finger_snapping
22522048.wav,Gong Keys_jangling Gurgling
2263763d.wav,Skateboard Female_speech_and_woman_speaking Bass_drum
228a538c.wav,Computer_keyboard Scissors Keys_jangling
22a7e375.wav,Applause Crackle Cheering
22b07889.wav,Sigh Gasp Computer_keyboard
22b6b9aa.wav,Sigh Chirp_and_tweet Buzz
22c5ea2f.wav,Run Skateboard Slam
22c78043.wav,Computer_keyboard Hi-hat Keys_jangling
22c98028.wav,Keys_jangling Mechanical_fan Shatter
22c9b301.wav,Keys_jangling Writing Computer_keyboard
22cd860e.wav,Chewing_and_mastication Computer_keyboard Scissors
22f22fc9.wav,Bass_guitar Shatter Keys_jangling
22f2d98a.wav,Chewing_and_mastication Sigh Computer_keyboard
2303e210.wav,Chewing_and_mastication Computer_keyboard Sigh
23244f49.wav,Computer_keyboard Sigh Squeak
2327b6de.wav,Accelerating_and_revving_and_vroom Motorcycle Gong
2343daa5.wav,Skateboard Run Keys_jangling
235213ce.wav,Sigh Finger_snapping Hi-hat
235f959c.wav,Sigh Screaming Knock
236e7ce1.wav,Bark Drip Sigh
23726888.wav,Computer_keyboard Gong Marimba_and_xylophone
23756062.wav,Gurgling Motorcycle Car_passing_by
238b11f0.wav,Gong Bass_guitar Shatter
23a07927.wav,Computer_keyboard Writing Whispering
23a2669b.wav,Frying_(food) Trickle_and_dribble Bathtub_(filling_or_washing)
23c4613e.wav,Chewing_and_mastication Computer_keyboard Bass_guitar
23c714b5.wav,Motorcycle Bass_guitar Accelerating_and_revving_and_vroom
23d35eea.wav,Computer_keyboard Chewing_and_mastication Sigh
23fabbb4.wav,Applause Skateboard Slam
23fe505d.wav,Computer_keyboard Scissors Whispering
2406d1de.wav,Gong Bass_guitar Keys_jangling
240e9caa.wav,Gong Marimba_and_xylophone Computer_keyboard
24456657.wav,Applause Crackle Cheering
244a60cd.wav,Sigh Bus Bass_guitar
2451cad9.wav,Harmonica Child_speech_and_kid_speaking Female_singing
2451d17b.wav,Computer_keyboard Harmonica Sigh
245c01e6.wav,Female_speech_and_woman_speaking Skateboard Clapping
2462f236.wav,Female_singing Male_singing Acoustic_guitar
24ae5bef.wav,Accordion Marimba_and_xylophone Male_singing
24ce9114.wav,Sigh Bass_guitar Whispering
24dda4ed.wav,Cricket Bathtub_(filling_or_washing) Frying_(food)
24ecb25d.wav,Squeak Scissors Screaming
24f04ba5.wav,Walk_and_footsteps Crackle Skateboard
2548960b.wav,Gong Bass_guitar Marimba_and_xylophone
256d567f.wav,Walk_and_footsteps Crackle Sigh
2583a54d.wav,Sigh Finger_snapping Gasp
2599ff86.wav,Bark Run Screaming
259e3fa7.wav,Keys_jangling Computer_keyboard Chewing_and_mastication
25a8ef58.wav,Motorcycle Gong Bass_guitar
25a991a1.wav,Sigh Finger_snapping Chirp_and_tweet
25beac1d.wav,Sigh Bass_guitar Motorcycle
25c32640.wav,Toilet_flush Skateboard Drip
25c8686f.wav,Computer_keyboard Chewing_and_mastication Sigh
25d481d6.wav,Accelerating_and_revving_and_vroom Car_passing_by Motorcycle
25e059d3.wav,Microwave_oven Cupboard_open_or_close Bus
25e23528.wav,Screaming Squeak Bark
25e75fa8.wav,Hi-hat Sigh Shatter
261cdf15.wav,Race_car_and_auto_racing Hiss Toilet_flush
262131af.wav,Bass_guitar Gong Marimba_and_xylophone
2624e8ff.wav,Bass_guitar Sigh Computer_keyboard
26263cf0.wav,Finger_snapping Sigh Bass_guitar
262a7108.wav,Computer_keyboard Sigh Shatter
262d4cca.wav,Computer_keyboard Marimba_and_xylophone Harmonica
2655ac2c.wav,Accordion Harmonica Glockenspiel
26a25f5d.wav,Sigh Chirp_and_tweet Bass_guitar
26a4977c.wav,Gurgling Chewing_and_mastication Gong
26a6c2f3.wav,Chewing_and_mastication Computer_keyboard Drip
26abfa32.wav,Drip Chewing_and_mastication Computer_keyboard
26c001b7.wav,Crackle Walk_and_footsteps Trickle_and_dribble
26c01e3f.wav,Sigh Harmonica Computer_keyboard
26f921e3.wav,Computer_keyboard Sigh Bark
2707f8b0.wav,Sigh Whispering Computer_keyboard
27080c56.wav,Walk_and_footsteps Keys_jangling Motorcycle
271ade69.wav,Gong Car_passing_by Bass_guitar
272d95c7.wav,Applause Slam Tap
2733bb3f.wav,Female_singing Male_singing Sigh
27446bcd.wav,Gong Bass_guitar Car_passing_by
2756ca54.wav,Sigh Finger_snapping Knock
2758a116.wav,Bathtub_(filling_or_washing) Child_speech_and_kid_speaking Female_singing
275e1bb6.wav,Sigh Computer_keyboard Scissors
278a19ee.wav,Female_singing Buzz Burping_and_eructation
27903ab8.wav,Skateboard Male_speech_and_man_speaking Female_speech_and_woman_speaking
27924331.wav,Crackle Sigh Motorcycle
279d4550.wav,Crackle Keys_jangling Walk_and_footsteps
27a4f4a8.wav,Applause Tap Printer
27a8cf7f.wav,Computer_keyboard Sigh Whispering
27b8db15.wav,Computer_keyboard Chewing_and_mastication Writing
27c8eacc.wav,Hi-hat Shatter Bass_guitar
27ce0e90.wav,Chewing_and_mastication Walk_and_footsteps Computer_keyboard
27d07e83.wav,Cricket Chirp_and_tweet Buzz
27d43eba.wav,Hiss Race_car_and_auto_racing Stream
27df10d1.wav,Sigh Child_speech_and_kid_speaking Computer_keyboard
27e085c0.wav,Bark Finger_snapping Tick-tock
280c07e4.wav,Gurgling Chewing_and_mastication Gasp
2810d717.wav,Computer_keyboard Chewing_and_mastication Walk_and_footsteps
28142c7d.wav,Bus Car_passing_by Gong
28199c01.wav,Gong Car_passing_by Motorcycle
2833e567.wav,Screaming Run Bark
28383990.wav,Sigh Bark Computer_keyboard
283bc0ea.wav,Computer_keyboard Walk_and_footsteps Chewing_and_mastication
2842be8c.wav,Crackle Trickle_and_dribble Skateboard
28849a80.wav,Sigh Hi-hat Drip
288a89c1.wav,Bass_drum Tap Bass_guitar
2894416d.wav,Bass_guitar Hi-hat Computer_keyboard
289fb0b8.wav,Run Slam Applause
28a2ff49.wav,Computer_keyboard Bark Gurgling
28a9213d.wav,Walk_and_footsteps Keys_jangling Crackle
28d22d2e.wav,Female_singing Harmonica Bass_guitar
28d2f36f.wav,Hi-hat Sigh Shatter
28e13187.wav,Bass_guitar Keys_jangling Motorcycle
28e32693.wav,Car_passing_by Bass_guitar Gong
28f49053.wav,Walk_and_footsteps Whispering Computer_keyboard
28ff0651.wav,Female_singing Gong Male_singing
290e30df.wav,Motorcycle Mechanical_fan Accelerating_and_revving_and_vroom
292ef00f.wav,Tick-tock Finger_snapping Computer_keyboard
2934735d.wav,Computer_keyboard Sigh Chewing_and_mastication
2934d413.wav,Walk_and_footsteps Chewing_and_mastication Computer_keyboard
29365227.wav,Computer_keyboard Bass_guitar Hi-hat
295268ea.wav,Printer Microwave_oven Church_bell
29699f09.wav,Computer_keyboard Keys_jangling Chewing_and_mastication
297219cc.wav,Chirp_and_tweet Car_passing_by Sigh
2980d500.wav,Gong Bass_guitar Sigh
29826356.wav,Tick-tock Computer_keyboard Bark
29b0574f.wav,Chewing_and_mastication Walk_and_footsteps Writing
29d72dfb.wav,Traffic_noise_and_roadway_noise Bus Mechanical_fan
29dd29fb.wav,Computer_keyboard Whispering Squeak
29e4880e.wav,Chewing_and_mastication Computer_keyboard Sigh
2a0893c6.wav,Gong Bass_guitar Car_passing_by
2a0a3828.wav,Chewing_and_mastication Computer_keyboard Sigh
2a484593.wav,Computer_keyboard Chewing_and_mastication Sigh
2a557637.wav,Chewing_and_mastication Computer_keyboard Sigh
2a79d0a8.wav,Gong Bass_guitar Computer_keyboard
2a9c7202.wav,Hi-hat Squeak Hiss
2aa1e0b8.wav,Sigh Walk_and_footsteps Computer_keyboard
2ac8607d.wav,Screaming Squeak Child_speech_and_kid_speaking
2ad174b4.wav,Computer_keyboard Chewing_and_mastication Walk_and_footsteps
2ae04dd7.wav,Motorcycle Mechanical_fan Bus
2aedff46.wav,Sigh Computer_keyboard Shatter
2af10e99.wav,Sigh Whispering Chewing_and_mastication
2af77e7f.wav,Keys_jangling Gong Bass_guitar
2b160bb2.wav,Computer_keyboard Sigh Chewing_and_mastication
2b2613d8.wav,Bathtub_(filling_or_washing) Drip Bark
2b6ee441.wav,Computer_keyboard Sigh Chewing_and_mastication
2b95327b.wav,Bus Car_passing_by Motorcycle
2b9ca464.wav,Chewing_and_mastication Sigh Computer_keyboard
2bab5b09.wav,Chewing_and_mastication Gurgling Computer_keyboard
2bb1503c.wav,Sigh Finger_snapping Buzz
2bbf558e.wav,Computer_keyboard Whispering Sigh
2be779a7.wav,Bass_guitar Shatter Computer_keyboard
2c010e00.wav,Keys_jangling Gong Bus
2c2a3c77.wav,Whispering Scissors Writing
2c2d400b.wav,Computer_keyboard Gurgling Sigh
2c39bb30.wav,Gong Acoustic_guitar Microwave_oven
2c3a44f2.wav,Screaming Bark Sigh
2c7a5078.wav,Female_speech_and_woman_speaking Male_speech_and_man_speaking Male_singing
2c809d4f.wav,Computer_keyboard Sigh Chewing_and_mastication
2c8b8812.wav,Chewing_and_mastication Computer_keyboard Walk_and_footsteps
2c924848.wav,Gong Bass_guitar Motorcycle
2cc7f972.wav,Motorcycle Bass_guitar Accelerating_and_revving_and_vroom
2cd526f7.wav,Shatter Bus Mechanical_fan
2cdfa8c1.wav,Drip Trickle_and_dribble Chewing_and_mastication
2cf4955c.wav,Run Skateboard Mechanical_fan
2cfdaecd.wav,Drip Trickle_and_dribble Chewing_and_mastication
2d0863b7.wav,Computer_keyboard Gong Keys_jangling
2d09c7ca.wav,Sigh Chirp_and_tweet Buzz
2d15ca77.wav,Chewing_and_mastication Sigh Gasp
2d209c25.wav,Gurgling Gong Bass_guitar
2d21dbf4.wav,Gong Motorcycle Gurgling
2d455ed9.wav,Computer_keyboard Chewing_and_mastication Tick-tock
2d4961a8.wav,Computer_keyboard Chewing_and_mastication Purr
2d4a0250.wav,Bark Computer_keyboard Sigh
2d56c2ae.wav,Chewing_and_mastication Drip Computer_keyboard
2d5dcc5d.wav,Computer_keyboard Bark Finger_snapping
2d666c1d.wav,Bass_guitar Harmonica Acoustic_guitar
2d6d99d4.wav,Bark Computer_keyboard Finger_snapping
2d7218f8.wav,Finger_snapping Sigh Knock
2d7ae271.wav,Marimba_and_xylophone Burping_and_eructation Gurgling
2d8135cc.wav,Toilet_flush Female_speech_and_woman_speaking Trickle_and_dribble
2d88fa59.wav,Sigh Chirp_and_tweet Bass_guitar
2da4c729.wav,Motorcycle Accelerating_and_revving_and_vroom Keys_jangling
2db579cb.wav,Sigh Chewing_and_mastication Computer_keyboard
2db63f0d.wav,Chewing_and_mastication Walk_and_footsteps Computer_keyboard
2dd2a6bf.wav,Skateboard Run Trickle_and_dribble
2df0cf1f.wav,Computer_keyboard Bark Sigh
2df1f901.wav,Bark Walk_and_footsteps Computer_keyboard
2dfd32a3.wav,Female_singing Bathtub_(filling_or_washing) Child_speech_and_kid_speaking
2e61e614.wav,Sigh Bark Computer_keyboard
2e820b05.wav,Sigh Bark Squeak
2e8b4709.wav,Computer_keyboard Sigh Chewing_and_mastication
2e9ced66.wav,Squeak Computer_keyboard Purr
2ea33689.wav,Accordion Tap Female_singing
2eade3e1.wav,Screaming Harmonica Meow
2eb3002c.wav,Child_speech_and_kid_speaking Computer_keyboard Harmonica
2eb51f57.wav,Gong Glockenspiel Marimba_and_xylophone
2ed9ce69.wav,Accordion Harmonica Marimba_and_xylophone
2edb4142.wav,Computer_keyboard Chewing_and_mastication Keys_jangling
2ee3ef28.wav,Drip Computer_keyboard Scissors
2ee9f139.wav,Sigh Computer_keyboard Bark
2eeb7f35.wav,Bark Screaming Meow
2eec6eda.wav,Harmonica Female_singing Sigh
2f00863c.wav,Mechanical_fan Microwave_oven Bus
2f14d3b3.wav,Hi-hat Shatter Sigh
2f2ab304.wav,Run Skateboard Applause
2f41afe1.wav,Bass_guitar Acoustic_guitar Gong
2f529eb8.wav,Sigh Gurgling Drip
2f5cbf20.wav,Bass_guitar Gong Motorcycle
2f6331aa.wav,Screaming Crackle Bark
2f643c50.wav,Sigh Computer_keyboard Crackle
2f785877.wav,Motorcycle Gong Accelerating_and_revving_and_vroom
2f84c8e9.wav,Sigh Bass_guitar Computer_keyboard
2f8dd247.wav,Microwave_oven Skateboard Mechanical_fan
2f94fca3.wav,Sigh Gong Chirp_and_tweet
2fa1cc09.wav,Sigh Finger_snapping Whispering
2fc6ede8.wav,Sigh Computer_keyboard Bass_guitar
2fe3ae63.wav,Sigh Bass_guitar Gasp
2ffd2145.wav,Sigh Computer_keyboard Walk_and_footsteps
3011c55b.wav,Accordion Clapping Female_singing
3012731a.wav,Computer_keyboard Tick-tock Chewing_and_mastication
302f4eb8.wav,Gong Computer_keyboard Glockenspiel
303d4668.wav,Computer_keyboard Keys_jangling Walk_and_footsteps
304d8a8e.wav,Drip Gurgling Glockenspiel
304f25f4.wav,Frying_(food) Female_speech_and_woman_speaking Keys_jangling
3052fe86.wav,Gong Shatter Keys_jangling
3061e8d1.wav,Squeak Screaming Child_speech_and_kid_speaking
309169fa.wav,Computer_keyboard Sigh Bark
30960f70.wav,Traffic_noise_and_roadway_noise Mechanical_fan Motorcycle
309eea85.wav,Acoustic_guitar Female_singing Accordion
30ac78a6.wav,Sigh Finger_snapping Tick-tock
30d1840b.wav,Scissors Sigh Computer_keyboard
30dc07a7.wav,Gong Motorcycle Bass_guitar
30e1162a.wav,Child_speech_and_kid_speaking Computer_keyboard Sigh
30e40cc3.wav,Female_speech_and_woman_speaking Skateboard Run
30f7577e.wav,Computer_keyboard Chewing_and_mastication Walk_and_footsteps
30f8ba51.wav,Bass_guitar Gong Motorcycle
3102ff8d.wav,Walk_and_footsteps Chewing_and_mastication Crackle
311fcc0d.wav,Sigh Hi-hat Chirp_and_tweet
3129e5b4.wav,Accelerating_and_revving_and_vroom Motorcycle Gong
312c730c.wav,Cricket Drip Chewing_and_mastication
312e1179.wav,Hi-hat Computer_keyboard Shatter
312e698e.wav,Cricket Male_speech_and_man_speaking Sigh
31312cda.wav,Acoustic_guitar Gong Bass_guitar
3134c1f5.wav,Chewing_and_mastication Sigh Computer_keyboard
31452d93.wav,Skateboard Bus Male_speech_and_man_speaking
314a8107.wav,Tick-tock Computer_keyboard Sigh
3174521f.wav,Bass_guitar Gong Sigh
3177529f.wav,Chewing_and_mastication Walk_and_footsteps Whispering
317e5fda.wav,Sigh Finger_snapping Tick-tock
3190ca46.wav,Squeak Hi-hat Sigh
31ab1bc4.wav,Buzz Finger_snapping Mechanical_fan
31b883cb.wav,Burping_and_eructation Computer_keyboard Harmonica
31bf8f6c.wav,Gurgling Skateboard Male_speech_and_man_speaking
31c60809.wav,Sigh Chirp_and_tweet Whispering
31c7a683.wav,Computer_keyboard Scissors Chink_and_clink
31cfaf7c.wav,Computer_keyboard Bark Sigh
31ea3391.wav,Bus Microwave_oven Male_singing
31f4d839.wav,Motorcycle Computer_keyboard Chewing_and_mastication
31fe4058.wav,Gong Bass_guitar Keys_jangling
31ff4a9f.wav,Sigh Harmonica Hi-hat
320adc8a.wav,Buzz Hiss Sigh
320b9457.wav,Frying_(food) Bathtub_(filling_or_washing) Hiss
320cb73f.wav,Applause Crackle Tap
321c61dd.wav,Keys_jangling Chewing_and_mastication Computer_keyboard
321d7624.wav,Gong Bass_guitar Car_passing_by
322c634e.wav,Female_singing Accordion Applause
3246e22c.wav,Printer Skateboard Hiss
32663622.wav,Bass_guitar Computer_keyboard Sigh
3273193a.wav,Writing Chewing_and_mastication Computer_keyboard
327ff97c.wav,Computer_keyboard Bark Tick-tock
3288c908.wav,Motorcycle Bus Bass_guitar
329d5f81.wav,Computer_keyboard Sigh Keys_jangling
32aaacf1.wav,Computer_keyboard Chewing_and_mastication Sigh
32ad561a.wav,Run Crowd Slam
32b66826.wav,Chewing_and_mastication Gong Finger_snapping
32bf8f9d.wav,Chewing_and_mastication Sigh Computer_keyboard
32cce167.wav,Sigh Gasp Bass_guitar
32d21079.wav,Squeak Screaming Bicycle_bell
32e0e55a.wav,Gong Bass_guitar Car_passing_by
32f26b94.wav,Keys_jangling Computer_keyboard Shatter
330b1461.wav,Keys_jangling Church_bell Microwave_oven
3313662e.wav,Purr Finger_snapping Whispering
33139052.wav,Sigh Screaming Buzz
33170581.wav,Screaming Chirp_and_tweet Squeak
332246f6.wav,Sigh Screaming Bicycle_bell
33355c50.wav,Gong Shatter Keys_jangling
3347121c.wav,Computer_keyboard Chewing_and_mastication Bark
3353d705.wav,Accelerating_and_revving_and_vroom Motorcycle Bass_guitar
335d2ea3.wav,Crowd Yell Cheering
336a88c3.wav,Sigh Chirp_and_tweet Buzz
338669d9.wav,Sigh Finger_snapping Chewing_and_mastication
33a61f8d.wav,Motorcycle Gong Bass_guitar
33bc9deb.wav,Sigh Squeak Computer_keyboard
33c82ad4.wav,Sigh Whispering Computer_keyboard
33ef8393.wav,Sigh Screaming Bass_guitar
33fbfca7.wav,Cricket Trickle_and_dribble Scissors
34035cf8.wav,Keys_jangling Computer_keyboard Writing
340d5db4.wav,Motorcycle Accelerating_and_revving_and_vroom Bus
340da762.wav,Motorcycle Bass_guitar Chewing_and_mastication
34120253.wav,Harmonica Church_bell Bicycle_bell
341efc4b.wav,Applause Skateboard Gong
342cc3ae.wav,Child_speech_and_kid_speaking Clapping Bark
34486c7f.wav,Bass_guitar Acoustic_guitar Hi-hat
34510c7a.wav,Chewing_and_mastication Computer_keyboard Purr
34512413.wav,Drip Bathtub_(filling_or_washing) Scissors
346fc59c.wav,Chewing_and_mastication Computer_keyboard Walk_and_footsteps
3474d7cd.wav,Chewing_and_mastication Computer_keyboard Sigh
348aaf17.wav,Whispering Finger_snapping Bark
349e5ea7.wav,Chewing_and_mastication Walk_and_footsteps Sigh
34aac2b5.wav,Child_speech_and_kid_speaking Female_singing Accordion
34c53320.wav,Sigh Buzz Gong
34cca3b3.wav,Church_bell Tap Accordion
34d0b2ca.wav,Child_speech_and_kid_speaking Computer_keyboard Sneeze
34d4cfda.wav,Slam Cheering Run
34dc323b.wav,Chewing_and_mastication Gurgling Gasp
34e6a0de.wav,Sigh Chirp_and_tweet Harmonica
34f2c99d.wav,Computer_keyboard Sigh Walk_and_footsteps
34fbb318.wav,Computer_keyboard Chewing_and_mastication Walk_and_footsteps
3500ed9d.wav,Sigh Buzz Gong
350942d1.wav,Gong Bass_guitar Mechanical_fan
351a8abe.wav,Computer_keyboard Keys_jangling Chewing_and_mastication
352ce267.wav,Accelerating_and_revving_and_vroom Motorcycle Car_passing_by
3544797d.wav,Walk_and_footsteps Computer_keyboard Keys_jangling
354d467a.wav,Chewing_and_mastication Walk_and_footsteps Purr
355ddeda.wav,Trickle_and_dribble Skateboard Drip
356adc0d.wav,Sigh Chirp_and_tweet Buzz
356b99de.wav,Squeak Whispering Tick-tock
35930583.wav,Computer_keyboard Sneeze Bark
359a6e84.wav,Bass_guitar Keys_jangling Sigh
35a7edad.wav,Accelerating_and_revving_and_vroom Motorcycle Bass_guitar
35a8a688.wav,Computer_keyboard Chewing_and_mastication Sigh
35d5aca3.wav,Keys_jangling Skateboard Run
35dbfd81.wav,Accordion Church_bell Applause
36027dca.wav,Gong Motorcycle Accelerating_and_revving_and_vroom
361237d6.wav,Skateboard Female_speech_and_woman_speaking Bass_drum
361c9c0e.wav,Sigh Chink_and_clink Computer_keyboard
3623b13a.wav,Child_speech_and_kid_speaking Sneeze Female_speech_and_woman_speaking
3626ac5a.wav,Cricket Chirp_and_tweet Crackle
362f92f4.wav,Computer_keyboard Child_speech_and_kid_speaking Sigh
366d25a7.wav,Applause Harmonica Male_singing
366d6820.wav,Trickle_and_dribble Skateboard Crackle
367ef5a8.wav,Gong Keys_jangling Bus
36896b31.wav,Computer_keyboard Hi-hat Gong
368e3f09.wav,Bass_guitar Sigh Hi-hat
36b92bec.wav,Bark Computer_keyboard Finger_snapping
36beb3fd.wav,Child_speech_and_kid_speaking Computer_keyboard Sigh
36c459de.wav,Gong Female_singing Sigh
36dfae4f.wav,Computer_keyboard Hi-hat Sigh
36fe695f.wav,Hi-hat Shatter Keys_jangling
37053a90.wav,Cricket Chink_and_clink Sigh
370eaa84.wav,Applause Cheering Tap
37155f3a.wav,Skateboard Crowd Slam
37790f99.wav,Sigh Squeak Drip
378216b2.wav,Mechanical_fan Waves_and_surf Traffic_noise_and_roadway_noise
37856035.wav,Skateboard Crackle Cheering
3792237d.wav,Computer_keyboard Finger_snapping Squeak
37941050.wav,Motorcycle Keys_jangling Chewing_and_mastication
379ae4e1.wav,Bathtub_(filling_or_washing) Bark Gurgling
379b7e21.wav,Skateboard Run Crackle
379c063d.wav,Finger_snapping Whispering Sigh
37a1946c.wav,Gurgling Gong Chewing_and_mastication
37a7927f.wav,Sigh Computer_keyboard Bass_guitar
37c95c1c.wav,Knock Sigh Gasp
37ccc1ea.wav,Hiss Crackle Frying_(food)
37d609aa.wav,Bark Walk_and_footsteps Bathtub_(filling_or_washing)
37dc178a.wav,Hiss Crackle Raindrop
37f5f0d8.wav,Mechanical_fan Skateboard Waves_and_surf
382587b8.wav,Sigh Chirp_and_tweet Finger_snapping
382cd8c5.wav,Keys_jangling Motorcycle Buzz
38368c9b.wav,Computer_keyboard Chewing_and_mastication Tick-tock
384b0ff2.wav,Gong Gurgling Sigh
38544190.wav,Keys_jangling Bass_guitar Computer_keyboard
38558ab1.wav,Computer_keyboard Buzz Sigh
3858d281.wav,Gong Bass_guitar Sigh
385e8b0f.wav,Computer_keyboard Chewing_and_mastication Walk_and_footsteps
38636d71.wav,Bark Squeak Finger_snapping
38669440.wav,Crackle Chirp_and_tweet Screaming
387014ab.wav,Drip Tick-tock Computer_keyboard
3876c193.wav,Sigh Finger_snapping Knock
388f70a5.wav,Chewing_and_mastication Walk_and_footsteps Mechanical_fan
38b9ff18.wav,Chewing_and_mastication Computer_keyboard Walk_and_footsteps
38d29a00.wav,Computer_keyboard Keys_jangling Chewing_and_mastication
38d378d8.wav,Printer Microwave_oven Bus
38d50e59.wav,Squeak Sigh Bark
38d5d026.wav,Chewing_and_mastication Sigh Computer_keyboard
38e43355.wav,Sigh Female_singing Child_speech_and_kid_speaking
38ea5df2.wav,Bass_guitar Hi-hat Shatter
38f6aa5e.wav,Screaming Cheering Crowd
38fea590.wav,Crowd Female_speech_and_woman_speaking Tap
390789a8.wav,Skateboard Crackle Gurgling
390995ef.wav,Bark Tick-tock Sigh
39189c31.wav,Toilet_flush Printer Skateboard
391fbd47.wav,Computer_keyboard Sigh Finger_snapping
392e88d7.wav,Cricket Chirp_and_tweet Buzz
3939b821.wav,Computer_keyboard Bark Sigh
39467410.wav,Clapping Child_speech_and_kid_speaking Bathtub_(filling_or_washing)
394b8ce2.wav,Walk_and_footsteps Chewing_and_mastication Computer_keyboard
395de76a.wav,Chewing_and_mastication Gurgling Bark
395df625.wav,Chewing_and_mastication Sigh Whispering
396d793f.wav,Chewing_and_mastication Computer_keyboard Sigh
39723c0e.wav,Harmonica Gong Marimba_and_xylophone
39768e2a.wav,Sigh Computer_keyboard Child_speech_and_kid_speaking
3987fc79.wav,Gurgling Chewing_and_mastication Gong
398b6fa6.wav,Bark Computer_keyboard Writing
399732ec.wav,Sigh Harmonica Hi-hat
39a8ac5c.wav,Chewing_and_mastication Computer_keyboard Keys_jangling
39b6cc75.wav,Gong Marimba_and_xylophone Glockenspiel
39bbcabd.wav,Skateboard Crackle Mechanical_fan
39c1f2fd.wav,Hi-hat Shatter Keys_jangling
39d1b554.wav,Computer_keyboard Tick-tock Whispering
39e1b8cc.wav,Computer_keyboard Crackle Chewing_and_mastication
39e2f767.wav,Finger_snapping Knock Bark
39e35f03.wav,Run Bathtub_(filling_or_washing) Computer_keyboard
39eb6dd5.wav,Gong Sigh Computer_keyboard
39f19344.wav,Gong Female_singing Marimba_and_xylophone
3a2353bb.wav,Bass_guitar Sigh Gong
3a28e28a.wav,Motorcycle Keys_jangling Accelerating_and_revving_and_vroom
3a2a4822.wav,Sigh Buzz Finger_snapping
3a3e4b29.wav,Male_singing Bass_guitar Skateboard
3a49d5ed.wav,Bass_guitar Gurgling Shatter
3a4cf709.wav,Chirp_and_tweet Screaming Sigh
3a5e6dde.wav,Keys_jangling Shatter Hi-hat
3a66e3df.wav,Hi-hat Chewing_and_mastication Crackle
3a87c628.wav,Meow Chirp_and_tweet Squeak
3a885c38.wav,Motorcycle Mechanical_fan Keys_jangling
3a8b9afe.wav,Marimba_and_xylophone Glockenspiel Harmonica
3aa5b432.wav,Applause Crackle Skateboard
3ac609e1.wav,Keys_jangling Bus Mechanical_fan
3acbee34.wav,Sigh Chirp_and_tweet Squeak
3adfb8f0.wav,Hiss Crackle Raindrop
3ae08e83.wav,Hiss Fill_(with_liquid) Skateboard
3ae0ea8b.wav,Walk_and_footsteps Computer_keyboard Keys_jangling
3b0a3361.wav,Cheering Applause Crowd
3b0b13f4.wav,Finger_snapping Sigh Whispering
3b13f6a1.wav,Stream Skateboard Run
3b23ed90.wav,Female_speech_and_woman_speaking Tick-tock Bark
3b252939.wav,Computer_keyboard Bark Sigh
3b277890.wav,Bark Computer_keyboard Walk_and_footsteps
3b382171.wav,Computer_keyboard Sigh Bark
3b3c2c67.wav,Sigh Chewing_and_mastication Computer_keyboard
3b75b456.wav,Skateboard Race_car_and_auto_racing Applause
3b7c7f94.wav,Walk_and_footsteps Computer_keyboard Chewing_and_mastication
3bb6024f.wav,Skateboard Applause Run
3bb7c24d.wav,Chewing_and_mastication Computer_keyboard Sigh
3bb9a722.wav,Gong Bass_guitar Buzz
3bda5fb0.wav,Mechanical_fan Meow Microwave_oven
3bfcab18.wav,Bass_guitar Acoustic_guitar Sigh
3c0370c8.wav,Gong Bass_guitar Keys_jangling
3c1b9399.wav,Skateboard Tap Hi-hat
3c20c95f.wav,Walk_and_footsteps Chewing_and_mastication Computer_keyboard
3c216393.wav,Sigh Hi-hat Squeak
3c244ade.wav,Drip Chewing_and_mastication Bathtub_(filling_or_washing)
3c348e5c.wav,Walk_and_footsteps Scissors Computer_keyboard
3c35237b.wav,Keys_jangling Computer_keyboard Walk_and_footsteps
3c40f472.wav,Child_speech_and_kid_speaking Sneeze Female_speech_and_woman_speaking
3c525c1f.wav,Computer_keyboard Crackle Sigh
3c590143.wav,Chewing_and_mastication Squeak Bark
3c90b11b.wav,Computer_keyboard Finger_snapping Sigh
3c95067e.wav,Walk_and_footsteps Chewing_and_mastication Finger_snapping
3ca6b1a3.wav,Hi-hat Computer_keyboard Shatter
3caf1f70.wav,Chewing_and_mastication Walk_and_footsteps Computer_keyboard
3cc51361.wav,Chewing_and_mastication Gurgling Gasp
3cd30520.wav,Gurgling Chewing_and_mastication Drip
3ce0dcd0.wav,Hi-hat Bass_guitar Gong
3ce9fd74.wav,Run Screaming Bicycle_bell
3cfeb0cd.wav,Bark Crackle Squeak
3d07c63a.wav,Car_passing_by Bus Motorcycle
3d0beb6f.wav,Computer_keyboard Sigh Whispering
3d0dca90.wav,Drawer_open_or_close Applause Cupboard_open_or_close
3d1d3f2b.wav,Applause Race_car_and_auto_racing Cheering
3d27f415.wav,Glockenspiel Marimba_and_xylophone Harmonica
3d287b47.wav,Keys_jangling Gong Bass_guitar
3d4e1dea.wav,Sigh Computer_keyboard Whispering
3d58d893.wav,Skateboard Run Trickle_and_dribble
3d5f899d.wav,Gong Bark Computer_keyboard
3d633399.wav,Bass_guitar Bass_drum Electric_guitar
3d7309d7.wav,Crackle Trickle_and_dribble Scissors
3d921767.wav,Gong Bass_guitar Marimba_and_xylophone
3d9a715d.wav,Bathtub_(filling_or_washing) Scissors Trickle_and_dribble
3db04d3f.wav,Bass_guitar Gong Sigh
3db44f6c.wav,Female_singing Screaming Sigh
3ddb4122.wav,Chirp_and_tweet Sigh Crackle
3dedbba9.wav,Finger_snapping Bark Sigh
3df2fc0e.wav,Gong Keys_jangling Bass_guitar
3df5c540.wav,Chewing_and_mastication Tick-tock Computer_keyboard
3e230352.wav,Screaming Crowd Toilet_flush
3e3a6910.wav,Bass_guitar Sigh Hi-hat
3e4755ba.wav,Gurgling Gong Bass_guitar
3e52f857.wav,Sigh Whispering Sneeze
3e5ce660.wav,Keys_jangling Writing Meow
3e656c6e.wav,Computer_keyboard Finger_snapping Tick-tock
3e65a00d.wav,Applause Cheering Slam
3e691b83.wav,Bass_guitar Motorcycle Sigh
3e7889ed.wav,Sigh Computer_keyboard Acoustic_guitar
3e83500f.wav,Walk_and_footsteps Computer_keyboard Chewing_and_mastication
3e9967cf.wav,Keys_jangling Computer_keyboard Skateboard
3ebaff6d.wav,Accelerating_and_revving_and_vroom Car_passing_by Motorcycle
3ecc19c5.wav,Gurgling Skateboard Chewing_and_mastication
3ed6c2b5.wav,Gurgling Bark Chewing_and_mastication
3efc0912.wav,Clapping Harmonica Accordion
3f0f92ff.wav,Computer_keyboard Bark Sigh
3f15fd07.wav,Chewing_and_mastication Computer_keyboard Drip
3f16d9f3.wav,Harmonica Glockenspiel Screaming
3f19e53c.wav,Accelerating_and_revving_and_vroom Motorcycle Bus
3f1ca1bb.wav,Gurgling Gong Computer_keyboard
3f29038e.wav,Sigh Computer_keyboard Sneeze
3f2dbd00.wav,Finger_snapping Shatter Sigh
3f4f4808.wav,Skateboard Printer Waves_and_surf
3f53a02f.wav,Bark Skateboard Drawer_open_or_close
3f7043d9.wav,Computer_keyboard Writing Tick-tock
3f80cc56.wav,Sigh Chewing_and_mastication Gasp
3f96494a.wav,Walk_and_footsteps Crackle Computer_keyboard
3faf10be.wav,Skateboard Run Bus
3fd4d55a.wav,Bus Car_passing_by Accelerating_and_revving_and_vroom
400ff09d.wav,Toilet_flush Gurgling Drip
402e2d1b.wav,Computer_keyboard Sigh Finger_snapping
4030a4f2.wav,Computer_keyboard Chewing_and_mastication Sigh
4034f327.wav,Run Bicycle_bell Tap
4037cd65.wav,Child_speech_and_kid_speaking Squeak Cricket
4040f015.wav,Computer_keyboard Sigh Walk_and_footsteps
40449ca7.wav,Cricket Frying_(food) Bathtub_(filling_or_washing)
404b54c0.wav,Walk_and_footsteps Crackle Keys_jangling
404fb677.wav,Microwave_oven Meow Bus
4053b801.wav,Sigh Buzz Chirp_and_tweet
405c66af.wav,Crackle Mechanical_fan Sigh
406306b6.wav,Gong Acoustic_guitar Marimba_and_xylophone
406a1cc1.wav,Chewing_and_mastication Gurgling Purr
406ade5e.wav,Keys_jangling Shatter Hi-hat
4093913f.wav,Run Trickle_and_dribble Female_speech_and_woman_speaking
40957335.wav,Sigh Whispering Walk_and_footsteps
4098028d.wav,Chewing_and_mastication Gurgling Drip
40afd1b3.wav,Sigh Computer_keyboard Finger_snapping
40c1ed87.wav,Shatter Buzz Sigh
40c50046.wav,Computer_keyboard Chewing_and_mastication Walk_and_footsteps
40d0726d.wav,Bus Waves_and_surf Mechanical_fan
40dd1274.wav,Female_singing Harmonica Bathtub_(filling_or_washing)
40e25750.wav,Burping_and_eructation Female_singing Toilet_flush
410837eb.wav,Sigh Walk_and_footsteps Keys_jangling
410c2138.wav,Chirp_and_tweet Hi-hat Drip
411993fd.wav,Buzz Bus Sigh
413b5427.wav,Glockenspiel Harmonica Sigh
41522a65.wav,Chirp_and_tweet Sigh Buzz
415f4c8f.wav,Sigh Drip Chirp_and_tweet
41759973.wav,Mechanical_fan Raindrop Motorcycle
419271cc.wav,Computer_keyboard Bicycle_bell Sigh
4195cb1a.wav,Harmonica Sigh Female_singing
41af688a.wav,Computer_keyboard Walk_and_footsteps Crackle
41c60bba.wav,Sigh Computer_keyboard Chewing_and_mastication
41cfee6d.wav,Glockenspiel Harmonica Marimba_and_xylophone
41f16193.wav,Bark Chewing_and_mastication Burping_and_eructation
41f1ea4a.wav,Church_bell Female_speech_and_woman_speaking Gong
41f86bc4.wav,Skateboard Gurgling Bathtub_(filling_or_washing)
4215309a.wav,Computer_keyboard Gurgling Gong
4248d196.wav,Applause Slam Crowd
42542036.wav,Tap Hiss Clapping
