fname,label
000ccb97.wav,Bicycle_bell Cutlery_and_silverware Shatter
0012633b.wav,Buzz Motorcycle Accelerating_and_revving_and_vroom
001ed5f1.wav,Microwave_oven Shatter Drawer_open_or_close
00294be0.wav,Purr Zipper_(clothing) Crackle
003fde7a.wav,Bicycle_bell Chirp_and_tweet Hiss
0040ccc9.wav,Electric_guitar Cupboard_open_or_close Buzz
0046b732.wav,Whispering Meow Child_speech_and_kid_speaking
004f3bbc.wav,Bass_guitar Gong Accelerating_and_revving_and_vroom
00526050.wav,Tap Finger_snapping Bass_drum
00559da4.wav,Writing Zipper_(clothing) Scissors
00582bbe.wav,Knock Tap Run
0064aedf.wav,Drawer_open_or_close Run Knock
0065512b.wav,Waves_and_surf Zipper_(clothing) Drawer_open_or_close
006a91d2.wav,Stream Waves_and_surf Traffic_noise_and_roadway_noise
006ea9ee.wav,Church_bell Gong Acoustic_guitar
006f9dca.wav,Frying_(food) Bathtub_(filling_or_washing) Stream
007450dc.wav,Screaming Meow Harmonica
00979c8a.wav,Purr Zipper_(clothing) Crackle
00992464.wav,Bathtub_(filling_or_washing) Trickle_and_dribble Fill_(with_liquid)
00b44a8a.wav,Shatter Cutlery_and_silverware Keys_jangling
00bfaaaf.wav,Screaming Gasp Harmonica
00cf9680.wav,Hiss Bathtub_(filling_or_washing) Scissors
00eae94d.wav,Shatter Bicycle_bell Frying_(food)
011ec5b8.wav,Drawer_open_or_close Slam Microwave_oven
013200dc.wav,Crackle Fart Chewing_and_mastication
01440c2e.wav,Harmonica Accordion Traffic_noise_and_roadway_noise
01567a3d.wav,Microwave_oven Slam Tick-tock
0163d203.wav,Purr Accelerating_and_revving_and_vroom Knock
017c24b2.wav,Meow Screaming Harmonica
01a992c5.wav,Cricket Hiss Bicycle_bell
01b1d976.wav,Finger_snapping Scissors Tap
01c1c371.wav,Whispering Sneeze Meow
01cf8354.wav,Burping_and_eructation Male_speech_and_man_speaking Skateboard
01d2c640.wav,Writing Run Computer_keyboard
01d69423.wav,Run Tap Knock
01e9170b.wav,Harmonica Accordion Meow
01f2901a.wav,Frying_(food) Trickle_and_dribble Crackle
020b1fdf.wav,Bus Car_passing_by Gong
021457df.wav,Crackle Scissors Finger_snapping
02173589.wav,Screaming Race_car_and_auto_racing Female_singing
021ac082.wav,Stream Toilet_flush Waves_and_surf
02200884.wav,Scissors Keys_jangling Raindrop
02213278.wav,Scissors Finger_snapping Shatter
022e3b2c.wav,Writing Chewing_and_mastication Scissors
023081f2.wav,Glockenspiel Marimba_and_xylophone Bicycle_bell
02596541.wav,Glockenspiel Marimba_and_xylophone Bicycle_bell
0289b79b.wav,Buzz Cricket Hiss
028cf9db.wav,Female_singing Bark Church_bell
028d26f7.wav,Shatter Cutlery_and_silverware Chink_and_clink
02ab2a72.wav,Toilet_flush Waves_and_surf Bus
02c02ec1.wav,Church_bell Traffic_noise_and_roadway_noise Harmonica
02ce28a1.wav,Car_passing_by Traffic_noise_and_roadway_noise Mechanical_fan
02d01f40.wav,Keys_jangling Scissors Cutlery_and_silverware
02da7457.wav,Frying_(food) Crackle Trickle_and_dribble
02e17633.wav,Drawer_open_or_close Slam Toilet_flush
02e8059d.wav,Bass_guitar Bass_drum Crackle
02f71319.wav,Hi-hat Gong Marimba_and_xylophone
03090fb0.wav,Microwave_oven Meow Marimba_and_xylophone
03162c23.wav,Motorcycle Bus Church_bell
032f518c.wav,Electric_guitar Buzz Sigh
03300fcb.wav,Marimba_and_xylophone Gong Bass_guitar
035dd895.wav,Toilet_flush Waves_and_surf Stream
03754ab4.wav,Toilet_flush Frying_(food) Bathtub_(filling_or_washing)
037b47c4.wav,Bark Gasp Sneeze
03887635.wav,Raindrop Tick-tock Chink_and_clink
03931594.wav,Zipper_(clothing) Male_speech_and_man_speaking Squeak
039d2821.wav,Male_speech_and_man_speaking Female_speech_and_woman_speaking Male_singing
03a47c4a.wav,Hiss Bicycle_bell Bathtub_(filling_or_washing)
03b80975.wav,Toilet_flush Waves_and_surf Stream
03c5e8d0.wav,Bass_drum Electric_guitar Bass_guitar
03fe2971.wav,Tap Clapping Marimba_and_xylophone
04008bb5.wav,Bicycle_bell Shatter Chink_and_clink
040c5c0c.wav,Writing Printer Male_speech_and_man_speaking
041cff59.wav,Printer Slam Drawer_open_or_close
042b07a4.wav,Church_bell Bark Female_singing
042b542f.wav,Buzz Electric_guitar Motorcycle
04308d8d.wav,Burping_and_eructation Skateboard Fill_(with_liquid)
04355ea8.wav,Female_speech_and_woman_speaking Child_speech_and_kid_speaking Male_speech_and_man_speaking
0442a617.wav,Meow Screaming Harmonica
0443f812.wav,Shatter Clapping Chink_and_clink
04441d5b.wav,Drawer_open_or_close Cupboard_open_or_close Slam
0453bb71.wav,Church_bell Buzz Accordion
04702c1c.wav,Sigh Gasp Child_speech_and_kid_speaking
047ba0e1.wav,Keys_jangling Scissors Chewing_and_mastication
04877d29.wav,Car_passing_by Gong Church_bell
048c3418.wav,Skateboard Run Walk_and_footsteps
04a5c9eb.wav,Bus Buzz Race_car_and_auto_racing
04ad8e52.wav,Frying_(food) Stream Hiss
04af82d9.wav,Shatter Chink_and_clink Bicycle_bell
04b1558a.wav,Trickle_and_dribble Bathtub_(filling_or_washing) Fill_(with_liquid)
04de7b9a.wav,Crackle Keys_jangling Chewing_and_mastication
04e8bf2a.wav,Drawer_open_or_close Walk_and_footsteps Slam
04f004fe.wav,Run Walk_and_footsteps Tap
04f48f10.wav,Marimba_and_xylophone Knock Tap
0506eee8.wav,Gong Church_bell Car_passing_by
050eb97f.wav,Traffic_noise_and_roadway_noise Female_singing Gasp
051bda9a.wav,Knock Run Printer
057a3c2e.wav,Zipper_(clothing) Chewing_and_mastication Writing
057c13c8.wav,Church_bell Toilet_flush Race_car_and_auto_racing
058a4a79.wav,Zipper_(clothing) Gasp Meow
058ec864.wav,Bicycle_bell Glockenspiel Marimba_and_xylophone
05af19b1.wav,Church_bell Harmonica Male_singing
05c881c4.wav,Hiss Bathtub_(filling_or_washing) Frying_(food)
05d775e9.wav,Hiss Toilet_flush Stream
05dae80d.wav,Printer Drawer_open_or_close Knock
05e34a55.wav,Frying_(food) Bathtub_(filling_or_washing) Stream
05edaa47.wav,Zipper_(clothing) Sneeze Whispering
060b802f.wav,Yell Harmonica Child_speech_and_kid_speaking
060d2d47.wav,Computer_keyboard Slam Drawer_open_or_close
062e94dd.wav,Marimba_and_xylophone Church_bell Gong
06345241.wav,Screaming Meow Yell
0648b115.wav,Gasp Sneeze Whispering
06526954.wav,Drawer_open_or_close Writing Zipper_(clothing)
065b49ec.wav,Sigh Buzz Whispering
06604d51.wav,Sneeze Child_speech_and_kid_speaking Yell
068b717f.wav,Female_singing Zipper_(clothing) Whispering
069b2f91.wav,Motorcycle Burping_and_eructation Male_singing
069f3ce5.wav,Child_speech_and_kid_speaking Sneeze Female_singing
06a23eb9.wav,Sigh Traffic_noise_and_roadway_noise Clapping
06c34152.wav,Waves_and_surf Toilet_flush Motorcycle
06feb5cf.wav,Motorcycle Gong Accelerating_and_revving_and_vroom
0718ce8d.wav,Run Chewing_and_mastication Waves_and_surf
07295dd0.wav,Bass_drum Knock Tap
072ee4b2.wav,Chewing_and_mastication Crackle Keys_jangling
074cbe2b.wav,Meow Microwave_oven Chirp_and_tweet
07502956.wav,Finger_snapping Crackle Shatter
07603ad3.wav,Bus Car_passing_by Mechanical_fan
07670752.wav,Frying_(food) Crackle Trickle_and_dribble
077f270d.wav,Marimba_and_xylophone Chink_and_clink Glockenspiel
0782d022.wav,Screaming Meow Sneeze
078464b8.wav,Hiss Bathtub_(filling_or_washing) Bicycle_bell
07a82fbe.wav,Knock Tap Run
07bca33c.wav,Cutlery_and_silverware Chink_and_clink Hi-hat
07da8ebf.wav,Harmonica Screaming Female_singing
07dff283.wav,Drawer_open_or_close Walk_and_footsteps Run
07f965a0.wav,Stream Toilet_flush Waves_and_surf
07fa6e7e.wav,Burping_and_eructation Cutlery_and_silverware Skateboard
08087580.wav,Stream Trickle_and_dribble Fill_(with_liquid)
0814db2b.wav,Harmonica Accordion Gong
0815543c.wav,Fart Burping_and_eructation Zipper_(clothing)
081d6520.wav,Keys_jangling Chirp_and_tweet Hiss
081f2b5a.wav,Bass_guitar Zipper_(clothing) Motorcycle
0824bbdb.wav,Bicycle_bell Shatter Cutlery_and_silverware
08272d1c.wav,Mechanical_fan Cricket Frying_(food)
08278440.wav,Burping_and_eructation Skateboard Fart
0837e041.wav,Gasp Child_speech_and_kid_speaking Zipper_(clothing)
08390e01.wav,Frying_(food) Bathtub_(filling_or_washing) Cricket
083cc652.wav,Female_singing Gasp Male_singing
08458ab2.wav,Crackle Purr Zipper_(clothing)
0849057f.wav,Female_speech_and_woman_speaking Male_speech_and_man_speaking Female_singing
084e5784.wav,Male_speech_and_man_speaking Sigh Electric_guitar
085f174a.wav,Hiss Shatter Hi-hat
0865816c.wav,Tap Knock Run
086ce4a5.wav,Church_bell Traffic_noise_and_roadway_noise Screaming
086ebb95.wav,Bus Mechanical_fan Microwave_oven
08810dd4.wav,Computer_keyboard Run Walk_and_footsteps
08b06642.wav,Screaming Harmonica Gasp
08b2d04c.wav,Child_speech_and_kid_speaking Female_singing Accordion
08bc3e2d.wav,Clapping Tap Knock
08d46566.wav,Keys_jangling Scissors Chewing_and_mastication
08d4acca.wav,Bass_guitar Gong Church_bell
08d5d316.wav,Waves_and_surf Stream Traffic_noise_and_roadway_noise
08dfe75d.wav,Knock Cupboard_open_or_close Tap
08eb3a69.wav,Zipper_(clothing) Chewing_and_mastication Gurgling
08f36895.wav,Skateboard Walk_and_footsteps Run
08facc12.wav,Tick-tock Keys_jangling Microwave_oven
090cc523.wav,Trickle_and_dribble Fill_(with_liquid) Bathtub_(filling_or_washing)
091fa206.wav,Burping_and_eructation Fart Marimba_and_xylophone
092d8e54.wav,Run Crackle Tap
094761b8.wav,Gong Church_bell Female_singing
0963270d.wav,Writing Computer_keyboard Run
0992b95a.wav,Purr Crackle Zipper_(clothing)
0997968e.wav,Waves_and_surf Toilet_flush Stream
09a67356.wav,Motorcycle Car_passing_by Purr
09d085e3.wav,Bus Church_bell Traffic_noise_and_roadway_noise
0a31c905.wav,Stream Toilet_flush Waves_and_surf
0a3c2351.wav,Microwave_oven Meow Bicycle_bell
0a4d3800.wav,Purr Crackle Zipper_(clothing)
0a4ff0fb.wav,Sneeze Hiss Zipper_(clothing)
0a56e261.wav,Marimba_and_xylophone Chink_and_clink Gong
0a64010f.wav,Meow Child_speech_and_kid_speaking Screaming
0a683136.wav,Accelerating_and_revving_and_vroom Gong Motorcycle
0a6e6889.wav,Gong Church_bell Marimba_and_xylophone
0a8e1630.wav,Crackle Purr Tap
0a950c32.wav,Church_bell Gong Buzz
0aee7a2a.wav,Stream Hiss Frying_(food)
0af7446d.wav,Microwave_oven Bicycle_bell Meow
0b1503e8.wav,Shatter Chink_and_clink Hi-hat
0b33d746.wav,Church_bell Screaming Traffic_noise_and_roadway_noise
0b4819f1.wav,Tick-tock Microwave_oven Printer
0b5c6535.wav,Scissors Hiss Chewing_and_mastication
0b73077e.wav,Female_singing Bark Harmonica
0b9e93e6.wav,Writing Chewing_and_mastication Run
0ba7fe6b.wav,Bass_drum Bass_guitar Cupboard_open_or_close
0bacb61b.wav,Bicycle_bell Hiss Hi-hat
0bb86b6c.wav,Burping_and_eructation Skateboard Cutlery_and_silverware
0bbe8308.wav,Clapping Knock Tap
0bc36580.wav,Bark Screaming Sigh
0bc7822a.wav,Scissors Chewing_and_mastication Keys_jangling
0bdcdfba.wav,Tick-tock Printer Microwave_oven
0bec3f54.wav,Marimba_and_xylophone Gong Bass_guitar
0c151ad3.wav,Car_passing_by Traffic_noise_and_roadway_noise Waves_and_surf
0c16f612.wav,Harmonica Meow Traffic_noise_and_roadway_noise
0c32d940.wav,Female_singing Child_speech_and_kid_speaking Male_singing
0c390f3c.wav,Burping_and_eructation Fart Skateboard
0c3b2573.wav,Run Walk_and_footsteps Tap
0c5ba768.wav,Finger_snapping Scissors Clapping
0c698ef7.wav,Hiss Bathtub_(filling_or_washing) Scissors
0c8d9148.wav,Finger_snapping Scissors Crackle
0c8def18.wav,Microwave_oven Bus Mechanical_fan
0c949702.wav,Hiss Printer Frying_(food)
0cb33d03.wav,Hiss Whispering Shatter
0cb4cde3.wav,Tick-tock Printer Drawer_open_or_close
0cdddb37.wav,Hiss Waves_and_surf Buzz
0ce84f9b.wav,Bus Microwave_oven Mechanical_fan
0cfe3f96.wav,Skateboard Raindrop Tick-tock
0d000cd7.wav,Bark Sneeze Gasp
0d1b11e0.wav,Gasp Sigh Accordion
0d2230eb.wav,Cricket Chirp_and_tweet Hiss
0d2707f4.wav,Glockenspiel Marimba_and_xylophone Bicycle_bell
0d34341d.wav,Microwave_oven Printer Bus
0d3dc96c.wav,Printer Cricket Whispering
0d507c20.wav,Church_bell Harmonica Traffic_noise_and_roadway_noise
0d540ee1.wav,Computer_keyboard Chewing_and_mastication Keys_jangling
0d5516ef.wav,Meow Chirp_and_tweet Bicycle_bell
0d6564bb.wav,Female_singing Child_speech_and_kid_speaking Male_singing
0d673a8c.wav,Sigh Electric_guitar Gong
0d74277e.wav,Waves_and_surf Toilet_flush Bus
0d8d7af9.wav,Clapping Tap Computer_keyboard
0d8e2166.wav,Scissors Bathtub_(filling_or_washing) Shatter
0d8f3f54.wav,Bass_drum Cupboard_open_or_close Tap
0d9caeeb.wav,Waves_and_surf Motorcycle Accelerating_and_revving_and_vroom
0da3d582.wav,Writing Whispering Zipper_(clothing)
0dc06757.wav,Meow Female_singing Child_speech_and_kid_speaking
0dc813d8.wav,Crackle Keys_jangling Chewing_and_mastication
0dce3e5f.wav,Computer_keyboard Trickle_and_dribble Stream
0dcf1534.wav,Mechanical_fan Car_passing_by Traffic_noise_and_roadway_noise
0dda644b.wav,Bathtub_(filling_or_washing) Fill_(with_liquid) Toilet_flush
0ddd0393.wav,Slam Cupboard_open_or_close Drawer_open_or_close
0de2a4b2.wav,Male_speech_and_man_speaking Female_speech_and_woman_speaking Male_singing
0de4fc92.wav,Church_bell Gong Race_car_and_auto_racing
0df1484c.wav,Zipper_(clothing) Bass_guitar Motorcycle
0e18c7d2.wav,Bicycle_bell Hiss Meow
0e3e2590.wav,Church_bell Tick-tock Printer
0e4be6a4.wav,Gong Race_car_and_auto_racing Male_singing
0e6552c7.wav,Crackle Tap Frying_(food)
0e70a285.wav,Hiss Bathtub_(filling_or_washing) Scissors
0e7f5c7e.wav,Toilet_flush Waves_and_surf Stream
0e9e941b.wav,Skateboard Fill_(with_liquid) Gurgling
0ea99bf4.wav,Screaming Harmonica Sneeze
0eaf6d60.wav,Gasp Zipper_(clothing) Sigh
0ec7e315.wav,Mechanical_fan Bass_guitar Gong
0ed20fe2.wav,Waves_and_surf Stream Toilet_flush
0ee80cb7.wav,Female_speech_and_woman_speaking Female_singing Male_singing
0ef6fb07.wav,Shatter Keys_jangling Cutlery_and_silverware
0f07f15f.wav,Crackle Finger_snapping Scissors
0f08a4c8.wav,Meow Zipper_(clothing) Child_speech_and_kid_speaking
0f096853.wav,Bus Mechanical_fan Motorcycle
0f1ab7b0.wav,Crackle Tap Finger_snapping
0f3fe29d.wav,Stream Toilet_flush Waves_and_surf
0f50ef2b.wav,Waves_and_surf Toilet_flush Hiss
0f61907d.wav,Electric_guitar Bass_guitar Marimba_and_xylophone
0f663341.wav,Gurgling Run Walk_and_footsteps
0f81d5bc.wav,Keys_jangling Computer_keyboard Scissors
0faf5b2e.wav,Gong Microwave_oven Church_bell
0fc07a52.wav,Keys_jangling Chewing_and_mastication Scissors
0fc6a683.wav,Frying_(food) Stream Bathtub_(filling_or_washing)
0fccb2e5.wav,Hiss Shatter Cutlery_and_silverware
0fd91890.wav,Computer_keyboard Cupboard_open_or_close Skateboard
0fdb30c1.wav,Drawer_open_or_close Knock Run
0fed6565.wav,Toilet_flush Frying_(food) Hiss
0ff0e483.wav,Child_speech_and_kid_speaking Yell Sneeze
0fffc208.wav,Clapping Marimba_and_xylophone Knock
100e123a.wav,Church_bell Traffic_noise_and_roadway_noise Toilet_flush
100faf3f.wav,Cricket Chirp_and_tweet Printer
101b2011.wav,Finger_snapping Scissors Shatter
10234fef.wav,Bass_drum Cupboard_open_or_close Knock
10236f0e.wav,Fart Male_speech_and_man_speaking Cupboard_open_or_close
102fb14f.wav,Bass_guitar Gong Accelerating_and_revving_and_vroom
1052e52b.wav,Burping_and_eructation Fill_(with_liquid) Gurgling
105460cd.wav,Race_car_and_auto_racing Skateboard Gong
10678d21.wav,Shatter Keys_jangling Cutlery_and_silverware
107f3deb.wav,Drawer_open_or_close Computer_keyboard Raindrop
10811159.wav,Clapping Tap Knock
10a1aa40.wav,Zipper_(clothing) Motorcycle Accelerating_and_revving_and_vroom
10a7b8f3.wav,Glockenspiel Marimba_and_xylophone Harmonica
10acf1b6.wav,Hiss Stream Frying_(food)
10c170b1.wav,Shatter Keys_jangling Hiss
10d026e9.wav,Knock Bass_drum Tap
10d94568.wav,Zipper_(clothing) Squeak Male_speech_and_man_speaking
10e6a6ac.wav,Hiss Hi-hat Shatter
10e6db66.wav,Burping_and_eructation Fart Cupboard_open_or_close
10e92421.wav,Marimba_and_xylophone Printer Tick-tock
10f58e51.wav,Electric_guitar Church_bell Buzz
11071bad.wav,Microwave_oven Marimba_and_xylophone Chink_and_clink
111f9431.wav,Toilet_flush Waves_and_surf Stream
112bdb70.wav,Bicycle_bell Marimba_and_xylophone Chink_and_clink
113290e8.wav,Writing Whispering Shatter
1142def0.wav,Bicycle_bell Shatter Frying_(food)
1147c12b.wav,Microwave_oven Chirp_and_tweet Screaming
1158e587.wav,Keys_jangling Cutlery_and_silverware Shatter
11641eb8.wav,Skateboard Trickle_and_dribble Clapping
1167b492.wav,Knock Tap Run
1172c5fb.wav,Church_bell Bus Buzz
117358df.wav,Crackle Hiss Zipper_(clothing)
1175ac74.wav,Shatter Cupboard_open_or_close Keys_jangling
11b6c488.wav,Frying_(food) Stream Trickle_and_dribble
11cc8bcb.wav,Chewing_and_mastication Run Gurgling
12264142.wav,Male_speech_and_man_speaking Whispering Sneeze
1226b0e0.wav,Run Tap Knock
1247b7e3.wav,Glockenspiel Bicycle_bell Marimba_and_xylophone
124a286f.wav,Tick-tock Scissors Cutlery_and_silverware
12600be5.wav,Zipper_(clothing) Waves_and_surf Drawer_open_or_close
12689530.wav,Accordion Harmonica Gasp
126b674b.wav,Fill_(with_liquid) Trickle_and_dribble Stream
127adb78.wav,Female_singing Child_speech_and_kid_speaking Female_speech_and_woman_speaking
12849e29.wav,Male_speech_and_man_speaking Fart Zipper_(clothing)
128a67de.wav,Finger_snapping Tap Shatter
12bcd3ec.wav,Run Walk_and_footsteps Writing
12d3e91f.wav,Fart Zipper_(clothing) Male_speech_and_man_speaking
12d8c07f.wav,Accelerating_and_revving_and_vroom Car_passing_by Bus
12ddf239.wav,Waves_and_surf Motorcycle Toilet_flush
12df81e8.wav,Chewing_and_mastication Crackle Run
12ee0010.wav,Bathtub_(filling_or_washing) Frying_(food) Shatter
12fe33b6.wav,Printer Writing Tick-tock
130e4d2f.wav,Burping_and_eructation Skateboard Fill_(with_liquid)
13237edd.wav,Bicycle_bell Chink_and_clink Shatter
134c3fea.wav,Finger_snapping Tap Scissors
134c95a2.wav,Scissors Crackle Finger_snapping
13694181.wav,Cupboard_open_or_close Knock Drawer_open_or_close
13728313.wav,Gong Traffic_noise_and_roadway_noise Car_passing_by
13ae306e.wav,Keys_jangling Cutlery_and_silverware Shatter
13cfa025.wav,Bus Church_bell Microwave_oven
13e3453c.wav,Frying_(food) Bathtub_(filling_or_washing) Hiss
13e84f69.wav,Bicycle_bell Marimba_and_xylophone Hiss
14096fd8.wav,Motorcycle Waves_and_surf Mechanical_fan
142b9865.wav,Bass_drum Writing Hiss
1438cfd0.wav,Marimba_and_xylophone Knock Skateboard
143e6d96.wav,Bicycle_bell Marimba_and_xylophone Meow
14416af5.wav,Sigh Whispering Buzz
1451986d.wav,Electric_guitar Male_singing Accordion
145a10e4.wav,Bicycle_bell Hiss Bathtub_(filling_or_washing)
146c73a3.wav,Gasp Accordion Male_singing
14ab7f13.wav,Drawer_open_or_close Toilet_flush Buzz
14cbc626.wav,Writing Walk_and_footsteps Run
14d22f20.wav,Shatter Keys_jangling Cutlery_and_silverware
14e86cfb.wav,Finger_snapping Shatter Scissors
14fd704c.wav,Bark Sneeze Child_speech_and_kid_speaking
151ea709.wav,Raindrop Chink_and_clink Marimba_and_xylophone
15288481.wav,Church_bell Buzz Bus
152a4e09.wav,Bus Buzz Church_bell
153579d9.wav,Chewing_and_mastication Writing Run
1544427c.wav,Bicycle_bell Shatter Frying_(food)
154696fd.wav,Mechanical_fan Car_passing_by Bus
156bf74f.wav,Hiss Bathtub_(filling_or_washing) Frying_(food)
156c1736.wav,Church_bell Traffic_noise_and_roadway_noise Tick-tock
15776b9c.wav,Chewing_and_mastication Computer_keyboard Run
157dd023.wav,Hi-hat Cutlery_and_silverware Shatter
15849032.wav,Frying_(food) Bathtub_(filling_or_washing) Keys_jangling
15868ee8.wav,Hiss Bathtub_(filling_or_washing) Bicycle_bell
159b8b9b.wav,Toilet_flush Stream Bathtub_(filling_or_washing)
159d2208.wav,Zipper_(clothing) Meow Child_speech_and_kid_speaking
15a78daf.wav,Gurgling Burping_and_eructation Skateboard
15a98fd7.wav,Bass_drum Knock Tap
15b0d4ec.wav,Glockenspiel Bicycle_bell Marimba_and_xylophone
15bcf71d.wav,Bass_guitar Bass_drum Gong
15c34c4f.wav,Crackle Tap Finger_snapping
15e2bcaa.wav,Harmonica Hi-hat Accordion
15e7bb78.wav,Keys_jangling Cutlery_and_silverware Scissors
160105ad.wav,Accordion Church_bell Buzz
1604a3fa.wav,Tap Run Crackle
1606f119.wav,Buzz Knock Electric_guitar
160acbb0.wav,Cricket Chirp_and_tweet Frying_(food)
165fd18a.wav,Skateboard Crackle Motorcycle
166a05c0.wav,Computer_keyboard Run Gurgling
1670b964.wav,Zipper_(clothing) Purr Chewing_and_mastication
167a4f00.wav,Cricket Hiss Buzz
168be388.wav,Meow Child_speech_and_kid_speaking Bus
16b56d33.wav,Keys_jangling Cutlery_and_silverware Shatter
16bc3f60.wav,Keys_jangling Shatter Scissors
16c7da35.wav,Stream Toilet_flush Frying_(food)
16d80f68.wav,Electric_guitar Female_singing Printer
16e17bed.wav,Car_passing_by Traffic_noise_and_roadway_noise Gong
16f7ac14.wav,Drawer_open_or_close Slam Run
16fd3589.wav,Writing Run Chewing_and_mastication
17135192.wav,Bicycle_bell Chirp_and_tweet Hiss
17140de5.wav,Toilet_flush Walk_and_footsteps Bathtub_(filling_or_washing)
171aa36c.wav,Shatter Keys_jangling Cutlery_and_silverware
17361a5c.wav,Stream Toilet_flush Waves_and_surf
1751bb8a.wav,Bathtub_(filling_or_washing) Frying_(food) Scissors
1779b015.wav,Mechanical_fan Bus Electric_guitar
17b6e84f.wav,Writing Run Chewing_and_mastication
17c4b25f.wav,Church_bell Car_passing_by Traffic_noise_and_roadway_noise
17dfb6db.wav,Drawer_open_or_close Slam Microwave_oven
1802421a.wav,Stream Hiss Waves_and_surf
18183321.wav,Car_passing_by Mechanical_fan Traffic_noise_and_roadway_noise
183948d1.wav,Skateboard Run Walk_and_footsteps
183fb536.wav,Male_speech_and_man_speaking Printer Skateboard
1843680b.wav,Clapping Run Tap
184aca02.wav,Frying_(food) Stream Bathtub_(filling_or_washing)
18551bc1.wav,Fart Male_speech_and_man_speaking Female_speech_and_woman_speaking
1859b7f7.wav,Scissors Keys_jangling Tick-tock
1877623e.wav,Skateboard Knock Burping_and_eructation
1889c58d.wav,Bark Sneeze Printer
18929e41.wav,Harmonica Accordion Traffic_noise_and_roadway_noise
1899de05.wav,Computer_keyboard Cupboard_open_or_close Slam
18ace84c.wav,Sneeze Child_speech_and_kid_speaking Female_speech_and_woman_speaking
18be000d.wav,Run Walk_and_footsteps Drawer_open_or_close
18c94757.wav,Hiss Traffic_noise_and_roadway_noise Waves_and_surf
18ea2e9e.wav,Toilet_flush Waves_and_surf Bathtub_(filling_or_washing)
18fda5a4.wav,Church_bell Bus Bark
1904f396.wav,Tick-tock Bark Gurgling
19135157.wav,Zipper_(clothing) Drawer_open_or_close Meow
191adc5f.wav,Female_speech_and_woman_speaking Male_speech_and_man_speaking Yell
19303d26.wav,Bus Race_car_and_auto_racing Microwave_oven
193a6063.wav,Tick-tock Bathtub_(filling_or_washing) Printer
1945b8ca.wav,Printer Electric_guitar Clapping
19508dc0.wav,Motorcycle Car_passing_by Bus
1960e51e.wav,Bathtub_(filling_or_washing) Gurgling Hiss
19754d94.wav,Female_singing Sigh Buzz
197ce5b2.wav,Yell Sneeze Child_speech_and_kid_speaking
199d4d12.wav,Male_speech_and_man_speaking Female_speech_and_woman_speaking Male_singing
19a7dec3.wav,Skateboard Gurgling Chewing_and_mastication
19bb5700.wav,Bus Church_bell Traffic_noise_and_roadway_noise
19c7c900.wav,Screaming Meow Bicycle_bell
19d9401d.wav,Knock Tap Run
19dcb315.wav,Child_speech_and_kid_speaking Female_speech_and_woman_speaking Female_singing
1a068a84.wav,Male_singing Electric_guitar Female_singing
1a0d1b78.wav,Traffic_noise_and_roadway_noise Waves_and_surf Car_passing_by
1a110901.wav,Bathtub_(filling_or_washing) Toilet_flush Frying_(food)
1a1de9b9.wav,Marimba_and_xylophone Glockenspiel Chink_and_clink
1a1def6e.wav,Car_passing_by Waves_and_surf Traffic_noise_and_roadway_noise
1a1edda6.wav,Yell Female_speech_and_woman_speaking Male_speech_and_man_speaking
1a2580e1.wav,Fart Zipper_(clothing) Purr
1a35ded5.wav,Frying_(food) Bathtub_(filling_or_washing) Hiss
1a362723.wav,Screaming Meow Female_singing
1a44ace1.wav,Gong Accelerating_and_revving_and_vroom Motorcycle
1a51eefe.wav,Fill_(with_liquid) Trickle_and_dribble Burping_and_eructation
1a5c4e84.wav,Waves_and_surf Motorcycle Accelerating_and_revving_and_vroom
1a606ef2.wav,Cricket Crackle Frying_(food)
1a6925fa.wav,Keys_jangling Scissors Chewing_and_mastication
1a884f9e.wav,Tick-tock Computer_keyboard Keys_jangling
1abdac69.wav,Computer_keyboard Chewing_and_mastication Crackle
1ac6f6f3.wav,Sigh Gasp Toilet_flush
1acae695.wav,Car_passing_by Traffic_noise_and_roadway_noise Mechanical_fan
1acb3d32.wav,Electric_guitar Male_singing Buzz
1ad7f703.wav,Purr Crackle Zipper_(clothing)
1ae3ca16.wav,Purr Crackle Zipper_(clothing)
1aec75a6.wav,Bass_drum Writing Cupboard_open_or_close
1b0687b2.wav,Zipper_(clothing) Squeak Hiss
1b086eb7.wav,Purr Crackle Zipper_(clothing)
1b0a3884.wav,Sigh Gasp Hiss
1b1d1b2d.wav,Hiss Fart Sigh
1b3ecd82.wav,Bus Church_bell Gong
1b5b6468.wav,Gasp Sneeze Gong
1b5daf72.wav,Sigh Hiss Meow
1b68d94a.wav,Zipper_(clothing) Drawer_open_or_close Toilet_flush
1ba04ecc.wav,Hiss Writing Cutlery_and_silverware
1bc14732.wav,Whispering Meow Chirp_and_tweet
1bcfdfb5.wav,Bass_guitar Bass_drum Buzz
1bd82417.wav,Church_bell Gong Electric_guitar
1be1c727.wav,Drawer_open_or_close Slam Microwave_oven
1bfd4be2.wav,Skateboard Writing Zipper_(clothing)
1c0e284a.wav,Frying_(food) Stream Mechanical_fan
1c0fbe4b.wav,Meow Electric_guitar Microwave_oven
1c1dd720.wav,Female_singing Male_singing Child_speech_and_kid_speaking
1c3bd325.wav,Fill_(with_liquid) Burping_and_eructation Gurgling
1c699cb7.wav,Microwave_oven Bus Gong
1c6d56db.wav,Harmonica Meow Bicycle_bell
1c77cedf.wav,Zipper_(clothing) Crackle Chewing_and_mastication
1c785226.wav,Tap Clapping Computer_keyboard
1c79ca96.wav,Hiss Bathtub_(filling_or_washing) Bicycle_bell
1c8369cf.wav,Zipper_(clothing) Male_speech_and_man_speaking Chewing_and_mastication
1c983e19.wav,Writing Drawer_open_or_close Run
1c9e3f10.wav,Bass_drum Tap Knock
1cc5b5f7.wav,Crackle Run Tap
1cd55ad6.wav,Waves_and_surf Stream Bus
1cf8379b.wav,Bicycle_bell Hiss Frying_(food)
1d11b910.wav,Frying_(food) Bathtub_(filling_or_washing) Trickle_and_dribble
1d1778c4.wav,Bass_drum Cupboard_open_or_close Bass_guitar
1d1863a4.wav,Microwave_oven Traffic_noise_and_roadway_noise Bus
1d2459ce.wav,Harmonica Yell Screaming
1d279116.wav,Toilet_flush Hiss Sneeze
1d33f8e1.wav,Bicycle_bell Shatter Finger_snapping
1d4ae8ab.wav,Crackle Finger_snapping Shatter
1d58040b.wav,Meow Child_speech_and_kid_speaking Screaming
1d6f2b16.wav,Female_singing Female_speech_and_woman_speaking Child_speech_and_kid_speaking
1d7d2a17.wav,Buzz Bus Printer
1db41feb.wav,Harmonica Screaming Church_bell
1dbcd4ba.wav,Stream Computer_keyboard Trickle_and_dribble
1dc3166b.wav,Fart Burping_and_eructation Male_speech_and_man_speaking
1dc417cd.wav,Zipper_(clothing) Chewing_and_mastication Writing
1dcc4dd4.wav,Microwave_oven Bus Gong
1de84153.wav,Microwave_oven Bus Mechanical_fan
1ded5864.wav,Knock Buzz Purr
1def6435.wav,Zipper_(clothing) Walk_and_footsteps Male_speech_and_man_speaking
1dfa910d.wav,Bicycle_bell Hiss Marimba_and_xylophone
1e0b81a9.wav,Electric_guitar Marimba_and_xylophone Male_singing
1e1a72d5.wav,Meow Traffic_noise_and_roadway_noise Bus
1e1e674a.wav,Bathtub_(filling_or_washing) Frying_(food) Shatter
1e3763ba.wav,Meow Harmonica Squeak
1e3cd2f0.wav,Female_speech_and_woman_speaking Male_speech_and_man_speaking Child_speech_and_kid_speaking
1e6572de.wav,Harmonica Accordion Traffic_noise_and_roadway_noise
1e6e9131.wav,Male_singing Male_speech_and_man_speaking Zipper_(clothing)
1e6fe316.wav,Waves_and_surf Toilet_flush Stream
1e7b59a7.wav,Child_speech_and_kid_speaking Gasp Sigh
1e8a965c.wav,Mechanical_fan Waves_and_surf Motorcycle
1e8fe3d2.wav,Child_speech_and_kid_speaking Female_singing Chewing_and_mastication
1ea533ec.wav,Bass_guitar Marimba_and_xylophone Gong
1eac92a1.wav,Glockenspiel Marimba_and_xylophone Harmonica
1ec2f60d.wav,Writing Run Chewing_and_mastication
1eda3d26.wav,Church_bell Screaming Female_singing
1f27827e.wav,Harmonica Accordion Meow
1f293888.wav,Bass_drum Cupboard_open_or_close Knock
1f3d2f22.wav,Toilet_flush Stream Waves_and_surf
1f52baf2.wav,Cutlery_and_silverware Shatter Bicycle_bell
1f58cc84.wav,Male_singing Female_singing Child_speech_and_kid_speaking
1f63c45e.wav,Fart Zipper_(clothing) Cupboard_open_or_close
1f85a5c7.wav,Sneeze Bark Zipper_(clothing)
1f9c1f3e.wav,Church_bell Gong Buzz
1fc0282a.wav,Crackle Frying_(food) Scissors
1fc8f9a5.wav,Bicycle_bell Whispering Meow
1fd74cc3.wav,Glockenspiel Marimba_and_xylophone Bicycle_bell
1fde2c61.wav,Bus Waves_and_surf Traffic_noise_and_roadway_noise
1fe639ee.wav,Writing Whispering Scissors
1fec2121.wav,Waves_and_surf Toilet_flush Printer
1ff215f3.wav,Tick-tock Printer Drawer_open_or_close
200b6920.wav,Drawer_open_or_close Slam Printer
2012b2f4.wav,Knock Cupboard_open_or_close Drawer_open_or_close
201c18ee.wav,Purr Motorcycle Skateboard
20612e10.wav,Traffic_noise_and_roadway_noise Car_passing_by Toilet_flush
2069253a.wav,Whispering Meow Printer
206c0a24.wav,Scissors Chewing_and_mastication Keys_jangling
20801c98.wav,Harmonica Screaming Church_bell
2087f937.wav,Toilet_flush Skateboard Waves_and_surf
20898b89.wav,Stream Frying_(food) Trickle_and_dribble
20b16812.wav,Bicycle_bell Chirp_and_tweet Chink_and_clink
20c3541c.wav,Scissors Raindrop Finger_snapping
20d2ad1c.wav,Drawer_open_or_close Sneeze Shatter
20dc6392.wav,Computer_keyboard Crackle Chewing_and_mastication
20e285c7.wav,Waves_and_surf Toilet_flush Stream
21102a3a.wav,Hiss Sigh Toilet_flush
2113043a.wav,Church_bell Glockenspiel Chink_and_clink
2142adda.wav,Trickle_and_dribble Fill_(with_liquid) Stream
21447ea7.wav,Harmonica Female_singing Child_speech_and_kid_speaking
21455882.wav,Bathtub_(filling_or_washing) Hiss Frying_(food)
2157612c.wav,Screaming Car_passing_by Waves_and_surf
2159eea8.wav,Electric_guitar Meow Printer
2175b26d.wav,Bass_guitar Motorcycle Accelerating_and_revving_and_vroom
217b109a.wav,Car_passing_by Waves_and_surf Motorcycle
2189acc6.wav,Harmonica Accordion Church_bell
218b15dc.wav,Bark Sneeze Child_speech_and_kid_speaking
218c8907.wav,Toilet_flush Waves_and_surf Stream
21b0c9cb.wav,Run Chewing_and_mastication Writing
21b24d69.wav,Tap Knock Computer_keyboard
21b601cd.wav,Church_bell Electric_guitar Male_singing
21d2eb4c.wav,Writing Zipper_(clothing) Whispering
21d49986.wav,Bass_drum Whispering Buzz
21e8d6a9.wav,Drawer_open_or_close Bass_drum Knock
21eb5d58.wav,Waves_and_surf Toilet_flush Frying_(food)
21eca32f.wav,Tick-tock Computer_keyboard Scissors
21fa3245.wav,Keys_jangling Chink_and_clink Computer_keyboard
2210c997.wav,Child_speech_and_kid_speaking Printer Meow
2216c947.wav,Motorcycle Purr Zipper_(clothing)
223032ba.wav,Hiss Bathtub_(filling_or_washing) Frying_(food)
2236c850.wav,Purr Crackle Zipper_(clothing)
223a5173.wav,Sneeze Cupboard_open_or_close Harmonica
22522048.wav,Buzz Bus Waves_and_surf
2263763d.wav,Waves_and_surf Toilet_flush Skateboard
228a538c.wav,Scissors Shatter Chink_and_clink
22a7e375.wav,Hiss Bathtub_(filling_or_washing) Toilet_flush
22b07889.wav,Burping_and_eructation Skateboard Whispering
22b6b9aa.wav,Hi-hat Gong Shatter
22c5ea2f.wav,Church_bell Traffic_noise_and_roadway_noise Toilet_flush
22c78043.wav,Zipper_(clothing) Male_speech_and_man_speaking Female_singing
22c98028.wav,Skateboard Run Walk_and_footsteps
22c9b301.wav,Bus Mechanical_fan Church_bell
22cd860e.wav,Chewing_and_mastication Run Writing
22f22fc9.wav,Knock Tap Cupboard_open_or_close
22f2d98a.wav,Computer_keyboard Run Keys_jangling
2303e210.wav,Cutlery_and_silverware Shatter Keys_jangling
23244f49.wav,Whispering Chirp_and_tweet Meow
2327b6de.wav,Bass_drum Cupboard_open_or_close Knock
2343daa5.wav,Printer Waves_and_surf Toilet_flush
235213ce.wav,Raindrop Computer_keyboard Keys_jangling
235f959c.wav,Meow Marimba_and_xylophone Electric_guitar
236e7ce1.wav,Hiss Bathtub_(filling_or_washing) Hi-hat
23726888.wav,Glockenspiel Marimba_and_xylophone Chink_and_clink
23756062.wav,Bus Car_passing_by Microwave_oven
238b11f0.wav,Slam Cupboard_open_or_close Microwave_oven
23a07927.wav,Hiss Bathtub_(filling_or_washing) Frying_(food)
23a2669b.wav,Bus Buzz Printer
23c4613e.wav,Knock Tap Clapping
23c714b5.wav,Bass_drum Buzz Cupboard_open_or_close
23d35eea.wav,Zipper_(clothing) Drawer_open_or_close Waves_and_surf
23fabbb4.wav,Bathtub_(filling_or_washing) Toilet_flush Frying_(food)
23fe505d.wav,Keys_jangling Scissors Computer_keyboard
2406d1de.wav,Motorcycle Car_passing_by Accelerating_and_revving_and_vroom
240e9caa.wav,Female_singing Buzz Electric_guitar
24456657.wav,Stream Toilet_flush Waves_and_surf
244a60cd.wav,Fart Crackle Finger_snapping
2451cad9.wav,Harmonica Meow Screaming
2451d17b.wav,Gong Church_bell Marimba_and_xylophone
245c01e6.wav,Bus Church_bell Traffic_noise_and_roadway_noise
2462f236.wav,Electric_guitar Buzz Motorcycle
24ae5bef.wav,Female_singing Accordion Sigh
24ce9114.wav,Printer Male_speech_and_man_speaking Buzz
24dda4ed.wav,Hiss Bicycle_bell Bathtub_(filling_or_washing)
24ecb25d.wav,Chirp_and_tweet Screaming Bicycle_bell
24f04ba5.wav,Walk_and_footsteps Run Drawer_open_or_close
2548960b.wav,Sneeze Electric_guitar Drawer_open_or_close
256d567f.wav,Chewing_and_mastication Scissors Keys_jangling
2583a54d.wav,Hiss Bathtub_(filling_or_washing) Scissors
2599ff86.wav,Screaming Meow Gasp
259e3fa7.wav,Chewing_and_mastication Trickle_and_dribble Bathtub_(filling_or_washing)
25a8ef58.wav,Bass_drum Knock Tap
25a991a1.wav,Hiss Bathtub_(filling_or_washing) Scissors
25beac1d.wav,Shatter Keys_jangling Hiss
25c32640.wav,Toilet_flush Walk_and_footsteps Buzz
25c8686f.wav,Burping_and_eructation Walk_and_footsteps Drawer_open_or_close
25d481d6.wav,Bass_drum Cupboard_open_or_close Knock
25e059d3.wav,Bus Car_passing_by Traffic_noise_and_roadway_noise
25e23528.wav,Screaming Harmonica Electric_guitar
25e75fa8.wav,Frying_(food) Bathtub_(filling_or_washing) Hiss
261cdf15.wav,Mechanical_fan Car_passing_by Traffic_noise_and_roadway_noise
262131af.wav,Motorcycle Accelerating_and_revving_and_vroom Gong
2624e8ff.wav,Sneeze Drawer_open_or_close Male_speech_and_man_speaking
26263cf0.wav,Marimba_and_xylophone Clapping Chink_and_clink
262a7108.wav,Chewing_and_mastication Run Scissors
262d4cca.wav,Harmonica Accordion Meow
2655ac2c.wav,Accordion Female_singing Male_singing
26a25f5d.wav,Tap Clapping Marimba_and_xylophone
26a4977c.wav,Purr Zipper_(clothing) Crackle
26a6c2f3.wav,Crackle Chewing_and_mastication Shatter
26abfa32.wav,Chewing_and_mastication Crackle Keys_jangling
26c001b7.wav,Stream Frying_(food) Toilet_flush
26c01e3f.wav,Female_singing Child_speech_and_kid_speaking Electric_guitar
26f921e3.wav,Finger_snapping Tap Crackle
2707f8b0.wav,Female_singing Child_speech_and_kid_speaking Harmonica
27080c56.wav,Skateboard Run Gurgling
271ade69.wav,Gong Microwave_oven Bass_guitar
272d95c7.wav,Toilet_flush Stream Waves_and_surf
2733bb3f.wav,Accordion Female_singing Harmonica
27446bcd.wav,Bass_drum Bass_guitar Cupboard_open_or_close
2756ca54.wav,Zipper_(clothing) Male_speech_and_man_speaking Male_singing
2758a116.wav,Female_singing Child_speech_and_kid_speaking Male_singing
275e1bb6.wav,Female_speech_and_woman_speaking Female_singing Child_speech_and_kid_speaking
278a19ee.wav,Meow Zipper_(clothing) Accordion
27903ab8.wav,Toilet_flush Bathtub_(filling_or_washing) Waves_and_surf
27924331.wav,Sigh Sneeze Whispering
279d4550.wav,Writing Crackle Run
27a4f4a8.wav,Church_bell Bus Traffic_noise_and_roadway_noise
27a8cf7f.wav,Knock Tap Run
27b8db15.wav,Car_passing_by Traffic_noise_and_roadway_noise Motorcycle
27c8eacc.wav,Writing Bass_drum Run
27ce0e90.wav,Chewing_and_mastication Computer_keyboard Run
27d07e83.wav,Cricket Bicycle_bell Chirp_and_tweet
27d43eba.wav,Traffic_noise_and_roadway_noise Stream Church_bell
27df10d1.wav,Sneeze Child_speech_and_kid_speaking Yell
27e085c0.wav,Drawer_open_or_close Knock Cupboard_open_or_close
280c07e4.wav,Hiss Traffic_noise_and_roadway_noise Harmonica
2810d717.wav,Chewing_and_mastication Run Bathtub_(filling_or_washing)
28142c7d.wav,Bathtub_(filling_or_washing) Printer Toilet_flush
28199c01.wav,Drawer_open_or_close Slam Cupboard_open_or_close
2833e567.wav,Fill_(with_liquid) Trickle_and_dribble Stream
28383990.wav,Bicycle_bell Shatter Chink_and_clink
283bc0ea.wav,Writing Run Chewing_and_mastication
2842be8c.wav,Run Skateboard Computer_keyboard
28849a80.wav,Frying_(food) Scissors Bathtub_(filling_or_washing)
288a89c1.wav,Gong Church_bell Car_passing_by
2894416d.wav,Crackle Chewing_and_mastication Computer_keyboard
289fb0b8.wav,Traffic_noise_and_roadway_noise Church_bell Gong
28a2ff49.wav,Run Knock Slam
28a9213d.wav,Computer_keyboard Run Chewing_and_mastication
28d22d2e.wav,Electric_guitar Printer Cupboard_open_or_close
28d2f36f.wav,Accordion Harmonica Meow
28e13187.wav,Knock Tap Cupboard_open_or_close
28e32693.wav,Gong Accelerating_and_revving_and_vroom Motorcycle
28f49053.wav,Toilet_flush Bathtub_(filling_or_washing) Waves_and_surf
28ff0651.wav,Church_bell Bark Male_singing
290e30df.wav,Fart Bark Printer
292ef00f.wav,Sigh Whispering Hiss
2934735d.wav,Zipper_(clothing) Meow Child_speech_and_kid_speaking
2934d413.wav,Knock Run Tap
29365227.wav,Tick-tock Scissors Slam
295268ea.wav,Bus Traffic_noise_and_roadway_noise Waves_and_surf
29699f09.wav,Meow Zipper_(clothing) Yell
297219cc.wav,Finger_snapping Shatter Bicycle_bell
2980d500.wav,Drawer_open_or_close Sneeze Child_speech_and_kid_speaking
29826356.wav,Sneeze Child_speech_and_kid_speaking Printer
29b0574f.wav,Run Writing Chewing_and_mastication
29d72dfb.wav,Car_passing_by Waves_and_surf Traffic_noise_and_roadway_noise
29dd29fb.wav,Drawer_open_or_close Slam Walk_and_footsteps
29e4880e.wav,Scissors Writing Chewing_and_mastication
2a0893c6.wav,Bass_guitar Gong Accelerating_and_revving_and_vroom
2a0a3828.wav,Run Computer_keyboard Gurgling
2a484593.wav,Tap Clapping Run
2a557637.wav,Keys_jangling Computer_keyboard Cutlery_and_silverware
2a79d0a8.wav,Gong Chink_and_clink Church_bell
2a9c7202.wav,Frying_(food) Bathtub_(filling_or_washing) Trickle_and_dribble
2aa1e0b8.wav,Sneeze Child_speech_and_kid_speaking Yell
2ac8607d.wav,Screaming Harmonica Female_singing
2ad174b4.wav,Keys_jangling Computer_keyboard Chewing_and_mastication
2ae04dd7.wav,Mechanical_fan Bus Microwave_oven
2aedff46.wav,Writing Bicycle_bell Shatter
2af10e99.wav,Hi-hat Chink_and_clink Shatter
2af77e7f.wav,Car_passing_by Bus Waves_and_surf
2b160bb2.wav,Crackle Finger_snapping Shatter
2b2613d8.wav,Toilet_flush Bathtub_(filling_or_washing) Waves_and_surf
2b6ee441.wav,Chewing_and_mastication Scissors Run
2b95327b.wav,Car_passing_by Mechanical_fan Motorcycle
2b9ca464.wav,Knock Walk_and_footsteps Run
2bab5b09.wav,Zipper_(clothing) Gurgling Chewing_and_mastication
2bb1503c.wav,Meow Gasp Sneeze
2bbf558e.wav,Tap Shatter Chink_and_clink
2be779a7.wav,Drawer_open_or_close Cupboard_open_or_close Slam
2c010e00.wav,Mechanical_fan Microwave_oven Bus
2c2a3c77.wav,Printer Tick-tock Writing
2c2d400b.wav,Keys_jangling Shatter Chewing_and_mastication
2c39bb30.wav,Church_bell Gong Harmonica
2c3a44f2.wav,Bathtub_(filling_or_washing) Toilet_flush Frying_(food)
2c7a5078.wav,Electric_guitar Bus Buzz
2c809d4f.wav,Writing Run Walk_and_footsteps
2c8b8812.wav,Computer_keyboard Run Chewing_and_mastication
2c924848.wav,Female_singing Electric_guitar Male_singing
2cc7f972.wav,Bass_guitar Motorcycle Purr
2cd526f7.wav,Drawer_open_or_close Slam Knock
2cdfa8c1.wav,Toilet_flush Waves_and_surf Motorcycle
2cf4955c.wav,Waves_and_surf Mechanical_fan Motorcycle
2cfdaecd.wav,Frying_(food) Hiss Bathtub_(filling_or_washing)
2d0863b7.wav,Bus Printer Waves_and_surf
2d09c7ca.wav,Chirp_and_tweet Cricket Bicycle_bell
2d15ca77.wav,Drawer_open_or_close Scissors Chewing_and_mastication
2d209c25.wav,Knock Tap Run
2d21dbf4.wav,Purr Motorcycle Zipper_(clothing)
2d455ed9.wav,Chewing_and_mastication Scissors Keys_jangling
2d4961a8.wav,Writing Run Chewing_and_mastication
2d4a0250.wav,Skateboard Walk_and_footsteps Writing
2d56c2ae.wav,Scissors Keys_jangling Cutlery_and_silverware
2d5dcc5d.wav,Knock Walk_and_footsteps Drawer_open_or_close
2d666c1d.wav,Church_bell Gong Harmonica
2d6d99d4.wav,Sneeze Yell Screaming
2d7218f8.wav,Bark Sneeze Screaming
2d7ae271.wav,Male_singing Motorcycle Accelerating_and_revving_and_vroom
2d8135cc.wav,Stream Toilet_flush Waves_and_surf
2d88fa59.wav,Clapping Tap Chink_and_clink
2da4c729.wav,Mechanical_fan Motorcycle Car_passing_by
2db579cb.wav,Drawer_open_or_close Knock Slam
2db63f0d.wav,Writing Run Walk_and_footsteps
2dd2a6bf.wav,Waves_and_surf Stream Toilet_flush
2df0cf1f.wav,Zipper_(clothing) Burping_and_eructation Chewing_and_mastication
2df1f901.wav,Run Walk_and_footsteps Bathtub_(filling_or_washing)
2dfd32a3.wav,Bus Buzz Female_singing
2e61e614.wav,Zipper_(clothing) Meow Male_singing
2e820b05.wav,Meow Screaming Chirp_and_tweet
2e8b4709.wav,Electric_guitar Female_speech_and_woman_speaking Bass_guitar
2e9ced66.wav,Run Tick-tock Knock
2ea33689.wav,Harmonica Traffic_noise_and_roadway_noise Accordion
2eade3e1.wav,Church_bell Traffic_noise_and_roadway_noise Bus
2eb3002c.wav,Meow Harmonica Screaming
2eb51f57.wav,Glockenspiel Marimba_and_xylophone Gong
2ed9ce69.wav,Harmonica Church_bell Gong
2edb4142.wav,Toilet_flush Run Waves_and_surf
2ee3ef28.wav,Male_speech_and_man_speaking Female_speech_and_woman_speaking Child_speech_and_kid_speaking
2ee9f139.wav,Burping_and_eructation Electric_guitar Marimba_and_xylophone
2eeb7f35.wav,Meow Harmonica Screaming
2eec6eda.wav,Gong Marimba_and_xylophone Bicycle_bell
2f00863c.wav,Gong Car_passing_by Church_bell
2f14d3b3.wav,Bass_drum Run Drawer_open_or_close
2f2ab304.wav,Race_car_and_auto_racing Traffic_noise_and_roadway_noise Screaming
2f41afe1.wav,Motorcycle Accelerating_and_revving_and_vroom Bass_guitar
2f529eb8.wav,Frying_(food) Trickle_and_dribble Stream
2f5cbf20.wav,Slam Drawer_open_or_close Microwave_oven
2f6331aa.wav,Sneeze Female_speech_and_woman_speaking Gasp
2f643c50.wav,Writing Printer Gasp
2f785877.wav,Bass_drum Knock Marimba_and_xylophone
2f84c8e9.wav,Buzz Bus Cricket
2f8dd247.wav,Bus Waves_and_surf Traffic_noise_and_roadway_noise
2f94fca3.wav,Burping_and_eructation Trickle_and_dribble Fill_(with_liquid)
2fa1cc09.wav,Finger_snapping Tap Shatter
2fc6ede8.wav,Computer_keyboard Knock Drawer_open_or_close
2fe3ae63.wav,Computer_keyboard Raindrop Shatter
2ffd2145.wav,Female_speech_and_woman_speaking Child_speech_and_kid_speaking Female_singing
3011c55b.wav,Accordion Female_singing Harmonica
3012731a.wav,Skateboard Run Waves_and_surf
302f4eb8.wav,Church_bell Gong Harmonica
303d4668.wav,Chirp_and_tweet Keys_jangling Cricket
304d8a8e.wav,Church_bell Glockenspiel Marimba_and_xylophone
304f25f4.wav,Tick-tock Printer Toilet_flush
3052fe86.wav,Traffic_noise_and_roadway_noise Church_bell Waves_and_surf
3061e8d1.wav,Screaming Yell Meow
309169fa.wav,Female_speech_and_woman_speaking Male_singing Female_singing
30960f70.wav,Traffic_noise_and_roadway_noise Church_bell Bus
309eea85.wav,Female_singing Harmonica Accordion
30ac78a6.wav,Bicycle_bell Marimba_and_xylophone Glockenspiel
30d1840b.wav,Keys_jangling Chewing_and_mastication Scissors
30dc07a7.wav,Bass_drum Knock Buzz
30e1162a.wav,Female_singing Child_speech_and_kid_speaking Electric_guitar
30e40cc3.wav,Bark Printer Toilet_flush
30f7577e.wav,Toilet_flush Waves_and_surf Bathtub_(filling_or_washing)
30f8ba51.wav,Bass_guitar Purr Accelerating_and_revving_and_vroom
3102ff8d.wav,Crackle Chewing_and_mastication Run
311fcc0d.wav,Chirp_and_tweet Bicycle_bell Cricket
3129e5b4.wav,Bass_drum Knock Tap
312c730c.wav,Bathtub_(filling_or_washing) Hiss Stream
312e1179.wav,Frying_(food) Bathtub_(filling_or_washing) Hiss
312e698e.wav,Mechanical_fan Microwave_oven Buzz
31312cda.wav,Gong Buzz Marimba_and_xylophone
3134c1f5.wav,Crackle Chewing_and_mastication Frying_(food)
31452d93.wav,Bus Car_passing_by Traffic_noise_and_roadway_noise
314a8107.wav,Sigh Whispering Toilet_flush
3174521f.wav,Slam Microwave_oven Drawer_open_or_close
3177529f.wav,Zipper_(clothing) Chewing_and_mastication Scissors
317e5fda.wav,Bathtub_(filling_or_washing) Frying_(food) Shatter
3190ca46.wav,Frying_(food) Cricket Bathtub_(filling_or_washing)
31ab1bc4.wav,Burping_and_eructation Whispering Skateboard
31b883cb.wav,Burping_and_eructation Skateboard Fart
31bf8f6c.wav,Bark Female_singing Male_singing
31c60809.wav,Finger_snapping Scissors Tap
31c7a683.wav,Chirp_and_tweet Bicycle_bell Whispering
31cfaf7c.wav,Sneeze Whispering Printer
31ea3391.wav,Motorcycle Gong Car_passing_by
31f4d839.wav,Run Knock Drawer_open_or_close
31fe4058.wav,Knock Tap Cupboard_open_or_close
31ff4a9f.wav,Scissors Tick-tock Keys_jangling
320adc8a.wav,Frying_(food) Bathtub_(filling_or_washing) Hiss
320b9457.wav,Bathtub_(filling_or_washing) Hiss Cricket
320cb73f.wav,Toilet_flush Stream Waves_and_surf
321c61dd.wav,Shatter Hiss Frying_(food)
321d7624.wav,Bass_guitar Gong Motorcycle
322c634e.wav,Male_singing Female_singing Electric_guitar
3246e22c.wav,Motorcycle Accelerating_and_revving_and_vroom Waves_and_surf
32663622.wav,Microwave_oven Tick-tock Slam
3273193a.wav,Meow Microwave_oven Traffic_noise_and_roadway_noise
327ff97c.wav,Scissors Keys_jangling Tick-tock
3288c908.wav,Buzz Female_singing Bus
329d5f81.wav,Shatter Tick-tock Bathtub_(filling_or_washing)
32aaacf1.wav,Hiss Chewing_and_mastication Keys_jangling
32ad561a.wav,Traffic_noise_and_roadway_noise Car_passing_by Church_bell
32b66826.wav,Bark Sneeze Gasp
32bf8f9d.wav,Skateboard Walk_and_footsteps Burping_and_eructation
32cce167.wav,Hiss Shatter Scissors
32d21079.wav,Bicycle_bell Chink_and_clink Squeak
32e0e55a.wav,Bass_guitar Gong Accelerating_and_revving_and_vroom
32f26b94.wav,Drawer_open_or_close Toilet_flush Zipper_(clothing)
330b1461.wav,Bus Printer Buzz
3313662e.wav,Tap Tick-tock Computer_keyboard
33139052.wav,Gong Hi-hat Bicycle_bell
33170581.wav,Microwave_oven Meow Chirp_and_tweet
332246f6.wav,Whispering Hiss Writing
33355c50.wav,Cricket Buzz Bus
3347121c.wav,Bus Waves_and_surf Toilet_flush
3353d705.wav,Mechanical_fan Bus Cricket
335d2ea3.wav,Screaming Harmonica Female_singing
336a88c3.wav,Shatter Hi-hat Hiss
338669d9.wav,Chewing_and_mastication Scissors Run
33a61f8d.wav,Cupboard_open_or_close Tick-tock Slam
33bc9deb.wav,Keys_jangling Cutlery_and_silverware Scissors
33c82ad4.wav,Female_singing Child_speech_and_kid_speaking Female_speech_and_woman_speaking
33ef8393.wav,Bicycle_bell Shatter Marimba_and_xylophone
33fbfca7.wav,Frying_(food) Bathtub_(filling_or_washing) Stream
34035cf8.wav,Drawer_open_or_close Printer Toilet_flush
340d5db4.wav,Accelerating_and_revving_and_vroom Car_passing_by Church_bell
340da762.wav,Purr Crackle Zipper_(clothing)
34120253.wav,Harmonica Traffic_noise_and_roadway_noise Accordion
341efc4b.wav,Car_passing_by Waves_and_surf Motorcycle
342cc3ae.wav,Female_singing Yell Child_speech_and_kid_speaking
34486c7f.wav,Buzz Electric_guitar Bass_guitar
34510c7a.wav,Bathtub_(filling_or_washing) Drawer_open_or_close Walk_and_footsteps
34512413.wav,Keys_jangling Cutlery_and_silverware Shatter
346fc59c.wav,Printer Writing Tick-tock
3474d7cd.wav,Scissors Chewing_and_mastication Keys_jangling
348aaf17.wav,Crackle Keys_jangling Chewing_and_mastication
349e5ea7.wav,Run Knock Computer_keyboard
34aac2b5.wav,Female_singing Accordion Harmonica
34c53320.wav,Burping_and_eructation Fart Skateboard
34cca3b3.wav,Bus Church_bell Gong
34d0b2ca.wav,Sneeze Yell Child_speech_and_kid_speaking
34d4cfda.wav,Church_bell Bus Traffic_noise_and_roadway_noise
34dc323b.wav,Bark Child_speech_and_kid_speaking Gasp
34e6a0de.wav,Cricket Chirp_and_tweet Keys_jangling
34f2c99d.wav,Fart Male_speech_and_man_speaking Zipper_(clothing)
34fbb318.wav,Computer_keyboard Chewing_and_mastication Run
3500ed9d.wav,Marimba_and_xylophone Knock Tap
350942d1.wav,Toilet_flush Whispering Waves_and_surf
351a8abe.wav,Bus Motorcycle Buzz
352ce267.wav,Bass_drum Knock Cupboard_open_or_close
3544797d.wav,Writing Drawer_open_or_close Printer
354d467a.wav,Child_speech_and_kid_speaking Male_speech_and_man_speaking Bark
355ddeda.wav,Stream Toilet_flush Waves_and_surf
356adc0d.wav,Tick-tock Microwave_oven Drawer_open_or_close
356b99de.wav,Microwave_oven Chirp_and_tweet Squeak
35930583.wav,Child_speech_and_kid_speaking Female_singing Female_speech_and_woman_speaking
359a6e84.wav,Screaming Harmonica Squeak
35a7edad.wav,Cupboard_open_or_close Bass_drum Slam
35a8a688.wav,Keys_jangling Chewing_and_mastication Scissors
35d5aca3.wav,Traffic_noise_and_roadway_noise Buzz Bus
35dbfd81.wav,Church_bell Bark Female_singing
36027dca.wav,Bass_drum Knock Bass_guitar
361237d6.wav,Bus Male_singing Buzz
361c9c0e.wav,Bicycle_bell Shatter Finger_snapping
3623b13a.wav,Female_singing Child_speech_and_kid_speaking Male_singing
3626ac5a.wav,Hiss Bicycle_bell Bathtub_(filling_or_washing)
362f92f4.wav,Female_singing Child_speech_and_kid_speaking Female_speech_and_woman_speaking
366d25a7.wav,Harmonica Accordion Buzz
366d6820.wav,Waves_and_surf Toilet_flush Skateboard
367ef5a8.wav,Microwave_oven Gong Bus
36896b31.wav,Printer Tick-tock Bus
368e3f09.wav,Bathtub_(filling_or_washing) Frying_(food) Hiss
36b92bec.wav,Hi-hat Gong Shatter
36beb3fd.wav,Child_speech_and_kid_speaking Yell Sneeze
36c459de.wav,Harmonica Screaming Church_bell
36dfae4f.wav,Run Knock Walk_and_footsteps
36fe695f.wav,Drawer_open_or_close Slam Toilet_flush
37053a90.wav,Mechanical_fan Motorcycle Cricket
370eaa84.wav,Church_bell Female_singing Bus
37155f3a.wav,Car_passing_by Traffic_noise_and_roadway_noise Gong
37790f99.wav,Frying_(food) Hiss Bathtub_(filling_or_washing)
378216b2.wav,Mechanical_fan Car_passing_by Traffic_noise_and_roadway_noise
37856035.wav,Clapping Toilet_flush Fill_(with_liquid)
3792237d.wav,Toilet_flush Waves_and_surf Hiss
37941050.wav,Motorcycle Accelerating_and_revving_and_vroom Traffic_noise_and_roadway_noise
379ae4e1.wav,Frying_(food) Bathtub_(filling_or_washing) Stream
379b7e21.wav,Bathtub_(filling_or_washing) Fill_(with_liquid) Skateboard
379c063d.wav,Burping_and_eructation Fart Skateboard
37a1946c.wav,Microwave_oven Tick-tock Slam
37a7927f.wav,Knock Tap Run
37c95c1c.wav,Child_speech_and_kid_speaking Yell Female_singing
37ccc1ea.wav,Hiss Bathtub_(filling_or_washing) Bicycle_bell
37d609aa.wav,Chewing_and_mastication Bathtub_(filling_or_washing) Scissors
37dc178a.wav,Hiss Bathtub_(filling_or_washing) Stream
37f5f0d8.wav,Bus Buzz Toilet_flush
382587b8.wav,Hiss Bathtub_(filling_or_washing) Scissors
382cd8c5.wav,Drawer_open_or_close Slam Microwave_oven
38368c9b.wav,Sneeze Gasp Zipper_(clothing)
384b0ff2.wav,Marimba_and_xylophone Gong Electric_guitar
38544190.wav,Run Knock Tap
38558ab1.wav,Burping_and_eructation Male_speech_and_man_speaking Fart
3858d281.wav,Cupboard_open_or_close Printer Electric_guitar
385e8b0f.wav,Tap Knock Run
38636d71.wav,Meow Screaming Harmonica
38669440.wav,Tick-tock Computer_keyboard Raindrop
387014ab.wav,Toilet_flush Stream Waves_and_surf
3876c193.wav,Meow Cupboard_open_or_close Child_speech_and_kid_speaking
388f70a5.wav,Car_passing_by Traffic_noise_and_roadway_noise Gong
38b9ff18.wav,Electric_guitar Child_speech_and_kid_speaking Female_speech_and_woman_speaking
38d29a00.wav,Run Tap Computer_keyboard
38d378d8.wav,Bus Race_car_and_auto_racing Waves_and_surf
38d50e59.wav,Keys_jangling Scissors Cutlery_and_silverware
38d5d026.wav,Zipper_(clothing) Meow Accelerating_and_revving_and_vroom
38e43355.wav,Harmonica Yell Screaming
38ea5df2.wav,Hiss Frying_(food) Bicycle_bell
38f6aa5e.wav,Toilet_flush Hiss Screaming
38fea590.wav,Bus Church_bell Crowd
390789a8.wav,Gurgling Chewing_and_mastication Run
390995ef.wav,Shatter Cutlery_and_silverware Bicycle_bell
39189c31.wav,Bus Toilet_flush Race_car_and_auto_racing
391fbd47.wav,Tick-tock Tap Chink_and_clink
392e88d7.wav,Mechanical_fan Cricket Frying_(food)
3939b821.wav,Tick-tock Tap Chink_and_clink
39467410.wav,Church_bell Female_singing Electric_guitar
394b8ce2.wav,Computer_keyboard Run Chewing_and_mastication
395de76a.wav,Waves_and_surf Car_passing_by Hiss
395df625.wav,Fart Burping_and_eructation Gurgling
396d793f.wav,Writing Scissors Chewing_and_mastication
39723c0e.wav,Church_bell Female_singing Accordion
39768e2a.wav,Female_speech_and_woman_speaking Male_speech_and_man_speaking Male_singing
3987fc79.wav,Purr Motorcycle Zipper_(clothing)
398b6fa6.wav,Tap Knock Run
399732ec.wav,Clapping Gong Church_bell
39a8ac5c.wav,Crackle Chewing_and_mastication Keys_jangling
39b6cc75.wav,Hiss Bicycle_bell Hi-hat
39bbcabd.wav,Tick-tock Frying_(food) Printer
39c1f2fd.wav,Zipper_(clothing) Drawer_open_or_close Chewing_and_mastication
39d1b554.wav,Scissors Tick-tock Shatter
39e1b8cc.wav,Computer_keyboard Gurgling Run
39e2f767.wav,Sneeze Yell Child_speech_and_kid_speaking
39e35f03.wav,Church_bell Traffic_noise_and_roadway_noise Harmonica
39eb6dd5.wav,Knock Tap Marimba_and_xylophone
39f19344.wav,Gong Church_bell Car_passing_by
3a2353bb.wav,Meow Zipper_(clothing) Printer
3a28e28a.wav,Accelerating_and_revving_and_vroom Mechanical_fan Motorcycle
3a2a4822.wav,Clapping Tap Tick-tock
3a3e4b29.wav,Female_singing Male_singing Buzz
3a49d5ed.wav,Computer_keyboard Gurgling Fill_(with_liquid)
3a4cf709.wav,Harmonica Screaming Yell
3a5e6dde.wav,Hiss Hi-hat Marimba_and_xylophone
3a66e3df.wav,Bathtub_(filling_or_washing) Trickle_and_dribble Frying_(food)
3a87c628.wav,Frying_(food) Bathtub_(filling_or_washing) Bicycle_bell
3a885c38.wav,Mechanical_fan Knock Bass_drum
3a8b9afe.wav,Bus Buzz Electric_guitar
3aa5b432.wav,Waves_and_surf Skateboard Run
3ac609e1.wav,Mechanical_fan Car_passing_by Traffic_noise_and_roadway_noise
3acbee34.wav,Screaming Chirp_and_tweet Meow
3adfb8f0.wav,Stream Frying_(food) Hiss
3ae08e83.wav,Printer Tick-tock Toilet_flush
3ae0ea8b.wav,Printer Writing Tick-tock
3b0a3361.wav,Stream Toilet_flush Hiss
3b0b13f4.wav,Sneeze Child_speech_and_kid_speaking Printer
3b13f6a1.wav,Waves_and_surf Skateboard Toilet_flush
3b23ed90.wav,Shatter Tap Chink_and_clink
3b252939.wav,Sigh Waves_and_surf Motorcycle
3b277890.wav,Zipper_(clothing) Meow Child_speech_and_kid_speaking
3b382171.wav,Bark Yell Child_speech_and_kid_speaking
3b3c2c67.wav,Computer_keyboard Raindrop Tick-tock
3b75b456.wav,Car_passing_by Traffic_noise_and_roadway_noise Race_car_and_auto_racing
3b7c7f94.wav,Run Computer_keyboard Skateboard
3bb6024f.wav,Toilet_flush Clapping Bus
3bb7c24d.wav,Run Computer_keyboard Tap
3bb9a722.wav,Purr Motorcycle Zipper_(clothing)
3bda5fb0.wav,Car_passing_by Traffic_noise_and_roadway_noise Gong
3bfcab18.wav,Bass_guitar Electric_guitar Bass_drum
3c0370c8.wav,Drawer_open_or_close Microwave_oven Bathtub_(filling_or_washing)
3c1b9399.wav,Bus Church_bell Car_passing_by
3c20c95f.wav,Zipper_(clothing) Purr Crackle
3c216393.wav,Writing Run Whispering
3c244ade.wav,Stream Frying_(food) Trickle_and_dribble
3c348e5c.wav,Tick-tock Frying_(food) Shatter
3c35237b.wav,Bus Buzz Motorcycle
3c40f472.wav,Female_singing Accordion Male_singing
3c525c1f.wav,Frying_(food) Bathtub_(filling_or_washing) Keys_jangling
3c590143.wav,Run Walk_and_footsteps Drawer_open_or_close
3c90b11b.wav,Frying_(food) Bathtub_(filling_or_washing) Keys_jangling
3c95067e.wav,Stream Hiss Toilet_flush
3ca6b1a3.wav,Fill_(with_liquid) Trickle_and_dribble Stream
3caf1f70.wav,Crackle Purr Frying_(food)
3cc51361.wav,Zipper_(clothing) Male_singing Motorcycle
3cd30520.wav,Writing Run Whispering
3ce0dcd0.wav,Hiss Frying_(food) Cricket
3ce9fd74.wav,Female_singing Harmonica Church_bell
3cfeb0cd.wav,Stream Bathtub_(filling_or_washing) Hiss
3d07c63a.wav,Zipper_(clothing) Writing Gasp
3d0beb6f.wav,Writing Printer Scissors
3d0dca90.wav,Traffic_noise_and_roadway_noise Church_bell Gong
3d1d3f2b.wav,Bus Church_bell Traffic_noise_and_roadway_noise
3d27f415.wav,Glockenspiel Marimba_and_xylophone Chink_and_clink
3d287b47.wav,Drawer_open_or_close Slam Microwave_oven
3d4e1dea.wav,Male_speech_and_man_speaking Female_speech_and_woman_speaking Male_singing
3d58d893.wav,Stream Toilet_flush Waves_and_surf
3d5f899d.wav,Gong Church_bell Race_car_and_auto_racing
3d633399.wav,Bus Church_bell Traffic_noise_and_roadway_noise
3d7309d7.wav,Shatter Finger_snapping Bicycle_bell
3d921767.wav,Motorcycle Gong Accelerating_and_revving_and_vroom
3d9a715d.wav,Stream Toilet_flush Frying_(food)
3db04d3f.wav,Male_singing Electric_guitar Male_speech_and_man_speaking
3db44f6c.wav,Glockenspiel Harmonica Marimba_and_xylophone
3ddb4122.wav,Keys_jangling Chewing_and_mastication Shatter
3dedbba9.wav,Shatter Clapping Chink_and_clink
3df2fc0e.wav,Microwave_oven Chirp_and_tweet Bus
3df5c540.wav,Skateboard Bathtub_(filling_or_washing) Scissors
3e230352.wav,Car_passing_by Traffic_noise_and_roadway_noise Toilet_flush
3e3a6910.wav,Fart Cupboard_open_or_close Burping_and_eructation
3e4755ba.wav,Bass_guitar Bass_drum Electric_guitar
3e52f857.wav,Keys_jangling Scissors Chewing_and_mastication
3e5ce660.wav,Mechanical_fan Traffic_noise_and_roadway_noise Motorcycle
3e656c6e.wav,Bicycle_bell Hi-hat Shatter
3e65a00d.wav,Stream Waves_and_surf Mechanical_fan
3e691b83.wav,Knock Tap Bass_drum
3e7889ed.wav,Zipper_(clothing) Male_speech_and_man_speaking Fart
3e83500f.wav,Tick-tock Printer Toilet_flush
3e9967cf.wav,Buzz Motorcycle Accelerating_and_revving_and_vroom
3ebaff6d.wav,Buzz Cricket Motorcycle
3ecc19c5.wav,Skateboard Fill_(with_liquid) Toilet_flush
3ed6c2b5.wav,Child_speech_and_kid_speaking Female_singing Male_speech_and_man_speaking
3efc0912.wav,Church_bell Screaming Traffic_noise_and_roadway_noise
3f0f92ff.wav,Clapping Finger_snapping Tap
3f15fd07.wav,Run Computer_keyboard Gurgling
3f16d9f3.wav,Church_bell Harmonica Gong
3f19e53c.wav,Waves_and_surf Stream Traffic_noise_and_roadway_noise
3f1ca1bb.wav,Waves_and_surf Toilet_flush Hiss
3f29038e.wav,Female_speech_and_woman_speaking Male_speech_and_man_speaking Male_singing
3f2dbd00.wav,Male_speech_and_man_speaking Sneeze Drawer_open_or_close
3f4f4808.wav,Bus Printer Waves_and_surf
3f53a02f.wav,Drawer_open_or_close Microwave_oven Slam
3f7043d9.wav,Toilet_flush Hiss Waves_and_surf
3f80cc56.wav,Buzz Cricket Hiss
3f96494a.wav,Slam Clapping Drawer_open_or_close
3faf10be.wav,Car_passing_by Traffic_noise_and_roadway_noise Bus
3fd4d55a.wav,Finger_snapping Bass_drum Shatter
400ff09d.wav,Fill_(with_liquid) Trickle_and_dribble Stream
402e2d1b.wav,Fart Cupboard_open_or_close Bass_drum
4030a4f2.wav,Knock Cricket Buzz
4034f327.wav,Toilet_flush Printer Waves_and_surf
4037cd65.wav,Male_speech_and_man_speaking Male_singing Female_speech_and_woman_speaking
4040f015.wav,Bass_drum Marimba_and_xylophone Electric_guitar
40449ca7.wav,Hiss Chirp_and_tweet Bicycle_bell
404b54c0.wav,Run Waves_and_surf Walk_and_footsteps
404fb677.wav,Gong Car_passing_by Traffic_noise_and_roadway_noise
4053b801.wav,Yell Sneeze Screaming
405c66af.wav,Shatter Chink_and_clink Cutlery_and_silverware
406306b6.wav,Church_bell Gong Harmonica
406a1cc1.wav,Bark Gong Clapping
406ade5e.wav,Frying_(food) Stream Bathtub_(filling_or_washing)
4093913f.wav,Toilet_flush Hiss Bathtub_(filling_or_washing)
40957335.wav,Sigh Zipper_(clothing) Gasp
4098028d.wav,Computer_keyboard Run Chewing_and_mastication
40afd1b3.wav,Whispering Scissors Writing
40c1ed87.wav,Keys_jangling Chewing_and_mastication Crackle
40c50046.wav,Computer_keyboard Run Tick-tock
40d0726d.wav,Motorcycle Car_passing_by Accelerating_and_revving_and_vroom
40dd1274.wav,Church_bell Traffic_noise_and_roadway_noise Bark
40e25750.wav,Burping_and_eructation Sigh Cupboard_open_or_close
410837eb.wav,Gasp Male_speech_and_man_speaking Accordion
410c2138.wav,Hiss Bathtub_(filling_or_washing) Stream
411993fd.wav,Hi-hat Cutlery_and_silverware Shatter
413b5427.wav,Harmonica Glockenspiel Marimba_and_xylophone
41522a65.wav,Keys_jangling Scissors Frying_(food)
415f4c8f.wav,Bicycle_bell Chirp_and_tweet Cutlery_and_silverware
41759973.wav,Stream Waves_and_surf Toilet_flush
419271cc.wav,Bicycle_bell Shatter Hiss
4195cb1a.wav,Bicycle_bell Chink_and_clink Marimba_and_xylophone
41af688a.wav,Fart Male_speech_and_man_speaking Sneeze
41c60bba.wav,Microwave_oven Slam Cupboard_open_or_close
41cfee6d.wav,Hiss Bicycle_bell Meow
41f16193.wav,Clapping Shatter Chink_and_clink
41f1ea4a.wav,Traffic_noise_and_roadway_noise Church_bell Accordion
41f86bc4.wav,Stream Toilet_flush Frying_(food)
4215309a.wav,Scissors Tick-tock Computer_keyboard
4248d196.wav,Stream Toilet_flush Waves_and_surf
42542036.wav,Buzz Female_singing Male_singing
