fname,label
000ccb97.wav,Scissors Keys_jangling Finger_snapping
0012633b.wav,Zipper_(clothing) Drawer_open_or_close Printer
001ed5f1.wav,Knock Crackle Run
00294be0.wav,Purr Tick-tock Gurgling
003fde7a.wav,Glockenspiel Bicycle_bell Marimba_and_xylophone
0040ccc9.wav,Bass_drum Knock Tap
0046b732.wav,Printer Cupboard_open_or_close Yell
004f3bbc.wav,Bass_guitar Bass_drum Purr
00526050.wav,Bass_drum Tap Knock
00559da4.wav,Run Stream Zipper_(clothing)
00582bbe.wav,Gong Microwave_oven Knock
0064aedf.wav,Drawer_open_or_close Run Computer_keyboard
0065512b.wav,Knock Drawer_open_or_close Tap
006a91d2.wav,Waves_and_surf Stream Toilet_flush
006ea9ee.wav,Gong Tap Marimba_and_xylophone
006f9dca.wav,Hiss Frying_(food) Bathtub_(filling_or_washing)
007450dc.wav,Screaming Harmonica Chirp_and_tweet
00979c8a.wav,Drawer_open_or_close Zipper_(clothing) Knock
00992464.wav,Fill_(with_liquid) Gurgling Trickle_and_dribble
00b44a8a.wav,Shatter Cutlery_and_silverware Hiss
00bfaaaf.wav,Gasp Sigh Sneeze
00cf9680.wav,Scissors Finger_snapping Frying_(food)
00eae94d.wav,Scissors Writing Hiss
011ec5b8.wav,Male_speech_and_man_speaking Purr Electric_guitar
013200dc.wav,Scissors Writing Chewing_and_mastication
01440c2e.wav,Harmonica Accordion Church_bell
01567a3d.wav,Tap Cupboard_open_or_close Knock
0163d203.wav,Purr Knock Drawer_open_or_close
017c24b2.wav,Church_bell Bark Harmonica
01a992c5.wav,Cricket Chirp_and_tweet Hiss
01b1d976.wav,Finger_snapping Scissors Tap
01c1c371.wav,Tick-tock Marimba_and_xylophone Sneeze
01cf8354.wav,Burping_and_eructation Chink_and_clink Marimba_and_xylophone
01d2c640.wav,Purr Drawer_open_or_close Hiss
01d69423.wav,Knock Tap Drawer_open_or_close
01e9170b.wav,Accordion Electric_guitar Harmonica
01f2901a.wav,Scissors Frying_(food) Bathtub_(filling_or_washing)
020b1fdf.wav,Bus Printer Motorcycle
021457df.wav,Computer_keyboard Writing Gurgling
02173589.wav,Female_singing Harmonica Screaming
021ac082.wav,Stream Toilet_flush Bathtub_(filling_or_washing)
02200884.wav,Writing Tick-tock Chewing_and_mastication
02213278.wav,Toilet_flush Stream Bathtub_(filling_or_washing)
022e3b2c.wav,Chewing_and_mastication Run Computer_keyboard
023081f2.wav,Glockenspiel Marimba_and_xylophone Hi-hat
02596541.wav,Glockenspiel Marimba_and_xylophone Gong
0289b79b.wav,Printer Motorcycle Microwave_oven
028cf9db.wav,Printer Female_singing Child_speech_and_kid_speaking
028d26f7.wav,Shatter Keys_jangling Cutlery_and_silverware
02ab2a72.wav,Toilet_flush Printer Skateboard
02c02ec1.wav,Church_bell Printer Buzz
02ce28a1.wav,Mechanical_fan Car_passing_by Waves_and_surf
02d01f40.wav,Scissors Keys_jangling Shatter
02da7457.wav,Frying_(food) Toilet_flush Hiss
02e17633.wav,Run Zipper_(clothing) Walk_and_footsteps
02e8059d.wav,Marimba_and_xylophone Male_speech_and_man_speaking Bass_drum
02f71319.wav,Hiss Hi-hat Frying_(food)
03090fb0.wav,Whispering Screaming Meow
03162c23.wav,Printer Buzz Child_speech_and_kid_speaking
032f518c.wav,Electric_guitar Bass_guitar Motorcycle
03300fcb.wav,Female_singing Gong Bass_guitar
035dd895.wav,Run Waves_and_surf Drawer_open_or_close
03754ab4.wav,Frying_(food) Hiss Toilet_flush
037b47c4.wav,Clapping Whispering Tap
03887635.wav,Tick-tock Writing Crackle
03931594.wav,Shatter Sneeze Fart
039d2821.wav,Female_speech_and_woman_speaking Male_speech_and_man_speaking Male_singing
03a47c4a.wav,Scissors Frying_(food) Shatter
03b80975.wav,Waves_and_surf Stream Traffic_noise_and_roadway_noise
03c5e8d0.wav,Crackle Computer_keyboard Drawer_open_or_close
03fe2971.wav,Tap Marimba_and_xylophone Sigh
04008bb5.wav,Keys_jangling Shatter Cutlery_and_silverware
040c5c0c.wav,Run Chewing_and_mastication Zipper_(clothing)
041cff59.wav,Drawer_open_or_close Tick-tock Tap
042b07a4.wav,Race_car_and_auto_racing Church_bell Accelerating_and_revving_and_vroom
042b542f.wav,Electric_guitar Church_bell Accordion
04308d8d.wav,Burping_and_eructation Gurgling Female_speech_and_woman_speaking
04355ea8.wav,Electric_guitar Female_speech_and_woman_speaking Male_singing
0442a617.wav,Screaming Whispering Meow
0443f812.wav,Shatter Sigh Keys_jangling
04441d5b.wav,Computer_keyboard Knock Drawer_open_or_close
0453bb71.wav,Harmonica Female_singing Accordion
04702c1c.wav,Tick-tock Bark Whispering
047ba0e1.wav,Keys_jangling Scissors Shatter
04877d29.wav,Car_passing_by Gong Electric_guitar
048c3418.wav,Toilet_flush Stream Printer
04a5c9eb.wav,Motorcycle Accelerating_and_revving_and_vroom Traffic_noise_and_roadway_noise
04ad8e52.wav,Gurgling Shatter Printer
04af82d9.wav,Burping_and_eructation Bicycle_bell Microwave_oven
04b1558a.wav,Fill_(with_liquid) Trickle_and_dribble Gurgling
04de7b9a.wav,Scissors Run Crackle
04e8bf2a.wav,Knock Drawer_open_or_close Tap
04f004fe.wav,Computer_keyboard Drawer_open_or_close Purr
04f48f10.wav,Gong Meow Drawer_open_or_close
0506eee8.wav,Mechanical_fan Accelerating_and_revving_and_vroom Motorcycle
050eb97f.wav,Drawer_open_or_close Microwave_oven Accelerating_and_revving_and_vroom
051bda9a.wav,Writing Crackle Tick-tock
057a3c2e.wav,Crackle Computer_keyboard Knock
057c13c8.wav,Screaming Electric_guitar Meow
058a4a79.wav,Bathtub_(filling_or_washing) Fart Zipper_(clothing)
058ec864.wav,Bicycle_bell Glockenspiel Marimba_and_xylophone
05af19b1.wav,Motorcycle Traffic_noise_and_roadway_noise Accelerating_and_revving_and_vroom
05c881c4.wav,Scissors Hiss Frying_(food)
05d775e9.wav,Toilet_flush Bathtub_(filling_or_washing) Stream
05dae80d.wav,Electric_guitar Microwave_oven Gong
05e34a55.wav,Frying_(food) Bathtub_(filling_or_washing) Hiss
05edaa47.wav,Chewing_and_mastication Writing Computer_keyboard
060b802f.wav,Sigh Toilet_flush Gasp
060d2d47.wav,Knock Writing Tap
062e94dd.wav,Marimba_and_xylophone Chink_and_clink Sigh
06345241.wav,Screaming Squeak Meow
0648b115.wav,Whispering Sigh Burping_and_eructation
06526954.wav,Run Computer_keyboard Crackle
065b49ec.wav,Writing Tick-tock Cupboard_open_or_close
06604d51.wav,Tap Zipper_(clothing) Knock
068b717f.wav,Child_speech_and_kid_speaking Screaming Meow
069b2f91.wav,Burping_and_eructation Male_singing Hiss
069f3ce5.wav,Meow Sneeze Child_speech_and_kid_speaking
06a23eb9.wav,Traffic_noise_and_roadway_noise Motorcycle Accelerating_and_revving_and_vroom
06c34152.wav,Sigh Hi-hat Printer
06feb5cf.wav,Motorcycle Accelerating_and_revving_and_vroom Microwave_oven
0718ce8d.wav,Run Computer_keyboard Crackle
07295dd0.wav,Bass_drum Knock Slam
072ee4b2.wav,Tick-tock Zipper_(clothing) Scissors
074cbe2b.wav,Meow Screaming Cupboard_open_or_close
07502956.wav,Finger_snapping Crackle Tap
07603ad3.wav,Purr Mechanical_fan Zipper_(clothing)
07670752.wav,Fill_(with_liquid) Trickle_and_dribble Hiss
077f270d.wav,Marimba_and_xylophone Tap Glockenspiel
0782d022.wav,Screaming Chirp_and_tweet Meow
078464b8.wav,Waves_and_surf Stream Hiss
07a82fbe.wav,Knock Tap Drawer_open_or_close
07bca33c.wav,Chink_and_clink Sigh Gasp
07da8ebf.wav,Screaming Yell Female_singing
07dff283.wav,Drawer_open_or_close Run Microwave_oven
07f965a0.wav,Stream Waves_and_surf Toilet_flush
07fa6e7e.wav,Burping_and_eructation Gasp Sneeze
08087580.wav,Stream Fill_(with_liquid) Trickle_and_dribble
0814db2b.wav,Accordion Harmonica Church_bell
0815543c.wav,Fart Male_speech_and_man_speaking Whispering
081d6520.wav,Shatter Cutlery_and_silverware Keys_jangling
081f2b5a.wav,Knock Microwave_oven Run
0824bbdb.wav,Keys_jangling Cutlery_and_silverware Shatter
08272d1c.wav,Cricket Bus Hiss
08278440.wav,Burping_and_eructation Gasp Male_speech_and_man_speaking
0837e041.wav,Drawer_open_or_close Knock Computer_keyboard
08390e01.wav,Hiss Cricket Frying_(food)
083cc652.wav,Child_speech_and_kid_speaking Meow Screaming
08458ab2.wav,Computer_keyboard Crackle Run
0849057f.wav,Male_speech_and_man_speaking Female_speech_and_woman_speaking Sneeze
084e5784.wav,Gasp Sneeze Male_speech_and_man_speaking
085f174a.wav,Harmonica Marimba_and_xylophone Gong
0865816c.wav,Knock Tap Bass_drum
086ce4a5.wav,Meow Marimba_and_xylophone Gong
086ebb95.wav,Motorcycle Car_passing_by Mechanical_fan
08810dd4.wav,Crackle Computer_keyboard Writing
08b06642.wav,Female_singing Male_singing Screaming
08b2d04c.wav,Marimba_and_xylophone Sigh Gong
08bc3e2d.wav,Knock Drawer_open_or_close Tap
08d46566.wav,Keys_jangling Writing Tick-tock
08d4acca.wav,Church_bell Gong Bass_guitar
08d5d316.wav,Waves_and_surf Stream Toilet_flush
08dfe75d.wav,Knock Slam Bass_drum
08eb3a69.wav,Purr Writing Zipper_(clothing)
08f36895.wav,Run Drawer_open_or_close Skateboard
08facc12.wav,Whispering Fill_(with_liquid) Bathtub_(filling_or_washing)
090cc523.wav,Fill_(with_liquid) Trickle_and_dribble Computer_keyboard
091fa206.wav,Whispering Gurgling Purr
092d8e54.wav,Run Computer_keyboard Walk_and_footsteps
094761b8.wav,Tap Tick-tock Printer
0963270d.wav,Computer_keyboard Run Gurgling
0992b95a.wav,Purr Zipper_(clothing) Gurgling
0997968e.wav,Stream Waves_and_surf Bathtub_(filling_or_washing)
09a67356.wav,Printer Drawer_open_or_close Microwave_oven
09d085e3.wav,Run Bus Waves_and_surf
0a31c905.wav,Toilet_flush Printer Computer_keyboard
0a3c2351.wav,Tap Tick-tock Microwave_oven
0a4d3800.wav,Purr Writing Tick-tock
0a4ff0fb.wav,Fart Printer Shatter
0a56e261.wav,Meow Gong Microwave_oven
0a64010f.wav,Meow Screaming Gong
0a683136.wav,Bass_guitar Gong Purr
0a6e6889.wav,Gong Marimba_and_xylophone Chink_and_clink
0a8e1630.wav,Knock Crackle Slam
0a950c32.wav,Marimba_and_xylophone Bass_guitar Electric_guitar
0aee7a2a.wav,Waves_and_surf Stream Run
0af7446d.wav,Writing Tick-tock Scissors
0b1503e8.wav,Marimba_and_xylophone Sigh Gong
0b33d746.wav,Meow Screaming Harmonica
0b4819f1.wav,Bus Printer Cricket
0b5c6535.wav,Tick-tock Crackle Drawer_open_or_close
0b73077e.wav,Yell Screaming Bark
0b9e93e6.wav,Writing Printer Toilet_flush
0ba7fe6b.wav,Bass_drum Knock Tap
0bacb61b.wav,Scissors Finger_snapping Crackle
0bb86b6c.wav,Burping_and_eructation Sneeze Sigh
0bbe8308.wav,Tap Finger_snapping Fart
0bc36580.wav,Bark Male_singing Female_singing
0bc7822a.wav,Tick-tock Shatter Keys_jangling
0bdcdfba.wav,Knock Gong Tap
0bec3f54.wav,Scissors Crackle Finger_snapping
0c151ad3.wav,Waves_and_surf Stream Traffic_noise_and_roadway_noise
0c16f612.wav,Harmonica Female_singing Meow
0c32d940.wav,Burping_and_eructation Marimba_and_xylophone Yell
0c390f3c.wav,Burping_and_eructation Male_speech_and_man_speaking Sigh
0c3b2573.wav,Motorcycle Microwave_oven Car_passing_by
0c5ba768.wav,Tap Finger_snapping Clapping
0c698ef7.wav,Scissors Finger_snapping Tick-tock
0c8d9148.wav,Toilet_flush Computer_keyboard Motorcycle
0c8def18.wav,Traffic_noise_and_roadway_noise Car_passing_by Motorcycle
0c949702.wav,Toilet_flush Frying_(food) Hiss
0cb33d03.wav,Whispering Sigh Burping_and_eructation
0cb4cde3.wav,Tick-tock Computer_keyboard Drawer_open_or_close
0cdddb37.wav,Tap Finger_snapping Knock
0ce84f9b.wav,Motorcycle Car_passing_by Mechanical_fan
0cfe3f96.wav,Whispering Gurgling Male_speech_and_man_speaking
0d000cd7.wav,Gasp Tap Fart
0d1b11e0.wav,Fart Printer Sneeze
0d2230eb.wav,Cricket Hiss Chirp_and_tweet
0d2707f4.wav,Glockenspiel Marimba_and_xylophone Gong
0d34341d.wav,Drawer_open_or_close Microwave_oven Printer
0d3dc96c.wav,Shatter Keys_jangling Printer
0d507c20.wav,Harmonica Meow Printer
0d540ee1.wav,Tick-tock Scissors Chewing_and_mastication
0d5516ef.wav,Cricket Screaming Bicycle_bell
0d6564bb.wav,Female_singing Bark Male_singing
0d673a8c.wav,Finger_snapping Tap Whispering
0d74277e.wav,Toilet_flush Printer Motorcycle
0d8d7af9.wav,Drawer_open_or_close Tap Computer_keyboard
0d8e2166.wav,Shatter Keys_jangling Printer
0d8f3f54.wav,Bass_drum Cupboard_open_or_close Slam
0d9caeeb.wav,Bus Car_passing_by Motorcycle
0da3d582.wav,Whispering Gurgling Fill_(with_liquid)
0dc06757.wav,Meow Screaming Child_speech_and_kid_speaking
0dc813d8.wav,Crackle Scissors Frying_(food)
0dce3e5f.wav,Stream Bathtub_(filling_or_washing) Frying_(food)
0dcf1534.wav,Waves_and_surf Stream Motorcycle
0dda644b.wav,Tick-tock Bathtub_(filling_or_washing) Writing
0ddd0393.wav,Finger_snapping Tap Clapping
0de2a4b2.wav,Male_speech_and_man_speaking Female_speech_and_woman_speaking Electric_guitar
0de4fc92.wav,Gong Church_bell Electric_guitar
0df1484c.wav,Writing Zipper_(clothing) Printer
0e18c7d2.wav,Scissors Finger_snapping Crackle
0e3e2590.wav,Printer Traffic_noise_and_roadway_noise Microwave_oven
0e4be6a4.wav,Bus Car_passing_by Mechanical_fan
0e6552c7.wav,Knock Slam Run
0e70a285.wav,Hiss Bathtub_(filling_or_washing) Cricket
0e7f5c7e.wav,Stream Waves_and_surf Bathtub_(filling_or_washing)
0e9e941b.wav,Gurgling Fill_(with_liquid) Trickle_and_dribble
0ea99bf4.wav,Sigh Gasp Bark
0eaf6d60.wav,Car_passing_by Drawer_open_or_close Waves_and_surf
0ec7e315.wav,Mechanical_fan Crackle Car_passing_by
0ed20fe2.wav,Waves_and_surf Run Crackle
0ee80cb7.wav,Female_speech_and_woman_speaking Male_singing Female_singing
0ef6fb07.wav,Cutlery_and_silverware Keys_jangling Shatter
0f07f15f.wav,Finger_snapping Tap Scissors
0f08a4c8.wav,Purr Knock Crackle
0f096853.wav,Motorcycle Bus Microwave_oven
0f1ab7b0.wav,Crackle Knock Zipper_(clothing)
0f3fe29d.wav,Stream Toilet_flush Waves_and_surf
0f50ef2b.wav,Motorcycle Printer Traffic_noise_and_roadway_noise
0f61907d.wav,Motorcycle Bass_guitar Electric_guitar
0f663341.wav,Knock Tap Tick-tock
0f81d5bc.wav,Computer_keyboard Tick-tock Writing
0faf5b2e.wav,Accelerating_and_revving_and_vroom Motorcycle Electric_guitar
0fc07a52.wav,Run Writing Scissors
0fc6a683.wav,Hiss Bathtub_(filling_or_washing) Frying_(food)
0fccb2e5.wav,Shatter Keys_jangling Cutlery_and_silverware
0fd91890.wav,Sigh Tick-tock Meow
0fdb30c1.wav,Knock Drawer_open_or_close Microwave_oven
0fed6565.wav,Toilet_flush Hiss Printer
0ff0e483.wav,Female_speech_and_woman_speaking Child_speech_and_kid_speaking Sneeze
0fffc208.wav,Tap Gong Knock
100e123a.wav,Bus Traffic_noise_and_roadway_noise Printer
100faf3f.wav,Whispering Chirp_and_tweet Cricket
101b2011.wav,Marimba_and_xylophone Tap Tick-tock
10234fef.wav,Bass_drum Slam Cupboard_open_or_close
10236f0e.wav,Cricket Chirp_and_tweet Hiss
102fb14f.wav,Bass_guitar Gong Marimba_and_xylophone
1052e52b.wav,Burping_and_eructation Fart Gurgling
105460cd.wav,Burping_and_eructation Church_bell Accordion
10678d21.wav,Keys_jangling Shatter Cutlery_and_silverware
107f3deb.wav,Run Zipper_(clothing) Walk_and_footsteps
10811159.wav,Stream Skateboard Bathtub_(filling_or_washing)
10a1aa40.wav,Waves_and_surf Stream Zipper_(clothing)
10a7b8f3.wav,Harmonica Female_singing Accordion
10acf1b6.wav,Cricket Hiss Purr
10c170b1.wav,Shatter Whispering Sigh
10d026e9.wav,Knock Tap Slam
10d94568.wav,Zipper_(clothing) Skateboard Run
10e6a6ac.wav,Crackle Tick-tock Scissors
10e6db66.wav,Male_speech_and_man_speaking Burping_and_eructation Gasp
10e92421.wav,Toilet_flush Electric_guitar Printer
10f58e51.wav,Electric_guitar Church_bell Accordion
11071bad.wav,Finger_snapping Shatter Tap
111f9431.wav,Printer Writing Chewing_and_mastication
112bdb70.wav,Harmonica Marimba_and_xylophone Female_singing
113290e8.wav,Keys_jangling Scissors Shatter
1142def0.wav,Keys_jangling Scissors Shatter
1147c12b.wav,Bicycle_bell Microwave_oven Marimba_and_xylophone
1158e587.wav,Keys_jangling Cutlery_and_silverware Bicycle_bell
11641eb8.wav,Stream Run Toilet_flush
1167b492.wav,Fart Microwave_oven Tap
1172c5fb.wav,Church_bell Printer Motorcycle
117358df.wav,Scissors Knock Tap
1175ac74.wav,Knock Zipper_(clothing) Drawer_open_or_close
11b6c488.wav,Stream Toilet_flush Bathtub_(filling_or_washing)
11cc8bcb.wav,Run Computer_keyboard Gurgling
12264142.wav,Whispering Microwave_oven Male_speech_and_man_speaking
1226b0e0.wav,Writing Computer_keyboard Chewing_and_mastication
1247b7e3.wav,Glockenspiel Marimba_and_xylophone Bicycle_bell
124a286f.wav,Fill_(with_liquid) Trickle_and_dribble Gurgling
12600be5.wav,Tick-tock Scissors Computer_keyboard
12689530.wav,Harmonica Accordion Church_bell
126b674b.wav,Scissors Keys_jangling Shatter
127adb78.wav,Female_singing Bark Child_speech_and_kid_speaking
12849e29.wav,Bathtub_(filling_or_washing) Buzz Hiss
128a67de.wav,Scissors Finger_snapping Tick-tock
12bcd3ec.wav,Cricket Hiss Waves_and_surf
12d3e91f.wav,Fart Zipper_(clothing) Drawer_open_or_close
12d8c07f.wav,Bus Motorcycle Car_passing_by
12ddf239.wav,Computer_keyboard Crackle Drawer_open_or_close
12df81e8.wav,Stream Waves_and_surf Bathtub_(filling_or_washing)
12ee0010.wav,Computer_keyboard Chewing_and_mastication Bathtub_(filling_or_washing)
12fe33b6.wav,Printer Motorcycle Microwave_oven
130e4d2f.wav,Burping_and_eructation Sneeze Gasp
13237edd.wav,Whispering Chirp_and_tweet Hiss
134c3fea.wav,Finger_snapping Tap Clapping
134c95a2.wav,Scissors Crackle Computer_keyboard
13694181.wav,Knock Bass_drum Slam
13728313.wav,Car_passing_by Race_car_and_auto_racing Traffic_noise_and_roadway_noise
13ae306e.wav,Bicycle_bell Marimba_and_xylophone Bus
13cfa025.wav,Printer Traffic_noise_and_roadway_noise Bus
13e3453c.wav,Frying_(food) Keys_jangling Bathtub_(filling_or_washing)
13e84f69.wav,Bicycle_bell Microwave_oven Chink_and_clink
14096fd8.wav,Chewing_and_mastication Computer_keyboard Run
142b9865.wav,Crackle Keys_jangling Scissors
1438cfd0.wav,Female_speech_and_woman_speaking Printer Male_speech_and_man_speaking
143e6d96.wav,Bicycle_bell Keys_jangling Shatter
14416af5.wav,Tick-tock Purr Whispering
1451986d.wav,Cupboard_open_or_close Printer Fart
145a10e4.wav,Run Drawer_open_or_close Tap
146c73a3.wav,Harmonica Meow Female_singing
14ab7f13.wav,Run Drawer_open_or_close Purr
14cbc626.wav,Writing Zipper_(clothing) Run
14d22f20.wav,Keys_jangling Shatter Tick-tock
14e86cfb.wav,Finger_snapping Tap Clapping
14fd704c.wav,Tap Bass_drum Purr
151ea709.wav,Toilet_flush Stream Bathtub_(filling_or_washing)
15288481.wav,Church_bell Marimba_and_xylophone Electric_guitar
152a4e09.wav,Stream Buzz Chirp_and_tweet
153579d9.wav,Waves_and_surf Zipper_(clothing) Run
1544427c.wav,Crackle Zipper_(clothing) Finger_snapping
154696fd.wav,Run Waves_and_surf Bus
156bf74f.wav,Toilet_flush Printer Hiss
156c1736.wav,Church_bell Printer Race_car_and_auto_racing
15776b9c.wav,Computer_keyboard Fill_(with_liquid) Whispering
157dd023.wav,Scissors Keys_jangling Cutlery_and_silverware
15849032.wav,Cricket Hiss Chirp_and_tweet
15868ee8.wav,Cricket Hiss Chirp_and_tweet
159b8b9b.wav,Chewing_and_mastication Writing Scissors
159d2208.wav,Zipper_(clothing) Tick-tock Sneeze
15a78daf.wav,Microwave_oven Tap Tick-tock
15a98fd7.wav,Bass_drum Knock Tap
15b0d4ec.wav,Scissors Finger_snapping Crackle
15bcf71d.wav,Bass_guitar Gong Accelerating_and_revving_and_vroom
15c34c4f.wav,Computer_keyboard Writing Tick-tock
15e2bcaa.wav,Accordion Harmonica Electric_guitar
15e7bb78.wav,Keys_jangling Scissors Shatter
160105ad.wav,Harmonica Male_singing Female_singing
1604a3fa.wav,Writing Keys_jangling Scissors
1606f119.wav,Zipper_(clothing) Printer Gasp
160acbb0.wav,Cricket Chirp_and_tweet Hiss
165fd18a.wav,Run Gurgling Printer
166a05c0.wav,Skateboard Stream Waves_and_surf
1670b964.wav,Run Zipper_(clothing) Walk_and_footsteps
167a4f00.wav,Cricket Chirp_and_tweet Hiss
168be388.wav,Marimba_and_xylophone Meow Sneeze
16b56d33.wav,Keys_jangling Bicycle_bell Whispering
16bc3f60.wav,Toilet_flush Bathtub_(filling_or_washing) Skateboard
16c7da35.wav,Stream Toilet_flush Waves_and_surf
16d80f68.wav,Electric_guitar Harmonica Accordion
16e17bed.wav,Traffic_noise_and_roadway_noise Car_passing_by Race_car_and_auto_racing
16f7ac14.wav,Motorcycle Microwave_oven Car_passing_by
16fd3589.wav,Run Computer_keyboard Chewing_and_mastication
17135192.wav,Bicycle_bell Cricket Chirp_and_tweet
17140de5.wav,Bathtub_(filling_or_washing) Gurgling Printer
171aa36c.wav,Whispering Fart Chirp_and_tweet
17361a5c.wav,Stream Waves_and_surf Clapping
1751bb8a.wav,Scissors Tick-tock Writing
1779b015.wav,Electric_guitar Church_bell Gong
17b6e84f.wav,Writing Keys_jangling Scissors
17c4b25f.wav,Toilet_flush Stream Skateboard
17dfb6db.wav,Cupboard_open_or_close Drawer_open_or_close Slam
1802421a.wav,Printer Waves_and_surf Toilet_flush
18183321.wav,Motorcycle Bus Traffic_noise_and_roadway_noise
183948d1.wav,Stream Printer Bathtub_(filling_or_washing)
183fb536.wav,Car_passing_by Sigh Meow
1843680b.wav,Skateboard Zipper_(clothing) Whispering
184aca02.wav,Bathtub_(filling_or_washing) Frying_(food) Crackle
18551bc1.wav,Gasp Fart Printer
1859b7f7.wav,Keys_jangling Scissors Computer_keyboard
1877623e.wav,Tap Burping_and_eructation Gasp
1889c58d.wav,Bark Male_speech_and_man_speaking Whispering
18929e41.wav,Harmonica Accordion Female_singing
1899de05.wav,Knock Bass_drum Slam
18ace84c.wav,Sneeze Screaming Bark
18be000d.wav,Drawer_open_or_close Waves_and_surf Printer
18c94757.wav,Harmonica Church_bell Toilet_flush
18ea2e9e.wav,Printer Bathtub_(filling_or_washing) Zipper_(clothing)
18fda5a4.wav,Motorcycle Accelerating_and_revving_and_vroom Traffic_noise_and_roadway_noise
1904f396.wav,Gurgling Whispering Zipper_(clothing)
19135157.wav,Tick-tock Writing Tap
191adc5f.wav,Male_speech_and_man_speaking Sigh Child_speech_and_kid_speaking
19303d26.wav,Motorcycle Bus Male_singing
193a6063.wav,Tick-tock Crackle Drawer_open_or_close
1945b8ca.wav,Toilet_flush Printer Frying_(food)
19508dc0.wav,Motorcycle Traffic_noise_and_roadway_noise Race_car_and_auto_racing
1960e51e.wav,Gurgling Male_speech_and_man_speaking Marimba_and_xylophone
19754d94.wav,Female_singing Electric_guitar Female_speech_and_woman_speaking
197ce5b2.wav,Male_singing Female_speech_and_woman_speaking Sneeze
199d4d12.wav,Male_speech_and_man_speaking Gurgling Female_speech_and_woman_speaking
19a7dec3.wav,Gurgling Male_speech_and_man_speaking Fill_(with_liquid)
19bb5700.wav,Printer Whispering Toilet_flush
19c7c900.wav,Meow Sigh Screaming
19d9401d.wav,Tap Microwave_oven Cupboard_open_or_close
19dcb315.wav,Tick-tock Writing Tap
1a068a84.wav,Bass_guitar Electric_guitar Gong
1a0d1b78.wav,Waves_and_surf Traffic_noise_and_roadway_noise Car_passing_by
1a110901.wav,Toilet_flush Printer Hiss
1a1de9b9.wav,Harmonica Church_bell Glockenspiel
1a1def6e.wav,Skateboard Toilet_flush Bathtub_(filling_or_washing)
1a1edda6.wav,Female_speech_and_woman_speaking Child_speech_and_kid_speaking Female_singing
1a2580e1.wav,Car_passing_by Knock Traffic_noise_and_roadway_noise
1a35ded5.wav,Frying_(food) Hiss Crackle
1a362723.wav,Meow Screaming Squeak
1a44ace1.wav,Bass_guitar Gong Purr
1a51eefe.wav,Fill_(with_liquid) Bathtub_(filling_or_washing) Trickle_and_dribble
1a5c4e84.wav,Waves_and_surf Run Motorcycle
1a606ef2.wav,Purr Hiss Mechanical_fan
1a6925fa.wav,Keys_jangling Shatter Scissors
1a884f9e.wav,Computer_keyboard Writing Tick-tock
1abdac69.wav,Chewing_and_mastication Fill_(with_liquid) Trickle_and_dribble
1ac6f6f3.wav,Sigh Bark Burping_and_eructation
1acae695.wav,Car_passing_by Waves_and_surf Traffic_noise_and_roadway_noise
1acb3d32.wav,Marimba_and_xylophone Printer Buzz
1ad7f703.wav,Printer Purr Motorcycle
1ae3ca16.wav,Tick-tock Writing Crackle
1aec75a6.wav,Crackle Computer_keyboard Scissors
1b0687b2.wav,Tick-tock Computer_keyboard Shatter
1b086eb7.wav,Zipper_(clothing) Purr Run
1b0a3884.wav,Sigh Whispering Bark
1b1d1b2d.wav,Hiss Toilet_flush Frying_(food)
1b3ecd82.wav,Motorcycle Accelerating_and_revving_and_vroom Traffic_noise_and_roadway_noise
1b5b6468.wav,Whispering Skateboard Cupboard_open_or_close
1b5daf72.wav,Crackle Tick-tock Zipper_(clothing)
1b68d94a.wav,Drawer_open_or_close Microwave_oven Printer
1ba04ecc.wav,Scissors Crackle Frying_(food)
1bc14732.wav,Sigh Chink_and_clink Sneeze
1bcfdfb5.wav,Burping_and_eructation Marimba_and_xylophone Purr
1bd82417.wav,Gong Marimba_and_xylophone Church_bell
1be1c727.wav,Drawer_open_or_close Microwave_oven Run
1bfd4be2.wav,Skateboard Printer Fart
1c0e284a.wav,Motorcycle Printer Mechanical_fan
1c0fbe4b.wav,Meow Marimba_and_xylophone Gong
1c1dd720.wav,Male_singing Female_singing Gurgling
1c3bd325.wav,Whispering Sigh Cutlery_and_silverware
1c699cb7.wav,Microwave_oven Bicycle_bell Bus
1c6d56db.wav,Hiss Bicycle_bell Fill_(with_liquid)
1c77cedf.wav,Stream Waves_and_surf Bathtub_(filling_or_washing)
1c785226.wav,Run Zipper_(clothing) Computer_keyboard
1c79ca96.wav,Scissors Finger_snapping Crackle
1c8369cf.wav,Zipper_(clothing) Drawer_open_or_close Walk_and_footsteps
1c983e19.wav,Printer Drawer_open_or_close Toilet_flush
1c9e3f10.wav,Slam Cupboard_open_or_close Bass_drum
1cc5b5f7.wav,Computer_keyboard Gurgling Fill_(with_liquid)
1cd55ad6.wav,Motorcycle Traffic_noise_and_roadway_noise Bus
1cf8379b.wav,Hiss Cricket Frying_(food)
1d11b910.wav,Scissors Crackle Frying_(food)
1d1778c4.wav,Bass_drum Bass_guitar Marimba_and_xylophone
1d1863a4.wav,Motorcycle Mechanical_fan Traffic_noise_and_roadway_noise
1d2459ce.wav,Sneeze Gasp Sigh
1d279116.wav,Drawer_open_or_close Tap Tick-tock
1d33f8e1.wav,Hiss Hi-hat Cutlery_and_silverware
1d4ae8ab.wav,Scissors Computer_keyboard Tick-tock
1d58040b.wav,Meow Child_speech_and_kid_speaking Screaming
1d6f2b16.wav,Female_speech_and_woman_speaking Female_singing Male_singing
1d7d2a17.wav,Mechanical_fan Bus Waves_and_surf
1db41feb.wav,Church_bell Female_singing Bark
1dbcd4ba.wav,Bathtub_(filling_or_washing) Stream Tick-tock
1dc3166b.wav,Fart Skateboard Printer
1dc417cd.wav,Crackle Tick-tock Zipper_(clothing)
1dcc4dd4.wav,Motorcycle Microwave_oven Bus
1de84153.wav,Microwave_oven Accelerating_and_revving_and_vroom Motorcycle
1ded5864.wav,Knock Tick-tock Buzz
1def6435.wav,Run Chewing_and_mastication Computer_keyboard
1dfa910d.wav,Scissors Shatter Finger_snapping
1e0b81a9.wav,Electric_guitar Church_bell Cupboard_open_or_close
1e1a72d5.wav,Knock Tap Drawer_open_or_close
1e1e674a.wav,Toilet_flush Hiss Bathtub_(filling_or_washing)
1e3763ba.wav,Meow Gong Screaming
1e3cd2f0.wav,Child_speech_and_kid_speaking Female_speech_and_woman_speaking Sneeze
1e6572de.wav,Meow Printer Microwave_oven
1e6e9131.wav,Zipper_(clothing) Skateboard Sneeze
1e6fe316.wav,Stream Bathtub_(filling_or_washing) Waves_and_surf
1e7b59a7.wav,Sneeze Child_speech_and_kid_speaking Meow
1e8a965c.wav,Waves_and_surf Mechanical_fan Motorcycle
1e8fe3d2.wav,Female_singing Male_singing Bark
1ea533ec.wav,Scissors Finger_snapping Tap
1eac92a1.wav,Accordion Harmonica Church_bell
1ec2f60d.wav,Drawer_open_or_close Shatter Zipper_(clothing)
1eda3d26.wav,Screaming Meow Harmonica
1f27827e.wav,Harmonica Screaming Meow
1f293888.wav,Bass_drum Cupboard_open_or_close Slam
1f3d2f22.wav,Stream Waves_and_surf Traffic_noise_and_roadway_noise
1f52baf2.wav,Keys_jangling Cutlery_and_silverware Sigh
1f58cc84.wav,Male_singing Female_speech_and_woman_speaking Electric_guitar
1f63c45e.wav,Run Scissors Writing
1f85a5c7.wav,Skateboard Fart Clapping
1f9c1f3e.wav,Electric_guitar Church_bell Male_singing
1fc0282a.wav,Writing Run Scissors
1fc8f9a5.wav,Bicycle_bell Microwave_oven Marimba_and_xylophone
1fd74cc3.wav,Glockenspiel Marimba_and_xylophone Microwave_oven
1fde2c61.wav,Drawer_open_or_close Run Microwave_oven
1fe639ee.wav,Computer_keyboard Zipper_(clothing) Run
1fec2121.wav,Drawer_open_or_close Skateboard Printer
1ff215f3.wav,Toilet_flush Printer Skateboard
200b6920.wav,Bus Printer Drawer_open_or_close
2012b2f4.wav,Knock Slam Microwave_oven
201c18ee.wav,Run Drawer_open_or_close Waves_and_surf
20612e10.wav,Toilet_flush Church_bell Female_singing
2069253a.wav,Male_speech_and_man_speaking Fill_(with_liquid) Female_singing
206c0a24.wav,Writing Scissors Shatter
20801c98.wav,Hiss Sigh Whispering
2087f937.wav,Whispering Tick-tock Trickle_and_dribble
20898b89.wav,Stream Bathtub_(filling_or_washing) Fill_(with_liquid)
20b16812.wav,Bicycle_bell Microwave_oven Cutlery_and_silverware
20c3541c.wav,Keys_jangling Writing Scissors
20d2ad1c.wav,Meow Screaming Chink_and_clink
20dc6392.wav,Computer_keyboard Writing Purr
20e285c7.wav,Printer Microwave_oven Sigh
21102a3a.wav,Chewing_and_mastication Whispering Zipper_(clothing)
2113043a.wav,Female_singing Gong Meow
2142adda.wav,Screaming Fill_(with_liquid) Trickle_and_dribble
21447ea7.wav,Accordion Harmonica Electric_guitar
21455882.wav,Hiss Cricket Chewing_and_mastication
2157612c.wav,Male_singing Toilet_flush Screaming
2159eea8.wav,Fart Shatter Printer
2175b26d.wav,Bass_guitar Gong Marimba_and_xylophone
217b109a.wav,Car_passing_by Mechanical_fan Waves_and_surf
2189acc6.wav,Harmonica Accordion Female_singing
218b15dc.wav,Male_speech_and_man_speaking Bark Whispering
218c8907.wav,Toilet_flush Stream Printer
21b0c9cb.wav,Run Waves_and_surf Walk_and_footsteps
21b24d69.wav,Bass_drum Knock Clapping
21b601cd.wav,Gong Female_singing Church_bell
21d2eb4c.wav,Whispering Sigh Fart
21d49986.wav,Crackle Knock Bass_drum
21e8d6a9.wav,Knock Tap Drawer_open_or_close
21eb5d58.wav,Waves_and_surf Traffic_noise_and_roadway_noise Stream
21eca32f.wav,Writing Scissors Shatter
21fa3245.wav,Tick-tock Scissors Hiss
2210c997.wav,Child_speech_and_kid_speaking Meow Yell
2216c947.wav,Male_singing Purr Bus
223032ba.wav,Cricket Hiss Chirp_and_tweet
2236c850.wav,Purr Crackle Knock
223a5173.wav,Sneeze Male_speech_and_man_speaking Burping_and_eructation
22522048.wav,Microwave_oven Drawer_open_or_close Motorcycle
2263763d.wav,Cricket Purr Fart
228a538c.wav,Scissors Crackle Finger_snapping
22a7e375.wav,Stream Waves_and_surf Traffic_noise_and_roadway_noise
22b07889.wav,Printer Meow Whispering
22b6b9aa.wav,Finger_snapping Sneeze Whispering
22c5ea2f.wav,Motorcycle Traffic_noise_and_roadway_noise Bus
22c78043.wav,Knock Run Purr
22c98028.wav,Bus Car_passing_by Computer_keyboard
22c9b301.wav,Car_passing_by Accelerating_and_revving_and_vroom Motorcycle
22cd860e.wav,Computer_keyboard Chewing_and_mastication Scissors
22f22fc9.wav,Computer_keyboard Drawer_open_or_close Knock
22f2d98a.wav,Keys_jangling Shatter Marimba_and_xylophone
2303e210.wav,Whispering Keys_jangling Bicycle_bell
23244f49.wav,Whispering Chewing_and_mastication Writing
2327b6de.wav,Bass_drum Tap Knock
2343daa5.wav,Toilet_flush Printer Motorcycle
235213ce.wav,Whispering Gurgling Fill_(with_liquid)
235f959c.wav,Meow Sigh Screaming
236e7ce1.wav,Hiss Frying_(food) Bathtub_(filling_or_washing)
23726888.wav,Glockenspiel Marimba_and_xylophone Tick-tock
23756062.wav,Car_passing_by Motorcycle Traffic_noise_and_roadway_noise
238b11f0.wav,Knock Purr Drawer_open_or_close
23a07927.wav,Hiss Printer Whispering
23a2669b.wav,Toilet_flush Bathtub_(filling_or_washing) Printer
23c4613e.wav,Crackle Knock Slam
23c714b5.wav,Bass_drum Bass_guitar Purr
23d35eea.wav,Zipper_(clothing) Skateboard Drawer_open_or_close
23fabbb4.wav,Stream Waves_and_surf Bathtub_(filling_or_washing)
23fe505d.wav,Writing Scissors Crackle
2406d1de.wav,Motorcycle Car_passing_by Mechanical_fan
240e9caa.wav,Female_singing Buzz Child_speech_and_kid_speaking
24456657.wav,Stream Waves_and_surf Skateboard
244a60cd.wav,Finger_snapping Whispering Clapping
2451cad9.wav,Harmonica Meow Female_singing
2451d17b.wav,Gong Marimba_and_xylophone Harmonica
245c01e6.wav,Church_bell Male_singing Electric_guitar
2462f236.wav,Female_singing Male_singing Electric_guitar
24ae5bef.wav,Sigh Marimba_and_xylophone Printer
24ce9114.wav,Printer Sigh Fart
24dda4ed.wav,Hiss Toilet_flush Frying_(food)
24ecb25d.wav,Squeak Meow Yell
24f04ba5.wav,Waves_and_surf Run Walk_and_footsteps
2548960b.wav,Printer Motorcycle Church_bell
256d567f.wav,Chewing_and_mastication Gurgling Scissors
2583a54d.wav,Scissors Crackle Finger_snapping
2599ff86.wav,Screaming Sigh Meow
259e3fa7.wav,Chewing_and_mastication Computer_keyboard Tick-tock
25a8ef58.wav,Bass_drum Knock Slam
25a991a1.wav,Scissors Finger_snapping Tick-tock
25beac1d.wav,Tap Shatter Keys_jangling
25c32640.wav,Bathtub_(filling_or_washing) Frying_(food) Scissors
25c8686f.wav,Burping_and_eructation Sneeze Gasp
25d481d6.wav,Bass_drum Tap Cupboard_open_or_close
25e059d3.wav,Waves_and_surf Run Microwave_oven
25e23528.wav,Harmonica Accordion Screaming
25e75fa8.wav,Computer_keyboard Writing Scissors
261cdf15.wav,Printer Buzz Motorcycle
262131af.wav,Gong Motorcycle Bass_guitar
2624e8ff.wav,Whispering Burping_and_eructation Bark
26263cf0.wav,Meow Sigh Burping_and_eructation
262a7108.wav,Microwave_oven Drawer_open_or_close Tap
262d4cca.wav,Harmonica Meow Chink_and_clink
2655ac2c.wav,Harmonica Accordion Female_singing
26a25f5d.wav,Tap Finger_snapping Sigh
26a4977c.wav,Purr Run Writing
26a6c2f3.wav,Shatter Stream Whispering
26abfa32.wav,Toilet_flush Writing Scissors
26c001b7.wav,Stream Waves_and_surf Toilet_flush
26c01e3f.wav,Male_singing Female_speech_and_woman_speaking Female_singing
26f921e3.wav,Chirp_and_tweet Chewing_and_mastication Writing
2707f8b0.wav,Female_singing Female_speech_and_woman_speaking Child_speech_and_kid_speaking
27080c56.wav,Drawer_open_or_close Skateboard Knock
271ade69.wav,Gong Bass_guitar Accelerating_and_revving_and_vroom
272d95c7.wav,Stream Waves_and_surf Skateboard
2733bb3f.wav,Female_singing Harmonica Male_singing
27446bcd.wav,Cupboard_open_or_close Tap Bass_drum
2756ca54.wav,Zipper_(clothing) Sneeze Scissors
2758a116.wav,Female_singing Male_singing Electric_guitar
275e1bb6.wav,Female_speech_and_woman_speaking Male_speech_and_man_speaking Male_singing
278a19ee.wav,Printer Accordion Sigh
27903ab8.wav,Fill_(with_liquid) Computer_keyboard Whispering
27924331.wav,Sneeze Fart Whispering
279d4550.wav,Writing Zipper_(clothing) Run
27a4f4a8.wav,Church_bell Traffic_noise_and_roadway_noise Printer
27a8cf7f.wav,Tap Microwave_oven Burping_and_eructation
27b8db15.wav,Run Waves_and_surf Walk_and_footsteps
27c8eacc.wav,Run Computer_keyboard Writing
27ce0e90.wav,Chewing_and_mastication Scissors Writing
27d07e83.wav,Cricket Chirp_and_tweet Hiss
27d43eba.wav,Printer Toilet_flush Buzz
27df10d1.wav,Gurgling Male_speech_and_man_speaking Whispering
27e085c0.wav,Printer Drawer_open_or_close Cupboard_open_or_close
280c07e4.wav,Screaming Printer Hiss
2810d717.wav,Zipper_(clothing) Computer_keyboard Drawer_open_or_close
28142c7d.wav,Scissors Finger_snapping Crackle
28199c01.wav,Tap Finger_snapping Hi-hat
2833e567.wav,Fill_(with_liquid) Trickle_and_dribble Stream
28383990.wav,Hiss Toilet_flush Tick-tock
283bc0ea.wav,Run Scissors Computer_keyboard
2842be8c.wav,Computer_keyboard Run Walk_and_footsteps
28849a80.wav,Scissors Crackle Tick-tock
288a89c1.wav,Mechanical_fan Motorcycle Electric_guitar
2894416d.wav,Computer_keyboard Crackle Zipper_(clothing)
289fb0b8.wav,Printer Toilet_flush Traffic_noise_and_roadway_noise
28a2ff49.wav,Tap Drawer_open_or_close Tick-tock
28a9213d.wav,Computer_keyboard Run Writing
28d22d2e.wav,Printer Motorcycle Microwave_oven
28d2f36f.wav,Meow Screaming Sneeze
28e13187.wav,Knock Purr Tap
28e32693.wav,Motorcycle Car_passing_by Accelerating_and_revving_and_vroom
28f49053.wav,Waves_and_surf Stream Printer
28ff0651.wav,Church_bell Male_singing Electric_guitar
290e30df.wav,Fart Whispering Zipper_(clothing)
292ef00f.wav,Child_speech_and_kid_speaking Female_singing Female_speech_and_woman_speaking
2934735d.wav,Drawer_open_or_close Sneeze Zipper_(clothing)
2934d413.wav,Tick-tock Run Computer_keyboard
29365227.wav,Tick-tock Computer_keyboard Drawer_open_or_close
295268ea.wav,Waves_and_surf Drawer_open_or_close Run
29699f09.wav,Zipper_(clothing) Writing Run
297219cc.wav,Finger_snapping Whispering Clapping
2980d500.wav,Tick-tock Marimba_and_xylophone Printer
29826356.wav,Tap Tick-tock Gasp
29b0574f.wav,Run Zipper_(clothing) Chewing_and_mastication
29d72dfb.wav,Bus Car_passing_by Motorcycle
29dd29fb.wav,Drawer_open_or_close Zipper_(clothing) Computer_keyboard
29e4880e.wav,Crackle Computer_keyboard Chewing_and_mastication
2a0893c6.wav,Bass_guitar Gong Accelerating_and_revving_and_vroom
2a0a3828.wav,Gurgling Whispering Male_speech_and_man_speaking
2a484593.wav,Tick-tock Scissors Zipper_(clothing)
2a557637.wav,Scissors Computer_keyboard Tick-tock
2a79d0a8.wav,Gong Knock Tap
2a9c7202.wav,Frying_(food) Hiss Bathtub_(filling_or_washing)
2aa1e0b8.wav,Child_speech_and_kid_speaking Sneeze Meow
2ac8607d.wav,Harmonica Screaming Female_singing
2ad174b4.wav,Run Computer_keyboard Crackle
2ae04dd7.wav,Car_passing_by Motorcycle Traffic_noise_and_roadway_noise
2aedff46.wav,Cutlery_and_silverware Shatter Keys_jangling
2af10e99.wav,Scissors Tap Tick-tock
2af77e7f.wav,Motorcycle Purr Mechanical_fan
2b160bb2.wav,Computer_keyboard Scissors Writing
2b2613d8.wav,Toilet_flush Printer Tick-tock
2b6ee441.wav,Tick-tock Chewing_and_mastication Computer_keyboard
2b95327b.wav,Motorcycle Car_passing_by Mechanical_fan
2b9ca464.wav,Knock Slam Purr
2bab5b09.wav,Drawer_open_or_close Tick-tock Sneeze
2bb1503c.wav,Fart Printer Chirp_and_tweet
2bbf558e.wav,Drawer_open_or_close Tick-tock Writing
2be779a7.wav,Drawer_open_or_close Computer_keyboard Run
2c010e00.wav,Microwave_oven Sigh Bicycle_bell
2c2a3c77.wav,Writing Chewing_and_mastication Scissors
2c2d400b.wav,Scissors Shatter Frying_(food)
2c39bb30.wav,Church_bell Motorcycle Printer
2c3a44f2.wav,Fill_(with_liquid) Trickle_and_dribble Screaming
2c7a5078.wav,Electric_guitar Motorcycle Church_bell
2c809d4f.wav,Computer_keyboard Writing Scissors
2c8b8812.wav,Computer_keyboard Writing Scissors
2c924848.wav,Motorcycle Printer Marimba_and_xylophone
2cc7f972.wav,Car_passing_by Mechanical_fan Traffic_noise_and_roadway_noise
2cd526f7.wav,Scissors Knock Finger_snapping
2cdfa8c1.wav,Toilet_flush Printer Writing
2cf4955c.wav,Motorcycle Printer Bus
2cfdaecd.wav,Hiss Frying_(food) Bathtub_(filling_or_washing)
2d0863b7.wav,Toilet_flush Printer Computer_keyboard
2d09c7ca.wav,Cricket Chirp_and_tweet Whispering
2d15ca77.wav,Skateboard Clapping Sigh
2d209c25.wav,Tap Knock Tick-tock
2d21dbf4.wav,Purr Accelerating_and_revving_and_vroom Car_passing_by
2d455ed9.wav,Chewing_and_mastication Scissors Tick-tock
2d4961a8.wav,Knock Tap Drawer_open_or_close
2d4a0250.wav,Toilet_flush Bathtub_(filling_or_washing) Zipper_(clothing)
2d56c2ae.wav,Frying_(food) Toilet_flush Shatter
2d5dcc5d.wav,Race_car_and_auto_racing Drawer_open_or_close Church_bell
2d666c1d.wav,Marimba_and_xylophone Church_bell Printer
2d6d99d4.wav,Sneeze Gasp Fart
2d7218f8.wav,Clapping Fart Gasp
2d7ae271.wav,Male_singing Male_speech_and_man_speaking Electric_guitar
2d8135cc.wav,Stream Waves_and_surf Skateboard
2d88fa59.wav,Shatter Whispering Burping_and_eructation
2da4c729.wav,Motorcycle Mechanical_fan Bus
2db579cb.wav,Finger_snapping Tap Knock
2db63f0d.wav,Run Zipper_(clothing) Printer
2dd2a6bf.wav,Waves_and_surf Stream Toilet_flush
2df0cf1f.wav,Burping_and_eructation Sigh Sneeze
2df1f901.wav,Screaming Church_bell Harmonica
2dfd32a3.wav,Female_singing Toilet_flush Printer
2e61e614.wav,Zipper_(clothing) Shatter Sneeze
2e820b05.wav,Chirp_and_tweet Screaming Male_singing
2e8b4709.wav,Male_speech_and_man_speaking Gurgling Female_speech_and_woman_speaking
2e9ced66.wav,Hiss Frying_(food) Bathtub_(filling_or_washing)
2ea33689.wav,Church_bell Printer Accordion
2eade3e1.wav,Car_passing_by Traffic_noise_and_roadway_noise Drawer_open_or_close
2eb3002c.wav,Marimba_and_xylophone Meow Tick-tock
2eb51f57.wav,Glockenspiel Marimba_and_xylophone Gong
2ed9ce69.wav,Harmonica Accordion Electric_guitar
2edb4142.wav,Writing Tick-tock Computer_keyboard
2ee3ef28.wav,Female_speech_and_woman_speaking Male_singing Printer
2ee9f139.wav,Sneeze Burping_and_eructation Yell
2eeb7f35.wav,Meow Screaming Sigh
2eec6eda.wav,Harmonica Hi-hat Hiss
2f00863c.wav,Gong Car_passing_by Microwave_oven
2f14d3b3.wav,Shatter Tick-tock Hiss
2f2ab304.wav,Harmonica Printer Meow
2f41afe1.wav,Church_bell Electric_guitar Gong
2f529eb8.wav,Hiss Hi-hat Harmonica
2f5cbf20.wav,Drawer_open_or_close Cupboard_open_or_close Slam
2f6331aa.wav,Sneeze Gasp Cutlery_and_silverware
2f643c50.wav,Meow Tick-tock Screaming
2f785877.wav,Bass_drum Knock Cupboard_open_or_close
2f84c8e9.wav,Scissors Writing Keys_jangling
2f8dd247.wav,Waves_and_surf Run Drawer_open_or_close
2f94fca3.wav,Burping_and_eructation Printer Gurgling
2fa1cc09.wav,Scissors Crackle Tick-tock
2fc6ede8.wav,Drawer_open_or_close Cupboard_open_or_close Computer_keyboard
2fe3ae63.wav,Tap Scissors Finger_snapping
2ffd2145.wav,Child_speech_and_kid_speaking Cupboard_open_or_close Meow
3011c55b.wav,Harmonica Female_singing Accordion
3012731a.wav,Waves_and_surf Motorcycle Accelerating_and_revving_and_vroom
302f4eb8.wav,Tick-tock Gong Marimba_and_xylophone
303d4668.wav,Keys_jangling Writing Scissors
304d8a8e.wav,Hiss Printer Tick-tock
304f25f4.wav,Microwave_oven Drawer_open_or_close Printer
3052fe86.wav,Traffic_noise_and_roadway_noise Bus Car_passing_by
3061e8d1.wav,Meow Screaming Squeak
309169fa.wav,Child_speech_and_kid_speaking Sneeze Gasp
30960f70.wav,Bus Car_passing_by Mechanical_fan
309eea85.wav,Harmonica Meow Female_singing
30ac78a6.wav,Scissors Crackle Finger_snapping
30d1840b.wav,Scissors Keys_jangling Writing
30dc07a7.wav,Bass_drum Knock Bass_guitar
30e1162a.wav,Child_speech_and_kid_speaking Yell Female_speech_and_woman_speaking
30e40cc3.wav,Printer Toilet_flush Buzz
30f7577e.wav,Toilet_flush Bathtub_(filling_or_washing) Stream
30f8ba51.wav,Bass_guitar Bass_drum Purr
3102ff8d.wav,Run Crackle Computer_keyboard
311fcc0d.wav,Frying_(food) Hiss Keys_jangling
3129e5b4.wav,Bass_drum Slam Knock
312c730c.wav,Hiss Toilet_flush Frying_(food)
312e1179.wav,Frying_(food) Hiss Bathtub_(filling_or_washing)
312e698e.wav,Gurgling Male_speech_and_man_speaking Chirp_and_tweet
31312cda.wav,Gong Bass_guitar Marimba_and_xylophone
3134c1f5.wav,Computer_keyboard Scissors Chewing_and_mastication
31452d93.wav,Waves_and_surf Stream Bus
314a8107.wav,Electric_guitar Sigh Printer
3174521f.wav,Drawer_open_or_close Microwave_oven Tick-tock
3177529f.wav,Run Writing Crackle
317e5fda.wav,Computer_keyboard Bathtub_(filling_or_washing) Chewing_and_mastication
3190ca46.wav,Frying_(food) Hiss Bathtub_(filling_or_washing)
31ab1bc4.wav,Burping_and_eructation Marimba_and_xylophone Gasp
31b883cb.wav,Burping_and_eructation Printer Sigh
31bf8f6c.wav,Race_car_and_auto_racing Church_bell Male_singing
31c60809.wav,Finger_snapping Writing Zipper_(clothing)
31c7a683.wav,Bicycle_bell Cricket Printer
31cfaf7c.wav,Sneeze Bark Whispering
31ea3391.wav,Motorcycle Accelerating_and_revving_and_vroom Race_car_and_auto_racing
31f4d839.wav,Computer_keyboard Knock Crackle
31fe4058.wav,Knock Bass_drum Slam
31ff4a9f.wav,Keys_jangling Cricket Bicycle_bell
320adc8a.wav,Hiss Frying_(food) Bathtub_(filling_or_washing)
320b9457.wav,Printer Waves_and_surf Toilet_flush
320cb73f.wav,Stream Waves_and_surf Bathtub_(filling_or_washing)
321c61dd.wav,Tick-tock Tap Drawer_open_or_close
321d7624.wav,Bass_guitar Gong Purr
322c634e.wav,Male_singing Printer Female_singing
3246e22c.wav,Toilet_flush Printer Hiss
32663622.wav,Drawer_open_or_close Knock Computer_keyboard
3273193a.wav,Harmonica Church_bell Meow
327ff97c.wav,Hiss Shatter Cutlery_and_silverware
3288c908.wav,Printer Microwave_oven Motorcycle
329d5f81.wav,Tap Marimba_and_xylophone Shatter
32aaacf1.wav,Hiss Bathtub_(filling_or_washing) Printer
32ad561a.wav,Male_singing Screaming Church_bell
32b66826.wav,Zipper_(clothing) Whispering Gasp
32bf8f9d.wav,Tap Knock Drawer_open_or_close
32cce167.wav,Keys_jangling Shatter Scissors
32d21079.wav,Bicycle_bell Shatter Chink_and_clink
32e0e55a.wav,Bass_guitar Gong Buzz
32f26b94.wav,Zipper_(clothing) Run Printer
330b1461.wav,Motorcycle Printer Microwave_oven
3313662e.wav,Drawer_open_or_close Microwave_oven Knock
33139052.wav,Hiss Sigh Whispering
33170581.wav,Microwave_oven Bicycle_bell Meow
332246f6.wav,Whispering Chirp_and_tweet Sigh
33355c50.wav,Church_bell Marimba_and_xylophone Glockenspiel
3347121c.wav,Tick-tock Printer Drawer_open_or_close
3353d705.wav,Mechanical_fan Motorcycle Accelerating_and_revving_and_vroom
335d2ea3.wav,Church_bell Toilet_flush Accordion
336a88c3.wav,Bicycle_bell Microwave_oven Sigh
338669d9.wav,Tick-tock Writing Whispering
33a61f8d.wav,Bass_drum Slam Knock
33bc9deb.wav,Keys_jangling Scissors Cutlery_and_silverware
33c82ad4.wav,Child_speech_and_kid_speaking Yell Screaming
33ef8393.wav,Bicycle_bell Cricket Chirp_and_tweet
33fbfca7.wav,Hiss Cricket Shatter
34035cf8.wav,Drawer_open_or_close Printer Microwave_oven
340d5db4.wav,Motorcycle Accelerating_and_revving_and_vroom Car_passing_by
340da762.wav,Purr Writing Zipper_(clothing)
34120253.wav,Harmonica Church_bell Accordion
341efc4b.wav,Traffic_noise_and_roadway_noise Motorcycle Accelerating_and_revving_and_vroom
342cc3ae.wav,Male_singing Female_singing Yell
34486c7f.wav,Bass_guitar Electric_guitar Motorcycle
34510c7a.wav,Tick-tock Writing Zipper_(clothing)
34512413.wav,Toilet_flush Stream Scissors
346fc59c.wav,Whispering Fill_(with_liquid) Chewing_and_mastication
3474d7cd.wav,Keys_jangling Scissors Crackle
348aaf17.wav,Scissors Writing Chewing_and_mastication
349e5ea7.wav,Burping_and_eructation Gurgling Male_speech_and_man_speaking
34aac2b5.wav,Female_singing Harmonica Toilet_flush
34c53320.wav,Burping_and_eructation Gasp Sneeze
34cca3b3.wav,Church_bell Motorcycle Printer
34d0b2ca.wav,Bark Male_speech_and_man_speaking Female_singing
34d4cfda.wav,Church_bell Traffic_noise_and_roadway_noise Meow
34dc323b.wav,Bark Tick-tock Tap
34e6a0de.wav,Cricket Chirp_and_tweet Bicycle_bell
34f2c99d.wav,Run Zipper_(clothing) Writing
34fbb318.wav,Computer_keyboard Scissors Keys_jangling
3500ed9d.wav,Tap Knock Clapping
350942d1.wav,Toilet_flush Frying_(food) Hiss
351a8abe.wav,Accelerating_and_revving_and_vroom Motorcycle Mechanical_fan
352ce267.wav,Bass_drum Knock Tap
3544797d.wav,Run Chewing_and_mastication Zipper_(clothing)
354d467a.wav,Zipper_(clothing) Sneeze Tick-tock
355ddeda.wav,Waves_and_surf Stream Fart
356adc0d.wav,Tick-tock Tap Sneeze
356b99de.wav,Chirp_and_tweet Bicycle_bell Screaming
35930583.wav,Female_singing Male_singing Female_speech_and_woman_speaking
359a6e84.wav,Printer Motorcycle Microwave_oven
35a7edad.wav,Bass_drum Knock Slam
35a8a688.wav,Computer_keyboard Chewing_and_mastication Tick-tock
35d5aca3.wav,Child_speech_and_kid_speaking Printer Drawer_open_or_close
35dbfd81.wav,Harmonica Accordion Church_bell
36027dca.wav,Bass_drum Knock Slam
361237d6.wav,Printer Bus Electric_guitar
361c9c0e.wav,Bicycle_bell Marimba_and_xylophone Glockenspiel
3623b13a.wav,Female_singing Male_singing Child_speech_and_kid_speaking
3626ac5a.wav,Hiss Cricket Mechanical_fan
362f92f4.wav,Female_speech_and_woman_speaking Child_speech_and_kid_speaking Female_singing
366d25a7.wav,Electric_guitar Accordion Church_bell
366d6820.wav,Stream Waves_and_surf Bathtub_(filling_or_washing)
367ef5a8.wav,Motorcycle Accelerating_and_revving_and_vroom Microwave_oven
36896b31.wav,Skateboard Waves_and_surf Stream
368e3f09.wav,Crackle Tick-tock Writing
36b92bec.wav,Keys_jangling Frying_(food) Cutlery_and_silverware
36beb3fd.wav,Male_singing Male_speech_and_man_speaking Female_speech_and_woman_speaking
36c459de.wav,Harmonica Gong Screaming
36dfae4f.wav,Tick-tock Sneeze Meow
36fe695f.wav,Drawer_open_or_close Printer Cupboard_open_or_close
37053a90.wav,Electric_guitar Marimba_and_xylophone Chirp_and_tweet
370eaa84.wav,Printer Toilet_flush Church_bell
37155f3a.wav,Car_passing_by Traffic_noise_and_roadway_noise Race_car_and_auto_racing
37790f99.wav,Frying_(food) Bathtub_(filling_or_washing) Toilet_flush
378216b2.wav,Waves_and_surf Mechanical_fan Car_passing_by
37856035.wav,Stream Bathtub_(filling_or_washing) Waves_and_surf
3792237d.wav,Zipper_(clothing) Drawer_open_or_close Skateboard
37941050.wav,Motorcycle Microwave_oven Accelerating_and_revving_and_vroom
379ae4e1.wav,Hiss Bathtub_(filling_or_washing) Stream
379b7e21.wav,Stream Bathtub_(filling_or_washing) Clapping
379c063d.wav,Male_speech_and_man_speaking Fart Gasp
37a1946c.wav,Drawer_open_or_close Microwave_oven Knock
37a7927f.wav,Knock Drawer_open_or_close Tap
37c95c1c.wav,Screaming Female_speech_and_woman_speaking Yell
37ccc1ea.wav,Bathtub_(filling_or_washing) Frying_(food) Hiss
37d609aa.wav,Toilet_flush Computer_keyboard Scissors
37dc178a.wav,Printer Motorcycle Fart
37f5f0d8.wav,Waves_and_surf Traffic_noise_and_roadway_noise Mechanical_fan
382587b8.wav,Knock Slam Drawer_open_or_close
382cd8c5.wav,Drawer_open_or_close Zipper_(clothing) Microwave_oven
38368c9b.wav,Tick-tock Zipper_(clothing) Writing
384b0ff2.wav,Marimba_and_xylophone Gong Chink_and_clink
38544190.wav,Computer_keyboard Knock Run
38558ab1.wav,Male_speech_and_man_speaking Sneeze Bark
3858d281.wav,Bass_drum Tap Knock
385e8b0f.wav,Drawer_open_or_close Run Zipper_(clothing)
38636d71.wav,Screaming Yell Sigh
38669440.wav,Cricket Purr Chirp_and_tweet
387014ab.wav,Toilet_flush Printer Frying_(food)
3876c193.wav,Meow Sigh Bark
388f70a5.wav,Waves_and_surf Skateboard Car_passing_by
38b9ff18.wav,Child_speech_and_kid_speaking Screaming Sneeze
38d29a00.wav,Run Zipper_(clothing) Computer_keyboard
38d378d8.wav,Motorcycle Accelerating_and_revving_and_vroom Mechanical_fan
38d50e59.wav,Scissors Keys_jangling Bathtub_(filling_or_washing)
38d5d026.wav,Zipper_(clothing) Tick-tock Gasp
38e43355.wav,Child_speech_and_kid_speaking Meow Female_singing
38ea5df2.wav,Writing Hiss Shatter
38f6aa5e.wav,Toilet_flush Screaming Stream
38fea590.wav,Electric_guitar Church_bell Race_car_and_auto_racing
390789a8.wav,Fart Purr Motorcycle
390995ef.wav,Cutlery_and_silverware Shatter Tick-tock
39189c31.wav,Printer Toilet_flush Church_bell
391fbd47.wav,Tick-tock Writing Scissors
392e88d7.wav,Cricket Purr Chirp_and_tweet
3939b821.wav,Tick-tock Whispering Writing
39467410.wav,Female_singing Church_bell Cupboard_open_or_close
394b8ce2.wav,Computer_keyboard Run Writing
395de76a.wav,Toilet_flush Stream Hiss
395df625.wav,Burping_and_eructation Male_speech_and_man_speaking Gurgling
396d793f.wav,Keys_jangling Tick-tock Writing
39723c0e.wav,Church_bell Harmonica Gong
39768e2a.wav,Male_speech_and_man_speaking Gurgling Female_speech_and_woman_speaking
3987fc79.wav,Purr Accelerating_and_revving_and_vroom Motorcycle
398b6fa6.wav,Drawer_open_or_close Run Microwave_oven
399732ec.wav,Gong Screaming Sigh
39a8ac5c.wav,Crackle Computer_keyboard Tick-tock
39b6cc75.wav,Scissors Crackle Tick-tock
39bbcabd.wav,Waves_and_surf Run Mechanical_fan
39c1f2fd.wav,Microwave_oven Drawer_open_or_close Sigh
39d1b554.wav,Tick-tock Scissors Zipper_(clothing)
39e1b8cc.wav,Fill_(with_liquid) Trickle_and_dribble Chewing_and_mastication
39e2f767.wav,Sneeze Meow Yell
39e35f03.wav,Toilet_flush Printer Tick-tock
39eb6dd5.wav,Skateboard Knock Tap
39f19344.wav,Race_car_and_auto_racing Toilet_flush Drawer_open_or_close
3a2353bb.wav,Tick-tock Sigh Meow
3a28e28a.wav,Mechanical_fan Bus Car_passing_by
3a2a4822.wav,Tap Finger_snapping Zipper_(clothing)
3a3e4b29.wav,Electric_guitar Male_singing Female_speech_and_woman_speaking
3a49d5ed.wav,Gurgling Fill_(with_liquid) Computer_keyboard
3a4cf709.wav,Meow Screaming Chirp_and_tweet
3a5e6dde.wav,Hiss Frying_(food) Bathtub_(filling_or_washing)
3a66e3df.wav,Bathtub_(filling_or_washing) Chewing_and_mastication Computer_keyboard
3a87c628.wav,Crackle Run Frying_(food)
3a885c38.wav,Mechanical_fan Car_passing_by Traffic_noise_and_roadway_noise
3a8b9afe.wav,Electric_guitar Accordion Church_bell
3aa5b432.wav,Waves_and_surf Stream Skateboard
3ac609e1.wav,Mechanical_fan Car_passing_by Bus
3acbee34.wav,Chirp_and_tweet Screaming Meow
3adfb8f0.wav,Hiss Toilet_flush Stream
3ae08e83.wav,Toilet_flush Tick-tock Printer
3ae0ea8b.wav,Run Zipper_(clothing) Drawer_open_or_close
3b0a3361.wav,Toilet_flush Hiss Stream
3b0b13f4.wav,Sneeze Gasp Sigh
3b13f6a1.wav,Stream Waves_and_surf Traffic_noise_and_roadway_noise
3b23ed90.wav,Cricket Hiss Cutlery_and_silverware
3b252939.wav,Printer Microwave_oven Sigh
3b277890.wav,Child_speech_and_kid_speaking Screaming Toilet_flush
3b382171.wav,Sneeze Screaming Bark
3b3c2c67.wav,Computer_keyboard Chewing_and_mastication Scissors
3b75b456.wav,Traffic_noise_and_roadway_noise Race_car_and_auto_racing Bus
3b7c7f94.wav,Drawer_open_or_close Run Walk_and_footsteps
3bb6024f.wav,Motorcycle Waves_and_surf Accelerating_and_revving_and_vroom
3bb7c24d.wav,Knock Crackle Run
3bb9a722.wav,Whispering Fart Writing
3bda5fb0.wav,Car_passing_by Traffic_noise_and_roadway_noise Bus
3bfcab18.wav,Bass_guitar Electric_guitar Marimba_and_xylophone
3c0370c8.wav,Drawer_open_or_close Slam Purr
3c1b9399.wav,Run Printer Stream
3c20c95f.wav,Run Zipper_(clothing) Crackle
3c216393.wav,Whispering Chewing_and_mastication Writing
3c244ade.wav,Toilet_flush Stream Bathtub_(filling_or_washing)
3c348e5c.wav,Scissors Shatter Bathtub_(filling_or_washing)
3c35237b.wav,Motorcycle Microwave_oven Car_passing_by
3c40f472.wav,Male_singing Female_speech_and_woman_speaking Female_singing
3c525c1f.wav,Frying_(food) Hiss Crackle
3c590143.wav,Writing Run Walk_and_footsteps
3c90b11b.wav,Tick-tock Keys_jangling Shatter
3c95067e.wav,Frying_(food) Bathtub_(filling_or_washing) Stream
3ca6b1a3.wav,Fill_(with_liquid) Trickle_and_dribble Stream
3caf1f70.wav,Crackle Knock Zipper_(clothing)
3cc51361.wav,Electric_guitar Male_speech_and_man_speaking Purr
3cd30520.wav,Printer Burping_and_eructation Female_speech_and_woman_speaking
3ce0dcd0.wav,Hiss Buzz Cricket
3ce9fd74.wav,Screaming Church_bell Meow
3cfeb0cd.wav,Frying_(food) Toilet_flush Hiss
3d07c63a.wav,Tap Finger_snapping Drawer_open_or_close
3d0beb6f.wav,Shatter Scissors Drawer_open_or_close
3d0dca90.wav,Church_bell Race_car_and_auto_racing Toilet_flush
3d1d3f2b.wav,Traffic_noise_and_roadway_noise Motorcycle Stream
3d27f415.wav,Glockenspiel Marimba_and_xylophone Harmonica
3d287b47.wav,Run Computer_keyboard Walk_and_footsteps
3d4e1dea.wav,Female_speech_and_woman_speaking Male_singing Male_speech_and_man_speaking
3d58d893.wav,Waves_and_surf Stream Skateboard
3d5f899d.wav,Gong Church_bell Chink_and_clink
3d633399.wav,Motorcycle Microwave_oven Printer
3d7309d7.wav,Stream Scissors Bathtub_(filling_or_washing)
3d921767.wav,Bass_guitar Gong Accelerating_and_revving_and_vroom
3d9a715d.wav,Stream Bathtub_(filling_or_washing) Frying_(food)
3db04d3f.wav,Bass_guitar Gong Electric_guitar
3db44f6c.wav,Harmonica Screaming Female_singing
3ddb4122.wav,Hiss Cricket Tick-tock
3dedbba9.wav,Shatter Printer Cutlery_and_silverware
3df2fc0e.wav,Motorcycle Car_passing_by Mechanical_fan
3df5c540.wav,Clapping Skateboard Scissors
3e230352.wav,Toilet_flush Stream Hiss
3e3a6910.wav,Drawer_open_or_close Car_passing_by Microwave_oven
3e4755ba.wav,Bass_guitar Purr Male_speech_and_man_speaking
3e52f857.wav,Chirp_and_tweet Cricket Male_speech_and_man_speaking
3e5ce660.wav,Cricket Mechanical_fan Purr
3e656c6e.wav,Bicycle_bell Chink_and_clink Marimba_and_xylophone
3e65a00d.wav,Waves_and_surf Stream Traffic_noise_and_roadway_noise
3e691b83.wav,Tap Drawer_open_or_close Cupboard_open_or_close
3e7889ed.wav,Burping_and_eructation Bicycle_bell Marimba_and_xylophone
3e83500f.wav,Car_passing_by Waves_and_surf Microwave_oven
3e9967cf.wav,Run Zipper_(clothing) Drawer_open_or_close
3ebaff6d.wav,Motorcycle Accelerating_and_revving_and_vroom Waves_and_surf
3ecc19c5.wav,Skateboard Bark Toilet_flush
3ed6c2b5.wav,Church_bell Tick-tock Female_singing
3efc0912.wav,Church_bell Accordion Harmonica
3f0f92ff.wav,Tick-tock Zipper_(clothing) Tap
3f15fd07.wav,Gurgling Bathtub_(filling_or_washing) Zipper_(clothing)
3f16d9f3.wav,Church_bell Race_car_and_auto_racing Printer
3f19e53c.wav,Cricket Chirp_and_tweet Mechanical_fan
3f1ca1bb.wav,Toilet_flush Bathtub_(filling_or_washing) Frying_(food)
3f29038e.wav,Female_speech_and_woman_speaking Electric_guitar Male_speech_and_man_speaking
3f2dbd00.wav,Tap Gasp Shatter
3f4f4808.wav,Waves_and_surf Run Motorcycle
3f53a02f.wav,Printer Fart Cupboard_open_or_close
3f7043d9.wav,Run Drawer_open_or_close Tick-tock
3f80cc56.wav,Tick-tock Writing Computer_keyboard
3f96494a.wav,Zipper_(clothing) Run Drawer_open_or_close
3faf10be.wav,Motorcycle Bus Mechanical_fan
3fd4d55a.wav,Finger_snapping Clapping Tap
400ff09d.wav,Fill_(with_liquid) Toilet_flush Bathtub_(filling_or_washing)
402e2d1b.wav,Knock Drawer_open_or_close Zipper_(clothing)
4030a4f2.wav,Knock Bass_drum Slam
4034f327.wav,Toilet_flush Stream Printer
4037cd65.wav,Cricket Chirp_and_tweet Male_speech_and_man_speaking
4040f015.wav,Drawer_open_or_close Printer Run
40449ca7.wav,Hiss Frying_(food) Printer
404b54c0.wav,Fart Printer Bus
404fb677.wav,Bus Traffic_noise_and_roadway_noise Car_passing_by
4053b801.wav,Sneeze Gasp Shatter
405c66af.wav,Shatter Scissors Crackle
406306b6.wav,Church_bell Marimba_and_xylophone Gong
406a1cc1.wav,Bark Purr Hiss
406ade5e.wav,Bathtub_(filling_or_washing) Crackle Computer_keyboard
4093913f.wav,Toilet_flush Printer Buzz
40957335.wav,Sigh Fart Female_speech_and_woman_speaking
4098028d.wav,Computer_keyboard Drawer_open_or_close Run
40afd1b3.wav,Tick-tock Whispering Hiss
40c1ed87.wav,Shatter Tap Finger_snapping
40c50046.wav,Run Writing Computer_keyboard
40d0726d.wav,Bus Mechanical_fan Motorcycle
40dd1274.wav,Church_bell Buzz Female_singing
40e25750.wav,Burping_and_eructation Sigh Gasp
410837eb.wav,Microwave_oven Tap Knock
410c2138.wav,Printer Frying_(food) Hiss
411993fd.wav,Hi-hat Clapping Finger_snapping
413b5427.wav,Accordion Harmonica Chink_and_clink
41522a65.wav,Cricket Chirp_and_tweet Finger_snapping
415f4c8f.wav,Bicycle_bell Keys_jangling Cutlery_and_silverware
41759973.wav,Stream Waves_and_surf Toilet_flush
419271cc.wav,Chirp_and_tweet Printer Cricket
4195cb1a.wav,Screaming Chirp_and_tweet Squeak
41af688a.wav,Zipper_(clothing) Tick-tock Sneeze
41c60bba.wav,Drawer_open_or_close Knock Run
41cfee6d.wav,Accordion Harmonica Gong
41f16193.wav,Drawer_open_or_close Printer Microwave_oven
41f1ea4a.wav,Bus Printer Motorcycle
41f86bc4.wav,Toilet_flush Stream Skateboard
4215309a.wav,Computer_keyboard Writing Tick-tock
4248d196.wav,Stream Waves_and_surf Toilet_flush
42542036.wav,Church_bell Race_car_and_auto_racing Motorcycle
